,content,vector,cluster,tokens_final,text_for_tfidf,action_cluster
0,오프라인 혜택이 더 좋아졌는지는 어떻게 아는건가여? 배송 2달전 구매 후 매주 그 구매한 직원에게 연락하나요? 아니면 매주 매잔 방문하나요?,"[ 0.00265884  0.01361084 -0.03704834 ... -0.04019165 -0.04711914
 -0.01615906]",2,"['오프라인', '혜택', '좋다', '배송', '구매', '구매', '직원', '연락', '방문']",오프라인 혜택 좋다 배송 구매 구매 직원 연락 방문,0
1,온라인은 12월에사도 되나요..?ㅠㅠ,"[ 0.00923157  0.0171814  -0.02264404 ... -0.04211426 -0.04394531
  0.0031395 ]",2,"['온라인', '사다']",온라인 사다,1
2,"쇼룸이 280개이상으로 많이 있는거고 주문은 온라인으로 합니다, 딜러가 없어요","[-0.00151348 -0.00645447 -0.03411865 ... -0.03302002 -0.04833984
  0.00377274]",2,"['이상', '주문', '온라인', '딜러']",이상 주문 온라인 딜러,1
3,넵 온라인은 시기를 크게 타지 않아욥,"[ 0.00764465  0.01316833 -0.00826263 ... -0.03048706 -0.02096558
 -0.01702881]",2,"['온라인', '시기', '크다', '타다']",온라인 시기 크다 타다,0
4,캐시백 어쩌고 할인쿠폰 어쩌고하는데 결론은 온라인 쿠팡이 더 쌉니다.,"[-0.00017571  0.03186035 -0.01942444 ... -0.02584839 -0.03634644
 -0.00554276]",2,"['캐시백', '어쩌다', '할인', '쿠폰', '어쩌다', '결론', '온라인', '쿠팡', '싸다']",캐시백 어쩌다 할인 쿠폰 어쩌다 결론 온라인 쿠팡 싸다,1
5,하...넵... 사실 이해는 되요 안그러면 온라인에 비해서 이길 수 있는 방법이 없거든요... 각자 설명에서 더 납득이 되는 것이 뭔지 생각해보시면 좋을 것 같아요~!,"[ 0.00185204  0.00999451 -0.02197266 ... -0.02580261 -0.02429199
 -0.0135498 ]",2,"['이해', '그러다', '온라인', '비하', '이기다', '방법', '설명', '납득', '생각', '좋다']",이해 그러다 온라인 비하 이기다 방법 설명 납득 생각 좋다,0
6,그냥 온라인서 사세요 ... 오프라인은 일반 사업자 가게세 유지비 직원월급 등등 판매가격에 다 녹아잇는거임... 젤 한심한게 전기먹은 전시품 인터넷가보다 비싸게 사고 대리점 신뢰하는 바보들임 As걱정? 오프나 온라인이나 as 문제 전혀 없어요~,"[ 0.01260376  0.00534439 -0.02963257 ... -0.03585815 -0.03546143
  0.01511383]",2,"['온라인', '사다', '오프라인', '일반', '사업자', '가게', '유지비', '직원', '월급', '판매', '가격', '녹다', '전기', '먹다', '전시품', '인터넷', '비싸다', '사다', '대리점', '신뢰', '바보', '걱정', '오프', '온라인', '문제']",온라인 사다 오프라인 일반 사업자 가게 유지비 직원 월급 판매 가격 녹다 전기 먹다 전시품 인터넷 비싸다 사다 대리점 신뢰 바보 걱정 오프 온라인 문제,2
7,요새는 온라인이 더 좋습니다... 2~3개까지는 온라인이고...혼수 이사같은 경우는 로드샵으로,"[ 0.01725769  0.02412415 -0.02175903 ... -0.0513916  -0.02787781
  0.01855469]",2,"['요새', '온라인', '좋다', '온라인', '혼수', '이사', '로드']",요새 온라인 좋다 온라인 혼수 이사 로드,1
8,아휴 기억납니다. 맞아요 보통 매장에서 사면 한개의 브랜드로 통일할 수 밖에 없죠 똑똑한 소비에 박수를 보내드립니다!,"[ 0.0140152   0.01905823 -0.02755737 ... -0.02278137 -0.0552063
  0.01028442]",2,"['기억나다', '맞다', '매장', '사다', '브랜드', '통일', '똑똑하다', '소비', '박수', '보내다']",기억나다 맞다 매장 사다 브랜드 통일 똑똑하다 소비 박수 보내다,1
9,진열제품 새거받는걸로 혹 영수증처리없이 현금으로 샙쌥이 방법은 많음. 저분들 본사마감가 빼고 털어야할 금액이나 재고로 가지고계신거 은밀하게 제안하시면 인터넷 최저가보다 싸게 가능해요^^ 끝.,"[ 0.00387764  0.01846313 -0.01157379 ... -0.04116821 -0.03903198
  0.00361633]",2,"['진열', '제품', '영수증', '처리', '현금', '샙쌥', '방법', '많다', '본사', '마감', '빼다', '털다', '금액', '재다', '가지다', '제안', '인터넷', '최저', '싸다', '가능']",진열 제품 영수증 처리 현금 샙쌥 방법 많다 본사 마감 빼다 털다 금액 재다 가지다 제안 인터넷 최저 싸다 가능,2
10,인터넷보다더쌀수가있나 그런건아무리발품팔아도 본적이없는데,"[ 0.0117569   0.02479553 -0.03482056 ... -0.04000854 -0.01771545
  0.00358963]",2,"['인터넷', '싸다', '발품', '팔다']",인터넷 싸다 발품 팔다,0
11,인터넷이 더싼거아님? 오프라인이 유지비나 인건비가 들어가는데 온라인을 가격으로 이길수잇나? 있어도 특가 행사 이런 상품아님?,"[ 0.00653076  0.02191162 -0.02954102 ... -0.03649902 -0.0274353
 -0.00437546]",2,"['인터넷', '싸다', '오프라인', '유지비', '인건비', '들어가다', '온라인', '가격', '이기다', '특가', '행사', '상품']",인터넷 싸다 오프라인 유지비 인건비 들어가다 온라인 가격 이기다 특가 행사 상품,2
12,오프라인 400만원 vs 온라인 300만원 이런건 왜케 차이가 큰가요….? 😢,"[-0.00619888  0.03570557 -0.01507568 ... -0.02679443 -0.02648926
 -0.01307678]",2,"['오프라인', '온라인', '차이', '크다']",오프라인 온라인 차이 크다,0
13,국민혼수 5개 사는데 백화점에서의 견적이 신규 오픈한 5곳 베스트샵보다 싸서 백화점에서 삿던 기억이 있네요 무조건 견적 많이 받으러 다녀보세요,"[ 0.0380249   0.02105713 -0.03164673 ... -0.02030945 -0.04150391
  0.01582336]",2,"['국민', '혼수', '사다', '백화점', '견적', '신규', '오픈', '베스트', '싸다', '백화점', '사다', '기억', '견적', '다니다']",국민 혼수 사다 백화점 견적 신규 오픈 베스트 싸다 백화점 사다 기억 견적 다니다,2
14,한번에 모아살거면 오프라인이 쌉니다... 특히 프리미엄라인은요,"[ 0.00941467  0.01861572 -0.02325439 ... -0.02372742 -0.02378845
  0.0259552 ]",2,"['모으다', '살다', '오프라인', '싸다', '프리미엄', '라인']",모으다 살다 오프라인 싸다 프리미엄 라인,2
15,그럼 우선 근처 백화점 가는게 나을까요? 인터넷 한번 둘러보고 어느정도 가격형성 확인한다음 가면 되겠죠?😢,"[ 0.00207901  0.02110291 -0.03125    ... -0.04162598 -0.02059937
 -0.00241089]",2,"['근처', '백화점', '인터넷', '둘러보다', '가격', '형성', '확인', '다음']",근처 백화점 인터넷 둘러보다 가격 형성 확인 다음,1
16,"우선, 구매하려고하는 품목군이 몇개인지가 중요할 것 같습니다.1~3개 품목이라면 온라인에서 가성비 제품으로 구매해도 좋지만, 다품목 포함되는 4개 이상의 제품이라면 오프라인과 비교해시는게 좋습니다. 온라인과 오프라인은 운영방식이 다르기때문에 카드판촉이 들어가야 혜택 적용이 가능한 부분도 있습니다. 팁을 드리자면 가성비 모델로 먼저 확정해서 상담받지 마시고 (가성비모델을 픽해갈 경우 상담을 적극적으로 안해주는 경우가 많음) 매장에서 추천해주는 품목으로 견적 받아보신 후 하나씩 비교하시면 도움되실겁니다.","[ 0.00134468  0.01399231 -0.04019165 ... -0.03396606 -0.00954437
 -0.01264954]",2,"['구매', '품목', '중요', '품목', '온라인', '가성비', '제품', '구매', '좋다', '품목', '포함', '이상', '제품', '오프라인', '비교', '좋다', '온라인', '오프라인', '운영', '방식', '다르다', '카드', '판촉', '들어가다', '혜택', '적용', '가능', '드리다', '가성비', '모델', '확정', '상담', '가성비', '모델', '상담', '적극', '많다', '매장', '추천', '품목', '견적', '비교', '도움']",구매 품목 중요 품목 온라인 가성비 제품 구매 좋다 품목 포함 이상 제품 오프라인 비교 좋다 온라인 오프라인 운영 방식 다르다 카드 판촉 들어가다 혜택 적용 가능 드리다 가성비 모델 확정 상담 가성비 모델 상담 적극 많다 매장 추천 품목 견적 비교 도움,0
17,요즘 비대면 견적도 있던데ᆢ 가격은 가장 좋던데 제품배송시 문제가 있진 않나요,"[ 0.00109577  0.03158569 -0.02923584 ... -0.03366089 -0.03878784
 -0.00937653]",2,"['요즘', '대면', '견적', '가격', '좋다', '제품', '배송', '문제']",요즘 대면 견적 가격 좋다 제품 배송 문제,2
18,맞는듯..여기저기서 견적 받아봐도 온라인에서 하나씩 다 비교해서 가성비제품 골라 사는거만큼 싸게 살 수가 없음..,"[ 0.01023865  0.03335571 -0.03225708 ... -0.02505493 -0.01916504
 -0.00171375]",2,"['맞다', '여기저기', '견적', '온라인', '비교', '가성비', '제품', '고르다', '사다', '싸다', '사다']",맞다 여기저기 견적 온라인 비교 가성비 제품 고르다 사다 싸다 사다,1
19,전 원하는 모델 다 얘기하니 온라인 최저가 다 적곤 그거 더한 금액에서 DC해주심. 매니저따라 다른듯합니다,"[-9.91058350e-03 -8.28504562e-06 -3.08532715e-02 ... -2.30255127e-02
 -1.66778564e-02  5.43975830e-03]",2,"['원하다', '모델', '얘기', '온라인', '최저', '적다', '금액', '매니저', '따르다', '다르다']",원하다 모델 얘기 온라인 최저 적다 금액 매니저 따르다 다르다,0
20,비대면은 사실 추천드리진않습니다. 무리하게원가격을깎아팔아야해서 사고가터지기마련..,"[ 0.00048208  0.02626038 -0.02926636 ... -0.03137207 -0.01542664
 -0.00132084]",2,"['대면', '추천', '드리다', '무리', '가격', '깎다', '팔다', '사고', '터지다']",대면 추천 드리다 무리 가격 깎다 팔다 사고 터지다,0
21,결국 따지고보면 포인트 안주는 만큼 싼거죠.. 그래서 저도 인터넷 ㅎㅎ,"[-0.01426697  0.00694656 -0.00632858 ... -0.02626038 -0.01591492
 -0.00322342]",2,"['결국', '따지다', '포인트', '싸다', '인터넷']",결국 따지다 포인트 싸다 인터넷,1
22,저두 이거 궁금해요!그래서 항상 온라인에서 구매해요😢,"[-0.00482559  0.01808167 -0.03500366 ... -0.05130005 -0.03140259
 -0.00181961]",2,"['궁금하다', '온라인', '구매']",궁금하다 온라인 구매,1
23,아니 무슨 당연한 질문을? 공홈은 기본가격에 할인까지 감안해서 추가가격이 붙습니다 그게 최종 가격이고. 외부 사이트는 그 할인용 추가 가격을 일부 까서 팝니다. (기본 가격으로 구입 후) 근데 오프라인은? 직원 인건비 있고 임차료 있고. 기타 부대비용까지 또 있죠? 그러니 새로운 추가가격을 더 해서 파는 겁니다. 거기서 특별 프로모션인 척 직원이 자기 몫을 살짝 까기도 하고. 그러니 인터넷이 무조건 이득임,"[ 0.0070076   0.01065826 -0.02542114 ... -0.03500366 -0.03567505
 -0.00082922]",2,"['당연', '질문', '기본', '가격', '할인', '감안', '추가', '가격', '붙다', '최종', '가격', '외부', '사이트', '할인', '추가', '가격', '일부', '까다', '팔다', '기본', '가격', '구입', '오프라인', '직원', '인건비', '임차료', '기타', '부대', '비용', '그러다', '추가', '가격', '파', '특별', '프로모션', '직원', '까다', '인터넷', '이득']",당연 질문 기본 가격 할인 감안 추가 가격 붙다 최종 가격 외부 사이트 할인 추가 가격 일부 까다 팔다 기본 가격 구입 오프라인 직원 인건비 임차료 기타 부대 비용 그러다 추가 가격 파 특별 프로모션 직원 까다 인터넷 이득,0
24,한개만 사면 인터넷이 저렴하죠 뭉텅이로 사야 오프라인이 좋아요,"[-0.01364136  0.04275513 -0.02548218 ... -0.03448486 -0.0279541
  0.01322937]",2,"['사다', '인터넷', '저렴하다', '뭉텅이', '사다', '오프라인', '좋다']",사다 인터넷 저렴하다 뭉텅이 사다 오프라인 좋다,2
25,"우선,전 모델에 채널별 전용모델이 있는 것은 아닙니다.인터넷이 저렴한이유는 매장 운영 시 인건비와 임대료가 발생되기 때문입니다^^","[ 0.02139282  0.02127075 -0.02314758 ... -0.03625488 -0.02049255
  0.0218811 ]",2,"['모델', '채널', '전용', '모델', '인터넷', '이유', '매장', '운영', '인건비', '임대료', '발생']",모델 채널 전용 모델 인터넷 이유 매장 운영 인건비 임대료 발생,2
26,드디어 가전 졸업❤ 손품발품 겁나게 팔고 정리한 10가지 꿀팁입니다ㅋㅋ 여러분들도 꿀팁 알면 댓글로 공유해주세요! 여러분들은 무더운 여름 어떻게 지내고 계시나요? 저는 요즘 신혼집 입주 준비로 정신없는 나날들을 보내고 있어요! 가전 졸업 후 이제는 인터넷TV랑 정수기 어디서 하면 저렴한지 손품 엄청 팔고 있네요ㅋㅋ또 좋은 정보 알게되면 공유할게요!,"[-0.00041461  0.0402832  -0.01132202 ... -0.05337524 -0.02900696
  0.01216125]",2,"['가전', '졸업', '발품', '겁나다', '팔다', '정리', '댓글', '공유', '여름', '지내다', '요즘', '신혼', '입주', '준비', '정신', '없다', '나날', '보내다', '가전', '졸업', '이제', '인터넷', '정수기', '저렴하다', '팔다', '좋다', '정보', '공유']",가전 졸업 발품 겁나다 팔다 정리 댓글 공유 여름 지내다 요즘 신혼 입주 준비 정신 없다 나날 보내다 가전 졸업 이제 인터넷 정수기 저렴하다 팔다 좋다 정보 공유,0
27,오프라인 3.6.9 할인받아서 사는거랑 온라인 견적 차이가 많이 나나요?,"[-0.00017405  0.03268433 -0.03588867 ... -0.0271759  -0.0300293
 -0.0158844 ]",2,"['오프라인', '할인', '사다', '온라인', '견적', '차이']",오프라인 할인 사다 온라인 견적 차이,0
28,3개이니 다품목 할인 되어서 오프라인이 더 저렴할 수도 있을 것 같은데요! 한번 하이마트나 그런곳 가서 상담 받아보세요 ㅎㅎ,"[ 0.01208496  0.0107193  -0.03970337 ... -0.03265381 -0.02127075
  0.01159668]",2,"['품목', '할인', '오프라인', '저렴하다', '하이마트', '상담']",품목 할인 오프라인 저렴하다 하이마트 상담,2
29,온라인에서 구입해 인터넷에서 백만원에 파는걸 백화점에서 2백에 할인해준다고 해서 결과적으로 130만원된다 ㅋ,"[ 0.00135708  0.02606201 -0.03713989 ... -0.03149414 -0.03756714
 -0.0120697 ]",2,"['온라인', '구입', '인터넷', '파', '백화점', '할인', '결과']",온라인 구입 인터넷 파 백화점 할인 결과,2
30,네 맞아요 ㅎㅎ 자잘한건 무조건 온라인이죠 ㅎㅎ,"[-0.00110722  0.02708435 -0.00159454 ... -0.02713013 -0.01716614
  0.00210762]",2,"['맞다', '자잘하다', '온라인']",맞다 자잘하다 온라인,1
31,온라인을 믿어도 될까요? 그게 고민입니다,"[ 0.00025201  0.02384949 -0.03128052 ... -0.03933716 -0.00920868
 -0.02148438]",2,"['온라인', '고민']",온라인 고민,1
32,인터넷이 제일싸요... 장담합니다...,"[ 0.00759888  0.03805542 -0.01332855 ... -0.02781677 -0.03007507
  0.00917053]",2,"['인터넷', '싸다', '장담']",인터넷 싸다 장담,2
33,인터넷이 젤싸긴함 손품팔면 베스트샵 할인보다 더 쌈,"[-0.00369263  0.03057861 -0.02885437 ... -0.03253174 -0.04397583
 -0.00249672]",2,"['인터넷', '싸다', '팔다', '베스트', '할인', '싸다']",인터넷 싸다 팔다 베스트 할인 싸다,2
34,1~2개면 인터넷이 싸지만 그이상은 무조건 발품파는게 쌉니다...장담합니다라는 말은 함부로 쓰는거 아니에요 ㅋㅋ,"[-0.01527405  0.03161621 -0.02201843 ... -0.03936768 -0.0221405
  0.02264404]",2,"['인터넷', '싸다', '이상', '발품', '파', '싸다', '장담', '쓰다']",인터넷 싸다 이상 발품 파 싸다 장담 쓰다,2
35,여러개 사면 발품파는게 싸다고 하던데 ㅇㅇ 신혼부부들,"[-0.00429916  0.03439331 -0.03381348 ... -0.02571106 -0.04055786
  0.0295105 ]",2,"['사다', '발품', '파', '싸다', '신혼', '부부']",사다 발품 파 싸다 신혼 부부,1
36,제가 이틀전에 신혼부부로 맞췄는데 진짜 인터넷보다 싸요..물론4개이상삿구요,"[ 0.0023365   0.02212524 -0.03790283 ... -0.02577209 -0.03726196
  0.00520706]",2,"['이틀', '신혼부부', '맞추다', '인터넷', '싸다', '이상', '사다']",이틀 신혼부부 맞추다 인터넷 싸다 이상 사다,1
37,"온라인구매자인데, 꼼꼼한 설명 도움됐어요, 구독좋아요 ^^","[ 0.00755692  0.01663208 -0.02389526 ... -0.03363037 -0.03729248
 -0.02177429]",2,"['온라인', '구매자', '설명', '도움', '구독', '좋다']",온라인 구매자 설명 도움 구독 좋다,0
38,결국 오프라인 구경 온라인 구매...그것은 진리,"[ 0.00181007  0.0319519  -0.01679993 ... -0.01972961 -0.03445435
 -0.0201416 ]",2,"['결국', '오프라인', '구경', '온라인', '구매', '진리']",결국 오프라인 구경 온라인 구매 진리,1
39,저는 하이마트에 가서 인터넷 가격에 맞춰 달라고 하니까 그 가격에 맞춰 주더라고요,"[ 0.00268555  0.02928162 -0.02062988 ... -0.02893066 -0.03317261
  0.01249695]",2,"['하이마트', '인터넷', '가격', '맞추다', '가격', '맞추다']",하이마트 인터넷 가격 맞추다 가격 맞추다,2
40,혼수구매 예정인데 백화점이 없는 지역에 살아요ㅠㅠ 그럼 로드샵이나 온라인으로 사도 될까요?,"[ 0.0206604   0.02137756 -0.01500702 ... -0.0402832  -0.04296875
  0.00197029]",2,"['혼수', '구매', '예정', '백화점', '지역', '살다', '로드', '온라인', '사다']",혼수 구매 예정 백화점 지역 살다 로드 온라인 사다,1
41,넵넵 로드샵을 보시고 온라인이랑 저울질 해보시는걸 추천드려요!,"[ 0.00960541 -0.00119305 -0.01731873 ... -0.04528809 -0.02006531
  0.00954437]",2,"['넵넵', '로드', '온라인', '저울', '추천', '드리다']",넵넵 로드 온라인 저울 추천 드리다,0
42,3개인데 이사할때도 그냥 온라인에 가서 사는게 낫나요?,"[ 0.00463486  0.03356934 -0.0296936  ... -0.04705811 -0.03317261
 -0.00671768]",2,"['이사', '온라인', '사다']",이사 온라인 사다,1
43,복수구매 해도 온라인이 싸더라구요..혜택이고 뭐고 합쳐도...저는 그랬어요 이번에...그래도 미리 알았다면! 좋았을 정보인고 같습니다! 잘보고 갑니당!,"[ 0.00127029  0.01567078 -0.03475952 ... -0.02825928 -0.03515625
 -0.0002284 ]",2,"['복수', '구매', '온라인', '싸다', '혜택', '합치다', '좋다', '정보']",복수 구매 온라인 싸다 혜택 합치다 좋다 정보,0
44,로드샵 보셨는데 감이 안오시면 온라인은 더 안오실꺼에요 우선 로드샵 돌아보시면서 감을 잡고 그다음에 온라인으로 가시는 것을 추천드려요 4개 정도 구매하면 오프라인이 혜택이 좋을 확률이 높은데 그래도 여전히 온라인이랑 비교를 해보셔야합니다.,"[ 0.00828552  0.00668716 -0.03436279 ... -0.02581787 -0.00457001
  0.00075388]",2,"['로드', '온라인', '로드', '돌아보다', '다음', '온라인', '추천', '드리다', '구매', '오프라인', '혜택', '좋다', '확률', '높다', '온라인', '비교']",로드 온라인 로드 돌아보다 다음 온라인 추천 드리다 구매 오프라인 혜택 좋다 확률 높다 온라인 비교,0
45,궁금한게 매장과 공홈 가격차이심하던데ㅜ그건 왜그런거?,"[ 0.01330566  0.01544189 -0.01701355 ... -0.03781128 -0.03948975
  0.01582336]",2,"['궁금하다', '매장', '가격', '차이', '심하다']",궁금하다 매장 가격 차이 심하다,2
46,"맞아요. 제가 15년 전에 백화점에서 혼수가전 샀는데, 최저가보다 더 저렴했어요. 사은품으로 냄비세트도 받았던 기억이 있네요^^","[ 0.02474976  0.02603149 -0.02793884 ... -0.02894592 -0.0333252
  0.0089035 ]",2,"['맞다', '백화점', '혼수', '가전', '사다', '최저', '저렴하다', '사은품', '냄비', '세트', '기억']",맞다 백화점 혼수 가전 사다 최저 저렴하다 사은품 냄비 세트 기억,2
47,제가 말한 온라인에 홈쇼핑은 포함되지 않습니다 홈쇼핑은 수수료가 너무 높아서 가격 혜택이 높기 힘든 구조입니다,"[ 0.01338959  0.01355743 -0.02186584 ... -0.04083252 -0.04751587
 -0.00907898]",2,"['온라인', '쇼핑', '포함', '쇼핑', '수수료', '높다', '가격', '혜택', '높다', '힘들다', '구조']",온라인 쇼핑 포함 쇼핑 수수료 높다 가격 혜택 높다 힘들다 구조,0
48,온라인은 깡업자의 영리 취득 방법... 오프라인은 고객을 호구로 만들어야하는 전쟁터,"[-0.00317383  0.01921082 -0.02175903 ... -0.03179932 -0.03216553
  0.00228882]",2,"['온라인', '업자', '영리', '취득', '방법', '오프라인', '고객', '호구', '만들다', '전쟁터']",온라인 업자 영리 취득 방법 오프라인 고객 호구 만들다 전쟁터,0
49,오브제 8종 구매했는데요 당시 견적을 여기저기 많이받아봤는데 백화점보다 전자o드가 더 저렴했습니다. 참고하세요~,"[ 0.004879    0.01313782 -0.04644775 ... -0.01438904 -0.02975464
  0.00445938]",2,"['오브제', '구매', '당시', '견적', '여기저기', '백화점', '전자', '참고']",오브제 구매 당시 견적 여기저기 백화점 전자 참고,0
50,인터넷보다 오프라인이 저렴한 경우도 왕왕 있어요.. 조금 위험한 일반화,"[-0.00100613  0.0201416  -0.02674866 ... -0.03671265 -0.01979065
 -0.0059967 ]",2,"['인터넷', '오프라인', '위험', '일반']",인터넷 오프라인 위험 일반,2
51,보통은 홈쇼핑이 무이자 혜택이 좋지 저렴하지는 않아요 !,"[ 6.21080399e-05  2.64892578e-02 -1.79290771e-02 ... -4.79736328e-02
 -8.23974609e-02 -2.23693848e-02]",2,"['보통', '홈', '쇼핑', '이자', '혜택', '좋다', '저렴하다']",보통 홈 쇼핑 이자 혜택 좋다 저렴하다,0
52,당연히 한가지 브랜드로 사는게 유리합니다 동시 구매 품목이 늘어날 때마다 할인폭이 더 커지기 때문입니다!,"[ 0.00399017  0.02593994 -0.03796387 ... -0.02224731 -0.03253174
  0.015625  ]",2,"['브랜드', '사다', '유리', '동시', '구매', '품목', '늘어나다', '할인', '커지다']",브랜드 사다 유리 동시 구매 품목 늘어나다 할인 커지다,2
53,공식홈페이지는 채널에 상관없이 모든 제품이 올라와있습니다! 거기서 비교해보시고 괜찮은 제품을 고르시는게 우선입니다! 그리고 그모델이 인터넷에 있는지 보셔야합니다. 높은 확률로 인터넷이 저렴할 것 입니다,"[-0.00151825  0.00303841 -0.02557373 ... -0.03759766 -0.01928711
  0.01230621]",2,"['공식', '홈페이지', '채널', '제품', '올라오다', '비교', '괜찮다', '제품', '고르다', '우선', '모델', '인터넷', '높다', '확률', '인터넷']",공식 홈페이지 채널 제품 올라오다 비교 괜찮다 제품 고르다 우선 모델 인터넷 높다 확률 인터넷,2
54,조금 있는걸 일반화를 하면 위험하겠지만 대부분은 온라인이 더 저렴하죠,"[ 0.00216484  0.02088928 -0.03013611 ... -0.03198242 -0.02288818
 -0.0022316 ]",2,"['일반', '위험', '부분', '온라인', '저렴하다']",일반 위험 부분 온라인 저렴하다,1
55,진열이 새거 인터넷이랑 가격이 비슷하면 구매할 이유가 없죠,"[ 0.00940704  0.01023865 -0.02981567 ... -0.03089905 -0.03001404
  0.00807953]",2,"['진열', '인터넷', '가격', '구매', '이유']",진열 인터넷 가격 구매 이유,2
56,와.. 정확하세요. 게다가 쿠팡이랑 온라인이 카드 추가할인 들어가면 오프는 다시는 안 가게 되더라구요.,"[ 0.01082611  0.0259552  -0.02616882 ... -0.0222168  -0.03411865
 -0.00362206]",2,"['정확', '쿠팡', '온라인', '카드', '추가', '할인', '들어가다', '오프']",정확 쿠팡 온라인 카드 추가 할인 들어가다 오프,2
57,군인할인은 어떤건가요? 일반 매장에서? 온라인도 가능한가요?,"[ 0.02555847  0.01541138 -0.03659058 ... -0.03421021 -0.05020142
  0.00211334]",2,"['군인', '할인', '일반', '매장', '온라인', '가능']",군인 할인 일반 매장 온라인 가능,2
58,그냥 인터넷 최저가로 사면 되는거 아닌가?,"[-0.00056696  0.01622009 -0.02020264 ... -0.03396606 -0.02998352
  0.00625229]",2,"['인터넷', '최저', '사다']",인터넷 최저 사다,2
59,블프가 수요가 높아 기본적으로 많이 할인을 할테니 급한거 아니면 블프에 온라인에서 구매하는것은 어때요? ㅎㅎ,"[-0.0163269   0.02775574 -0.03936768 ... -0.03591919 -0.03860474
  0.0087204 ]",2,"['블프', '수요', '높다', '기본', '할인', '급하다', '블프', '온라인', '구매']",블프 수요 높다 기본 할인 급하다 블프 온라인 구매,2
60,삼성전자 직원가로사는것보다 인터넷이더싼지도 궁금해요,"[-0.01245117  0.02626038 -0.0333252  ... -0.04483032 -0.0324707
 -0.00761414]",2,"['삼성전자', '직원', '사다', '인터넷', '싸다', '궁금하다']",삼성전자 직원 사다 인터넷 싸다 궁금하다,2
61,100프로는 아니지만 대부분 임직원가가 더싸죠~! 인터넷이 더 싸면 그건 복지가 아니죠 ㅋㅋ,"[-0.00508499  0.01873779 -0.02346802 ... -0.03964233 -0.02076721
  0.01309967]",2,"['부분', '임직원', '싸다', '인터넷', '싸다', '복지']",부분 임직원 싸다 인터넷 싸다 복지,1
62,인터넷이 답인데 인터넷으로 구매하는건 또 어려워서... 다시 결국 매장으로 간다능...,"[ 0.00082493  0.02542114 -0.01951599 ... -0.03063965 -0.03808594
  0.019104  ]",2,"['인터넷', '인터넷', '구매', '결국', '매장']",인터넷 인터넷 구매 결국 매장,2
63,ㅎㅎ 저도 오프라인에서 사는게 좋아요 조금 가격은 있어도 함께 고민해주는 사람이 있어 좋다는 느낌이 좋아요 ㅎㅎ,"[-0.0015955   0.02731323 -0.02716064 ... -0.02888489 -0.02314758
 -0.01226044]",2,"['오프라인', '사다', '좋다', '가격', '고민', '사람', '좋다', '느낌', '좋다']",오프라인 사다 좋다 가격 고민 사람 좋다 느낌 좋다,0
64,혹시 제주도면 혼수제품인데 로드샵 가는 게 좋을까요 ㅠㅠ 백화점이 없어서.. 아님 서울가서 구매하면 배송비가 따로 들지는 않을까요,"[ 0.01013184  0.01256561 -0.03988647 ... -0.04507446 -0.03259277
  0.02627563]",2,"['제주도', '혼수', '제품', '로드', '좋다', '백화점', '서울', '구매', '배송비', '들다']",제주도 혼수 제품 로드 좋다 백화점 서울 구매 배송비 들다,2
65,4군데 견적서 받고 전자랜드에서 바로 경쟁사 대응 추가할인들어감,"[ 0.00455475  0.01853943 -0.00708008 ... -0.03707886 -0.03793335
  0.02056885]",2,"['견적서', '전자랜드', '경쟁사', '대응', '추가', '할인', '들어가다']",견적서 전자랜드 경쟁사 대응 추가 할인 들어가다,2
66,비슷할꺼에요 그러나 홈플은 홈플신한카드가 필요할꺼에요,"[ 0.00188541  0.00850677 -0.03527832 ... -0.03692627 -0.05673218
  0.02116394]",2,"['홈플', '신한카드', '필요']",홈플 신한카드 필요,1
67,온라인에서 싸게 사는 방법이 진짜 정보인데 그게 없군요. 온라인이 얼마나 다양한데...,"[ 0.00461197  0.02766418 -0.03053284 ... -0.03643799 -0.01109314
 -0.0300293 ]",2,"['온라인', '싸다', '사다', '방법', '정보', '온라인', '다양']",온라인 싸다 사다 방법 정보 온라인 다양,0
68,닥치고 인터넷이 제일 쌈.. 적게는 20만원 많게는 50만원 정도 차이 남..,"[-0.00901031  0.02661133 -0.01421356 ... -0.03967285 -0.03445435
  0.01087952]",2,"['닥치다', '인터넷', '싸다', '적다', '많다', '차이']",닥치다 인터넷 싸다 적다 많다 차이,2
69,"매장, 인터넷에서 비교해보니 같은 제품이 100만원정도 싸서 인터넷에서 샀습니당ㅎㅎ 잘샀어요","[ 0.00973511  0.02362061 -0.03845215 ... -0.03585815 -0.03860474
 -0.00235558]",2,"['매장', '인터넷', '비교', '제품', '싸다', '인터넷', '사다', '사다']",매장 인터넷 비교 제품 싸다 인터넷 사다 사다,2
70,저아시는분은 오히려 백화점에서 현금으로사겠다하면서 20~30%할인 성공해서 온라인보다 싸게사시던데 가능한거죠?,"[ 0.00944519  0.03149414 -0.03500366 ... -0.04144287 -0.03668213
 -0.00984955]",2,"['백화점', '현금', '사다', '성공', '온라인', '싸다', '사다', '가능']",백화점 현금 사다 성공 온라인 싸다 사다 가능,2
71,그냥 인터넷에서 사는게 가장 싼거 아닌가요?,"[-0.00364304  0.02705383 -0.02354431 ... -0.0276947  -0.03411865
 -0.00185585]",2,"['인터넷', '사다', '싸다']",인터넷 사다 싸다,2
72,여러가지 사면 백화점 견적 이길수가 없음.. 백화점견적이 온라인 가격으로 사면 호구임..온라인 가격보다 저렴하게 사야함.플러스 사은품... 백화점행사+메이커행사+등등에 마지막 현금결제시 상품권깡...에 받을 상품권 밀어넣으면 무조건 백화점이 쌈.. 이미 10년도 지난이야기.... 혼수온라인사면 개호구,"[ 0.01038361  0.02960205 -0.04415894 ... -0.02275085 -0.0234375
 -0.00179958]",2,"['사다', '백화점', '견적', '이기다', '백화점', '견적', '온라인', '가격', '사다', '호구', '온라인', '가격', '저렴하다', '사다', '플러스', '사은품', '백화점', '행사', '메이커', '행사', '마지막', '현금', '결제', '상품', '상품', '밀다', '넣다', '백화점', '싸다', '지나다', '이야기', '혼수', '온라인', '사면', '호구']",사다 백화점 견적 이기다 백화점 견적 온라인 가격 사다 호구 온라인 가격 저렴하다 사다 플러스 사은품 백화점 행사 메이커 행사 마지막 현금 결제 상품 상품 밀다 넣다 백화점 싸다 지나다 이야기 혼수 온라인 사면 호구,2
73,좋은 정보 감사 함니다 홈쇼핑 비교 부탁 드림니다,"[ 0.02772522  0.00878143 -0.02856445 ... -0.06750488 -0.05435181
 -0.00242615]",2,"['좋다', '정보', '감사', '홈', '쇼핑', '비교', '부탁', '드리다']",좋다 정보 감사 홈 쇼핑 비교 부탁 드리다,0
74,형 매장에서 아무리 할인해도 온라인 이길수 없잖아요 .....,"[ 0.01166534  0.03436279 -0.02380371 ... -0.02870178 -0.04498291
  0.01264954]",2,"['매장', '할인', '온라인', '이기다']",매장 할인 온라인 이기다,2
75,5개를 사던 7개를 사던 그냥 팸코나 뽐뿌 핫딜로 하나씩 사는게 무조건 싸다,"[ 0.00518417  0.02270508 -0.01409149 ... -0.02474976 -0.03186035
  0.0308075 ]",2,"['사다', '사다', '팸코', '뽐뿌', '사다', '싸다']",사다 사다 팸코 뽐뿌 사다 싸다,1
76,넵 매장에서 한 번 둘러보고 온라인에서 구매하시는 걸 추천드립니다,"[ 0.00029755  0.01835632 -0.02069092 ... -0.03399658 -0.034729
  0.0053215 ]",2,"['매장', '둘러보다', '온라인', '구매', '추천', '드리다']",매장 둘러보다 온라인 구매 추천 드리다,0
77,4개이상 다품으로 하면 백화점이 싼경우도 있어요 혼수 구매하는데 백화점이 비쌀 거란 생각에 안가시는 분들이 있어요 여러 채널을 비교하셔야해요 무조건 온라인이 답은 아니에요~,"[ 0.00971985  0.01869202 -0.03140259 ... -0.0249939  -0.03031921
  0.00786591]",2,"['이상', '백화점', '싸다', '혼수', '구매', '백화점', '비싸다', '생각', '채널', '비교', '온라인']",이상 백화점 싸다 혼수 구매 백화점 비싸다 생각 채널 비교 온라인,2
78,백화점 에서 보고 온라인에서 같은 번호로 비교하면 확실히 온라인이 저렴 합니다,"[ 0.00731277  0.03088379 -0.03092957 ... -0.02037048 -0.03030396
 -0.00839996]",2,"['백화점', '온라인', '번호', '비교', '온라인']",백화점 온라인 번호 비교 온라인,0
79,최신 연식 안살 경우에는 인터넷이싸지않나여? ?,"[-0.00115395  0.02926636 -0.01901245 ... -0.03900146 -0.04031372
 -0.01406097]",2,"['최신', '연식', '사다', '인터넷', '싸다']",최신 연식 사다 인터넷 싸다,1
80,맞아요 여기에 핵심은 발품을 많이 팔아야한다는거에요 ㅎㅎ 제가 추구하는 건 무조건 싼거 보단 나에게 정말 맞는 제품을 찾고 그 제품을 저렴하는게 중요하다고 생각해요 그리고 여러개 한 번에 사는 경우는 혼수 말고도 이사도 있고 10년 넘어서 하나 고장나면 이참에 다 바꾸자 하시는 분들 많습니다~!,"[-0.00635147  0.02197266 -0.02024841 ... -0.02865601 -0.01838684
  0.01564026]",2,"['맞다', '핵심', '발품', '팔다', '추구', '싸다', '맞다', '제품', '찾다', '제품', '저렴하다', '중요', '생각', '사다', '혼수', '말', '이사', '넘다', '고장', '이참', '바꾸다', '많다']",맞다 핵심 발품 팔다 추구 싸다 맞다 제품 찾다 제품 저렴하다 중요 생각 사다 혼수 말 이사 넘다 고장 이참 바꾸다 많다,1
81,작년 가을에 혼수가전 삿는데 20군대 이상 가봤는데 오픈행사나 백화점 다필요없어요 성지가 최저가예요 무조건 견적 받아보면 최저가격에 성지가니깐 300이상 싸게 구입했네요 엘지로,"[ 0.03164673  0.00597    -0.04260254 ... -0.02088928 -0.01896667
  0.02864075]",2,"['작년', '가을', '혼수', '가전', '사다', '군대', '이상', '오픈', '행사', '백화점', '필요', '지가', '최저', '견적', '최저', '가격', '성지', '이상', '싸다', '구입', '엘지']",작년 가을 혼수 가전 사다 군대 이상 오픈 행사 백화점 필요 지가 최저 견적 최저 가격 성지 이상 싸다 구입 엘지,1
82,온라인 사기꾼 수두룩 조심하세요. 그리고 케바케입니다.,"[ 0.00086164  0.04223633 -0.0216217  ... -0.04769897 -0.01277924
 -0.00939941]",2,"['온라인', '사기', '조심', '케바케']",온라인 사기 조심 케바케,1
83,작고 적게 살수록 온라인이 더싸요~! 크고 많이 살수록 오프가 싸구요!,"[-0.00045419  0.04351807 -0.03808594 ... -0.019104   -0.03274536
 -0.00922394]",2,"['작다', '적다', '살다', '온라인', '싸다', '크다', '사다', '오프', '싸다']",작다 적다 살다 온라인 싸다 크다 사다 오프 싸다,1
84,무조건 온라인이 싸다고 생각했었는데 그게 아니었나보네요. 유용한 정보 감사합니다,"[ 0.00405502  0.02752686 -0.02342224 ... -0.03244019 -0.01940918
 -0.0076561 ]",2,"['온라인', '싸다', '생각', '유용', '정보', '감사']",온라인 싸다 생각 유용 정보 감사,1
85,사실 솔루님 같은 분이 제일 많으세요 이 뒤에 영상은 인터넷이랑 전문점이랑 백화점이랑 다 완벽하게 동일상품이라고 설명하고 있습니다. 온라인에서 구매를 선호하지 않을 이유가 없다고 설명하는 영상이거든요 그래서 한 번 봐주시구요 저도 매장에서 영업할 당시 비싼걸 알면서 사주시는 분들에게 너무나 감사했어요. 그러나 지금 이 영상는 솔루님 같은 분이 더 저렴하게 구매하셨으면 하는 바램에서 찍은 영상입니다. 누구를 호구로 보지 않구요 이 유통 시장이 하도 복잡해서 하나하나 쉽게 쉽게 풀어나가볼 생각이니 자주 찾아주세요🥰,"[ 0.00479889  0.02781677 -0.02774048 ... -0.02496338 -0.02558899
  0.00294304]",2,"['많다', '영상', '인터넷', '전문점', '백화점', '완벽', '동일', '상품', '설명', '온라인', '구매', '선호', '이유', '설명', '영상', '매장', '영업', '당시', '비싸다', '사다', '감사', '영상', '저렴하다', '구매', '바램', '찍다', '영상', '호구', '유통', '시장', '풀다', '생각', '찾다']",많다 영상 인터넷 전문점 백화점 완벽 동일 상품 설명 온라인 구매 선호 이유 설명 영상 매장 영업 당시 비싸다 사다 감사 영상 저렴하다 구매 바램 찍다 영상 호구 유통 시장 풀다 생각 찾다,1
86,홈쇼핑과 인터냇 구매하는 물품에 따라 비교적 인터냇이 저렴 하내요 저는 인터냇으로 비교 해보고 구입 합니다,"[ 0.02398682  0.01802063 -0.01249695 ... -0.04983521 -0.02934265
 -0.01430511]",2,"['홈', '쇼핑', '인터', '내다', '구매', '물품', '따르다', '비교', '인터', '내다', '내다', '인터', '내다', '비교', '구입']",홈 쇼핑 인터 내다 구매 물품 따르다 비교 인터 내다 내다 인터 내다 비교 구입,0
87,매장에서 상담 받고 인터넷으로 사면 되는 거죠? 그러면 매장에는 뭐가 남죠? 상담만 해달라면 해주나요?,"[ 0.00678635  0.01174927 -0.02671814 ... -0.04647827 -0.02774048
  0.01352692]",2,"['매장', '상담', '인터넷', '사다', '매장', '남다', '상담']",매장 상담 인터넷 사다 매장 남다 상담,2
88,요즘 오프매장은 눈요기 하러 가는곳임 구매는 당연히 온라인 ㅋㅋ,"[-0.00317192  0.03546143 -0.01532745 ... -0.01681519 -0.03665161
  0.00258827]",2,"['요즘', '오프', '매장', '눈요기', '구매', '온라인']",요즘 오프 매장 눈요기 구매 온라인,1
89,오프라인에서 보고 온라인에서 사기엔 오프라인 상담 직원에게 너무 미안 하더라구요,"[-0.01693726  0.02133179 -0.01301575 ... -0.03396606 -0.03564453
 -0.0181427 ]",2,"['오프라인', '온라인', '사다', '오프라인', '상담', '직원', '미안']",오프라인 온라인 사다 오프라인 상담 직원 미안,0
90,ㅋㅋ 어쩔 수 없죠 시대의 흐름! 근데 여전히 다품은 진짜 오프라인 가셔야해요~,"[-0.01246643  0.03005981 -0.01062775 ... -0.01931763 -0.02734375
  0.00279808]",2,"['어쩌다', '시대', '흐름', '품다', '오프라인']",어쩌다 시대 흐름 품다 오프라인,1
91,맞아요 사실 저도 매장에서 상담할 때 그런 분들 있었는데 결국엔 인터넷에서 조사하기 힘들다고 다시 방문하시는 분들도 있었어요 배송일 지정 지정이라던지 에프터 서비스라던지 분명 오프라인에 장점도 있는건 사실이니깐요 너무 미안해하지 마세요~!,"[-0.00611877  0.02409363 -0.0267334  ... -0.03158569 -0.03231812
  0.00235939]",2,"['맞다', '매장', '상담', '결국', '인터넷', '조사', '힘들다', '방문', '배송', '지정', '지정', '에프', '서비스', '오프라인', '장점', '미안']",맞다 매장 상담 결국 인터넷 조사 힘들다 방문 배송 지정 지정 에프 서비스 오프라인 장점 미안,2
92,영광입니다! 조만간 온라인에서 구매하는 팁 전해드려보겠습니다!,"[-0.00665283  0.03335571 -0.00912476 ... -0.04824829 -0.03744507
 -0.02799988]",2,"['영광', '온라인', '구매', '전하다', '드리다']",영광 온라인 구매 전하다 드리다,0
93,온라인 사기 안당해 보면 모르죠 믿을수 있는곳에서 구입해야죠😊,"[-0.00371361  0.02458191 -0.02854919 ... -0.03375244 -0.02882385
 -0.02999878]",2,"['온라인', '사기', '당하다', '구입']",온라인 사기 당하다 구입,1
94,온라인이 제일쌉니다.오프라인은 비싸요.,"[ 0.01215363  0.0324707  -0.03103638 ... -0.02084351 -0.02590942
  0.00156498]",2,"['온라인', '싸다', '오프라인', '비싸다']",온라인 싸다 오프라인 비싸다,1
95,경우에 따라서는 온라인보다 싸게 더 좋은 제품으로 사는 경우도 많습니다. 잘알아보세요. 이런 부분을 설명해주는 유튜버도 있습니다. 힌트는 구입 시기와 포인트 등입니다.,"[ 0.00921631  0.01860046 -0.03405762 ... -0.03875732 -0.01693726
 -0.04873657]",2,"['따르다', '온라인', '싸다', '좋다', '제품', '사다', '많다', '알아보다', '설명', '유튜버', '힌트', '구입', '시기', '포인트']",따르다 온라인 싸다 좋다 제품 사다 많다 알아보다 설명 유튜버 힌트 구입 시기 포인트,0
96,​ -r8x 태진님 경우에 따라?혹 직원이세요? 인터넷이 제일쌉니다..,"[-0.00050211  0.02542114 -0.01622009 ... -0.03924561 -0.02494812
  0.00530243]",2,"['태진', '따르다', '직원', '인터넷', '싸다']",태진 따르다 직원 인터넷 싸다,2
97,공홈에서 선택한거 백화점에서 온라인 전용이다 뭐다 같은거 하나도 선택못했는데 백화점상품권이랑 온갖할인 다 넣으니 공홈보다 저렴했음,"[ 0.01555634  0.01741028 -0.03900146 ... -0.02326965 -0.03053284
 -0.00621796]",2,"['선택', '백화점', '온라인', '전용', '선택', '백화점', '상품', '할인', '넣다', '저렴하다']",선택 백화점 온라인 전용 선택 백화점 상품 할인 넣다 저렴하다,2
98,"ㅈㄴ 어렵네,,, 호구 당하기 싫으면 그냥 닥치고 인터넷 최저가가 그냥 쌉니다... 잘 알지 못하고 견적 받으러 가면,, 정신 혼미해서 싼건지 비싼건지 일반 소비자는 판단하기 어렵습니다.. 무슨 테팔이 용팔이 핸드폰 팔이 하는 놈들과 비슷함","[-0.00422668  0.00735092 -0.02772522 ... -0.04690552 -0.0105896
  0.02059937]",2,"['호구', '당하다', '싫다', '닥치다', '인터넷', '최저', '싸다', '견적', '정신', '혼미', '싸다', '비싸다', '일반', '소비자', '판단', '테팔', '용팔이', '핸드폰', '팔다']",호구 당하다 싫다 닥치다 인터넷 최저 싸다 견적 정신 혼미 싸다 비싸다 일반 소비자 판단 테팔 용팔이 핸드폰 팔다,2
99,온라인 핫딜로 사부작 하나씩구매하는게 젤쌈;;,"[-0.00983429  0.02583313 -0.01667786 ... -0.02360535 -0.03723145
  0.01725769]",2,"['온라인', '구매', '싸다']",온라인 구매 싸다,1
100,최소 천이상은 살 생각을 해야 오프라인이 경쟁력 있음 그 아래는 그냥 온라인 구매 추천.,"[ 0.00251579  0.01171875 -0.03460693 ... -0.02844238 -0.02256775
  0.0089798 ]",2,"['최소', '이상', '살다', '생각', '오프라인', '경쟁력', '아래', '온라인', '구매', '추천']",최소 이상 살다 생각 오프라인 경쟁력 아래 온라인 구매 추천,1
101,인터넷 구매는 어떤가요 곧 이사라서 고민이에용,"[ 0.0058403   0.03848267 -0.0252533  ... -0.06011963 -0.03918457
 -0.00702667]",2,"['인터넷', '구매', '이사', '고민']",인터넷 구매 이사 고민,1
102,3개 이하면 인터넷 구매가 제일 싸고요 그 이상이면 다품목 할인 들어가니까....,"[ 0.01617432  0.01934814 -0.03723145 ... -0.02798462 -0.02713013
  0.01094055]",2,"['이하', '인터넷', '구매', '싸다', '이상', '품목', '할인', '들어가다']",이하 인터넷 구매 싸다 이상 품목 할인 들어가다,2
103,더 싸요. 천만원 이상 단위가 아니면 온라인 세일때 사는게 제일 쌉니다.,"[ 0.00373077  0.03134155 -0.03570557 ... -0.02702332 -0.0255127
 -0.0038147 ]",2,"['싸다', '이상', '단위', '온라인', '세일', '사다', '싸다']",싸다 이상 단위 온라인 세일 사다 싸다,1
104,"그래도 앞으론 매장은 안간다 가격차이가 넘 많이 남.., 보험으로 치면 매장직원은 보험설계사, 온라인은 다이렉트보험이라고나 할까...","[ 0.00949097  0.00606537 -0.02134705 ... -0.03665161 -0.02909851
 -0.01167297]",2,"['매장', '가격', '차이', '남다', '보험', '치다', '매장', '직원', '보험', '설계사', '온라인', '다이렉트', '보험']",매장 가격 차이 남다 보험 치다 매장 직원 보험 설계사 온라인 다이렉트 보험,0
105,재일이형. 마곡에서 처음 봤었지만 왕중왕전 정말 고생많았어요,"[ 0.00921631  0.00637817 -0.01392365 ... -0.04086304 -0.01216125
  0.02958679]",2,"['재일', '형', '왕중왕전', '고생', '많다']",재일 형 왕중왕전 고생 많다,1
106,지난번 영상에서 배디터님이 혼수가전은 백화점이 가장 좋다라고 하셨는데....ㅠㅠ고민입니다 어디서 사야할지,"[ 0.04681396  0.01655579 -0.03295898 ... -0.03881836 -0.03231812
  0.00953674]",2,"['지난번', '영상', '배디터', '혼수', '가전', '백화점', '좋다', '고민', '사다']",지난번 영상 배디터 혼수 가전 백화점 좋다 고민 사다,1
107,단품이나 2개 정도는 온라인이 짱인 것 같아요,"[ 0.01186371  0.02587891 -0.02415466 ... -0.0226593  -0.02084351
  0.00295639]",2,"['온라인', '최고']",온라인 최고,1
108,온라인이 가장 싼줄 알았는데 그게 아니였군요..,"[ 0.0124588   0.02645874 -0.02787781 ... -0.03131104 -0.02290344
 -0.01139832]",2,"['온라인', '싸다']",온라인 싸다,1
109,헐 당연히 온라인이 저렴할 거라고 생각했었는데...,"[ 0.00683594  0.03378296 -0.01344299 ... -0.03192139 -0.02798462
  0.00811768]",2,"['온라인', '생각']",온라인 생각,1
110,인터넷이 제일싸던데 여러개 살땐 매장이 싸군요,"[ 0.01712036  0.03204346 -0.03457642 ... -0.02114868 -0.03900146
  0.0216217 ]",2,"['인터넷', '싸다', '사다', '매장', '싸다']",인터넷 싸다 사다 매장 싸다,2
111,이번에 혼수 알아 보러 발품 많이 팔았는데 제일 좋은건 백화점에서 사는겁니다.,"[ 0.0430603   0.02709961 -0.04159546 ... -0.03137207 -0.05084229
  0.01701355]",2,"['혼수', '발품', '팔다', '좋다', '백화점', '사다']",혼수 발품 팔다 좋다 백화점 사다,2
112,잇섭님..해외직구랑 &매장이랑 차이점은 무엇 일까요? 바쁘시더라도 답 해주시면 정말 감사드립니다..,"[ 0.01239777  0.00884247 -0.016922   ... -0.05209351 -0.0340271
 -0.02076721]",2,"['잇섭', '해외', '직구', '매장', '차이점', '바쁘다', '감사', '드리다']",잇섭 해외 직구 매장 차이점 바쁘다 감사 드리다,2
113,혼수하면서 느낀건 진짜 발품 많이 팔수록 싸게 살수있음ㅋㅋ,"[ 0.01442719  0.03056335 -0.00787354 ... -0.02377319 -0.03460693
  0.02494812]",2,"['혼수', '발품', '팔다', '싸다', '사다']",혼수 발품 팔다 싸다 사다,2
114,가격은 정찰제입니다 인터넷가격이 소비자를 혼란스럽게 만든거져,"[ 0.00623703  0.0163269  -0.02279663 ... -0.04141235 -0.03311157
 -0.00239754]",2,"['가격', '정찰', '인터넷', '가격', '소비자', '혼란', '만들다']",가격 정찰 인터넷 가격 소비자 혼란 만들다,0
115,"개별구입은 온라인, 묶음 구입은 오프라인.....이렇게 정리하면 되나요?","[ 0.00333977  0.01799011 -0.02644348 ... -0.0206604  -0.05178833
 -0.00555801]",2,"['개별', '구입', '온라인', '묶음', '구입', '오프라인', '정리']",개별 구입 온라인 묶음 구입 오프라인 정리,1
116,근데 견적을 낼때는 모델을 정확히 정하고 가시는건가요? 모델마다 가격차가 있어서.. 홈쇼핑이랑 할인매장이랑 다른것 처럼요ㅜㅜ부품이 다르다던가 약간 하위모델이라던가.. 비슷한 모델인데 제품번호가 다른경우 있잖아요 대강 스펙을 맞춰서 가시는건가요~?,"[ 0.00470352  0.01490021 -0.02850342 ... -0.03366089 -0.02885437
  0.01571655]",2,"['견적', '내다', '모델', '정하다', '모델', '가격', '홈', '쇼핑', '할인', '매장', '다르다', '부품', '다르다', '하위', '모델', '비슷하다', '모델', '제품', '번호', '다르다', '스펙', '맞추다']",견적 내다 모델 정하다 모델 가격 홈 쇼핑 할인 매장 다르다 부품 다르다 하위 모델 비슷하다 모델 제품 번호 다르다 스펙 맞추다,2
117,중고나라에서 미개봉새상품으로 사는것이 제일싸다,"[ 0.01465607  0.02104187 -0.03652954 ... -0.0274353  -0.03540039
  0.00298309]",2,"['중고나라', '개봉', '상품', '사다', '싸다']",중고나라 개봉 상품 사다 싸다,1
118,뭐 발품을 팔아서 500만원을 아꼈어? 가통법을 시행해라!,"[ 0.00413895  0.02603149 -0.02566528 ... -0.04925537 -0.03631592
  0.02598572]",2,"['발품', '팔다', '아끼다', '시행']",발품 팔다 아끼다 시행,0
119,🧟‍♂️이거보고 오프라인구매했는데 코스트코가 훨씬쌈 😑😑😑🧟‍♂️,"[ 0.00296021  0.0289917  -0.01765442 ... -0.02905273 -0.0378418
  0.00814056]",2,"['오프라인', '구매', '코스트코', '싸다']",오프라인 구매 코스트코 싸다,1
120,온라인은 제품낱개로 하나살때가 싼데 뭉쳐서 사면 오프라인이 좀더 쌈,"[ 0.00405121  0.02633667 -0.03375244 ... -0.01550293 -0.02798462
  0.00059938]",2,"['온라인', '제품', '낱개', '사다', '싸다', '뭉치', '사다', '오프라인', '싸다']",온라인 제품 낱개 사다 싸다 뭉치 사다 오프라인 싸다,1
121,온라인이 비싼 이유는 무할부 개월수를 더 땡길 수 있습니다,"[ 0.01664734  0.04043579 -0.02854919 ... -0.02377319 -0.04498291
 -0.01530457]",2,"['온라인', '비싸다', '이유', '할부', '땡기다']",온라인 비싸다 이유 할부 땡기다,2
122,ㅋㅋ저...워시타워 +비스포크로 했..크음,"[ 0.01832581  0.00894165 -0.01821899 ... -0.02786255 -0.00458145
  0.01895142]",2,"['워시타워', '비스', '포크']",워시타워 비스 포크,2
123,온라인으로 사서 한번도 후회한적없는데,"[ 0.00651932  0.03720093 -0.02191162 ... -0.03161621 -0.03765869
 -0.00634384]",2,"['온라인', '사다', '후회']",온라인 사다 후회,1
124,4:21 누가 보면 폰팔이한테 받은 건 줄 알겠네.. 그래도 몇백만원짜리 견적서인데 좀 깔끔하게 작성해서 주던가..,"[ 0.00725174  0.02334595 -0.02253723 ... -0.04898071 -0.02734375
  0.01908875]",2,"['팔다', '견적서', '깔끔', '작성']",팔다 견적서 깔끔 작성,0
125,"팩트 : 발품팔고 가격비교하는데 들인 시간, 체력, 스트레스 종합적으로 따지면 500만원 개손해 ㅇㅈ?","[-0.0214386   0.01820374 -0.02737427 ... -0.05130005 -0.04067993
  0.01580811]",2,"['팩트', '발품', '팔다', '가격', '비교', '들', '시간', '체력', '스트레스', '종합', '따지다', '손해']",팩트 발품 팔다 가격 비교 들 시간 체력 스트레스 종합 따지다 손해,0
126,헬조선에서 살았으니 다들 경험하셨을겁니다 발품팔아서 저렴하게 구매하는것이 훨씬 이득이라는것을요 가격정찰제 정말 좋은 제도지만 헬조선에선? 어림없죠 그저 모두 호구가 되는 길입니다,"[ 0.00209618  0.00927734 -0.02276611 ... -0.03652954 -0.02243042
  0.0198822 ]",2,"['헬조선', '살다', '경험', '발품', '팔다', '저렴하다', '구매', '이득', '가격', '정찰', '좋다', '제도', '헬조선', '어림없다', '호구']",헬조선 살다 경험 발품 팔다 저렴하다 구매 이득 가격 정찰 좋다 제도 헬조선 어림없다 호구,1
127,엘전 직원이지만 친구가 임직원모올... 하는 순간 컷 시킴. 사번 비번 다 알려줄수 있는데 참고로 네이버 최저가가 제일 싸니까 쓸떼없이 시간 낭비하지말라고,"[-0.00342751  0.00809479 -0.02497864 ... -0.0244751  -0.0198822
  0.01441956]",2,"['직원', '친구', '임직원', '순간', '시키다', '비번', '알리다', '참고', '네이버', '최저', '싸다', '쓰다', '시간', '낭비']",직원 친구 임직원 순간 시키다 비번 알리다 참고 네이버 최저 싸다 쓰다 시간 낭비,1
128,신용카드가 없는 사람은.. 오프라인에서 구매할때 할인혜택이 적을까요?,"[-0.02572632  0.02641296 -0.03622437 ... -0.03219604 -0.06585693
 -0.01428223]",2,"['신용', '카드', '사람', '오프라인', '구매', '할인', '혜택', '적다']",신용 카드 사람 오프라인 구매 할인 혜택 적다,2
129,각 매장별 견적금액 차이를 직원에게도 직접적으로 물어보며 비교가 된 것인지 궁금해요. A매장은 이만큼 나오던데 여기는 어떤가요 식으로,"[ 0.01358795  0.0178833  -0.02098083 ... -0.04299927 -0.03048706
  0.01551819]",2,"['매장', '견적', '금액', '차이', '직원', '직접', '비교', '매장', '나오다']",매장 견적 금액 차이 직원 직접 비교 매장 나오다,0
130,제품 한두개 살땐 온라인이 저렴 다제품구매시 오프라인이 저렴함 다만 온라인 구매시 배송늦어지는 경우가 많음,"[ 0.00531006  0.01556396 -0.03713989 ... -0.02734375 -0.03115845
 -0.02116394]",2,"['제품', '사다', '온라인', '제품', '구매', '오프라인', '저렴하다', '온라인', '구매', '배송', '늦다', '많다']",제품 사다 온라인 제품 구매 오프라인 저렴하다 온라인 구매 배송 늦다 많다,1
131,이제 내년이면 저도 아파트 입주인데 도움이 많이 되었습니다. 발품 많이 팔아야겠네요. 후웈 20대에 내집마련 성공!,"[ 0.00343513  0.03601074 -0.01573181 ... -0.03735352 -0.05593872
  0.01329803]",2,"['내년', '아파트', '입주', '도움', '발품', '팔다', '후웈', '마련', '성공']",내년 아파트 입주 도움 발품 팔다 후웈 마련 성공,1
132,"아파트 바로 앞에 대형마트, 베스트샵, 디프 그리고 근처에 백화점까지 있기에 온갖데 다 발품팔아보겠습니다. 감사합니다ㅎ","[ 0.00899506  0.03094482 -0.01264191 ... -0.03771973 -0.06100464
  0.0037632 ]",2,"['아파트', '대형', '마트', '베스트', '디프', '근처', '백화점', '발품', '팔다', '감사']",아파트 대형 마트 베스트 디프 근처 백화점 발품 팔다 감사,2
133,온라인이라고 무조건 좋은게 아니구나... 덕분에 많은걸 배우고 갑니다,"[ 0.00271416  0.02359009 -0.01239777 ... -0.03433228 -0.01913452
 -0.01535034]",2,"['온라인', '좋다', '덕분', '많다', '배우']",온라인 좋다 덕분 많다 배우,0
134,진짜.. 무조건 1개만 구입하는게 아니면 오프라인 발품이 답이더라구요. 추가 사은품도 챙겨주구요 ㅎㅎ,"[-0.01597595  0.0247345  -0.01724243 ... -0.02102661 -0.02644348
  0.00805664]",2,"['구입', '오프라인', '발품', '추가', '사은품', '챙기다']",구입 오프라인 발품 추가 사은품 챙기다,0
135,무조건 온라인이 싼 줄 알았는데 여러 개 구매시에는 오프라인이 압도적으로 유리하군요 정보 감사합니다!,"[ 0.00333595  0.02801514 -0.04428101 ... -0.02427673 -0.03024292
  0.00635529]",2,"['온라인', '싸다', '구매', '오프라인', '압도', '유리', '정보', '감사']",온라인 싸다 구매 오프라인 압도 유리 정보 감사,1
136,ㅋㅋ역시 발품을 팔 수록 가격 타협 가능성이 많아지네요 디자인과 진학해서 요즘 컴퓨터 알아보고 있는데 컴알못이라 머리에 쥐나여...,"[-0.00084686  0.01817322 -0.01672363 ... -0.0357666  -0.02174377
  0.01406097]",2,"['발품', '팔다', '수록', '가격', '타협', '가능', '많다', '디자인', '진학', '요즘', '컴퓨터', '알아보다', '머리']",발품 팔다 수록 가격 타협 가능 많다 디자인 진학 요즘 컴퓨터 알아보다 머리,0
137,마트가서 직접 만져보고 결정하고 온라인 구입이 국룰인거슬,"[ 0.01341248  0.02911377 -0.01054382 ... -0.04486084 -0.02603149
  0.00437164]",2,"['마트', '만지다', '결정', '온라인', '구입']",마트 만지다 결정 온라인 구입,1
138,요즘 컴퓨터 부품값이 너무 오르던데 형은 어떻게 생각해? 추가로 발품파는 비법좀..,"[-0.00489426  0.03074646 -0.02467346 ... -0.04553223 -0.02955627
  0.02452087]",2,"['요즘', '컴퓨터', '부품', '오르다', '생각', '추가', '발품', '파', '비법']",요즘 컴퓨터 부품 오르다 생각 추가 발품 파 비법,0
139,오프라인으로직접보고 온라인으로 삽니다,"[ 0.01057434  0.03598022 -0.01048279 ... -0.026474   -0.02893066
 -0.02015686]",2,"['오프라인', '온라인', '살다']",오프라인 온라인 살다,1
140,오 무조건 인터넷 구매가 쌀줄알았는데 아니구나,"[ 0.01261902  0.02230835 -0.01148224 ... -0.03610229 -0.03149414
 -0.00827026]",2,"['인터넷', '구매', '싸다']",인터넷 구매 싸다,2
141,"저는 처음부터 모델은 온라인으로 알아봐서, 여기서 안살수도 있는데 견적만 내보고싶다 말씀드려도 친절히 설명해주시는 분들도 있더라구요. 물론 케바케이지만요 ㅎㅎ","[ 0.00623703  0.01416779 -0.02626038 ... -0.04370117 -0.01643372
  0.00492096]",2,"['모델', '온라인', '알아보다', '살다', '견적', '내다', '말씀', '드리다', '설명', '케바케']",모델 온라인 알아보다 살다 견적 내다 말씀 드리다 설명 케바케,0
142,"하나씩만 구입하면 온라인이 훨씬 저렴한 경우가 많은데, 그 이상되고 금액이 커질수록 오프라인이 싸더라구요. ㅎㅎ 근데 이것도 시기마다 또 달라서 케바케일 수도 있지만, 모두 알아보면 좋을 것 같습니다.","[ 0.00685883  0.02720642 -0.0375061  ... -0.03378296 -0.01543427
  0.00908661]",2,"['구입', '온라인', '많다', '이상', '금액', '커지다', '오프라인', '싸다', '시기', '다르다', '케바케', '좋다']",구입 온라인 많다 이상 금액 커지다 오프라인 싸다 시기 다르다 케바케 좋다,2
143,좋은 정보 감사합니다. 저는 당연히 온라인이 싼줄알고 온라인만 열심히 뒤지고 있었네요,"[-0.00200272  0.0151062  -0.0255127  ... -0.02355957 -0.02076721
 -0.00037861]",2,"['좋다', '정보', '감사', '온라인', '싸다', '온라인', '뒤지다']",좋다 정보 감사 온라인 싸다 온라인 뒤지다,0
144,"저도 ㅎㅎ 마음속으로 오프라인가기전에 모든 제품을 정해놨지만, 실제로 보고 상담사가 알려주는 장단점. 그리고 묶음 할인을보니 실제 구입한건 꽤 많이 달라졌습니다. ㅎㅎ","[ 0.00458145  0.00995636 -0.03979492 ... -0.03262329 -0.01953125
  0.00597382]",2,"['마음', '속', '오프라인', '제품', '정하다', '상담사', '알리다', '장단점', '묶음', '할인', '실제', '구입', '달라지다']",마음 속 오프라인 제품 정하다 상담사 알리다 장단점 묶음 할인 실제 구입 달라지다,2
145,2개 이상. 가격이 높아질수록 무조건 오프라인 추천드립니다. ㅎㅎ,"[ 0.00160503  0.02493286 -0.03460693 ... -0.0151825  -0.01461029
  0.01396179]",2,"['이상', '가격', '높다', '조건', '오프라인', '추천', '드리다']",이상 가격 높다 조건 오프라인 추천 드리다,0
146,한가지만 구매하시면 온라인 금액높아지시면 오프라인입니다~,"[ 1.07288361e-06  3.12805176e-02 -2.46582031e-02 ... -1.53121948e-02
 -2.88238525e-02 -1.87835693e-02]",2,"['구매', '온라인', '금액', '높다', '오프라인']",구매 온라인 금액 높다 오프라인,0
147,일단 오프라인에서 보고 온라인으로 사면됨 요즘 일렉만 봐도 할인 혜택 좋아서 오프라인이 좀더 저렴하긴함,"[-3.09348106e-05  1.61743164e-02 -2.39868164e-02 ... -3.52478027e-02
 -3.79028320e-02  4.20379639e-03]",2,"['오프라인', '온라인', '사다', '요즘', '할인', '혜택', '좋다', '오프라인', '저렴하다']",오프라인 온라인 사다 요즘 할인 혜택 좋다 오프라인 저렴하다,1
148,무조건 온라인만 더싼줄 알았는데 많이 사면 오프라인도 많이 내려가는구나 ㄷㄷ,"[-0.0020771   0.03231812 -0.03375244 ... -0.01747131 -0.02604675
  0.01351929]",2,"['온라인', '싸다', '사다', '오프라인', '내려가다']",온라인 싸다 사다 오프라인 내려가다,1
149,온라인으로 견적내보고 골라봐야 소용없더라구요. 직접 보니까 완전 달라짐 ㅋㅋ,"[-0.00547791  0.04241943 -0.01991272 ... -0.03744507 -0.01966858
  0.00616074]",2,"['온라인', '견적', '내다', '고르다', '소용없다', '달라지다']",온라인 견적 내다 고르다 소용없다 달라지다,0
150,음 오프라인으로 보고 온라인으로 구매하면 되는거 아닌가요?,"[-0.00533295  0.01972961 -0.01646423 ... -0.02688599 -0.03417969
 -0.01605225]",2,"['오프라인', '온라인', '구매']",오프라인 온라인 구매,1
151,"그럼 오프라인으로 보고, 다시 인터넷으로 같은 제품 구매하면 되지 않나요?","[-0.00921631  0.02526855 -0.01545715 ... -0.03704834 -0.03399658
 -0.00697327]",2,"['오프라인', '인터넷', '제품', '구매']",오프라인 인터넷 제품 구매,2
152,오프에서 보고 온라인에서 사면 안되나요,"[ 0.00465393  0.02738953 -0.02175903 ... -0.02783203 -0.02832031
 -0.00753021]",2,"['오프', '온라인', '사다']",오프 온라인 사다,1
153,​ 단품만 추천하고 여러개 구매하시려면 오프라인 매장가는게 나을것도같아요..,"[-0.00030351  0.02810669 -0.0291748  ... -0.01742554 -0.02445984
  0.00183582]",2,"['추천', '구매', '오프라인', '매장']",추천 구매 오프라인 매장,0
154,가성비로 살거면 중고폰 형태로 사는게 싸요,"[-0.00048923  0.02810669 -0.03701782 ... -0.02583313 -0.03056335
  0.00556564]",2,"['가성비', '살다', '중', '고', '형태', '사다', '싸다']",가성비 살다 중 고 형태 사다 싸다,1
155,싸구려(초저가형)모델은 온라인이 압도적으로 쌉니다,"[ 0.00544739  0.03326416 -0.01617432 ... -0.01835632 -0.02973938
 -0.00154591]",2,"['싸구려', '저가', '모델', '온라인', '압도', '싸다']",싸구려 저가 모델 온라인 압도 싸다,1
156,수도권이랑 지방이랑 가격차이 많이납니다 그부분도 체크하셔야할듯,"[ 0.00419617  0.02084351 -0.02319336 ... -0.0335083  -0.01927185
  0.02180481]",2,"['수도', '가격', '차이', '체크']",수도 가격 차이 체크,0
157,11군데나 견적을 받으셨다니 정말 대단하십니다.. ㅠㅠ 전 2군데만 돌아도 힘들더라구요. 근데 결국 온라인에서 구매하셨다니 좋은 교훈을 얻었습니다 ㅋㅋ 지난영상도 그렇고 이번영상도 잘 봤습니다 ㅎㅎ,"[ 0.0050354   0.01509857 -0.02302551 ... -0.03842163 -0.02357483
  0.01702881]",2,"['견적', '돌다', '힘들다', '온라인', '구매', '좋다', '교훈', '지나다', '영상', '영상']",견적 돌다 힘들다 온라인 구매 좋다 교훈 지나다 영상 영상,1
158,요즘 신혼가전제품 보고 비교하고 있는데 그냥 인터넷이 훨씬 쌉니다.,"[-0.00771332  0.0480957  -0.00918579 ... -0.02415466 -0.04815674
 -0.01478577]",2,"['요즘', '신혼', '가전제품', '비교', '인터넷', '싸다']",요즘 신혼 가전제품 비교 인터넷 싸다,2
159,nono 온라인이 조건없이 제일쌈 비교할필요도 없음,"[ 0.00402451  0.01302338 -0.02806091 ... -0.02456665 -0.04000854
 -0.01056671]",2,"['온라인', '조건', '싸다', '비교', '필요']",온라인 조건 싸다 비교 필요,1
160,진짜요? 왜 그렇죠? 인터넷 제품은 대신에 기능 없는제품이 많다도라구요 그리고 기타 설치비 별도로 내야해서 비슷하다던데,"[ 0.00603867  0.03417969 -0.0324707  ... -0.04876709 -0.03182983
 -0.00015354]",2,"['인터넷', '제품', '대신', '기능', '제품', '많다', '기타', '설치비', '별', '내다']",인터넷 제품 대신 기능 제품 많다 기타 설치비 별 내다,2
161,인터넷으로 사면 물건이 안좋지 않을까요?,"[-0.00884247  0.02694702 -0.02485657 ... -0.04953003 -0.04598999
 -0.02593994]",2,"['인터넷', '사다', '물건', '좋다']",인터넷 사다 물건 좋다,2
162,오프라인매장도 가고 오래도록 알아보고있는데 인터넷보다 싸게사는방법 찾는건 불가능하더군요,"[-0.00197029  0.03527832 -0.03009033 ... -0.02766418 -0.0319519
 -0.01009369]",2,"['오프라인', '매장', '알아보다', '인터넷', '싸다', '사다', '방법', '찾다', '가능']",오프라인 매장 알아보다 인터넷 싸다 사다 방법 찾다 가능,2
163,그것도 옛말임… 인터넷이 더 저렴하기도 합니다…,"[-0.01168823  0.03475952 -0.01512146 ... -0.03692627 -0.02192688
  0.00325966]",2,"['옛말', '인터넷', '저렴하다']",옛말 인터넷 저렴하다,2
164,나도 궁금 그래서 요즘 알아보고 있는데 카드안만들면 홈페이지가 싼것같음,"[ 0.00012112  0.02201843 -0.03308105 ... -0.03826904 -0.03268433
 -0.00257683]",2,"['요즘', '알아보다', '카드', '만들다', '홈페이지', '싸다']",요즘 알아보다 카드 만들다 홈페이지 싸다,2
165,모델에 대해서 잘 모르면 그럴수 있는데.. 절대로 네버 인터넷보다 오프라인이 쌀수가 없고 그런 이야기 하는 애들은 사기꾼입니다.,"[ 0.00431442  0.00176525 -0.0333252  ... -0.03894043 -0.01491547
 -0.01025391]",2,"['모델', '대하다', '네버', '인터넷', '오프라인', '싸다', '이야기', '사기']",모델 대하다 네버 인터넷 오프라인 싸다 이야기 사기,2
166,그냥 온라인으로 하나씩 사려구영ㅋㅋ 머리아프네여..ㅠㅠ 영상 감사합니다,"[ 0.00369453  0.02597046 -0.01036072 ... -0.03092957 -0.01596069
 -0.00042725]",2,"['온라인', '사다', '머리', '아프다', '영상', '감사']",온라인 사다 머리 아프다 영상 감사,1
167,10가지정도 풀셋이면 백화점이 할인깔끔하고 제일 저렴합니다 인터넷으로 싼거 산거보다 훨씬싸요,"[ 0.02268982  0.02745056 -0.03952026 ... -0.03053284 -0.03179932
  0.0104599 ]",2,"['백화점', '할인', '깔끔', '저렴하다', '인터넷', '싸다', '사다', '싸다']",백화점 할인 깔끔 저렴하다 인터넷 싸다 사다 싸다,2
168,저희는 웨딩 관련 블로그에서 봤었습니다~!,"[ 0.01124573  0.01498413 -0.01997375 ... -0.01777649 -0.03170776
  0.0007267 ]",2,"['웨딩', '블로그']",웨딩 블로그,2
169,잘잤습니다~!대략 5개 정도 보고 있는데 아무리 바도 온라인에서 따로 구매하는게 싼거 같아서요. 매장에서 구매하는게 특별히 다른 장점이 무엇인지 궁금해요 ㅠㅠ,"[ 0.02003479  0.02593994 -0.04226685 ... -0.03674316 -0.03295898
  0.02209473]",2,"['자다', '온라인', '구매', '싸다', '매장', '구매', '다르다', '장점', '궁금하다']",자다 온라인 구매 싸다 매장 구매 다르다 장점 궁금하다,1
170,"많이 구매할 수 록 할인폭이 커지고, 그 이외의 다양한 혜택 및 추가 할인이 있더라구요! 한번쯤은 매장 방문해보시는것도 나쁘지 않을듯해요!☺️","[ 0.02072144  0.01724243 -0.03041077 ... -0.03945923 -0.037323
  0.01079559]",2,"['구매', '할인', '커지다', '이외', '다양', '혜택', '추가', '할인', '매장', '방문', '나쁘다']",구매 할인 커지다 이외 다양 혜택 추가 할인 매장 방문 나쁘다,2
171,홀 대박 이거 완전 꿀팁이잖아요!😆🙌 직접 발품 팔아서 얻은 꿀팁을 이렇게 다 알려주시다니 너무 감사해용 공유도 해야겠어요!😍👍,"[-0.00493622  0.01702881 -0.00183392 ... -0.04452515 -0.04577637
  0.0036602 ]",2,"['발품', '팔다', '알리다', '감사', '유도']",발품 팔다 알리다 감사 유도,0
172,아무리 알아봐도 ㅋㅋ 오프라인으로 품번만 따고 온라인이 젤 저렴합니다 오픈점 페스타접 뽐뿌 아무리뒤져봐도 온라인이 제일 저렴해요,"[ 0.00674057  0.02073669 -0.02142334 ... -0.02186584 -0.02554321
  0.01359558]",2,"['알아보다', '오프라인', '따다', '온라인', '저렴하다', '오픈', '페스타접', '뽐뿌', '뒤지다', '온라인', '저렴하다']",알아보다 오프라인 따다 온라인 저렴하다 오픈 페스타접 뽐뿌 뒤지다 온라인 저렴하다,1
173,"3개월 발품팔아 얻은 정보~"" 가전살때 유용한 꿀팁이네요. 즐청하고 설레임 가득한날들 응원합니다~♡♡","[ 0.00874329  0.01893616 -0.02519226 ... -0.05267334 -0.03083801
 -0.02099609]",2,"['발품', '팔다', '정보', '가전', '사다', '유용', '설레이다', '응원']",발품 팔다 정보 가전 사다 유용 설레이다 응원,1
174,두개정도까지는 온라인이좋다는데 그이상은 백화점이싸다고들었어요 상품권페이백이많대요,"[ 0.02081299  0.01652527 -0.04806519 ... -0.02964783 -0.03567505
  0.00486374]",2,"['온라인', '좋다', '이상', '백화점', '싸다', '상품', '페이', '많다']",온라인 좋다 이상 백화점 싸다 상품 페이 많다,2
175,온라인에선 제품 금액이 수시로 변해서 여러사이트를 검색해보심을 추천드려요!,"[-0.00748062  0.03527832 -0.03677368 ... -0.03762817 -0.01763916
 -0.00435638]",2,"['온라인', '제품', '금액', '변하다', '사이트', '검색', '추천', '드리다']",온라인 제품 금액 변하다 사이트 검색 추천 드리다,0
176,공동구매나 특가할 때 사면 네이버나 다나와 최저가보다 저렴하게 구매할 수 있습니다😊,"[-0.00618744  0.01593018 -0.01957703 ... -0.0262146  -0.02702332
 -0.01609802]",2,"['공동', '구매', '특가', '사다', '네이버', '나오다', '최저', '저렴하다', '구매']",공동 구매 특가 사다 네이버 나오다 최저 저렴하다 구매,1
177,다품목은 온라인보다 오프라인이 저렴한 경우가 있어용!,"[ 0.00116539  0.01869202 -0.02600098 ... -0.02893066 -0.03469849
 -0.02210999]",2,"['품목', '온라인', '오프라인']",품목 온라인 오프라인,0
178,묶어도 대부분 인터넷이 쌉니다..ㅎㅎ,"[-0.00130177  0.04592896 -0.00717926 ... -0.02870178 -0.02449036
  0.01899719]",2,"['묶다', '부분', '인터넷', '싸다']",묶다 부분 인터넷 싸다,1
179,그럼 실버 F19VDN 스팀있는거 S831SN35 제균있는거 넣어보셔요 그래도 인터넷이 더쌀겁니다... 그냥 제가 80%라고 한건 현실적인 퍼센테이지인거에요,"[-0.01035309  0.00286484 -0.0350647  ... -0.04318237 -0.0149765
  0.02693176]",2,"['실버', '스팀', '넣다', '인터넷', '싸다', '현실', '퍼센테이지']",실버 스팀 넣다 인터넷 싸다 현실 퍼센테이지,1
180,추가로 더 예를 들어주자면 책자에 있는 모델중 80%정도는 인터넷이 싸다고 생각됩니다. 그래서 80%라고 말한겁니다.,"[ 0.0027504   0.00329399 -0.02418518 ... -0.03564453 -0.01908875
 -0.00278664]",2,"['추가', '들다', '책자', '모델', '인터넷', '싸다', '생각']",추가 들다 책자 모델 인터넷 싸다 생각,2
181,"TV,냉장고,세탁기,에어컨 10모델씩 있다고 예를 들면 조합할 수 있는 경우의 수가 대략 1,000가지가 넘겠죠? 다른걸 섞으면 더 많아질거구요. 그런 경우의 수에 대해 인터넷과 비교하면 80%정도 인터넷이 싸다고 생각한겁니다.","[ 0.012146    0.01393127 -0.0242157  ... -0.04751587 -0.01705933
  0.01202393]",2,"['냉장고', '세탁기', '에어컨', '모델', '들다', '조합', '넘다', '섞다', '많다', '대하다', '인터넷', '비교', '인터넷', '싸다', '생각']",냉장고 세탁기 에어컨 모델 들다 조합 넘다 섞다 많다 대하다 인터넷 비교 인터넷 싸다 생각,2
182,100개찍어서 견적보면 80개정돈 인터넷이 싸다생각합니다,"[-0.01306915  0.02259827 -0.01972961 ... -0.05172729 -0.03091431
  0.02758789]",2,"['찍다', '견적', '인터넷', '싸다', '생각']",찍다 견적 인터넷 싸다 생각,1
183,하프근무햇엇는데 인터넷이더싸요,"[ 6.84857368e-05  3.51867676e-02 -1.60064697e-02 ... -3.41796875e-02
 -3.17077637e-02  2.11639404e-02]",2,"['하프', '근무', '인터넷', '싸다']",하프 근무 인터넷 싸다,1
184,인터넷이더싸다 인터넷으로도 할인있는데 그거배재하고말하시내,"[ 0.00527191  0.03869629 -0.02619934 ... -0.03128052 -0.01750183
  0.00137424]",2,"['인터넷', '싸다', '인터넷', '할인', '배다', '시내']",인터넷 싸다 인터넷 할인 배다 시내,2
185,"1~3개정도 하실꺼면 인터넷이더 싼건 맞아요 근데 묶어서 티비,냉장,세탁,건조,에어컨,드레서 요렇게 통으로 할땐 오프매장이랑 쨉이 안됩니다","[ 0.01405334  0.03851318 -0.0350647  ... -0.04586792 -0.02333069
  0.01080322]",2,"['인터넷', '싸다', '맞다', '묶다', '티비', '냉장', '세탁', '건조', '에어컨', '드레서', '오프', '매장']",인터넷 싸다 맞다 묶다 티비 냉장 세탁 건조 에어컨 드레서 오프 매장,2
186,인터넷 설치비ㅡ없는곳도 많은데.. 미리 물러보면 됨,"[-0.0058403   0.03375244 -0.01229095 ... -0.05026245 -0.02554321
  0.00693893]",2,"['인터넷', '설치비', '많다', '무르다']",인터넷 설치비 많다 무르다,2
187,인터넷제품이 설치비에서 눈탱이오지게침 참고하세요,"[ 0.01113892  0.03244019 -0.0178833  ... -0.0446167  -0.0308075
  0.00518036]",2,"['인터넷', '제품', '설치비', '눈탱', '오지다', '치다', '참고']",인터넷 제품 설치비 눈탱 오지다 치다 참고,2
188,요즘은 인터넷보다 오프라인 매장이 싼게 많더군요.. 잘 알아보고 사야 될거 같아요!,"[-0.00304604  0.03393555 -0.03829956 ... -0.02279663 -0.03637695
 -0.0075798 ]",2,"['요즘', '인터넷', '오프라인', '매장', '싸다', '많다', '알아보다', '사다']",요즘 인터넷 오프라인 매장 싸다 많다 알아보다 사다,2
189,"저렴할줄은 알았지만, 이정도일줄은 미처 몰랐습니다 ㅎㄷㄷㄷㄷㄷㄷㄷㄷ 이렇게 된 이상... 온라인 구매로 ! 말씀 감사합니다. 돌돌이님","[-0.00038958  0.03039551 -0.02906799 ... -0.03421021 -0.04315186
  0.00087023]",2,"['저렴하다', '이상', '온라인', '구매', '말씀', '감사']",저렴하다 이상 온라인 구매 말씀 감사,1
190,지금도 그렇고 예전도 그렇고 판매 경로가 달라서 모델명이 다른 경우가 있는거지 같은 모델은 같은 부품입니다. 그리고 온라인이 반드시 싼것도 아니구요. 온라인은 발품 적게 팔고 클릭만으로 최저가를 쉽게 볼수 있다는 장점이 있고 오프라인은 발품을 많이 팔아야 하지만 온라인 보다 더 싼 가격도 볼 수 있다는 장점이 있습니다. 온라인과 오프라인의 가격이 다른 가장 큰 원인은 유통 경로에 따른 프로모션의 차이 입니다. 휴대폰과 똑같습니다. 휴대폰도 어느 경로를 통해 사느냐에 따라 가격이 천차만별이듯이 전자제품은 유통 경로에 따라 프로모션의 정도가 천차만별이라서 가격이 다 다른것입니다.,"[ 0.00588608  0.02310181 -0.03594971 ... -0.01330566 -0.02597046
 -0.01089478]",2,"['지금', '예전', '판매', '경로', '다르다', '모델명', '다르다', '모델', '부품', '온라인', '싸다', '온라인', '발품', '적다', '팔다', '클릭', '최저', '장점', '오프라인', '발품', '팔다', '온라인', '싸다', '가격', '장점', '온라인', '오프라인', '가격', '크다', '원인', '유통', '경로', '따르다', '프로모션', '차이', '휴대폰', '똑같다', '휴대폰', '경로', '통하다', '사다', '따르다', '가격', '천차만별', '전자', '제품', '유통', '경로', '따르다', '프로모션', '천차만별', '가격', '다르다']",지금 예전 판매 경로 다르다 모델명 다르다 모델 부품 온라인 싸다 온라인 발품 적다 팔다 클릭 최저 장점 오프라인 발품 팔다 온라인 싸다 가격 장점 온라인 오프라인 가격 크다 원인 유통 경로 따르다 프로모션 차이 휴대폰 똑같다 휴대폰 경로 통하다 사다 따르다 가격 천차만별 전자 제품 유통 경로 따르다 프로모션 천차만별 가격 다르다,0
191,오프라인 백화점이 더 싼경우도 있기는 합니다 이래저래 쿠폰에 행사가에...,"[ 0.00928497  0.0243988  -0.03469849 ... -0.02409363 -0.03134155
 -0.02096558]",2,"['오프라인', '백화점', '싸다', '쿠폰', '행사']",오프라인 백화점 싸다 쿠폰 행사,2
192,한꺼번에 이것저것 많이 사는 경우 백화점이 의외로 더 싼 경우가 많더군요. 딜도 가능하구요. 단품(?)으로 하나 살때는 온라인이 압도적으로 쌉니다.,"[ 0.01681519  0.03994751 -0.02514648 ... -0.02734375 -0.03137207
 -0.01219177]",2,"['이것저것', '사다', '백화점', '싸다', '많다', '가능', '사다', '온라인', '압도', '싸다']",이것저것 사다 백화점 싸다 많다 가능 사다 온라인 압도 싸다,1
193,온라인은 전국에 있는 가게중 최하가고... 오프는 그냥 흔한 동네 가게 가격이니까 그렇지요.,"[ 0.00275803  0.02478027 -0.03143311 ... -0.01181793 -0.01846313
  0.00479126]",2,"['온라인', '전국', '가게', '최하', '오프', '흔하다', '동네', '가게', '가격']",온라인 전국 가게 최하 오프 흔하다 동네 가게 가격,0
194,단일품은 온라인 세트로 사면 오프라인 국룰은 아신다 하시니 오프라인은 가격은 저기서 이랗게 저렇게 할인해서 얼마의 가격이 된다는걸 보여주기 위한 효과를 위한 비싼가격인거죠 뭐…,"[ 0.00696564  0.01818848 -0.04074097 ... -0.01870728 -0.01600647
 -0.00626755]",2,"['단일', '온라인', '세트', '사다', '오프라인', '오프라인', '가격', '이랗게', '할인', '얼마', '가격', '보이다', '위하다', '효과', '위하다', '비싸다', '가격']",단일 온라인 세트 사다 오프라인 오프라인 가격 이랗게 할인 얼마 가격 보이다 위하다 효과 위하다 비싸다 가격,0
195,맞아요 오프라인에서 사는게 직구보다 싼경우도 많습니다. 다만 단품보단 여러개 같이 살때 할인폭이 더 커지겠죠~ 경험상 매장에 붙어있는 가격에 60~70%가격이 실구매가 인것 같아요~ㅋ,"[ 0.00726318  0.02990723 -0.03292847 ... -0.01603699 -0.01704407
 -0.00221252]",2,"['맞다', '오프라인', '사다', '직구', '싸다', '많다', '사다', '할인', '커지다', '경험', '매장', '붙다', '가격', '가격', '구매']",맞다 오프라인 사다 직구 싸다 많다 사다 할인 커지다 경험 매장 붙다 가격 가격 구매,2
196,그쵸 오프라인에서 한꺼번에 사면 할인폭커도 정가가 워낙 비싸서.. 온라인에서 알차게 모으면 더싼게 많더라구요,"[ 0.02682495  0.03250122 -0.02737427 ... -0.00493622 -0.03939819
  0.00688171]",2,"['오프라인', '사다', '할인', '크다', '정가', '비싸다', '온라인', '알차다', '모으다', '싸다', '많다']",오프라인 사다 할인 크다 정가 비싸다 온라인 알차다 모으다 싸다 많다,2
197,"그렇다 나는 가전업계에 약 2년간 종사했다. 현재 가전 시장이 너무 안 좋지만 내가 입사했을 때만 해도 해당 업체 주가가 7.8만까지 갔던,,,(현재는 1만 원 대) ​ 내가 근무했던 업체는 OJT 프로그램이 훌륭했었어서 매장 6개월 + 지사 6개월 이후에 본 배치를 해주는 곳이었다. 덕분에 매장의 입장과 지사의 입장 그리고 본사의 입장을 모두 이해할 수 있었다. ​ 오늘 쓸 글의 결론부터 말하면 손품/발품을 많이 팔수록 저렴하게 구매할 수 있다는 내용이고, 얼마나 손품/발품을 팔건 지는 본인의 선택에 달려있다.","[ 0.00294876  0.01750183 -0.0352478  ... -0.03842163 -0.02339172
  0.01308441]",2,"['가전', '업계', '종사', '가전', '시장', '좋다', '입사', '해당', '업체', '주', '현재', '근무', '업체', '프로그램', '매장', '지사', '이후', '배치', '덕분', '매장', '입장', '지사', '입장', '본사', '입장', '이해', '쓰다', '결론', '발품', '팔다', '구매', '내용', '발품', '팔다', '본인', '선택', '달리다']",가전 업계 종사 가전 시장 좋다 입사 해당 업체 주 현재 근무 업체 프로그램 매장 지사 이후 배치 덕분 매장 입장 지사 입장 본사 입장 이해 쓰다 결론 발품 팔다 구매 내용 발품 팔다 본인 선택 달리다,1
198,여러대 사면. 오프라인이 더 싸지기도 합니다. 한대만 살거면 온라인 .. 3대 이상이면. 오프라인 추천합니다.,"[ 0.00328445  0.02243042 -0.03961182 ... -0.02774048 -0.02333069
  0.00434875]",2,"['사다', '오프라인', '싸다', '살다', '온라인', '이상', '오프라인', '추천']",사다 오프라인 싸다 살다 온라인 이상 오프라인 추천,1
199,하이마트 같은데는 하이마트몰에서 온라인 판매를 해서 가격 거의 비슷하고 여러개 사면 더 싸지고 선풍기같은 사은품도 줘서 오프라인이 더 좋았어요.,"[ 0.00184536  0.01187897 -0.04827881 ... -0.02377319 -0.03353882
  0.00245285]",2,"['하이마트', '하이마트', '온라인', '판매', '가격', '비슷하다', '사다', '싸다', '선풍기', '사은품', '오프라인', '좋다']",하이마트 하이마트 온라인 판매 가격 비슷하다 사다 싸다 선풍기 사은품 오프라인 좋다,0
200,일단 오프라인 매장에서 제품을 꼼꼼하게 본뒤에 직접 구입은 온라인에서 하면 됩니다. 제품명을 확실히 알아두는게 중요합니다.,"[ 0.01960754  0.0296936  -0.02914429 ... -0.02650452 -0.02436829
 -0.01233673]",2,"['오프라인', '매장', '제품', '구입', '온라인', '제품명', '중요']",오프라인 매장 제품 구입 온라인 제품명 중요,1
201,제일 좋은 방법은 오프라인에서 서칭하고 비교한다음에 온라인으로 구입하는거죠 근데 온라인과 오프라인이 똑같은 제품인데 모델명을 다르게 하는 경우도 있기 때문에 주의가 필요합니다. 저는 온라인 후기를 많이 참고하는 편이에요 사람들이 많이 사면 그만큼 신뢰가 가고 굳이 안보더라도 살 수 있지 않을까요?,"[-0.01483154  0.00047135 -0.03509521 ... -0.03613281 -0.00615311
 -0.01242828]",2,"['좋다', '방법', '오프라인', '칭하다', '비교', '다음', '온라인', '구입', '온라인', '오프라인', '똑같다', '제품', '모델명', '다르다', '주의', '필요', '온라인', '후기', '참고', '사람', '사다', '신뢰', '살다']",좋다 방법 오프라인 칭하다 비교 다음 온라인 구입 온라인 오프라인 똑같다 제품 모델명 다르다 주의 필요 온라인 후기 참고 사람 사다 신뢰 살다,1
202,보통 오프라인 매장에서 실제 제품 및 시연등을 해보고 크게 차이가 나지 않으면 매장과 조율해서 구매하시는 것도 나쁘진 않습니다.,"[ 0.01005554  0.02235413 -0.03083801 ... -0.0369873  -0.02099609
 -0.0076561 ]",2,"['오프라인', '매장', '실제', '제품', '시연', '크다', '차이', '매장', '조율', '구매', '나쁘다']",오프라인 매장 실제 제품 시연 크다 차이 매장 조율 구매 나쁘다,2
203,"구매할 품목이 많으면 오프라인 , 가짓수가 적다면 온라인!","[ 0.00151825  0.02090454 -0.0246582  ... -0.02478027 -0.03503418
 -0.01378632]",2,"['구매', '품목', '많다', '오프라인', '가짓수', '적다', '온라인']",구매 품목 많다 오프라인 가짓수 적다 온라인,0
204,저는 몇 가지 안 돼서 온라인으로 구매했는데 오프라인이 많이 구매하면 할인이 큰 것 같았어요~,"[ 0.00630951  0.01415253 -0.04611206 ... -0.02322388 -0.0383606
 -0.0103302 ]",2,"['온라인', '구매', '오프라인', '구매', '할인', '크다']",온라인 구매 오프라인 구매 할인 크다,1
205,오프라인에서 했어요! 할인혜택 많고 좋아요,"[ 0.01276398  0.02891541 -0.03344727 ... -0.03213501 -0.03494263
 -0.00144005]",2,"['오프라인', '할인', '혜택', '많다', '좋다']",오프라인 할인 혜택 많다 좋다,2
206,오프라인에서 보고 온라인에서 혜택 보고 구매할것 같아요!,"[ 0.00041366  0.0223999  -0.0296936  ... -0.01712036 -0.04101562
 -0.02561951]",2,"['오프라인', '온라인', '혜택', '구매']",오프라인 온라인 혜택 구매,0
207,오프라인도 다녀보세요 상품권 할인이나 직원분들이 최대한 해택주고자 빼주시는 것들이 있을 수 있어요!,"[-8.01086426e-03  1.60675049e-02 -2.00500488e-02 ... -2.48565674e-02
 -3.10974121e-02  6.55651093e-06]",2,"['오프라인', '다니다', '상품', '할인', '직원', '빼다']",오프라인 다니다 상품 할인 직원 빼다,2
208,한 두개 사는거면 온라인이 저렴한데 다품목은 무조건 오프라인 추천이여!,"[-0.00574493  0.02767944 -0.03543091 ... -0.01346588 -0.0274353
 -0.00341034]",2,"['사다', '온라인', '품목', '오프라인', '추천']",사다 온라인 품목 오프라인 추천,0
209,오프라인으로 직접 보고 결정했어요,"[ 0.01468658  0.03823853 -0.0051651  ... -0.01847839 -0.01389313
 -0.00862885]",2,"['오프라인', '결정']",오프라인 결정,0
210,오프라인 발품 잘 팔면 가격 괜찮더라구요,"[ 0.00085354  0.02642822 -0.02923584 ... -0.02009583 -0.02394104
 -0.00197411]",2,"['오프라인', '발품', '팔다', '가격', '괜찮다']",오프라인 발품 팔다 가격 괜찮다,0
211,저는 오프라인에서 했어요 깔끔하게 할인되고 스펙도 더 좋더라구요,"[ 0.00676346  0.02793884 -0.03546143 ... -0.0368042  -0.01673889
 -0.00685883]",2,"['오프라인', '깔끔', '할인', '스펙', '좋다']",오프라인 깔끔 할인 스펙 좋다,0
212,저는 대형품목을 한번에 많이 사지 않아서 인터넷으로 구매했어요,"[ 0.00305367  0.02716064 -0.02294922 ... -0.02714539 -0.05413818
 -0.01698303]",2,"['대형', '품목', '사다', '인터넷', '구매']",대형 품목 사다 인터넷 구매,2
213,온라인으로 할인 받고 구매할래요,"[ 0.01243591  0.03808594 -0.02531433 ... -0.02987671 -0.03536987
 -0.012146  ]",2,"['온라인', '할인', '구매']",온라인 할인 구매,1
214,오프라인 돌아다니고 온라인으로 구입할 것 같아요,"[ 0.00134182  0.03320312 -0.01889038 ... -0.02151489 -0.03262329
 -0.01251221]",2,"['오프라인', '돌아다니다', '온라인', '구입']",오프라인 돌아다니다 온라인 구입,1
215,저는 오프라인 했는데 담당자에 따라 다른것 같아요!,"[-0.01084137  0.00528717 -0.01219177 ... -0.02328491 -0.01550293
 -0.00776672]",2,"['오프라인', '담당자', '따르다', '다르다']",오프라인 담당자 따르다 다르다,0
216,구매할거 많으면 오프라인도 나쁘지않아용! 직접보거 사는거랑 또 다르니까요 :),"[-0.00576019  0.02304077 -0.01931763 ... -0.02775574 -0.0328064
 -0.01878357]",2,"['구매', '많다', '오프라인', '나쁘다', '사다', '다르다']",구매 많다 오프라인 나쁘다 사다 다르다,2
217,그래도 개인적으로 오프라인으로 보고 사는 게 편하더라구요! 가끔 전시 할인 등 이벤트도 노릴 수 있구요,"[-0.00992584  0.02081299 -0.01545715 ... -0.03488159 -0.04000854
 -0.00619507]",2,"['개인', '오프라인', '사다', '편하다', '전시', '할인', '이벤트', '노리다']",개인 오프라인 사다 편하다 전시 할인 이벤트 노리다,2
218,한두개면 온라인이고 품목이 많으면 오프라인으로 가서 전체 견적 받는게 좋을 거 같아요!,"[-0.01142883  0.02438354 -0.03436279 ... -0.02757263 -0.03372192
  0.00133514]",2,"['온라인', '품목', '많다', '오프라인', '전체', '견적', '좋다']",온라인 품목 많다 오프라인 전체 견적 좋다,0
219,저는 오프라인으로 보고 설명듣고 했어용,"[ 0.01105499  0.02520752 -0.01491547 ... -0.01486206 -0.01181793
 -0.02154541]",2,"['오프라인', '설명']",오프라인 설명,0
220,최종 구매는 온라인으로 하더라도 꼭 오프라인 가서 보고 결정할거같아요,"[ 0.00314903  0.03268433 -0.03009033 ... -0.02365112 -0.0378418
 -0.00522614]",2,"['최종', '구매', '온라인', '오프라인', '결정']",최종 구매 온라인 오프라인 결정,0
221,오프라인이랑 온라인 상품이 다르다고 해서 오프라인으로 고를예정입니다,"[ 0.01004791  0.02153015 -0.03117371 ... -0.02355957 -0.0291748
 -0.02781677]",2,"['오프라인', '온라인', '상품', '다르다', '오프라인', '고르다', '예정']",오프라인 온라인 상품 다르다 오프라인 고르다 예정,1
222,전 온라인 손품이 더 힘들어서 오프라인 발품팔앗어요!,"[-0.01509857  0.03237915 -0.01580811 ... -0.02655029 -0.04495239
 -0.00795746]",2,"['온라인', '힘들다', '오프라인', '발품', '팔다']",온라인 힘들다 오프라인 발품 팔다,0
223,오프라인 혜택이 꽤 괜찮아서 오프라인으로 구매했습니다,"[ 0.02416992  0.02949524 -0.04669189 ... -0.00965118 -0.04745483
 -0.01625061]",2,"['오프라인', '혜택', '괜찮다', '오프라인', '구매']",오프라인 혜택 괜찮다 오프라인 구매,0
224,저는 오프라인으로 묶어서 전부다 한 곳에서 샀습니다! 오히려 할인혜택도 있더라구요,"[-0.0006032   0.02487183 -0.04144287 ... -0.01568604 -0.03903198
  0.00712204]",2,"['오프라인', '묶다', '사다', '할인', '혜택']",오프라인 묶다 사다 할인 혜택,2
225,많이 구매하신다면 오프라인으로 많이 진행하시더라구요.,"[ 0.0035038   0.01678467 -0.02786255 ... -0.0322876  -0.03594971
  0.00194836]",2,"['구매', '오프라인', '진행']",구매 오프라인 진행,0
226,발품팔아보는게 생각보다 혜택이 좋다고 들었습니다!,"[-0.00115681  0.02801514 -0.01345062 ... -0.03884888 -0.04788208
  0.00643539]",2,"['발품', '팔다', '생각', '혜택', '좋다']",발품 팔다 생각 혜택 좋다,0
227,오프라인으로 돌아다니면서 보는 맛이 있으니 돌아보고 온라인이 더 저렴하면 온라인 주문해야죵 !,"[-0.01277924  0.03768921 -0.0043335  ... -0.02386475 -0.02993774
  0.00126648]",2,"['오프라인', '돌아다니다', '돌아보다', '온라인', '저렴하다', '온라인', '주문']",오프라인 돌아다니다 돌아보다 온라인 저렴하다 온라인 주문,1
228,저느 오프라인에서 보고 온라인으로 쿠폰 먹여서 샀어요!,"[-0.0100708   0.03074646 -0.0168457  ... -0.01808167 -0.037323
 -0.0227356 ]",2,"['저느', '오프라인', '온라인', '쿠폰', '먹이', '사다']",저느 오프라인 온라인 쿠폰 먹이 사다,1
229,오프라인에서 직접 보고 사려구요,"[ 0.00576019  0.03411865 -0.01586914 ... -0.02919006 -0.02539062
 -0.01409912]",2,"['오프라인', '사다']",오프라인 사다,1
230,발품팔아서 오프라인으로 구입했습니다! 갈때마다 견적 가격이 낮아졌어서 후회없어요!,"[-0.01558685  0.03469849 -0.03088379 ... -0.02630615 -0.05361938
 -0.00397873]",2,"['발품', '팔다', '오프라인', '구입', '견적', '가격', '낮다', '후회']",발품 팔다 오프라인 구입 견적 가격 낮다 후회,0
231,온라인으로 알아보는건 한계도 있어서 오프라인이여,"[ 0.01335907  0.03149414 -0.00428391 ... -0.03424072 -0.00896454
 -0.00441742]",2,"['온라인', '알아보다', '한계', '오프라인']",온라인 알아보다 한계 오프라인,0
232,혼수가전은 오프라인으로 한 매장에사 하는게 제일 좋긴 하죠(다품목 구매 경우에),"[ 0.03408813  0.02233887 -0.03988647 ... -0.02441406 -0.03530884
 -0.00293541]",2,"['혼수', '가전', '오프라인', '매장', '사다', '좋다', '품목', '구매']",혼수 가전 오프라인 매장 사다 좋다 품목 구매,2
233,여러개를 한 브랜드에서 구매하실 예정이시면 무조건 무조건 오프라인 매장이나 백화점 가시는게 할인혜택이 더 커서 추천드려용,"[ 0.00412369  0.02140808 -0.05328369 ... -0.02046204 -0.02557373
  0.01059723]",2,"['브랜드', '구매', '예정', '오프라인', '매장', '백화점', '할인', '혜택', '크다', '추천', '드리다']",브랜드 구매 예정 오프라인 매장 백화점 할인 혜택 크다 추천 드리다,2
234,장단점이 있겠지만 보고 사는 게 좋아서 저희는 오프라인으로 했어요!,"[ 0.00268364  0.03149414 -0.02862549 ... -0.03250122 -0.04144287
 -0.00200081]",2,"['장단점', '사다', '좋다', '오프라인']",장단점 사다 좋다 오프라인,1
235,직접 보고 만지고 느껴보고서 충분히 고민한뒤에 살것같네요 오프라인,"[ 0.00749207  0.02619934 -0.01741028 ... -0.04312134 -0.0193634
 -0.00862885]",2,"['만지다', '고민', '살다', '오프라인']",만지다 고민 살다 오프라인,1
236,저는 그래도 직접 보고 싶어서 오프라인으로 해써요,"[ 0.00269127  0.02824402 -0.00686646 ... -0.03359985 -0.0211792
 -0.00247574]",2,"['오프라인', '쓰다']",오프라인 쓰다,2
237,한번 상담받았다가 너무피곤해져서 온라인으로 합니다..ㅎ,"[-0.00613785  0.02606201 -0.00299072 ... -0.04800415 -0.0234375
 -0.01248932]",2,"['상담', '피곤', '온라인']",상담 피곤 온라인,1
238,저는 오프라인 매장 가서 세일 물품 보려고요 요새 잘 되어있더라고요!,"[ 0.01036072  0.02252197 -0.03521729 ... -0.01716614 -0.04925537
 -0.01229095]",2,"['오프라인', '매장', '세일', '물품', '요새']",오프라인 매장 세일 물품 요새,1
239,그냥 오프라인에서 설명 듣고 사는 게 좋을 거 같아요,"[ 0.01473236  0.02102661 -0.02276611 ... -0.02278137 -0.01722717
 -0.02516174]",2,"['오프라인', '설명', '사다', '좋다']",오프라인 설명 사다 좋다,0
240,저희는 오프라인으로 웨딩프로모션 때 샀어요,"[ 0.00583267  0.02651978 -0.04022217 ... -0.01412964 -0.02783203
 -0.02133179]",2,"['오프라인', '웨딩', '프로모션', '사다']",오프라인 웨딩 프로모션 사다,2
241,열심히 발품 팔 예정이에요! 지인분이 발품 열심히 팔아서 잘 샀다는 얘기듣구 맘 먹었습니다!,"[ 0.01554108  0.04116821 -0.01035309 ... -0.037323   -0.05395508
  0.01138306]",2,"['발품', '팔다', '예정', '지인', '발품', '팔다', '사다', '얘기', '먹다']",발품 팔다 예정 지인 발품 팔다 사다 얘기 먹다,0
242,다같이 여러개 사는 거면 오프라인 가서 꼼꼼하게 따져보고 살 것 같아요!,"[ 0.00722504  0.03326416 -0.03059387 ... -0.01947021 -0.03234863
  0.00037861]",2,"['사다', '오프라인', '따지다', '살다']",사다 오프라인 따지다 살다,1
243,몇군데 발품 팔아서 오프라인에서 구매했어요ㅎㅎ 같은 제품들을 골라도 가격차이가 많이 나더라구요,"[-0.00026679  0.03500366 -0.02801514 ... -0.02210999 -0.03213501
 -0.02476501]",2,"['발품', '팔다', '오프라인', '구매', '제품', '고르다', '가격', '차이']",발품 팔다 오프라인 구매 제품 고르다 가격 차이,0
244,큼직큼직한거는 오프라인에서 두눈으로 보고 만져보고 할것같고 나머지는 온라인이요!,"[-0.00452423  0.0194397  -0.01713562 ... -0.02928162 -0.01921082
 -0.00308418]",2,"['오프라인', '만지다', '나머지', '온라인']",오프라인 만지다 나머지 온라인,1
245,오프라인에서 보고 온라인으로 주문하려고요!,"[-0.00697708  0.03140259 -0.00965881 ... -0.02037048 -0.03662109
 -0.00878906]",2,"['오프라인', '온라인', '주문']",오프라인 온라인 주문,1
246,원래 온라인판데 혼수는 오프라인햇어요,"[ 0.03375244  0.01803589 -0.01515198 ... -0.01115417 -0.02366638
 -0.02661133]",2,"['온라인', '혼수', '오프라인']",온라인 혼수 오프라인,1
247,오프라인으로 발품 팔아보구 온라인 주문할거같아요!,"[-0.01058197  0.0378418  -0.01529694 ... -0.02618408 -0.04406738
 -0.01503754]",2,"['오프라인', '발품', '팔다', '온라인', '주문']",오프라인 발품 팔다 온라인 주문,0
248,오프라인으로 먼저 실물을 보고 온라인 혜택 따져보고 더 저렴하게 살 수 있는곳에서 주문하려고요~!,"[-0.01303101  0.03335571 -0.01525879 ... -0.02758789 -0.03359985
 -0.02420044]",2,"['오프라인', '실물', '온라인', '혜택', '따지다', '저렴하다', '사다', '주문']",오프라인 실물 온라인 혜택 따지다 저렴하다 사다 주문,1
249,저희는 발품팔다 오프라인으로 구매했어요~!,"[-0.0026474   0.03622437 -0.0173645  ... -0.02737427 -0.05841064
 -0.02450562]",2,"['발품', '팔다', '오프라인', '구매']",발품 팔다 오프라인 구매,0
250,아무래도 온라인이 더 저렴하지 않나 싶어요! 가서 직접 보고 온라인으로 구매하는거 추천이요~,"[-0.00956726  0.03019714 -0.03106689 ... -0.03013611 -0.02444458
  0.00213623]",2,"['온라인', '저렴하다', '온라인', '구매', '추천']",온라인 저렴하다 온라인 구매 추천,1
251,직접가서 패키지금액 등등 가격 알아보고 온라인이랑 비교해서 따져보고 구매할 것 같아요!,"[ 0.00401688  0.02565002 -0.02667236 ... -0.04159546 -0.02658081
 -0.00317001]",2,"['패키지', '금액', '가격', '알아보다', '온라인', '비교', '따지다', '구매']",패키지 금액 가격 알아보다 온라인 비교 따지다 구매,0
252,"몇개 안 사면 온라인이 싸고, 많이 살 거라면 오프라인으로 묶어서 사는게 더 싸다고 들었어요!","[-0.00573349  0.02928162 -0.037323   ... -0.00840759 -0.03213501
  0.00444031]",2,"['사다', '온라인', '싸다', '사다', '오프라인', '묶다', '사다', '싸다']",사다 온라인 싸다 사다 오프라인 묶다 사다 싸다,1
253,제일 싼건 온라인구매입니다 저희도 오프라인에서 샀고 상품권 몇백만원 포함 모든 혜택 싹 다 끌어모았는데 그래도 온라인이 더 싸요 ㅠ,"[ 0.00462341  0.02839661 -0.03234863 ... -0.01806641 -0.03518677
  0.00700378]",2,"['싸다', '온라인', '구매', '오프라인', '사다', '상품', '포함', '혜택', '끌다', '모으다', '온라인', '싸다']",싸다 온라인 구매 오프라인 사다 상품 포함 혜택 끌다 모으다 온라인 싸다,1
254,저희는 신혼가전 오프라인으로 돌다니면서 견적 받고 진행했어요!,"[-0.00592804  0.03875732 -0.01618958 ... -0.03527832 -0.05764771
 -0.0107193 ]",2,"['신혼', '가전', '오프라인', '돌다', '다니다', '견적', '진행']",신혼 가전 오프라인 돌다 다니다 견적 진행,0
255,전 그래도 오프라인에서 삽니다. 몇 백만원짜리는요,"[-3.42130661e-05  3.25317383e-02 -2.98156738e-02 ... -2.66113281e-02
 -3.97338867e-02 -9.52148438e-03]",2,"['오프라인', '살다']",오프라인 살다,1
256,저는 ㅅ성 직원혜택있어 온라인몰에서 구매해썽여😄,"[-0.01065063  0.01170349 -0.0291748  ... -0.02885437 -0.05645752
 -0.00172043]",2,"['직원', '혜택', '온라인', '구매']",직원 혜택 온라인 구매,2
257,비교하니깐 비슷한거같아요 오프라인도 싼데찾으면 엄쳥 싸드라구요 인터넷보다 쌌어요,"[-0.00276947  0.02093506 -0.03448486 ... -0.02355957 -0.01789856
  0.00012553]",2,"['비교', '오프라인', '싸다', '찾다', '치다', '싸다', '인터넷', '싸다']",비교 오프라인 싸다 찾다 치다 싸다 인터넷 싸다,2
258,묶여서 사면 오프라인이 싸다구해사 가계약하고 인터넷 최저가랑 비교햇는데 오프라인이 더 믾이 챙길수 잇더라구요,"[ 0.01308441  0.01766968 -0.03616333 ... -0.01919556 -0.02325439
  0.00458527]",2,"['묶이다', '사다', '오프라인', '싸다', '계약', '인터넷', '최저', '비교', '오프라인', '믾', '챙기다']",묶이다 사다 오프라인 싸다 계약 인터넷 최저 비교 오프라인 믾 챙기다,0
259,저는 온라인을 못믿어서 오프라인에서 디자인이랑 기능 다 확인하고 구매했어요 !,"[-0.00823212  0.01792908 -0.02786255 ... -0.01594543 -0.04129028
 -0.01459503]",2,"['온라인', '오프라인', '디자인', '기능', '확인', '구매']",온라인 오프라인 디자인 기능 확인 구매,1
260,저는 품목이 많아서 오프라인으로 구매했어용,"[ 0.01634216  0.02493286 -0.03561401 ... -0.01493073 -0.04165649
 -0.01279449]",2,"['품목', '많다', '오프라인', '구매']",품목 많다 오프라인 구매,0
261,오프라인으로 가서 실제로 보고 견적 받아보고 구매할거같아용,"[ 0.00297165  0.03274536 -0.01594543 ... -0.03829956 -0.02478027
 -0.00662994]",2,"['오프라인', '견적', '구매']",오프라인 견적 구매,0
262,오프라인으로 발품파는게 싸더라구용,"[-0.00684357  0.03878784 -0.02023315 ... -0.02342224 -0.0302124
 -0.0030899 ]",2,"['오프라인', '발품', '파', '싸다']",오프라인 발품 파 싸다,0
263,전 오프라인 중에서 여기저기 다녀보고 결정했어요!,"[ 0.00364685  0.02281189 -0.01068115 ... -0.0116272  -0.01664734
 -0.00343513]",2,"['오프라인', '여기저기', '다니다', '결정']",오프라인 여기저기 다니다 결정,0
264,저는 몇개 안사도 되어서 지금 온라인 위주로 찾아보려고 해요!,"[-0.00280952  0.03424072 -0.01396942 ... -0.01966858 -0.03390503
 -0.00878906]",2,"['사다', '온라인', '위주', '찾다']",사다 온라인 위주 찾다,1
265,오프라인으로 보고 온라인으로 시키는것 같아요!,"[-0.0023632   0.02507019 -0.01043701 ... -0.0201416  -0.01194763
 -0.01212311]",2,"['오프라인', '온라인', '시키다']",오프라인 온라인 시키다,1
266,오프라인으로 우선 견적 받고 온라인이 저렴하면 온라인으로 구매할 것 같네요 !,"[-0.01042938  0.03546143 -0.02246094 ... -0.0302124  -0.03192139
 -0.01406097]",2,"['오프라인', '견적', '온라인', '온라인', '구매']",오프라인 견적 온라인 온라인 구매,0
267,온라인으로 제품 다 알아서 오프라인에서 확인햇어요! 온라인 제품들은 조금 다 제작한지 기간이 된 제품이 많더라구요!,"[-0.00010473  0.00843048 -0.03189087 ... -0.02961731 -0.02384949
 -0.02626038]",2,"['온라인', '제품', '오프라인', '확인', '온라인', '제품', '제작', '기간', '제품', '많다']",온라인 제품 오프라인 확인 온라인 제품 제작 기간 제품 많다,1
268,오프라인으로 가서 하는게 편하더라구요 가격비교 하고가세요,"[ 0.00749969  0.0255127  -0.02799988 ... -0.03421021 -0.02355957
  0.00017917]",2,"['오프라인', '편하다', '가격', '비교']",오프라인 편하다 가격 비교,0
269,두가지 모두 고민해봤는데 결국 오프라인에서 한번에 사는게 맘편하고 체감상 저렴한 것 같더라구요,"[-0.00160694  0.02610779 -0.01945496 ... -0.03111267 -0.03387451
  0.0015564 ]",2,"['고민', '결국', '오프라인', '사다', '편하다', '체감', '저렴하다']",고민 결국 오프라인 사다 편하다 체감 저렴하다,1
270,오프라인으로 한꺼번에 진행했습니다,"[ 0.01197052  0.03237915 -0.00227928 ... -0.01303864 -0.02146912
 -0.00204277]",2,"['오프라인', '진행']",오프라인 진행,0
271,사야 할 품목이 많아서 오프라인으로 진행했습니다.,"[ 0.02304077  0.03192139 -0.03356934 ... -0.01060486 -0.03955078
 -0.01295471]",2,"['사다', '품목', '많다', '오프라인', '진행']",사다 품목 많다 오프라인 진행,0
272,저는 보고 사는걸 좋아해서 오프라인에서 구매했어용,"[ 0.00326729  0.02058411 -0.02558899 ... -0.02420044 -0.03765869
 -0.01844788]",2,"['사다', '좋아하다', '오프라인', '구매']",사다 좋아하다 오프라인 구매,1
273,저는 이리저리 견적받아봤는데 온라인이 저렴해서 온라인으로 구매했어요 !,"[-0.00920105  0.03041077 -0.0352478  ... -0.02709961 -0.04125977
 -0.00412369]",2,"['견적', '온라인', '온라인', '구매']",견적 온라인 온라인 구매,0
274,많이 구매하는거면 오프라인으로 직접 견적 받는게 더 저렴하다고 들었어요!,"[-0.01032257  0.03915405 -0.02478027 ... -0.03665161 -0.03652954
  0.00801086]",2,"['구매', '오프라인', '견적', '저렴하다']",구매 오프라인 견적 저렴하다,0
275,온라인이랑 오프라인 둘 다 비교해봤었는데 온라인이 저렴해서 온라인으로 구입했었어요,"[ 0.0015974   0.01797485 -0.03677368 ... -0.01429749 -0.03344727
 -0.02278137]",2,"['온라인', '오프라인', '비교', '온라인', '온라인', '구입']",온라인 오프라인 비교 온라인 온라인 구입,1
276,하나씩 사면 온라인 묶어서 사면 오프라인인거같아여,"[-0.00043583  0.02561951 -0.02552795 ... -0.01420593 -0.02125549
  0.00088787]",2,"['사다', '온라인', '묶다', '사다', '오프라인']",사다 온라인 묶다 사다 오프라인,1
277,저는 오프라인으로 제가 직접 눈으로 보고 구매했어요~,"[ 0.00176334  0.02268982 -0.01491547 ... -0.02400208 -0.03826904
 -0.01860046]",2,"['오프라인', '구매']",오프라인 구매,1
278,저희는 오프라인 몇군데 견적 비교해서 오프라인으로 구매했어요!,"[ 0.00469589  0.0390625  -0.03173828 ... -0.01849365 -0.04504395
 -0.02333069]",2,"['오프라인', '견적', '비교', '오프라인', '구매']",오프라인 견적 비교 오프라인 구매,0
279,살게 적으면 온라인 많으면 오프라인이라고 하더라구요,"[ 0.00478363  0.01450348 -0.01263428 ... -0.03034973 -0.00761032
 -0.00182629]",2,"['살다', '적다', '온라인', '많다', '오프라인']",살다 적다 온라인 많다 오프라인,0
280,오프라인이랑 리페어제품 항번가서 봐보려구요 ㅎㅎ,"[ 0.0199585   0.00812531 -0.02204895 ... -0.03881836 -0.00950623
  0.01141357]",2,"['오프라인', '리페어', '제품']",오프라인 리페어 제품,0
281,온라인은 보급형이 많아서 상대적으로 저렴하긴 해요. 오래 쓸 생각이라면 직접 가서 비교하는 게 낫다고 봅니다.,"[-0.00627518  0.02200317 -0.0340271  ... -0.03808594 -0.01785278
 -0.00350761]",2,"['온라인', '보급', '많다', '상대', '쓰다', '생각', '비교']",온라인 보급 많다 상대 쓰다 생각 비교,0
282,온라인보다는 오프라인이 안심 될 것 같아요,"[ 0.01724243  0.02455139 -0.02281189 ... -0.02615356 -0.01678467
 -0.01176453]",2,"['온라인', '오프라인', '안심']",온라인 오프라인 안심,0
283,오프라인으로 온라인이랑 비교해 보고 사려구요~ 여러개사면 오프라인이 더 싸다고 들은거 같아요,"[-0.00238419  0.02302551 -0.04064941 ... -0.02340698 -0.02154541
 -0.0050087 ]",2,"['오프라인', '온라인', '비교', '사다', '사다', '오프라인', '싸다']",오프라인 온라인 비교 사다 사다 오프라인 싸다,1
284,저는 보고 구매하는 걸 좋아해서 오프라인으로 직접 확인하고 선택할 예정이에요,"[ 0.00923157  0.02703857 -0.02015686 ... -0.02450562 -0.03158569
 -0.00666809]",2,"['구매', '좋아하다', '오프라인', '확인', '선택', '예정']",구매 좋아하다 오프라인 확인 선택 예정,1
285,저는 오프라인에서 직접 보고 구매하는 게 더 마음이 편하더라고요,"[ 0.0002625   0.03063965 -0.0209198  ... -0.03123474 -0.04550171
 -0.01676941]",2,"['오프라인', '구매', '마음', '편하다']",오프라인 구매 마음 편하다,1
286,오프라인이랑 온라인이랑 비교견적 받아봐야 될거같아요ㅠㅠ 요새 오프라인도 묶어서 사면 저렴하다더라구요!,"[-0.00764465  0.02603149 -0.03561401 ... -0.0252533  -0.02972412
 -0.0047493 ]",2,"['오프라인', '온라인', '비교', '견적', '요새', '오프라인', '묶다', '사다', '저렴하다']",오프라인 온라인 비교 견적 요새 오프라인 묶다 사다 저렴하다,1
287,오프라인으로 보고 구매할 생각이에요!,"[-0.00082016  0.03527832 -0.01835632 ... -0.02554321 -0.04104614
 -0.01108551]",2,"['오프라인', '구매', '생각']",오프라인 구매 생각,1
288,오프라인 매장에서 상담받고 구매했어요,"[ 0.01806641  0.02000427 -0.02552795 ... -0.02081299 -0.03457642
 -0.01450348]",2,"['오프라인', '매장', '상담', '구매']",오프라인 매장 상담 구매,0
289,"직접 눈으로 보고, 견적 비교한 뒤에 온라인으로 할지 오프라인으로 할지 결정하려고요.","[-0.00395203  0.03713989 -0.01048279 ... -0.03805542 -0.02954102
  0.00119305]",2,"['견적', '비교', '온라인', '오프라인', '결정']",견적 비교 온라인 오프라인 결정,0
290,전 온라인으로 산 것들도 꽤 만족했어요!,"[ 0.01029968  0.03004456 -0.03123474 ... -0.02578735 -0.04278564
 -0.02352905]",2,"['온라인', '사다', '만족']",온라인 사다 만족,1
291,저는 둘로버고 오프라인으로 하려규요,"[ 0.00852203  0.02989197 -0.01844788 ... -0.02142334 -0.01860046
 -0.00429153]",2,"['둘로버', '오프라인']",둘로버 오프라인,0
292,오프라인으로 구경하고 온라인에서 구매하재요 예랑이가..ㅋㅋ,"[-0.00333405  0.02653503 -0.01381683 ... -0.02833557 -0.04019165
 -0.01352692]",2,"['오프라인', '구경', '온라인', '구매', '예랑이']",오프라인 구경 온라인 구매 예랑이,1
293,저는 1~2년뒤 이사예정이라 온라인으로 저렴한 가전가구 샀어요!,"[-0.00057507  0.04248047 -0.02722168 ... -0.03567505 -0.03375244
 -0.03585815]",2,"['이사', '예정', '온라인', '가전', '가구', '사다']",이사 예정 온라인 가전 가구 사다,1
294,저도 오프라인에서 상품 번호 가지고 온라인에서 구매 할 예정입니다,"[ 0.00077724  0.03134155 -0.02972412 ... -0.00475693 -0.03564453
 -0.01010132]",2,"['오프라인', '상품', '번호', '가지다', '온라인', '구매', '예정']",오프라인 상품 번호 가지다 온라인 구매 예정,1
295,저는 온라인이랑 비교해서 저렴한 건 온라인에서 샀어요,"[ 0.01208496  0.02511597 -0.03022766 ... -0.01776123 -0.02992249
 -0.03204346]",2,"['온라인', '비교', '저렴하다', '온라인', '사다']",온라인 비교 저렴하다 온라인 사다,1
296,온라인 가격알아보고 오프라인에서 비교해보고 사려구요!,"[ 0.00569534  0.03308105 -0.0307312  ... -0.02026367 -0.03427124
 -0.02168274]",2,"['온라인', '가격', '알아보다', '오프라인', '비교', '사다']",온라인 가격 알아보다 오프라인 비교 사다,0
297,저는 오프라인으로 구경하고 샀어요,"[ 4.33921814e-05  2.36968994e-02 -1.16195679e-02 ... -1.47857666e-02
 -3.65905762e-02 -2.59399414e-02]",2,"['오프라인', '구경', '사다']",오프라인 구경 사다,1
298,저도 오프라인 알아보다가 온라인이 훨씬 싸서 온라인으로 다 주문했어요ㅎㅎ 많이 구매하실 거면 오프라인이 나을 것 같기도 해요!,"[-0.00617599  0.02865601 -0.02696228 ... -0.02029419 -0.02839661
  0.0024662 ]",2,"['오프라인', '알아보다', '온라인', '싸다', '온라인', '주문', '구매', '오프라인']",오프라인 알아보다 온라인 싸다 온라인 주문 구매 오프라인,1
299,온라인이 보통 더 저렴하더라구요!,"[-0.00301361  0.03173828 -0.00920868 ... -0.02998352 -0.02230835
 -0.00948334]",2,"['온라인', '저렴하다']",온라인 저렴하다,1
300,요즘은 오프라인으로 많이 하시던데 온라인쿠팡도 잘쓰더라구요,"[-0.0049324   0.02589417 -0.01196289 ... -0.03152466 -0.03179932
 -0.01294708]",2,"['요즘', '오프라인', '온라인', '쿠팡', '쓰다']",요즘 오프라인 온라인 쿠팡 쓰다,1
301,온라인 최저가좀 알아본다음 오프라인으로 갈거같아요!,"[-0.00264549  0.03152466 -0.02433777 ... -0.02458191 -0.03189087
 -0.00663757]",2,"['온라인', '최저', '알아보다', '다음', '오프라인']",온라인 최저 알아보다 다음 오프라인,0
302,온라인 알아보고 오프라인가보고 결정할거같아요!,"[-0.00917816  0.01976013 -0.01329041 ... -0.04388428 -0.01459503
 -0.00186729]",2,"['온라인', '알아보다', '오프라인', '결정']",온라인 알아보다 오프라인 결정,0
303,온라인보다 오프라인이 할인율 ㅇ높아 그렇게 했어요,"[ 0.01722717  0.01800537 -0.03668213 ... -0.03024292 -0.02763367
 -0.0141983 ]",2,"['온라인', '오프라인', '할인', '높다']",온라인 오프라인 할인 높다,2
304,오프라인가서 가격비교하고 구매했어욘,"[ 0.02403259  0.02153015 -0.0262146  ... -0.02055359 -0.04000854
  0.00142288]",2,"['오프라인', '가격', '비교', '구매']",오프라인 가격 비교 구매,0
305,오프라인에서 견적받고 샀어용! 둘더 비교해보세용,"[-0.0057106   0.02294922 -0.0304718  ... -0.03323364 -0.03143311
 -0.01152802]",2,"['오프라인', '견적', '사다', '비교']",오프라인 견적 사다 비교,0
306,가격 비교해서 오프라인으로요!,"[ 0.006073    0.0267334  -0.02435303 ... -0.019104   -0.02664185
 -0.01464081]",2,"['가격', '비교', '오프라인']",가격 비교 오프라인,0
307,오프라인으로 구매할 예정이에요!,"[ 0.00551224  0.04141235 -0.01589966 ... -0.01152039 -0.04257202
 -0.01441956]",2,"['오프라인', '구매', '예정']",오프라인 구매 예정,1
308,저희는 몇 가지가 있어서 온라인으로 구매했습니다.,"[ 0.01560974  0.03634644 -0.02919006 ... -0.03292847 -0.0413208
 -0.02531433]",2,"['온라인', '구매']",온라인 구매,1
309,많이 구입하시면 오프라인이 많이 싸게해준다고 하더라구요 주변지인들말로는 ㅎㅎ적게사는거면 온라인이 좋은것같아용,"[ 0.00029373  0.02597046 -0.03930664 ... -0.02868652 -0.01977539
 -0.00173092]",2,"['구입', '오프라인', '싸다', '주변', '지인', '적다', '사다', '온라인', '좋다']",구입 오프라인 싸다 주변 지인 적다 사다 온라인 좋다,1
310,저희는 오프라인으로 5곳 정도 가보고 결정했어요 ! 비교해봤을때 소규모는 온라인이 더 저렴했어요 ㅎㅎ,"[-0.01026917  0.03201294 -0.02008057 ... -0.03302002 -0.03222656
 -0.00212097]",2,"['오프라인', '결정', '비교', '규모', '온라인', '저렴하다']",오프라인 결정 비교 규모 온라인 저렴하다,0
311,온라인에서 가격존 보고 오프라인으로 가서 샀어요,"[ 0.00666046  0.01934814 -0.02612305 ... -0.01110077 -0.03817749
 -0.03460693]",2,"['온라인', '가격', '오프라인', '사다']",온라인 가격 오프라인 사다,1
312,좀많이샀어서 오프라인으로 샀어요!,"[ 0.0063591   0.03329468 -0.02658081 ... -0.01071167 -0.04397583
 -0.01207733]",2,"['사다', '오프라인', '사다']",사다 오프라인 사다,1
313,저는 혼수를 한군데에서 구독식으로 할ㅋ가 샌각중이여서 오프라인으로 하려고 합니당!,"[ 0.01719666  0.03427124 -0.01806641 ... -0.01864624 -0.03222656
 -0.00629044]",2,"['혼수', '구독', '새', '오프라인']",혼수 구독 새 오프라인,0
314,저희는 오프라인으로 비교 많이 해보고 구매했어요ㅎㅎ,"[ 0.01026154  0.02362061 -0.01818848 ... -0.03044128 -0.03762817
 -0.01783752]",2,"['오프라인', '비교', '구매']",오프라인 비교 구매,0
315,"한두가지면 온라인, 풀셋이면 오프라인이요! 제 결토방에도 답댓,종아요 부탁드릴게요~","[ 0.01416016  0.00511551 -0.02714539 ... -0.03619385 -0.02946472
  0.00842285]",2,"['온라인', '오프라인', '부탁', '드리다']",온라인 오프라인 부탁 드리다,0
316,저는 오프라인에서 구매했는데 아무래도 한 번에 많이 사는게 싸요,"[ 0.00323486  0.02198792 -0.03375244 ... -0.01667786 -0.0378418
  0.00169277]",2,"['오프라인', '구매', '사다', '싸다']",오프라인 구매 사다 싸다,1
317,오프라인구매로 하는것두 편할듯요,"[ 0.01034546  0.03320312 -0.01937866 ... -0.03134155 -0.03833008
 -0.00892639]",2,"['오프라인', '구매', '편하다']",오프라인 구매 편하다,1
318,오프라인 구경하고 구매는 온라인이요ㅎ,"[-0.00175571  0.02500916 -0.00446701 ... -0.02583313 -0.0324707
 -0.01556396]",2,"['오프라인', '구경', '구매', '온라인']",오프라인 구경 구매 온라인,1
319,오프라인에서 구경하고 온라인으로..!,"[-0.00521851  0.02255249  0.00293541 ... -0.01676941 -0.02600098
 -0.01000214]",2,"['오프라인', '구경', '온라인']",오프라인 구경 온라인,1
320,저는 오프라인에서 개수채워서 하려구용,"[ 0.00841522  0.02709961 -0.0236969  ... -0.02098083 -0.02006531
 -0.00868988]",2,"['오프라인', '개수', '채우다']",오프라인 개수 채우다,0
321,오프라인에서 제품 꼼꼼히 보고 구매는 온라인으로 할 거 같아요!,"[ 0.00149536  0.03179932 -0.02415466 ... -0.01913452 -0.03961182
 -0.0222168 ]",2,"['오프라인', '제품', '구매', '온라인']",오프라인 제품 구매 온라인,1
322,온라인 최저가로 사는게 더 쌌어요 저는,"[ 0.01028442  0.03833008 -0.01792908 ... -0.02178955 -0.03259277
 -0.00228691]",2,"['온라인', '최저', '사다', '싸다']",온라인 최저 사다 싸다,1
323,오프라인으로 발품팔면서 돌아다니기요! 저도 답방 부탁드립니다 ><,"[-0.01655579  0.03213501 -0.01670837 ... -0.03201294 -0.03918457
 -0.01024628]",2,"['오프라인', '발품', '팔다', '돌아다니다', '답방', '부탁', '드리다']",오프라인 발품 팔다 돌아다니다 답방 부탁 드리다,0
324,저는 오프라인에서 햇는데 가짓수 적게 하실꺼면 온라인이 훨씬 싸드라구요,"[-0.00270844  0.03102112 -0.02270508 ... -0.02250671 -0.02302551
 -0.00010598]",2,"['오프라인', '가짓수', '적다', '온라인', '싸다']",오프라인 가짓수 적다 온라인 싸다,0
325,우선 아내분과 눈으로 구경?(데이트)하고 모델이랑 가격을 알아온다 ㅎㅎ 그리구 온라인으로 찾아보고 가격을 비교후 사는게 좋아요,"[-0.00528336  0.00862885 -0.03137207 ... -0.03759766 -0.01971436
 -0.00972748]",2,"['아내', '구경', '데이트', '모델', '가격', '온라인', '찾아보다', '가격', '비교', '사다', '좋다']",아내 구경 데이트 모델 가격 온라인 찾아보다 가격 비교 사다 좋다,0
326,모든 품목을 구매하려면 오프라인 발품팔아서 구매하는게 제일 좋을것 같아요.,"[ 0.00804901  0.02838135 -0.02069092 ... -0.02609253 -0.04968262
 -0.00208473]",2,"['품목', '구매', '오프라인', '발품', '팔다', '구매', '좋다']",품목 구매 오프라인 발품 팔다 구매 좋다,0
327,오프라인으로 구매했다가 그냥 다 취소하고 온라인 구매 예정입니더ㅠ,"[ 0.00036764  0.03701782 -0.01454163 ... -0.02565002 -0.04205322
  0.00520706]",2,"['오프라인', '구매', '취소', '온라인', '구매', '예정']",오프라인 구매 취소 온라인 구매 예정,1
328,오프라인에서 직접 보고 살 예정입니다~,"[ 0.00656128  0.03652954 -0.01218414 ... -0.02224731 -0.03344727
 -0.0166626 ]",2,"['오프라인', '살다', '예정']",오프라인 살다 예정,1
329,오프라인으로 구매하는게 좀 저렴하고 오픈한지 얼마 안된 매장에서 구매하는게 할인율이 커서 좋다고 하더라구요!,"[ 0.00571823  0.0262146  -0.03964233 ... -0.01585388 -0.02789307
 -0.00498581]",2,"['오프라인', '구매', '오픈', '얼마', '매장', '구매', '할인', '크다', '좋다']",오프라인 구매 오픈 얼마 매장 구매 할인 크다 좋다,2
330,오프라인 행사매장 가세요 저히도 건적받았는데 오픈한곳가니까 거의 400만원가까이 할인됐어용,"[ 0.00519943  0.01644897 -0.0335083  ... -0.03022766 -0.03033447
  0.00559616]",2,"['오프라인', '행사', '매장', '히', '걸다', '오픈', '할인']",오프라인 행사 매장 히 걸다 오픈 할인,2
331,오프에서보고 구매는 온라인이 저렴하죠,"[ 0.0044899   0.03781128 -0.01959229 ... -0.02009583 -0.02772522
 -0.01306152]",2,"['오프', '구매', '온라인', '저렴하다']",오프 구매 온라인 저렴하다,1
332,오프라인으로 여러개 상담하면 은근 추가할인도 많더라구요,"[ 0.00015616  0.01785278 -0.01573181 ... -0.03359985 -0.01365662
  0.00854492]",2,"['오프라인', '상담', '은근', '추가', '할인', '많다']",오프라인 상담 은근 추가 할인 많다,2
333,오프라인 매장 가시는거 추천이요! 오픈하는거 찾거나 발품을 파는게 좋도라규용,"[-0.01156616  0.01934814 -0.02197266 ... -0.03216553 -0.02664185
  0.01039124]",2,"['오프라인', '매장', '추천', '오픈', '찾다', '발품', '파', '좋다', '도라']",오프라인 매장 추천 오픈 찾다 발품 파 좋다 도라,0
334,전 오프라인으로 발품 팔아서 알아보고 사려구요,"[-0.0050621   0.0333252  -0.02052307 ... -0.03015137 -0.0362854
 -0.01354218]",2,"['오프라인', '발품', '팔다', '알아보다', '사다']",오프라인 발품 팔다 알아보다 사다,0
335,저흰 오프라인으로 할인 받구 살 생각입니다.,"[ 0.00157356  0.04022217 -0.02911377 ... -0.03167725 -0.04095459
 -0.01309967]",2,"['오프라인', '할인', '살다', '생각']",오프라인 할인 살다 생각,1
336,여러개를 한꺼번에 사니까 오프라인에서 비교해보고 사려구요,"[ 0.01014709  0.03137207 -0.03271484 ... -0.02430725 -0.02827454
 -0.00362015]",2,"['사다', '오프라인', '비교', '사다']",사다 오프라인 비교 사다,1
337,온라인으로 하니까 혜택좋아서 저는 다 온라인으로 진행했어요,"[ 0.00206184  0.02409363 -0.02690125 ... -0.02481079 -0.02825928
  0.01319122]",2,"['온라인', '혜택', '좋다', '온라인', '진행']",온라인 혜택 좋다 온라인 진행,0
338,오프라인으로 직접 보시고 구매하는걸 추천드려요,"[-0.00356674  0.02871704 -0.01828003 ... -0.02934265 -0.02630615
 -0.00792694]",2,"['오프라인', '구매', '추천', '드리다']",오프라인 구매 추천 드리다,0
339,오프라인으로 구경먼전하고 구입은 온라인으로 샀어요~ 그게 훨씬 저렴하더라구요~,"[-0.00319672  0.03013611 -0.02554321 ... -0.02684021 -0.02825928
 -0.02243042]",2,"['오프라인', '구경', '구입', '온라인', '사다', '저렴하다']",오프라인 구경 구입 온라인 사다 저렴하다,1
340,오프라인으로 구경하고 온라인으로 구매했습니다!,"[-0.00210571  0.02616882 -0.01193237 ... -0.01678467 -0.04666138
 -0.02047729]",2,"['오프라인', '구경', '온라인', '구매']",오프라인 구경 온라인 구매,1
341,저는 온라인 괜찮던데요! 오프라인 같이 묶어서 하는건 좀 비싼거로 많이 묶으셔서ㅠㅠㅠㅠ 사실 시즌 지난거도 크게 차이나진 않잖아요ㅋㅋ,"[-0.00128269  0.01413727 -0.02639771 ... -0.02072144 -0.01515961
  0.01062012]",2,"['온라인', '괜찮다', '오프라인', '묶다', '비싸다', '묶다', '시즌', '지나다', '크다', '차이']",온라인 괜찮다 오프라인 묶다 비싸다 묶다 시즌 지나다 크다 차이,1
342,오프라인으로 구경하고 구매하는게 나은거 같아요!,"[-0.00505066  0.03019714 -0.01727295 ... -0.02546692 -0.03829956
 -0.01611328]",2,"['오프라인', '구경', '구매']",오프라인 구경 구매,1
343,오프라인으로 가서 견적받으면서 결정했어용,"[ 0.0044899   0.03271484 -0.01583862 ... -0.02886963 -0.02513123
 -0.0001533 ]",2,"['오프라인', '견적', '결정']",오프라인 견적 결정,0
344,저흰 오프라인에서 보고 온라인이 싼곳은 온라인에서 삿어요!,"[-0.00685501  0.02793884 -0.02740479 ... -0.01644897 -0.03329468
 -0.02073669]",2,"['오프라인', '온라인', '싸다', '온라인', '사다']",오프라인 온라인 싸다 온라인 사다,1
345,몇개 안사니까 온라인이 더 저렴했어요,"[ 0.00473785  0.03323364 -0.03561401 ... -0.02197266 -0.02462769
 -0.00288582]",2,"['사다', '온라인', '저렴하다']",사다 온라인 저렴하다,1
346,온라인이 확실히 더 저렴하기는 한데 직접 보고서 온라인 사는걸 추천해요!,"[-0.01350403  0.03283691 -0.02511597 ... -0.02975464 -0.02565002
 -0.00341797]",2,"['온라인', '저렴하다', '온라인', '사다', '추천']",온라인 저렴하다 온라인 사다 추천,1
347,오프라잉에서 직접 비교해보고 사고싶어요,"[ 0.01628113  0.01102448 -0.02030945 ... -0.04525757 -0.02206421
 -0.00144768]",2,"['오프라', '비교', '사다']",오프라 비교 사다,0
348,오프라인으로 여러군데 견적받아서 하더라구요,"[ 0.00045896  0.03234863 -0.01157379 ... -0.03433228 -0.01994324
 -0.00530243]",2,"['오프라인', '견적']",오프라인 견적,0
349,저는 직접 상담받으면서 하고 싶어서 오프라인으로 했어요 백화점이 더 나은거같더라구요,"[ 0.00115871  0.00979614 -0.02639771 ... -0.05557251 -0.02322388
  0.00312805]",2,"['상담', '오프라인', '백화점']",상담 오프라인 백화점,0
350,오프라인으로 보고 인터넷과 가격비교해서 별차이없으면 오프로 구매할거같아용,"[-0.0002321   0.01937866 -0.03262329 ... -0.02670288 -0.02484131
 -0.00217628]",2,"['오프라인', '인터넷', '가격', '비교', '차이', '구매']",오프라인 인터넷 가격 비교 차이 구매,0
351,온라인으로 제휴가로 했어요,"[ 0.01404572  0.02337646 -0.00039387 ... -0.02316284 -0.02084351
  0.00095892]",2,"['온라인', '제휴']",온라인 제휴,1
352,오프라인에서 전화/문자로 견적 몇군데 받아보고 가장 합리적인 곳에서 진행 했습니당!,"[ 4.51803207e-05  2.85797119e-02 -3.05175781e-02 ... -2.85797119e-02
 -2.83355713e-02  3.19862366e-03]",2,"['오프라인', '전화', '문자', '견적', '합리', '진행']",오프라인 전화 문자 견적 합리 진행,0
353,옴라인+오프라인섞을거같아요,"[ 0.00986481  0.01381683 -0.01498413 ... -0.02180481  0.00712204
 -0.00205231]",2,"['라인', '오프라인', '섞다']",라인 오프라인 섞다,1
354,저희는 오프라인으로 돌아다녔어요 눈으로 보고사는게 좋아요,"[ 0.00865173  0.03753662 -0.01168823 ... -0.02403259 -0.02627563
 -0.01083374]",2,"['오프라인', '돌아다니다', '사다', '좋다']",오프라인 돌아다니다 사다 좋다,0
355,"최신기능,성능 중요하시면 오프라인이 더 할인률 쎄져서 좋고 그냥 딱 가성비만 챙기고 싶다면 온라인이 저렴합니당ㅎㅎ 오프라인 매장은 다품목할인 치면 할인률은 쎄지만 이월상품은 거의 없다고 보심 돼요","[ 0.00789642  0.02510071 -0.04592896 ... -0.02615356 -0.02978516
 -0.00214577]",2,"['최신', '기능', '성능', '중요', '오프라인', '할인', '쎄져서', '좋다', '가성비', '챙기다', '온라인', '저렴하다', '오프라인', '매장', '품목', '할인', '치다', '할인', '쎄다', '이월', '상품']",최신 기능 성능 중요 오프라인 할인 쎄져서 좋다 가성비 챙기다 온라인 저렴하다 오프라인 매장 품목 할인 치다 할인 쎄다 이월 상품,2
356,온라인보다 오프라인이 좋을 것 같아요!,"[ 0.01190948  0.01768494 -0.020401   ... -0.03707886 -0.02828979
 -0.01426697]",2,"['온라인', '오프라인', '좋다']",온라인 오프라인 좋다,0
357,대부분은 오프라인 구매가 안전 하다 생각들어요 오프라인에서 직접 느끼고 온라인으로 구매할 수 있는건 온라인으로 구매하는게 좋을꺼같아요 ㅎㅎ,"[-0.00016415  0.0226593  -0.0206604  ... -0.02980042 -0.02313232
 -0.00217819]",2,"['부분', '오프라인', '구매', '안전', '생각', '들다', '오프라인', '온라인', '구매', '온라인', '구매', '좋다']",부분 오프라인 구매 안전 생각 들다 오프라인 온라인 구매 온라인 구매 좋다,1
358,"오프라인 둘러보되, 온라인 검색 바로 할 것 같아요 ㅎㅎ 저도 풀세트를 원하는 건 아니거든요!","[-0.00288773  0.01705933 -0.03244019 ... -0.03329468 -0.03656006
 -0.00559235]",2,"['오프라인', '둘러보다', '온라인', '검색', '세트', '원하다']",오프라인 둘러보다 온라인 검색 세트 원하다,1
359,품목이 적어서 그냥 온라인 공홈에서 구매할까 싶기도 하네요,"[ 0.00576401  0.02749634 -0.02279663 ... -0.02900696 -0.0423584
 -0.00210571]",2,"['품목', '적다', '온라인', '구매']",품목 적다 온라인 구매,0
360,온라인도 하고 오프라인도 하고했어요,"[ 0.01556396  0.01916504 -0.0030899  ... -0.01548004 -0.01480865
 -0.00072289]",2,"['온라인', '오프라인']",온라인 오프라인,1
361,오프라인에서 구매했씁니다,"[ 0.01016998  0.02799988 -0.02658081 ... -0.01454163 -0.03274536
 -0.02253723]",2,"['오프라인', '구매', '쓰다']",오프라인 구매 쓰다,1
362,9품목 구매해서 오프라인으로 구매했어요!,"[ 0.01405334  0.01622009 -0.02606201 ... -0.00946045 -0.03869629
 -0.02033997]",2,"['품목', '구매', '오프라인', '구매']",품목 구매 오프라인 구매,0
363,사야되는 품목이 좀 되니깐 오프라인으로 구매하는게 더 저렴하지않을까싶어요,"[ 0.00648499  0.04336548 -0.03396606 ... -0.02026367 -0.03225708
 -0.0079422 ]",2,"['사다', '품목', '오프라인', '구매', '저렴하다']",사다 품목 오프라인 구매 저렴하다,1
364,온라인으로 금액과 제품을 알아보구 오프라인으로 발품팔아서 롯데몰 그랜드오픈점에서 성공했어요!,"[-0.01161957  0.02534485 -0.02459717 ... -0.01473236 -0.0496521
 -0.03004456]",2,"['온라인', '금액', '제품', '알아보다', '오프라인', '발품', '팔다', '롯데', '그랜드', '오픈', '성공']",온라인 금액 제품 알아보다 오프라인 발품 팔다 롯데 그랜드 오픈 성공,0
365,오프라인으로 할인받고 구매했어요,"[ 0.01356506  0.02613831 -0.02345276 ... -0.01059723 -0.04077148
 -0.01937866]",2,"['오프라인', '할인', '구매']",오프라인 할인 구매,2
366,오프라인으로 보고 온라인 결제요 ㅋㅋ,"[-0.00524902  0.03033447 -0.00126076 ... -0.02748108 -0.03561401
 -0.0077095 ]",2,"['오프라인', '온라인', '결제']",오프라인 온라인 결제,0
367,온라인 오프라인 반반 섞어서 한거같습니다 ㅎㅎ,"[ 0.00753021  0.01031494 -0.00869751 ... -0.02412415 -0.00808716
 -0.00488281]",2,"['온라인', '오프라인', '반반', '섞다']",온라인 오프라인 반반 섞다,1
368,오프라인에서 보시고 온라인에서 사시면 됩니다,"[ 0.00013828  0.02290344 -0.01931763 ... -0.02365112 -0.03421021
 -0.01016235]",2,"['오프라인', '온라인', '사다']",오프라인 온라인 사다,1
369,예랑이가 오프라인으로 구경하고 온라인으로 구매하자네요..ㅋㅋ,"[-0.00184441  0.04257202 -0.01203918 ... -0.02337646 -0.04418945
 -0.01925659]",2,"['예랑이', '오프라인', '구경', '온라인', '구매']",예랑이 오프라인 구경 온라인 구매,1
370,오프라인이랑 온라인 비교해보고 결정할거같아요,"[ 0.00902557  0.01512146 -0.01924133 ... -0.04238892 -0.01699829
 -0.00963593]",2,"['오프라인', '온라인', '비교', '결정']",오프라인 온라인 비교 결정,0
371,저는 오프라인에사 할인받고 구매했어요,"[ 0.01118469  0.01679993 -0.02453613 ... -0.0189209  -0.04147339
 -0.01794434]",2,"['오프라인', '사다', '할인', '구매']",오프라인 사다 할인 구매,1
372,저는 많이 구매하질 않아서 온라인으로 구매했습니다. 자취할 때 어느정도 가지고 있었어요,"[ 0.00662231  0.01835632 -0.03302002 ... -0.03329468 -0.05184937
 -0.01055908]",2,"['구매', '온라인', '구매', '자취', '가지다']",구매 온라인 구매 자취 가지다,1
373,한번에 구매하면서 할인받으려고 오프라인에서 구매했어요,"[ 0.01233673  0.03414917 -0.02767944 ... -0.01377869 -0.03738403
 -0.0173645 ]",2,"['구매', '할인', '오프라인', '구매']",구매 할인 오프라인 구매,1
374,저는 오프라인으로 구매하려구요~일단 발품 팔아보고 인터넷에서 사는걸 비교해볼것 같아요,"[-0.00983429  0.02496338 -0.02511597 ... -0.03695679 -0.04830933
 -0.00670242]",2,"['오프라인', '구매', '발품', '팔다', '인터넷', '사다', '비교']",오프라인 구매 발품 팔다 인터넷 사다 비교,0
375,저는 오프라인 확인 후 온라인으로 구매했어요,"[ 0.00512695  0.01399231 -0.01689148 ... -0.02003479 -0.03134155
 -0.02305603]",2,"['오프라인', '확인', '온라인', '구매']",오프라인 확인 온라인 구매,1
376,저는 비교 해봤는데 온라인이 더 싸서 온라인 구매 했어요!,"[-0.00325584  0.02047729 -0.03393555 ... -0.02734375 -0.03872681
 -0.01245117]",2,"['비교', '온라인', '싸다', '온라인', '구매']",비교 온라인 싸다 온라인 구매,1
377,오프라인으로 다녀보고 온라인 가격도 살펴볼듯해요,"[ 0.00333023  0.02656555 -0.02229309 ... -0.02145386 -0.02818298
 -0.00118256]",2,"['오프라인', '다니다', '온라인', '가격', '살펴보다']",오프라인 다니다 온라인 가격 살펴보다,0
378,예랑이가 온라인으로 구매하자고 해서 다 온라인으로 저렴하게 구매했습니다!,"[-0.00226021  0.04165649 -0.02883911 ... -0.01039886 -0.04669189
 -0.01493835]",2,"['예랑이', '온라인', '구매', '온라인', '저렴하다', '구매']",예랑이 온라인 구매 온라인 저렴하다 구매,1
379,온라인으로 파는거랑 오프라인으로 파는거랑 아예 다른 제품이라는 말도 있어서 잘 보고 사면 좋을거 같아용!,"[-0.0028553   0.02044678 -0.04467773 ... -0.02383423 -0.0127182
 -0.02720642]",2,"['온라인', '파', '오프라인', '파', '제품', '사다', '좋다']",온라인 파 오프라인 파 제품 사다 좋다,0
380,오프라인에서 세트로 구매하는게 젤 저렴한것 같아요!,"[ 0.00029302  0.03579712 -0.03222656 ... -0.02305603 -0.04495239
 -0.00556946]",2,"['오프라인', '세트', '구매', '저렴하다']",오프라인 세트 구매 저렴하다,1
381,오프라인에서 여러개 구입해서 할인 받았어용,"[ 0.01476288  0.02441406 -0.03985596 ... -0.00948334 -0.0294342
 -0.00884247]",2,"['오프라인', '구입', '할인']",오프라인 구입 할인,1
382,오프라인으로 묶어서 할인받움요,"[ 0.00872803  0.03509521 -0.02493286 ... -0.01203156 -0.02877808
 -0.01012421]",2,"['오프라인', '묶다', '할인']",오프라인 묶다 할인,1
383,오프라인 먼저보고 온라인이랑 비교하려구요~,"[ 0.00712204  0.01623535 -0.01418304 ... -0.03234863 -0.01451111
 -0.02172852]",2,"['오프라인', '온라인', '비교']",오프라인 온라인 비교,0
384,온라인이 더 싸서 공홈에서 사려고요,"[ 0.00424576  0.03366089 -0.02198792 ... -0.02030945 -0.02825928
 -0.00909424]",2,"['온라인', '싸다', '사다']",온라인 싸다 사다,1
385,온라인이 더 저렴해서 온라인으로했어요,"[ 0.00775528  0.03039551 -0.01551819 ... -0.02191162 -0.01959229
 -0.0144577 ]",2,"['온라인', '저렴하다', '온라인']",온라인 저렴하다 온라인,1
386,오프라인 한 번 돌아보고 결정하려구용,"[ 0.00559998  0.03268433 -0.00938416 ... -0.02833557 -0.00191212
 -0.00634384]",2,"['오프라인', '돌아보다', '결정']",오프라인 돌아보다 결정,0
387,오프라인 매장에서보고 온라인으로 구매하세요~1,"[ 0.00939178  0.03372192 -0.02081299 ... -0.01646423 -0.03588867
 -0.00799561]",2,"['오프라인', '매장', '온라인', '구매']",오프라인 매장 온라인 구매,1
388,온라인으로 구매하는게 저렴해서 온라인구매했어요,"[ 0.00850677  0.03503418 -0.02545166 ... -0.01361847 -0.03128052
 -0.01502991]",2,"['온라인', '구매', '온라인', '구매']",온라인 구매 온라인 구매,1
389,저희는 삼성 오프라인으로 구매했습니다,"[ 0.01394653  0.02960205 -0.03451538 ... -0.02410889 -0.04016113
 -0.02722168]",2,"['삼성', '오프라인', '구매']",삼성 오프라인 구매,0
390,한번에사시려면 오프라인으로 따로따로사실거면 온라인이요~,"[-0.00889587  0.03089905 -0.02084351 ... -0.02539062 -0.03094482
 -0.00700378]",2,"['사다', '오프라인', '사다', '온라인']",사다 오프라인 사다 온라인,1
391,저희도 오프라인으로 진행했는데 싸게 잘주문했어요,"[ 0.00026727  0.03158569 -0.02772522 ... -0.01307678 -0.04022217
 -0.00555801]",2,"['오프라인', '진행', '싸다', '주문']",오프라인 진행 싸다 주문,1
392,저희는 오프라인에서 한번 보고 온라인과 비교해서 샀던 것 같아요 ㅎㅎ,"[ 0.00137424  0.02461243 -0.02062988 ... -0.02058411 -0.0418396
 -0.02653503]",2,"['오프라인', '온라인', '비교', '사다']",오프라인 온라인 비교 사다,1
393,온라인 견적을 가지고 오프라인 가서 맞춰달라고 할 것 같아요~,"[-0.00271606  0.04144287 -0.0150528  ... -0.02931213 -0.02941895
 -0.01442719]",2,"['온라인', '견적', '가지다', '오프라인', '맞추다']",온라인 견적 가지다 오프라인 맞추다,1
394,"저는 오프라인 3곳, 온라인까지 해서 4곳 견적 다 알아보고 온라인에서 진행했어요","[-0.0017252   0.02079773 -0.01264191 ... -0.03491211 -0.02877808
  0.00891113]",2,"['오프라인', '온라인', '견적', '온라인', '진행']",오프라인 온라인 견적 온라인 진행,0
395,오프라인이랑 온라인 둘다 할거같아요,"[ 0.0104599   0.01032257 -0.01756287 ... -0.03149414 -0.01319885
 -0.00162029]",2,"['오프라인', '온라인']",오프라인 온라인,1
396,구매 품목이 많으시면 오프라인이 체감가 고려하면 괜찮은 것 같더라고요. 그냥 조금 살거면 온라인이 훨 저렴하다고 합니다! 위위유 제휴 이용해보세요 강변점 비대면 상담 가능한걸로 알고있어요!,"[-0.00261497  0.01524353 -0.03353882 ... -0.04034424 -0.02301025
  0.01110077]",2,"['구매', '품목', '많다', '오프라인', '체감', '고려', '괜찮다', '살다', '온라인', '저렴하다', '위', '위', '유', '제휴', '강변', '대면', '상담', '가능']",구매 품목 많다 오프라인 체감 고려 괜찮다 살다 온라인 저렴하다 위 위 유 제휴 강변 대면 상담 가능,1
397,저 10군데 발품팔았는데 10군데는 오프라인매장/ 쿠팡이나 네이버 11번가 지마켓 등 오프라인도 별도로 찾아봤었습니다 솔직히말하면 3개정도 구매할경우 온라인이고 4개이상은 오프라인이 저렴합니당..ㅎㅎ!,"[-0.01100922  0.01585388 -0.03570557 ... -0.0295105  -0.02648926
  0.00583649]",2,"['발품', '팔다', '오프라인', '매장', '쿠팡', '네이버', '번가', '마켓', '오프라인', '별', '찾아보다', '구매', '온라인', '이상', '오프라인', '저렴하다']",발품 팔다 오프라인 매장 쿠팡 네이버 번가 마켓 오프라인 별 찾아보다 구매 온라인 이상 오프라인 저렴하다,1
398,구매품목 많으시면 오프라인이 체감가 더 괜찮을수 있더라구요. 저는 오프라인에서 보고 샀어요.,"[-0.00667572  0.00812531 -0.04541016 ... -0.02346802 -0.03262329
 -0.01344299]",2,"['구매', '품목', '많다', '오프라인', '체감', '괜찮다', '오프라인', '사다']",구매 품목 많다 오프라인 체감 괜찮다 오프라인 사다,1
399,저도 여러 곳 발품 팔았는데 구매 품목이 많으시면 오프라인이 다품목 할인 들어가서 훨씬 저렴하더라고요!,"[-0.00634384  0.01352692 -0.03887939 ... -0.03656006 -0.03985596
  0.00098228]",2,"['발품', '팔다', '구매', '품목', '많다', '오프라인', '품목', '할인', '들어가다', '저렴하다']",발품 팔다 구매 품목 많다 오프라인 품목 할인 들어가다 저렴하다,0
400,훔....온라인은 보통 저가라인 판매긴 하더라구요....훔..,"[-0.01365662  0.01963806 -0.02574158 ... -0.02555847 -0.01448059
 -0.00614929]",2,"['온라인', '저가', '라인', '판매']",온라인 저가 라인 판매,2
401,오프라인 리뉴얼매장에서 혜택 많이받고 구매했어요,"[ 0.0229187   0.03405762 -0.03155518 ... -0.01596069 -0.03137207
  0.00171375]",2,"['오프라인', '리뉴얼', '매장', '혜택', '구매']",오프라인 리뉴얼 매장 혜택 구매,2
402,오프라인에서 추천해주시는 걸로 가성비있게 구매했어요!,"[-0.00071001  0.02890015 -0.03961182 ... -0.00296974 -0.02110291
 -0.02592468]",2,"['오프라인', '추천', '가성비', '구매']",오프라인 추천 가성비 구매,1
403,저는 오프라인에서 혜택 받고 구매하려구요!,"[ 0.00414276  0.02748108 -0.03649902 ... -0.0242157  -0.04696655
 -0.02053833]",2,"['오프라인', '혜택', '구매']",오프라인 혜택 구매,0
404,저는 오프라인 6군데 알아보다가 온라인견적2군데 받고 온라인이 더 저렴해서 온라인으로 구매했습니다,"[-0.00317764  0.02905273 -0.03311157 ... -0.03308105 -0.02339172
 -0.00953674]",2,"['오프라인', '알아보다', '온라인', '견적', '온라인', '저렴하다', '온라인', '구매']",오프라인 알아보다 온라인 견적 온라인 저렴하다 온라인 구매,0
405,오프라인 매장에서 혜택받구 구매했어요!,"[ 0.0087738   0.02848816 -0.02882385 ... -0.01400757 -0.05838013
 -0.01846313]",2,"['오프라인', '매장', '혜택', '구매']",오프라인 매장 혜택 구매,2
406,오프라인 매장에서 직접 보고 구매해요,"[ 0.01095581  0.03585815 -0.01247406 ... -0.02017212 -0.03826904
 -0.00659561]",2,"['오프라인', '매장', '구매']",오프라인 매장 구매,2
407,오프라인에서 직접 눈으로 보고 견적내가면서 발품팔아 했어요,"[-0.00230217  0.03488159 -0.01056671 ... -0.0244751  -0.0383606
 -0.00814056]",2,"['오프라인', '견적', '내다', '발품', '팔다']",오프라인 견적 내다 발품 팔다,0
408,저는 오프라인 온라인 둘다 비교했는데 온라인이 훨씬 저렴해서 온라인에서 했습니당,"[-0.00311661  0.02099609 -0.03192139 ... -0.02868652 -0.02037048
 -0.00704193]",2,"['오프라인', '온라인', '비교', '온라인', '온라인']",오프라인 온라인 비교 온라인 온라인,0
409,오프라인에서 다품목 구매 할인 받았어용,"[ 0.01727295  0.016922   -0.03305054 ... -0.01224518 -0.04101562
 -0.01585388]",2,"['오프라인', '품목', '구매', '할인']",오프라인 품목 구매 할인,0
410,오프라인매장에서 다같이 묶으니까 할인많이되더라구용,"[ 0.01491547  0.03591919 -0.04150391 ...  0.00116539 -0.02882385
  0.01054382]",2,"['오프라인', '매장', '묶다', '할인']",오프라인 매장 묶다 할인,2
411,4-5개면 온라인이 더 싸요 ㅋㅋ 오프라인에서 좀 보고 제품명 검색해서 시키는게 싸요,"[-0.00043678  0.02723694 -0.02572632 ... -0.03933716 -0.00364685
  0.02478027]",2,"['온라인', '싸다', '오프라인', '제품명', '검색', '시키다', '싸다']",온라인 싸다 오프라인 제품명 검색 시키다 싸다,1
412,오프라인 신규매장 많이 가시는거 같아요:),"[ 0.01313019  0.01152802 -0.01528931 ... -0.02944946 -0.02307129
 -0.00206184]",2,"['오프라인', '신규', '매장']",오프라인 신규 매장,2
413,오프라인으로 했습니다. 직접 보는 거랑 사진으로만 보는 거랑 느낌이 확 다르더라구요,"[-0.00160599  0.03186035 -0.00583267 ... -0.02485657 -0.01574707
 -0.01159668]",2,"['오프라인', '사진', '느낌', '다르다']",오프라인 사진 느낌 다르다,0
414,우산 오프라인 매장 가서 견적받아보고 온라인이랑 비교해볼 예정입니다,"[ 0.00381279  0.03610229 -0.0094986  ... -0.01489258 -0.03065491
  0.00994873]",2,"['우산', '오프라인', '매장', '견적', '온라인', '비교', '예정']",우산 오프라인 매장 견적 온라인 비교 예정,0
415,오프라인에서 견적받고 비교해보시는거 추천드려요!,"[-0.01273346  0.03240967 -0.01773071 ... -0.04476929 -0.02934265
  0.00350761]",2,"['오프라인', '견적', '비교', '추천', '드리다']",오프라인 견적 비교 추천 드리다,0
416,저희는 온라인으로 구매했는데 잘 쓰고 있습니당,"[ 0.02142334  0.03915405 -0.04437256 ... -0.02722168 -0.03713989
 -0.00982666]",2,"['온라인', '구매', '쓰다']",온라인 구매 쓰다,1
417,온라인에서 최저가로 견적 내서 오프라인 간 다음에 온라인에서 사면 이정도더라- 더 싸게 되냐 하면 할인 더 많이해준다고 하더라구요ㅎㅎ,"[-0.01009369  0.02828979 -0.02552795 ... -0.03308105 -0.02278137
 -0.00962067]",2,"['온라인', '최저', '견적', '내다', '오프라인', '다음', '온라인', '사다', '싸다', '할인']",온라인 최저 견적 내다 오프라인 다음 온라인 사다 싸다 할인,0
418,오프라인 여러곳에서 견적받고 사려고요~!,"[-0.0037117   0.03915405 -0.02604675 ... -0.03123474 -0.03262329
 -0.01034546]",2,"['오프라인', '견적', '사다']",오프라인 견적 사다,0
419,저도 종류가 많지 않아서 온라인이요!,"[-0.01022339  0.01649475 -0.00984955 ... -0.02279663 -0.02488708
 -0.00775528]",2,"['종류', '많다', '온라인']",종류 많다 온라인,0
420,오프라인으로 가서 보고 한번에 사구 할인도 받을래요~,"[-0.00667572  0.03092957 -0.01826477 ... -0.02565002 -0.0308075
 -0.01100159]",2,"['오프라인', '사다', '할인']",오프라인 사다 할인,2
421,저는 온라인으로 했는데 오프라인으로 하면 할인 더 받을 수 있을 것 같아요,"[-0.00079775  0.01802063 -0.03198242 ... -0.02807617 -0.02764893
 -0.00898743]",2,"['온라인', '오프라인', '할인']",온라인 오프라인 할인,1
422,"저는 오프라인에서 견적받고, 이것저것 할인받아서 한번에 구매하려구요 온라인은 따로 알아보기도 힘들거같아요ㅠ","[-0.01238251  0.03271484 -0.02207947 ... -0.03994751 -0.03031921
  0.00053835]",2,"['오프라인', '견적', '이것저것', '할인', '구매', '온라인', '알아보다', '힘들다']",오프라인 견적 이것저것 할인 구매 온라인 알아보다 힘들다,0
423,저는 더 온라인으로 구매했어요 오프라인대비 가격차이많이나요,"[ 0.00248528  0.01687622 -0.03598022 ... -0.02804565 -0.03826904
 -0.01605225]",2,"['온라인', '구매', '오프라인', '대비', '가격', '차이']",온라인 구매 오프라인 대비 가격 차이,0
424,오프라인으로 많이 할인받고 캐시백 받아 샀어요,"[ 0.02597046  0.03088379 -0.03005981 ... -0.01363373 -0.03451538
 -0.01116943]",2,"['오프라인', '할인', '캐시백', '사다']",오프라인 할인 캐시백 사다,1
425,오프라인은 영업을 많이해서 온라인이요!,"[ 0.0042038   0.01657104 -0.01985168 ... -0.03713989 -0.02606201
 -0.0065918 ]",2,"['오프라인', '영업', '온라인']",오프라인 영업 온라인,1
426,저는 그냥 온라인으로 샀는데 살거 많지않으면 온라인도 괜찮을거같아요!,"[-0.0047226   0.00798798 -0.03024292 ... -0.02906799 -0.03488159
 -0.00534439]",2,"['온라인', '사다', '사다', '많다', '온라인', '괜찮다']",온라인 사다 사다 많다 온라인 괜찮다,1
427,가격 비교해보고 구매할 것 같아요 근데 오프라인은 할인이나 캐시백 이점이 있어서 잘 따져봐야 할 것 같아용ㅎㅎ,"[ 0.01194763  0.0120697  -0.02868652 ... -0.03546143 -0.02656555
  0.00376511]",2,"['가격', '비교', '구매', '오프라인', '할인', '캐시백', '점', '따지다']",가격 비교 구매 오프라인 할인 캐시백 점 따지다,0
428,"오프라인이 혜택이 더 있어서 오프라인에서 구매했는데,,, 정말 큰거 아니고 작은것들은 온라인으로도 구매했어요!","[-0.00275993  0.01896667 -0.0447998  ... -0.00841522 -0.0402832
 -0.03038025]",2,"['오프라인', '혜택', '오프라인', '구매', '크다', '작다', '온라인', '구매']",오프라인 혜택 오프라인 구매 크다 작다 온라인 구매,0
429,온라인 오프라인 둘 다 활용할거에요~!,"[ 0.00571823  0.01300049 -0.01907349 ... -0.01634216 -0.01794434
 -0.0089798 ]",2,"['온라인', '오프라인', '활용']",온라인 오프라인 활용,0
430,오프라인에서 추천해주시는 걸로 잘 구매했어요!,"[ 0.00405121  0.02328491 -0.0375061  ... -0.01343536 -0.03056335
 -0.02500916]",2,"['오프라인', '추천', '구매']",오프라인 추천 구매,0
431,온라인에서 가격 체크해놓고 오프라인가서 가격 비교해보고 결정하셔요 ~!,"[ 0.00419617  0.02233887 -0.03448486 ... -0.02954102 -0.02722168
 -0.00340652]",2,"['온라인', '가격', '체크', '오프라인', '가격', '비교', '결정']",온라인 가격 체크 오프라인 가격 비교 결정,0
432,오프라인발품팔아서 사면 혜택좋은곳 발견할수있어요,"[ 0.01390839  0.02853394 -0.04153442 ... -0.02742004 -0.03668213
 -0.01622009]",2,"['오프라인', '발품', '팔다', '사다', '혜택', '좋다', '발견']",오프라인 발품 팔다 사다 혜택 좋다 발견,0
433,저도 오프라인으로 알아보려구요! 발품 손품 다 팔아볼예정입니당,"[-0.01444244  0.0402832  -0.02334595 ... -0.02352905 -0.04031372
 -0.00758362]",2,"['오프라인', '알아보다', '팔다', '예정']",오프라인 알아보다 팔다 예정,0
434,마트입점오프라인으로 구매햇어요 할인 많이 받고 최신형은 아니지만 오히려 행사시기도 잘 맞춰서 좋았습니다,"[ 0.02436829  0.01341248 -0.04891968 ... -0.0219574  -0.04238892
 -0.0218811 ]",2,"['마트', '입점', '오프라인', '구매', '할인', '최신', '행사', '시기', '맞추다', '좋다']",마트 입점 오프라인 구매 할인 최신 행사 시기 맞추다 좋다,2
435,저는 오프라인으로 구매했어요! 만족합니다,"[ 0.00752258  0.01959229 -0.03961182 ... -0.02362061 -0.05014038
 -0.02023315]",2,"['오프라인', '구매', '만족']",오프라인 구매 만족,1
436,오프라인으로 여러 곳 가격 비교해보고 사려고용,"[ 0.01307678  0.02850342 -0.03326416 ... -0.02720642 -0.02282715
 -0.01795959]",2,"['오프라인', '가격', '비교', '사다']",오프라인 가격 비교 사다,0
437,오프라인으로 구매하는게 할인을 좀 더 많이 받을 수 있었던거 같아요.,"[ 0.01353455  0.03311157 -0.03555298 ... -0.02841187 -0.04348755
 -0.01701355]",2,"['오프라인', '구매', '할인']",오프라인 구매 할인,2
438,오프라인에서 해도 할인 많이 된다고 하더라고요,"[ 0.01128387  0.03518677 -0.03384399 ... -0.02275085 -0.02827454
 -0.00344658]",2,"['오프라인', '할인']",오프라인 할인,2
439,오프라인 매장에서 여러 곳 가격 비교하고 구매하니 할인을 많이 받았어요,"[ 0.02197266  0.03016663 -0.04046631 ... -0.0087204  -0.04360962
 -0.01302338]",2,"['오프라인', '매장', '가격', '비교', '구매', '할인']",오프라인 매장 가격 비교 구매 할인,0
440,많이사면 오프라인에서 사는게 훨 저렴해요,"[ 0.00060797  0.03253174 -0.02987671 ... -0.01950073 -0.02636719
  0.0083313 ]",2,"['사다', '오프라인', '사다', '저렴하다']",사다 오프라인 사다 저렴하다,1
441,저는 할인기간에 온라인으로 주문했습니다!,"[-0.00336075  0.02746582 -0.0188446  ... -0.01571655 -0.04660034
 -0.0164032 ]",2,"['할인', '기간', '온라인', '주문']",할인 기간 온라인 주문,1
442,견적비교해보고 선택할것같아요. 근데 지인분들 말씀들어보니 오프라인 더 추천하시더라구요,"[-0.00379753  0.02436829 -0.02757263 ... -0.04776001 -0.01846313
  0.00587845]",2,"['견적', '비교', '선택', '지인', '말씀', '오프라인', '추천']",견적 비교 선택 지인 말씀 오프라인 추천,0
443,저는 몇 품목 안 사서 온라인이요!,"[-0.00202942  0.01737976 -0.0305481  ... -0.02828979 -0.03872681
 -0.02107239]",2,"['품목', '사다', '온라인']",품목 사다 온라인,1
444,저희는 섞어서 구매했어용 큰 건 거의 오프라인!,"[ 0.02099609  0.04000854 -0.02337646 ... -0.00605392 -0.0480957
 -0.00616074]",2,"['섞다', '구매', '크다', '오프라인']",섞다 구매 크다 오프라인,1
445,가전 모두 오프라인으로 상담 후 온라인 핫딜로 최저가 구매 완료했답니당,"[ 0.01963806  0.02796936 -0.01163483 ... -0.01799011 -0.03823853
 -0.01107788]",2,"['가전', '오프라인', '상담', '온라인', '저가', '구매', '완료']",가전 오프라인 상담 온라인 저가 구매 완료,1
446,오프라인으로 가서 직접 보고 비교해보고 사는게 좋긴해요,"[ 0.01352692  0.0269928  -0.0164032  ... -0.03796387 -0.03134155
 -0.01204681]",2,"['오프라인', '비교', '사다', '좋다']",오프라인 비교 사다 좋다,0
447,오프라인이 좋긴하조 가격차이많이나면 온라인이요..,"[ 0.01779175  0.00883484 -0.03134155 ... -0.03900146 -0.03034973
 -0.0051651 ]",2,"['오프라인', '좋다', '가격', '차이', '온라인']",오프라인 좋다 가격 차이 온라인,0
448,여러개 구입하려면 오프라인에서 견적할인이요,"[ 0.01557159  0.0294342  -0.02983093 ... -0.02233887 -0.03778076
  0.00335503]",2,"['구입', '오프라인', '견적', '할인']",구입 오프라인 견적 할인,0
449,오프라인에서 견적받고 같은제품 온라인 공식매장에서 구매추천이요,"[ 0.00702286  0.02932739 -0.03405762 ... -0.025177   -0.02462769
 -0.01797485]",2,"['오프라인', '견적', '제품', '온라인', '공식', '매장', '구매', '추천']",오프라인 견적 제품 온라인 공식 매장 구매 추천,0
450,저는 온라인파라서 오프라인에서 보구 주문은 온라인으로 할거같아요~,"[-0.00619888  0.03292847 -0.01447296 ... -0.02259827 -0.04321289
 -0.01428986]",2,"['온라인', '오프라인', '주문', '온라인']",온라인 오프라인 주문 온라인,1
451,전 오프라인으로 견적받고 온라인 공식홈페이지 구매했어요!,"[ 0.00013399  0.03237915 -0.01991272 ... -0.025177   -0.05728149
 -0.00723648]",2,"['오프라인', '견적', '온라인', '공식', '홈페이지', '구매']",오프라인 견적 온라인 공식 홈페이지 구매,1
452,저는 온라인이요! 혜택 많이 받고용,"[ 0.00163555  0.02371216 -0.02590942 ... -0.02742004 -0.03707886
 -0.00382614]",2,"['온라인', '혜택']",온라인 혜택,0
453,저희는 온라인 오프라인 비교 후 오프라인으로 샀어요,"[ 0.01392365  0.02590942 -0.02340698 ... -0.02412415 -0.04043579
 -0.03244019]",2,"['온라인', '오프라인', '비교', '오프라인', '사다']",온라인 오프라인 비교 오프라인 사다,0
454,오프라인 온라이 비교해보고 오프라인에서 구매했어요,"[ 0.01216125  0.02949524 -0.02726746 ... -0.01571655 -0.02084351
 -0.02386475]",2,"['오프라인', '비교', '오프라인', '구매']",오프라인 비교 오프라인 구매,0
455,품목이 많고 한 브랜드에서 사면 오프라인 추천드려여!,"[ 0.01019287  0.0259552  -0.04238892 ... -0.01860046 -0.02990723
 -0.00778961]",2,"['품목', '많다', '브랜드', '사다', '오프라인', '추천', '드리다']",품목 많다 브랜드 사다 오프라인 추천 드리다,0
456,"오프라인, 온라인 둘 다 견적 받아보고 저렴한 곳에서 구매할 거 같아요!","[-0.00495911  0.03109741 -0.02262878 ... -0.0355835  -0.03845215
 -0.01068115]",2,"['오프라인', '온라인', '견적', '저렴하다', '구매']",오프라인 온라인 견적 저렴하다 구매,1
457,구매할게 확실하면 온라인도 괜찮을 것 같아요☺️,"[ 0.01669312  0.02796936 -0.02801514 ... -0.04205322 -0.03762817
 -0.01295471]",2,"['구매', '온라인', '괜찮다']",구매 온라인 괜찮다,1
458,오프라인으로 한꺼번에 사야 싸더라구요,"[ 0.00402451  0.04199219 -0.02377319 ... -0.01293945 -0.02886963
  0.00061417]",2,"['오프라인', '사다', '싸다']",오프라인 사다 싸다,1
459,저는 온라인 가격을 검색한뒤 방문해서 쇼부를 봤어요,"[ 0.01292419  0.01551819 -0.02729797 ... -0.03823853 -0.04025269
 -0.01855469]",2,"['온라인', '가격', '검색', '방문', '쇼부']",온라인 가격 검색 방문 쇼부,0
460,전 다시 되돌아간다면 오프라인 상담 받고 온라인 공홈에서 구매할래여 대신 ! 상품명 꼭 잘 확인하세요,"[-0.00918579  0.01128387 -0.03077698 ... -0.0375061  -0.02281189
 -0.00354576]",2,"['되돌아가다', '오프라인', '상담', '온라인', '구매', '대신', '상품명', '확인']",되돌아가다 오프라인 상담 온라인 구매 대신 상품명 확인,1
461,다양하게 비교해보셔요 저희는 온라인 오프라인 다 견적 받아보고 온라인에서 구매했어요,"[ 0.00949097  0.02984619 -0.02938843 ... -0.03659058 -0.03555298
 -0.00508499]",2,"['다양', '비교', '온라인', '오프라인', '견적', '온라인', '구매']",다양 비교 온라인 오프라인 견적 온라인 구매,0
462,오프라인 세군데 견적비교하고 다품목 할인받아 샀어요,"[ 0.01521301  0.02293396 -0.03726196 ... -0.01290131 -0.03598022
 -0.01947021]",2,"['오프라인', '견적', '비교', '품목', '할인', '사다']",오프라인 견적 비교 품목 할인 사다,0
463,오프라인으로 돌아다니면서 여러 업체 견적 확인하고 구매했어요~,"[ 0.0025959   0.03503418 -0.02032471 ... -0.02615356 -0.03857422
 -0.01039124]",2,"['오프라인', '돌아다니다', '업체', '견적', '확인', '구매']",오프라인 돌아다니다 업체 견적 확인 구매,1
464,검증된 템들 뭐 로보락이나 음쓰기는 온라인 구매했고 나머진 오프라인이요!,"[ 0.00712204  0.025177   -0.03613281 ... -0.03182983 -0.02891541
 -0.01812744]",2,"['검증', '로보', '쓰다', '온라인', '구매', '나머지', '오프라인']",검증 로보 쓰다 온라인 구매 나머지 오프라인,1
465,온라인이 더 저렴하고 여러가지 살거면 오프라인으로 할인 잘 받으면 된다고 하더라규요,"[ 0.0047226   0.04156494 -0.03735352 ... -0.01873779 -0.02687073
 -0.01597595]",2,"['온라인', '저렴하다', '살다', '오프라인', '할인']",온라인 저렴하다 살다 오프라인 할인,1
466,저는 견적을 여러곳을 방문했어서 오프라인으로 구매했어요!,"[-0.00436401  0.02928162 -0.03167725 ... -0.02281189 -0.05255127
 -0.01382446]",2,"['견적', '방문', '오프라인', '구매']",견적 방문 오프라인 구매,0
467,소량으로 사서 온라인으로 샀는데 괜찮게 잘 쓰고 있어요,"[ 0.00961304  0.03536987 -0.04144287 ... -0.02432251 -0.02581787
 -0.00463104]",2,"['소량', '사다', '온라인', '사다', '괜찮다', '쓰다']",소량 사다 온라인 사다 괜찮다 쓰다,1
468,전부다 새걸로 맞추시는거면 오프라인 추천드려요,"[ 0.01241302  0.0134201  -0.03610229 ... -0.02145386 -0.00811005
  0.00317764]",2,"['맞추다', '오프라인', '추천', '드리다']",맞추다 오프라인 추천 드리다,0
469,저라면 눈여겨본거 오프라인으로 직접 구경하고 가격 괜찮은지는 온라인에서 비교해보고 구매할려구요 !,"[-0.00026202  0.02708435 -0.02070618 ... -0.03323364 -0.02726746
 -0.01565552]",2,"['눈여기다', '오프라인', '구경', '가격', '괜찮다', '온라인', '비교', '구매']",눈여기다 오프라인 구경 가격 괜찮다 온라인 비교 구매,1
470,저는 온라인이 더 저렴해서 공홈에서 샀습니다!,"[-0.00719452  0.02546692 -0.02816772 ... -0.02137756 -0.04220581
 -0.01557922]",2,"['온라인', '저렴하다', '사다']",온라인 저렴하다 사다,1
471,저도 오프라인에서 사긴 했지만 막상 사놓고 보니 온라인에서 저렴하게 샀어도 됐겠다 싶었어요 ㅋㅋ,"[-0.00930786  0.03482056 -0.02958679 ... -0.02038574 -0.03662109
 -0.00606537]",2,"['오프라인', '사다', '사다', '온라인', '저렴하다', '사다']",오프라인 사다 사다 온라인 저렴하다 사다,1
472,한두개만 사셔도 되는거면 온라인 괜찮은데 품목 많으면 오프라인이 더 나아요!,"[ 0.00203133  0.01307678 -0.03988647 ... -0.02813721 -0.02635193
 -0.00309563]",2,"['사다', '온라인', '괜찮다', '품목', '많다', '오프라인']",사다 온라인 괜찮다 품목 많다 오프라인,1
473,저도 여러 곳 견적 비교하고 최종적으로 온라인에서 구매했어요,"[ 0.00216103  0.02903748 -0.02435303 ... -0.03192139 -0.04403687
 -0.00624466]",2,"['견적', '비교', '최종', '온라인', '구매']",견적 비교 최종 온라인 구매,0
474,품목이 적으시면 온라인 많다면 오프라인이요,"[ 0.00107288  0.0075531  -0.02919006 ... -0.04415894 -0.02319336
 -0.00020397]",2,"['품목', '적다', '온라인', '많다', '오프라인']",품목 적다 온라인 많다 오프라인,0
475,저도 고민이긴한데 가격 차이가 많이나서 온라인이랑 오프라인 둘 다 비교해봐야 할 것 같아요ㅠㅠ,"[-0.00470352  0.01750183 -0.02520752 ... -0.03634644 -0.02479553
  0.00189209]",2,"['고민', '가격', '차이', '온라인', '오프라인', '비교']",고민 가격 차이 온라인 오프라인 비교,0
476,온라인 오프라인 가격 비교 해보고 더 저렴한 데서 구매하려구요!,"[ 0.00052547  0.03411865 -0.02928162 ... -0.02438354 -0.03012085
 -0.0226593 ]",2,"['온라인', '오프라인', '가격', '비교', '저렴하다', '구매']",온라인 오프라인 가격 비교 저렴하다 구매,0
477,온라인 가격을 기준으로 비교해보고 오프라인 구매하려 합니다,"[ 0.01398468  0.02629089 -0.03277588 ... -0.01747131 -0.03601074
 -0.02462769]",2,"['온라인', '가격', '기준', '비교', '오프라인', '구매']",온라인 가격 기준 비교 오프라인 구매,0
478,온라인 오프라인 다 비교하고 오프라인에서 구매했어요,"[ 0.01544952  0.02026367 -0.02854919 ... -0.01461029 -0.04019165
 -0.02056885]",2,"['온라인', '오프라인', '비교', '오프라인', '구매']",온라인 오프라인 비교 오프라인 구매,0
479,저는 오프라인에서 한번에 다 구매했어요 ㅎㅎ 같은시간과 같은날에 한번에 쫘악들어와서 편하더라구요,"[ 0.00140572  0.0150528  -0.02204895 ... -0.02067566 -0.02912903
  0.00188732]",2,"['오프라인', '구매', '시간', '들어오다', '편하다']",오프라인 구매 시간 들어오다 편하다,1
480,저희는 오프라인 여러군데서 견적받고 결국 온라인에서 더 저렴한 모델로 구입했어요!,"[-0.00608826  0.0413208  -0.03179932 ... -0.01773071 -0.04205322
 -0.01573181]",2,"['오프라인', '견적', '온라인', '저렴하다', '모델', '구입']",오프라인 견적 온라인 저렴하다 모델 구입,1
481,저는 오프라인으로 발품 팔아서 오픈매장 찾아서 했어요 !,"[-0.00202751  0.0166626  -0.01690674 ... -0.02258301 -0.04690552
 -0.02653503]",2,"['오프라인', '발품', '팔다', '오픈', '매장', '찾다']",오프라인 발품 팔다 오픈 매장 찾다,0
482,오프라인으로 일단 상담받아보고 생각해보려구영,"[-0.00489807  0.02552795 -0.01062775 ... -0.03887939  0.00278473
 -0.01157379]",2,"['오프라인', '상담', '생각']",오프라인 상담 생각,0
483,오프라인에 저렴하게 이벤트 하는 곳 찾아서 하려구요,"[ 0.00057316  0.020401   -0.01942444 ... -0.02839661 -0.02716064
 -0.02587891]",2,"['오프라인', '저렴하다', '이벤트', '찾다']",오프라인 저렴하다 이벤트 찾다,1
484,저는 온라인 할인 받을 수 있어서 온라인으로 했어용,"[ 0.01159668  0.02760315 -0.02474976 ... -0.02572632 -0.03019714
 -0.01527405]",2,"['온라인', '할인', '온라인']",온라인 할인 온라인,1
485,오프라인에서 오픈매장 같은곳 가시면 혜택 엄청 받을 수있어요,"[ 0.02012634  0.02859497 -0.02734375 ... -0.02961731 -0.03475952
 -0.01663208]",2,"['오프라인', '오픈', '매장', '혜택']",오프라인 오픈 매장 혜택,2
486,오프라인으로 알아보고 가격차이가 나면 구매는 온라인으로 하는 게 좋을 것 같아요 ㅎㅎ,"[-0.002388    0.02632141 -0.02697754 ... -0.03265381 -0.02737427
 -0.00883484]",2,"['오프라인', '알아보다', '가격', '차이', '구매', '온라인', '좋다']",오프라인 알아보다 가격 차이 구매 온라인 좋다,0
487,오프라인으로 스팩 비교하고 온라인에서 제일 싼거 샀어요 ㅎㅎ,"[-0.00032449  0.03405762 -0.02601624 ... -0.01998901 -0.03274536
 -0.00458527]",2,"['오프라인', '스팩', '비교', '온라인', '싸다', '사다']",오프라인 스팩 비교 온라인 싸다 사다,1
488,오프라인도 견적받아봤는데 온라인견적이괜찮아서 온라인에서 구매했어요,"[-0.00327492  0.02912903 -0.03482056 ... -0.02067566 -0.04257202
 -0.01464081]",2,"['오프라인', '견적', '온라인', '견적', '괜찮다', '온라인', '구매']",오프라인 견적 온라인 견적 괜찮다 온라인 구매,0
489,저희는 최대한 발품팔면서 오프라인으로 알아보려구요!,"[-0.00648499  0.04205322 -0.01056671 ... -0.02804565 -0.04443359
 -0.01524353]",2,"['발품', '팔다', '오프라인', '알아보다']",발품 팔다 오프라인 알아보다,0
490,오프라인 그랜드오픈으로 알아보려고 해용,"[ 0.00688171  0.02468872 -0.01731873 ... -0.02053833 -0.02212524
 -0.0151062 ]",2,"['오프라인', '그랜드', '오픈']",오프라인 그랜드 오픈,2
491,오프라인으로 큰것만 사고 자잘한건 온라인으로 발품팔아서 살 예정입니다!,"[-0.01332092  0.03713989 -0.02464294 ... -0.01026154 -0.03979492
 -0.01353455]",2,"['오프라인', '크다', '사다', '자잘하다', '온라인', '발품', '팔다', '살다', '예정']",오프라인 크다 사다 자잘하다 온라인 발품 팔다 살다 예정,1
492,낱개로 살거면 온라인이 싸고 한꺼번에 여러개 묶어서 살거면 오프라인이 좋은거같아요,"[ 0.00772476  0.01776123 -0.03753662 ... -0.03170776 -0.03912354
  0.01506042]",2,"['낱개', '사다', '온라인', '싸다', '묶다', '살다', '오프라인', '좋다']",낱개 사다 온라인 싸다 묶다 살다 오프라인 좋다,1
493,온라인이 싸다고 해서 온라인도 알아보고 오프라인도 알아보려구용,"[-0.00381279  0.02857971 -0.02560425 ... -0.02478027 -0.0063858
 -0.01316833]",2,"['온라인', '싸다', '온라인', '알아보다', '오프라인']",온라인 싸다 온라인 알아보다 오프라인,1
494,저희는 가격 알아보고 오프라인으로 구매했어요!,"[ 0.01103973  0.03677368 -0.02738953 ... -0.01330566 -0.04296875
 -0.02096558]",2,"['가격', '알아보다', '오프라인', '구매']",가격 알아보다 오프라인 구매,0
495,저는 집이 작아서 온라인으로 하나씩 주문해보려구요,"[-0.00430679  0.05157471 -0.00955963 ... -0.03530884 -0.05026245
 -0.00093031]",2,"['작다', '온라인', '주문']",작다 온라인 주문,1
496,"진짜 직접 발품팔아서, 온라인으로 구매해도 될듯해요 !","[-0.00260544  0.03649902 -0.01509857 ... -0.03475952 -0.04232788
  0.00110245]",2,"['발품', '팔다', '온라인', '구매']",발품 팔다 온라인 구매,0
497,오프라인으로 직접 보고 만져보고 한번에 벌크바이할래요!,"[-0.00635529  0.03762817 -0.00660324 ... -0.03216553 -0.0295105
 -0.00563431]",2,"['오프라인', '만지다', '벌크', '바이']",오프라인 만지다 벌크 바이,0
498,"사려는 구성이 많으면 오프라인, 많지않으면 온라인이 괜찮을 것같아요","[ 0.00204277  0.00435638 -0.02703857 ... -0.03034973 -0.01464081
 -0.00734329]",2,"['사다', '구성', '많다', '오프라인', '많다', '온라인', '괜찮다']",사다 구성 많다 오프라인 많다 온라인 괜찮다,1
499,"1,2개정도면 오프라인, 4개 이상이면 백화점이 이득이래욤~","[ 0.00920105  0.01425934 -0.03405762 ... -0.03744507 -0.02970886
  0.01846313]",2,"['오프라인', '이상', '백화점', '이득']",오프라인 이상 백화점 이득,1
500,저는 한 곳에서 계약해서 오프라인 혜택 많이 받앗어요!,"[ 0.00805664  0.03283691 -0.02983093 ... -0.01634216 -0.04571533
 -0.0171814 ]",2,"['계약', '오프라인', '혜택']",계약 오프라인 혜택,0
501,그정도면 오프라인에서 혜택 충분히 받으실거에요,"[ 0.0127182   0.02961731 -0.02305603 ... -0.01802063 -0.02442932
 -0.00174332]",2,"['오프라인', '혜택']",오프라인 혜택,0
502,저는 온라인 최저가랑 매장 견적가 비교해보고 사려구용,"[ 0.01354218  0.0216217  -0.02711487 ... -0.03231812 -0.04046631
 -0.00249863]",2,"['온라인', '최저', '매장', '견적', '비교', '사다']",온라인 최저 매장 견적 비교 사다,0
503,오프라인에서 상담받고 계약하려구용,"[ 0.00114536  0.03326416 -0.01521301 ... -0.03353882 -0.00966644
 -0.01221466]",2,"['오프라인', '상담', '계약']",오프라인 상담 계약,0
504,오프라인 여러군데 다닌다음에 가장 저렴한곳에서 했어요 ㅎㅎ,"[ 0.00450134  0.02330017 -0.01869202 ... -0.02424622 -0.02084351
 -0.01034546]",2,"['오프라인', '다니다', '다음', '저렴하다']",오프라인 다니다 다음 저렴하다,0
505,오프라인에서 견적 받아서 진행하려구요,"[-0.00011796  0.03829956 -0.0239563  ... -0.03295898 -0.02807617
 -0.00536728]",2,"['오프라인', '견적', '진행']",오프라인 견적 진행,0
506,"온라인 오프라인 다 비교해보고, 오프라인이 더 나을 것 같아서 오프라인으로 햇어요","[ 0.0135498   0.01707458 -0.02226257 ... -0.03167725 -0.01852417
 -0.0135498 ]",2,"['온라인', '오프라인', '비교', '오프라인', '오프라인']",온라인 오프라인 비교 오프라인 오프라인,0
507,오프라인으로 발품 팔아서 비교 할 거에용!,"[-0.00632095  0.02861023 -0.01589966 ... -0.03155518 -0.04562378
 -0.01465607]",2,"['오프라인', '발품', '팔다', '비교']",오프라인 발품 팔다 비교,0
508,오프라인이 혜택 더 좋을거같아서 오프라인으로 하려구요!,"[ 0.00349426  0.02783203 -0.0324707  ... -0.02737427 -0.02845764
 -0.00955963]",2,"['오프라인', '혜택', '좋다', '오프라인']",오프라인 혜택 좋다 오프라인,0
509,"단품이면 온라인도 괜찮을 것 같아요, 오프라인으로 보고 온 뒤 가격비교하고요!","[-0.00287437  0.02186584 -0.02992249 ... -0.02770996 -0.03564453
 -0.00317764]",2,"['온라인', '괜찮다', '오프라인', '가격', '비교']",온라인 괜찮다 오프라인 가격 비교,0
510,발품 팔아서 오프라인 견적 받고 온라인으로도 알아보고 더 싼곳에서 하려구요!,"[-0.01747131  0.04269409 -0.02124023 ... -0.03927612 -0.03237915
 -0.00437546]",2,"['발품', '팔다', '오프라인', '견적', '온라인', '알아보다', '싸다']",발품 팔다 오프라인 견적 온라인 알아보다 싸다,0
511,오프라인 보고 온라인으로 사면 좋을거같아요!,"[-0.00700378  0.0246582  -0.03149414 ... -0.02671814 -0.03186035
 -0.01433563]",2,"['오프라인', '온라인', '사다', '좋다']",오프라인 온라인 사다 좋다,1
512,온라인도 싸긴한데 오프라인에서 한 번에 다 샀어요!,"[-0.00437927  0.03884888 -0.03942871 ... -0.00222015 -0.04748535
 -0.00123119]",2,"['온라인', '싸다', '오프라인', '사다']",온라인 싸다 오프라인 사다,1
513,저는 오프라인으로 샀는데 온라인도 괜찮아보여요!,"[ 0.00024271  0.01438141 -0.03839111 ... -0.01585388 -0.03430176
 -0.01647949]",2,"['오프라인', '사다', '온라인', '괜찮다', '보이다']",오프라인 사다 온라인 괜찮다 보이다,1
514,저흰 한꺼번에 구매하는건 아니었어서 온라인으로 최저가 보고사거나 했던거같아요,"[ 0.01052856  0.01713562 -0.02600098 ... -0.02772522 -0.03677368
 -0.00574875]",2,"['구매', '온라인', '최저', '사다']",구매 온라인 최저 사다,1
515,저희는 온라인으로 했어요 ㅎㅎ,"[ 0.00634384  0.02920532  0.00278091 ... -0.02664185 -0.02433777
 -0.00423431]",2,['온라인'],온라인,1
516,저는 오프라인으로 돌아다니면서 삿어요,"[ 0.00130177  0.02615356 -0.019104   ... -0.01687622 -0.02073669
 -0.01774597]",2,"['오프라인', '돌아다니다', '사다']",오프라인 돌아다니다 사다,0
517,갖고싶은 브랜드가 다 달라서 온라인이 더 저렴했어요 ! 온라인 추천드립니다 ~,"[-0.00134659  0.03411865 -0.0411377  ... -0.01832581 -0.02288818
 -0.01620483]",2,"['갖다', '브랜드', '다르다', '온라인', '저렴하다', '온라인', '추천', '드리다']",갖다 브랜드 다르다 온라인 저렴하다 온라인 추천 드리다,0
518,온라인으로 대부분샀던것 같습니다,"[ 0.01287079  0.02218628 -0.02738953 ... -0.02540588 -0.03421021
 -0.01622009]",2,"['온라인', '부분', '사다']",온라인 부분 사다,1
519,온라인으로 구매 했어요. 오프라인에서 보구요.,"[ 0.0044136   0.0206604  -0.03060913 ... -0.02494812 -0.04278564
 -0.02331543]",2,"['온라인', '구매', '오프라인']",온라인 구매 오프라인,1
520,"전 온,오프라인 두개 다 찾아보고 온라인으로 구매했어요","[ 0.01138306  0.01901245 -0.02941895 ... -0.01477814 -0.03616333
 -0.01246643]",2,"['오프라인', '찾아보다', '온라인', '구매']",오프라인 찾아보다 온라인 구매,1
521,오프라인에 혜택이 괜찮을거 같은데요~!?,"[ 0.01570129  0.02812195 -0.03302002 ... -0.02200317 -0.02824402
 -0.01140594]",2,"['오프라인', '혜택', '괜찮다']",오프라인 혜택 괜찮다,0
522,오프라인에서 발품팔아서 사려구해용,"[-0.00975037  0.03149414 -0.01560974 ... -0.02574158 -0.03112793
 -0.01538086]",2,"['오프라인', '발품', '팔다', '사다']",오프라인 발품 팔다 사다,0
523,그래도 직접 보고 사는게 좋을 거 같아서 오프라인 추천드려요,"[ 0.00590897  0.02630615 -0.02197266 ... -0.03475952 -0.02886963
 -0.00775909]",2,"['사다', '좋다', '오프라인', '추천', '드리다']",사다 좋다 오프라인 추천 드리다,0
524,온라인 오프라인 비교해보고 구매할 것 같아요,"[ 0.0171051   0.02284241 -0.0219574  ... -0.02833557 -0.03659058
 -0.02267456]",2,"['온라인', '오프라인', '비교', '구매']",온라인 오프라인 비교 구매,0
525,오프라인으로 했고 삼성에서 견적받았어요,"[ 0.00375175  0.03094482 -0.03540039 ... -0.02288818 -0.0294342
 -0.00751877]",2,"['오프라인', '삼성', '견적']",오프라인 삼성 견적,0
526,오프라인으로 보러다닐것 같아요,"[ 0.0074234   0.03140259 -0.00152016 ... -0.0231781  -0.01774597
 -0.00338173]",2,"['오프라인', '다니다']",오프라인 다니다,0
527,오프라인에서 보고 온라인에서 구매했어여 임직원이라,"[-0.00365448  0.01837158 -0.03533936 ... -0.00817108 -0.04794312
 -0.01358032]",2,"['오프라인', '온라인', '구매', '임직원']",오프라인 온라인 구매 임직원,1
528,오프라인 행사가가 커서 오프라인에서 했습니다,"[ 0.02938843  0.03283691 -0.03622437 ... -0.00485992 -0.02246094
 -0.01424408]",2,"['오프라인', '행사', '크다', '오프라인']",오프라인 행사 크다 오프라인,2
529,먼저 오프라인 가서 가격 비교를 해보고 어느 채널에서 구매할지 결정하는 게 좋은 것 같습니다!,"[ 0.01179504  0.02133179 -0.02462769 ... -0.02734375 -0.02592468
 -0.00561905]",2,"['오프라인', '가격', '비교', '채널', '구매', '결정', '좋다']",오프라인 가격 비교 채널 구매 결정 좋다,0
530,저는 베스트샵에서 구매했어요,"[ 0.02659607 -0.00363541 -0.03259277 ... -0.0229187  -0.04742432
 -0.00129128]",2,"['베스트', '구매']",베스트 구매,2
531,5개 이상만 되어도 오프라인에서 혼수할인받는게 나은 것 같더라구요,"[ 0.01651001  0.02178955 -0.03019714 ... -0.01811218 -0.02627563
  0.02355957]",2,"['이상', '오프라인', '혼수', '할인']",이상 오프라인 혼수 할인,2
532,온라인보다는 그래도 오프라인에서 확인하면서 사는게 나은거 같아요,"[ 0.00440598  0.01835632 -0.01721191 ... -0.03038025 -0.03161621
 -0.01980591]",2,"['온라인', '오프라인', '확인', '사다']",온라인 오프라인 확인 사다,1
533,온라인 보다는 가서 보는게 더 좋는 것 같어요,"[ 0.00950623  0.02838135 -0.01267242 ... -0.02809143 -0.01956177
 -0.00660706]",2,"['온라인', '좋다']",온라인 좋다,0
534,오프라인으로 가격알아보고 한번에 사는게 싸더라구요!,"[-0.00217628  0.04071045 -0.02323914 ... -0.01580811 -0.02854919
 -0.01174927]",2,"['오프라인', '가격', '알아보다', '사다', '싸다']",오프라인 가격 알아보다 사다 싸다,0
535,오프라인에서 할인받아사는게 더 싸다고하더라고요!,"[-0.00348663  0.03970337 -0.03125    ... -0.01771545 -0.03961182
 -0.0154953 ]",2,"['오프라인', '할인', '사다', '싸다']",오프라인 할인 사다 싸다,2
536,저는 둘다 비교해보고 온라인으로 샀어용!,"[ 0.00218964  0.00543976 -0.02523804 ... -0.0369873  -0.03625488
 -0.01274109]",2,"['비교', '온라인', '사다']",비교 온라인 사다,1
537,"여러개 묶어서 사면 오프라인, 몇개 안되는 것 같으면 온라인으로 할 예정이에요 !","[-0.00511551  0.02624512 -0.02842712 ... -0.01324463 -0.0328064
 -0.00128937]",2,"['묶다', '사다', '오프라인', '온라인', '예정']",묶다 사다 오프라인 온라인 예정,1
538,저희는 온라인으로 주문했습니다,"[ 0.01021576  0.04110718  0.00252914 ... -0.0223999  -0.0390625
 -0.01268768]",2,"['온라인', '주문']",온라인 주문,1
539,온라인 손품 파는게 훨씬 이득이에요,"[-0.00329971  0.04354858 -0.02601624 ... -0.03167725 -0.03045654
 -0.00738525]",2,"['온라인', '파', '이득']",온라인 파 이득,1
540,오프라인에서 마니사고 할인받았어요,"[ 0.0111618   0.02127075 -0.01724243 ... -0.01963806 -0.03091431
 -0.01895142]",2,"['오프라인', '말', '사고', '할인']",오프라인 말 사고 할인,0
541,구매 품목이 4개이상 정도면 오프라인이 나을 수 있을 거 같아요 혼수할인이 꽤 들어가서 양쪽 다 견적 내보시고 현명한 선택하세요~,"[ 0.03265381  0.0083847  -0.03381348 ... -0.03240967 -0.03442383
  0.00735092]",2,"['구매', '품목', '이상', '오프라인', '혼수', '할인', '들어가다', '양쪽', '견적', '내다', '현명', '선택']",구매 품목 이상 오프라인 혼수 할인 들어가다 양쪽 견적 내다 현명 선택,0
542,다 사야하면 오프라인에서 할인받고 상품권받으세영,"[ 0.00744629  0.02804565 -0.03625488 ... -0.01852417 -0.03753662
  0.01085663]",2,"['사다', '오프라인', '할인', '상품']",사다 오프라인 할인 상품,2
543,오프라인 몇군데 돌아보고 온라인으로 사려구요,"[-0.00178719  0.03201294 -0.0254364  ... -0.03384399 -0.02294922
 -0.0191803 ]",2,"['오프라인', '돌아보다', '온라인', '사다']",오프라인 돌아보다 온라인 사다,1
544,음 많이사면 오프라인 적다면 온라인이용,"[ 0.00419998  0.01673889 -0.02272034 ... -0.02223206 -0.02052307
  0.00026369]",2,"['사다', '오프라인', '적다', '온라인']",사다 오프라인 적다 온라인,1
545,오프라인에서 보고 계약했어요,"[ 0.00339127  0.03308105 -0.010849   ... -0.01065063 -0.02452087
 -0.02206421]",2,"['오프라인', '계약']",오프라인 계약,0
546,여러개사면 오프라인이 더 저렴해요 여러곳 방문해서 비교견적해보세요,"[ 0.00811768  0.02574158 -0.03414917 ... -0.03625488 -0.01858521
  0.01185608]",2,"['사다', '오프라인', '저렴하다', '방문', '비교', '견적']",사다 오프라인 저렴하다 방문 비교 견적,0
547,저는 오프라인으로 진행했어오 할인받았어용,"[ 0.00644684  0.01756287 -0.0335083  ... -0.02235413 -0.02970886
 -0.00965118]",2,"['오프라인', '진행', '할인']",오프라인 진행 할인,0
548,오프라인에서 보고 사기용,"[-0.00623322  0.0350647  -0.0124054  ... -0.01686096 -0.00048399
 -0.01902771]",2,"['오프라인', '사기']",오프라인 사기,1
549,직접 가서 보고 흥정도 하고 오프라인으로,"[ 0.01331329  0.02781677  0.00076866 ... -0.02601624 -0.01490021
 -0.01007843]",2,"['흥정', '오프라인']",흥정 오프라인,0
550,오프라인으로 견적 비교 하면서 다니는게 좋은 것 같더라구요,"[ 0.00075912  0.03845215 -0.01792908 ... -0.03573608 -0.02790833
 -0.00141907]",2,"['오프라인', '견적', '비교', '다니다', '좋다']",오프라인 견적 비교 다니다 좋다,0
551,저희는 오프라인 돌아다니면서 비교해보고 샀어요!,"[ 0.00379753  0.02357483 -0.02032471 ... -0.02455139 -0.03942871
 -0.01994324]",2,"['오프라인', '돌아다니다', '비교', '사다']",오프라인 돌아다니다 비교 사다,0
552,다들 오프라인으로 하는 걸 추천하셧어요,"[ 0.00559998  0.03869629 -0.01576233 ... -0.02253723 -0.01145172
 -0.00218201]",2,"['오프라인', '추천']",오프라인 추천,0
553,저는 온라인 임직원몰에서 햇어요,"[ 0.001544    0.01603699 -0.02357483 ... -0.01727295 -0.04632568
 -0.00475311]",2,"['온라인', '임직원']",온라인 임직원,1
554,오프라인에서 한번에 여러가지상품사는게 더 싸요,"[ 0.01151276  0.04327393 -0.03503418 ... -0.01565552 -0.02354431
 -0.01538086]",2,"['오프라인', '상품', '사다', '싸다']",오프라인 상품 사다 싸다,1
555,오프라인으로 구매했어요 혜택도있구요,"[ 0.01392365  0.03120422 -0.03540039 ... -0.01580811 -0.04400635
 -0.01508331]",2,"['오프라인', '구매', '혜택']",오프라인 구매 혜택,0
556,온라인으로 각각 최저가 비교해서요,"[ 0.01359558  0.02435303 -0.01145935 ... -0.02680969 -0.025177
 -0.01081085]",2,"['온라인', '최저', '비교']",온라인 최저 비교,0
557,요새 오프라인 견적받으러 돌아다녀봤는데 확실히 품목 늘어날수록 할인이 좋은 것 같아여,"[ 0.00998688  0.02958679 -0.02815247 ... -0.03302002 -0.02876282
  0.01617432]",2,"['오프라인', '견적', '돌아다니다', '품목', '늘어나다', '할인', '좋다']",오프라인 견적 돌아다니다 품목 늘어나다 할인 좋다,0
558,오프라인으로 비교해 보고 준비했습니당,"[ 0.01698303  0.02233887 -0.01603699 ... -0.01448822 -0.0158844
 -0.01603699]",2,"['오프라인', '비교', '준비']",오프라인 비교 준비,0
559,대부분 오프라인에서 샀어여,"[ 0.00870514  0.02328491 -0.02763367 ... -0.01989746 -0.03216553
 -0.01474762]",2,"['부분', '오프라인', '사다']",부분 오프라인 사다,1
560,오프라인으로 한꺼번에 묶어서 구매 할래영,"[ 0.0105896   0.04598999 -0.01860046 ... -0.01651001 -0.03613281
 -0.00506592]",2,"['오프라인', '묶다', '구매']",오프라인 묶다 구매,1
561,다품목은 오프라인이 저렴해서 오프라인으로 구매했어요,"[ 0.0089035   0.01681519 -0.03579712 ... -0.00955963 -0.04437256
 -0.0161438 ]",2,"['품목', '오프라인', '오프라인', '구매']",품목 오프라인 오프라인 구매,0
562,온라인으로도 많이 알아봤어요,"[ 0.01896667  0.02772522 -0.00553131 ... -0.02546692 -0.01875305
 -0.00424957]",2,"['온라인', '알아보다']",온라인 알아보다,0
563,저도 온라인으로 알아봤다가 오프라인으로 한번에사는게 할인율이 더 들어가서 오프라인에서 샀어요,"[-0.00395203  0.02523804 -0.02885437 ... -0.01901245 -0.02928162
 -0.00952148]",2,"['온라인', '알아보다', '오프라인', '사다', '할인', '들어가다', '오프라인', '사다']",온라인 알아보다 오프라인 사다 할인 들어가다 오프라인 사다,2
564,오프라인으로 알아봤어요,"[ 0.02020264  0.02790833 -0.00958252 ... -0.01869202 -0.01293182
 -0.02023315]",2,"['오프라인', '알아보다']",오프라인 알아보다,0
565,저희는 오프라인으로 매장 가서 구입했어요,"[ 0.02281189  0.02853394 -0.01622009 ... -0.01719666 -0.050354
 -0.01459503]",2,"['오프라인', '매장', '구입']",오프라인 매장 구입,1
566,백화점 혜택도 챙길겸 카드 만들어서 오프라인으로 했어요 온라인도 같은 모델로 가격이 좋다면 괜찮은거 같아요,"[ 0.00182915  0.02088928 -0.04269409 ... -0.02212524 -0.03158569
 -0.00745392]",2,"['백화점', '혜택', '챙기다', '카드', '만들다', '오프라인', '온라인', '모델', '가격', '좋다', '괜찮다']",백화점 혜택 챙기다 카드 만들다 오프라인 온라인 모델 가격 좋다 괜찮다,0
567,설치나 해패콜은 똑같을텐데 사은품이나 이런걸 오프라인에 더 챙겨주지 않나 싶어요,"[ 0.00581741  0.0102005  -0.02015686 ... -0.03366089 -0.03726196
  0.01163483]",2,"['설치', '해패콜', '똑같다', '사은품', '오프라인', '챙기다']",설치 해패콜 똑같다 사은품 오프라인 챙기다,2
568,다품목이면 오프라인이 낫고 몇가지만 사시려면 인터넷이 저렴해요,"[-0.00067377  0.01745605 -0.0284729  ... -0.03744507 -0.02990723
 -0.00691605]",2,"['품목', '오프라인', '사다', '인터넷', '저렴하다']",품목 오프라인 사다 인터넷 저렴하다,2
569,일단 오프라인에서 보고 혜택이랑 비교해서 할 것 같아요,"[ 0.01075745  0.02461243 -0.0158844  ... -0.02809143 -0.02510071
 -0.02360535]",2,"['오프라인', '혜택', '비교']",오프라인 혜택 비교,0
570,일단 여기저기 돌아다니며 발품팔아야한다고 하더라도요ㅠㅡㅠ,"[-0.00651169  0.03182983 -0.00099945 ... -0.04690552 -0.03308105
  0.00826263]",2,"['여기저기', '돌아다니다', '발품', '팔다']",여기저기 돌아다니다 발품 팔다,0
571,품목이 작아서 오프라인 이요,"[ 0.00738907  0.03640747 -0.02191162 ... -0.01679993 -0.02096558
 -0.01850891]",2,"['품목', '작다', '오프라인']",품목 작다 오프라인,0
572,저는 온라인에서 근야 최저견적 냈어요 ㅠ,"[-0.02056885  0.02166748 -0.01187897 ... -0.02653503 -0.03010559
 -0.01712036]",2,"['온라인', '최저', '견적', '내다']",온라인 최저 견적 내다,0
573,"품목이 많으면 오프라인, 아니면 온라인이 저렴하더라구요.","[ 0.00058842  0.01251221 -0.03062439 ... -0.02340698 -0.02883911
 -0.00135803]",2,"['품목', '많다', '오프라인', '온라인']",품목 많다 오프라인 온라인,0
574,온라인에서 사면 제조일자?인가 무튼 그게 오프라인보다 전이라고 하더라고용,"[ 0.00229836  0.02149963 -0.04031372 ... -0.02294922 -0.02336121
 -0.03044128]",2,"['온라인', '사다', '제조', '일자', '무트', '오프라인']",온라인 사다 제조 일자 무트 오프라인,2
575,4개이상이면 오프라인 혜택 비교해서 사고 단품목일땐 온라인이 국룰이더라구여 ㅎㅎ,"[ 0.00147247  0.01802063 -0.02133179 ... -0.02319336 -0.02403259
 -0.00203705]",2,"['이상', '오프라인', '혜택', '비교', '사다', '달다', '품목', '온라인']",이상 오프라인 혜택 비교 사다 달다 품목 온라인,0
576,"몰랐는데 이렇게 하나 또 배워갑니다,,,단품목은 온라인,,,!","[ 0.00617981  0.01846313 -0.02619934 ... -0.03485107 -0.02845764
 -0.00503922]",2,"['배우', '달다', '품목', '온라인']",배우 달다 품목 온라인,0
577,"구독 제휴카드할인은 온라인,오프라인 동일하고 구독료는 좀 차이나는거 같아요 오프매장 견적받아 비교해보서요 상담은 무료니깐요","[-0.00782013  0.01696777 -0.02424622 ... -0.03347778 -0.03787231
  0.01340485]",2,"['구독', '제휴', '카드', '할인', '온라인', '오프라인', '동일', '구독료', '차이', '오프', '매장', '견적', '비교', '상담', '무료']",구독 제휴 카드 할인 온라인 오프라인 동일 구독료 차이 오프 매장 견적 비교 상담 무료,0
578,오프라인으로 보고 가격으로 결정하려구요 ㅎㅎ,"[-0.00151062  0.03044128 -0.02461243 ... -0.02806091 -0.01747131
 -0.00529099]",2,"['오프라인', '가격', '결정']",오프라인 가격 결정,0
579,오프라인으로 한 번에 묶어서 구매하려다가 온라인 보니까 온라인으로 구매했어요,"[ 0.00778961  0.03189087 -0.02137756 ... -0.00594711 -0.03799438
 -0.01579285]",2,"['오프라인', '묶다', '구매', '온라인', '온라인', '구매']",오프라인 묶다 구매 온라인 온라인 구매,1
580,"오늘 백화점 매니저님께 차이가 뭐냐고 여쭈니 고급형은 백화점으로 보급형은 인터넷과 로드샵으로 간다고 하네요 사야하는 갯수가 많으면 오프가 맞고, 한두개면 온라인으로 가성비구매가 나을수도 있대요","[ 0.00823212  0.0199585  -0.03753662 ... -0.02874756 -0.02705383
  0.00946808]",2,"['백화점', '매니저', '차이', '여쭈다', '고급', '백화점', '보급', '인터넷', '로드', '사다', '갯수', '많다', '오프', '맞다', '온라인', '가성비', '구매']",백화점 매니저 차이 여쭈다 고급 백화점 보급 인터넷 로드 사다 갯수 많다 오프 맞다 온라인 가성비 구매,2
581,많이 사면 오프라인 적게 사면 온라인이라고 하더라구요 !,"[-0.00630951  0.01491547 -0.02453613 ... -0.02253723 -0.01985168
 -0.00115013]",2,"['사다', '오프라인', '적다', '사다', '온라인']",사다 오프라인 적다 사다 온라인,1
582,고민중입니다. 예랑은 오프라인 하고 싶어하는데 ㅎ 저는 온라인으로 하고 싶어요,"[-9.00626183e-05  3.60412598e-02 -2.31781006e-02 ... -3.44543457e-02
 -1.85852051e-02  2.69126892e-03]",2,"['고민', '오프라인', '온라인']",고민 오프라인 온라인,1
583,여러 품목 같이 사면 오프라인이 낫고 품목 갯수가 적으면 온라인이 낫죠~~,"[ 0.00741959  0.01309967 -0.04116821 ... -0.02694702 -0.02210999
 -0.00793457]",2,"['품목', '사다', '오프라인', '품목', '갯수', '적다', '온라인']",품목 사다 오프라인 품목 갯수 적다 온라인,0
584,저는 품목 수가 적어서 온라인으로 사려구용!,"[-0.01686096  0.03265381 -0.02055359 ... -0.02648926 -0.0362854
 -0.01013947]",2,"['품목', '적다', '온라인', '사다']",품목 적다 온라인 사다,0
585,온라인으로 손품 팔아서 구매 잘 했어요. 오프라인이 오히려 끼워 팔기 심한 거 같더라고요,"[ 0.00406647  0.01465607 -0.04284668 ... -0.02427673 -0.04187012
 -0.01006317]",2,"['온라인', '팔다', '구매', '오프라인', '끼우다', '팔다', '심하다']",온라인 팔다 구매 오프라인 끼우다 팔다 심하다,0
586,소량이면 온라인이라고 들었어요.,"[-0.00126362  0.02935791 -0.0213623  ... -0.02442932 -0.03118896
 -0.01467896]",2,"['소량', '온라인']",소량 온라인,1
587,저는 오프라인으로 상담받고 결제 했어요:),"[-0.00028872  0.01279449 -0.00267792 ... -0.03016663 -0.02835083
 -0.01528168]",2,"['오프라인', '상담', '결제']",오프라인 상담 결제,0
588,오프라인으로 보고 묶어서하려구요^^,"[ 0.00920105  0.03192139 -0.01469421 ... -0.02288818 -0.01351166
 -0.00597382]",2,"['오프라인', '묶다']",오프라인 묶다,1
589,저는 품목수가 적어서 온라인으로 하려구여,"[ 0.00039649  0.02511597 -0.02154541 ... -0.02688599 -0.02349854
 -0.00567627]",2,"['품목', '적다', '온라인']",품목 적다 온라인,0
590,저 오프라인으로 할거예요 ㅎㅎ 백화점가려구요,"[ 0.00689697  0.03646851 -0.02037048 ... -0.0355835  -0.04040527
 -0.0039444 ]",2,"['오프라인', '백화점']",오프라인 백화점,2
591,저는 온라인으로 한번에 구매했네요 !ㅎㅎ 오프라인으로는 꼼꼼히 살펴보면서 모델정했어요,"[-0.00817108  0.0054245  -0.01808167 ... -0.02883911 -0.03527832
 -0.01438904]",2,"['온라인', '구매', '오프라인', '살펴보다', '모델', '정하다']",온라인 구매 오프라인 살펴보다 모델 정하다,0
592,온라인으로 비교햐보고 오프라인이요!,"[ 0.00168133  0.0141449  -0.01085663 ... -0.03518677 -0.02322388
 -0.01126099]",2,"['온라인', '비교햐', '오프라인']",온라인 비교햐 오프라인,0
593,오프라인이 더 확실한거 같아서 전 오프라인으로 구입했어요,"[ 0.01508331  0.02737427 -0.04095459 ... -0.02226257 -0.02854919
 -0.02125549]",2,"['오프라인', '확실하다', '오프라인', '구입']",오프라인 확실하다 오프라인 구입,1
594,온라인도 요즘 괜찮은것 같아요!,"[ 0.01287079  0.01687622 -0.01300812 ... -0.02258301 -0.02059937
 -0.02125549]",2,"['온라인', '요즘', '괜찮다']",온라인 요즘 괜찮다,1
595,많이 구입하는것도 아니고 내가 온라인이 좋다면 저은 온라인에서 구매할거같아요,"[ 0.01098633  0.01976013 -0.04507446 ... -0.03646851 -0.03582764
 -0.006073  ]",2,"['구입', '온라인', '좋다', '온라인', '구매']",구입 온라인 좋다 온라인 구매,1
596,오프라인보다는 확실히 온라인이 싸긴 싸더라구요..!,"[ 0.00102711  0.03469849 -0.02223206 ... -0.01072693 -0.02479553
 -0.01543427]",2,"['오프라인', '온라인', '싸다', '싸다']",오프라인 온라인 싸다 싸다,1
597,오프라인 매장에서 견적받아서 구입하는 게 싼 것 같더라구요! 물론 물품이 많을 때ㅎㅎ,"[-0.00222397  0.03570557 -0.02610779 ... -0.03192139 -0.04104614
  0.00328064]",2,"['오프라인', '매장', '견적', '구입', '싸다', '물품', '많다']",오프라인 매장 견적 구입 싸다 물품 많다,0
598,저도 온라인했어요 기능이 빠진게 있다는데 어차피 기본만써서,"[ 0.01073456  0.01721191 -0.01622009 ... -0.0218811  -0.01335144
 -0.00619888]",2,"['온라인', '기능', '빠지다', '기본', '쓰다']",온라인 기능 빠지다 기본 쓰다,2
599,온라인은 알아보지도 않고 그냥 후딱 해치우고 싶어서 오프라인으로 갔어요 ㅠ,"[-0.00197792  0.02244568 -0.00241661 ... -0.01340485 -0.02049255
 -0.00850677]",2,"['온라인', '알아보다', '해치우다', '오프라인']",온라인 알아보다 해치우다 오프라인,0
600,오프라인으로 직접 보고 상담받고 구매하는게 낫더라구요,"[-0.00155354  0.02326965 -0.02377319 ... -0.04226685 -0.01557159
 -0.01430511]",2,"['오프라인', '상담', '구매']",오프라인 상담 구매,0
601,그래도 오프라인으로 할래요 ! 상품이 조금씩 다르다고 하더라고요,"[ 0.0001539   0.02613831 -0.02259827 ... -0.03363037 -0.02713013
 -0.02423096]",2,"['오프라인', '상품', '다르다']",오프라인 상품 다르다,2
602,오프매장에서 보고 구매요!,"[ 0.00753403  0.02830505 -0.0191803  ... -0.0168457  -0.03674316
 -0.00696182]",2,"['오프', '매장', '구매']",오프 매장 구매,1
603,온라인 최저가 견적받아보고 오프라인가서 온라인보다 저렴한거 확인하구 계약했습니당!,"[ 0.00328255  0.03091431 -0.0269928  ... -0.02081299 -0.03631592
 -0.00675201]",2,"['온라인', '최저', '견적', '오프라인', '온라인', '저렴하다', '확인', '계약']",온라인 최저 견적 오프라인 온라인 저렴하다 확인 계약,1
604,오프라인에서 견적 보고 구매하시는거 추천이요 ㅎㅎ,"[-0.00993347  0.0305481  -0.02536011 ... -0.03164673 -0.02818298
 -0.00055838]",2,"['오프라인', '견적', '구매', '추천']",오프라인 견적 구매 추천,0
605,저는 온라인으로 구매 할 예정이에요!,"[-7.45654106e-05  3.71704102e-02 -7.27462769e-03 ... -1.67541504e-02
 -4.08630371e-02 -9.57489014e-03]",2,"['온라인', '구매', '예정']",온라인 구매 예정,1
606,"저는 오프라인으로 LG,삼성,하이마트 골고루 했어요~","[-0.00335884  0.02043152 -0.02064514 ... -0.04342651 -0.0369873
 -0.01101685]",2,"['오프라인', '삼성', '하이마트']",오프라인 삼성 하이마트,0
607,보통 오프라인으로 알아보고 온라인으로 견적내서 비교해보시더라구요?! 직영점 한번 방문해서 알아보세요~,"[ 0.00069952  0.01693726 -0.0247345  ... -0.04827881 -0.02586365
  0.00249672]",2,"['오프라인', '알아보다', '온라인', '견적', '내다', '비교', '직영점', '방문', '알아보다']",오프라인 알아보다 온라인 견적 내다 비교 직영점 방문 알아보다,0
608,전 온라인으로 삼성몰에서 구매했어용,"[ 0.00362396  0.01422882 -0.03683472 ... -0.03555298 -0.03167725
 -0.01013184]",2,"['온라인', '삼성몰', '구매']",온라인 삼성몰 구매,1
609,오프라인 비교 하고 온라인이 나을 것 같긴 하더라구요,"[ 0.00870514  0.02061462 -0.02282715 ... -0.03059387 -0.01716614
 -0.014534  ]",2,"['오프라인', '비교', '온라인']",오프라인 비교 온라인,0
610,오프한번보고 온라인도 같이 보려구용 ㅎㅎ,"[-0.0057106   0.02653503 -0.00796509 ... -0.03062439 -0.0068779
  0.00130844]",2,"['오프', '온라인']",오프 온라인,1
611,저는 가기전에 오프라인도 보고 온라인도 봤는데 오프라인이 조금 더 저렴하더라구요!,"[-0.01195526  0.02122498 -0.03607178 ... -0.01919556 -0.02157593
 -0.00497437]",2,"['오프라인', '온라인', '오프라인', '저렴하다']",오프라인 온라인 오프라인 저렴하다,1
612,오프라인에서 견적받아보고 비교하는게 좋을거같아용,"[ 0.00078106  0.02894592 -0.02619934 ... -0.04092407 -0.02133179
 -0.00069237]",2,"['오프라인', '견적', '비교', '좋다']",오프라인 견적 비교 좋다,0
613,세트로 살거면 오프라인 따로 살거면 온라인이요!,"[ 0.00418472  0.02758789 -0.02836609 ... -0.02539062 -0.03521729
 -0.00970459]",2,"['세트', '사다', '오프라인', '살다', '온라인']",세트 사다 오프라인 살다 온라인,1
614,오프라인에서 한번에 세트로 할인받아서 샀어요!,"[ 0.00630188  0.0280304  -0.03286743 ... -0.00952911 -0.04525757
 -0.01151276]",2,"['오프라인', '세트', '할인', '사다']",오프라인 세트 할인 사다,1
615,오프라인 온라인 몇달동안 발품팔아서 견적받고 비교하고 했는데 오프라인은 많이 구매하면 할수록 할인폭이 커지는 구조라.. 저흰 저렴하고 가성비로 온라인으로 구매했는데 만족하면서 지내고있어요! 좋은제품은 앞으로도 꾸준히 계속 나올테니 나중에 하나씩 더 좋은걸로 바꾸자는 생각입니다!,"[ 0.00181389  0.03112793 -0.03884888 ... -0.03268433 -0.02960205
 -0.01525116]",2,"['오프라인', '온라인', '동안', '발품', '팔다', '견적', '비교', '오프라인', '구매', '할인', '커지다', '구조', '저렴하다', '가성비', '온라인', '구매', '만족', '지내다', '좋다', '제품', '나오다', '좋다', '바꾸다', '생각']",오프라인 온라인 동안 발품 팔다 견적 비교 오프라인 구매 할인 커지다 구조 저렴하다 가성비 온라인 구매 만족 지내다 좋다 제품 나오다 좋다 바꾸다 생각,0
616,오프라인 구매가 좋아요,"[ 0.01889038  0.02514648 -0.02861023 ... -0.02119446 -0.03430176
 -0.01032257]",2,"['오프라인', '구매', '좋다']",오프라인 구매 좋다,0
617,저희는 공식홈에서 구매했는데 만족했어요,"[ 0.03201294  0.0161438  -0.03579712 ... -0.0279541  -0.06396484
 -0.00288582]",2,"['공식', '구매', '만족']",공식 구매 만족,1
618,공홈에서 구매해도 좋을 것 같아요! 오프라인은 완전 최최최신만 있어서유ㅎㅎ,"[-1.58548355e-05  1.17111206e-02 -2.93273926e-02 ... -3.29895020e-02
 -3.64990234e-02 -4.53948975e-03]",2,"['구매', '좋다', '오프라인', '최신']",구매 좋다 오프라인 최신,1
619,저희는 엘지 베스트샵 직접 가서 구매했어요,"[ 0.01856995  0.02481079 -0.01589966 ... -0.03363037 -0.04376221
  0.0114975 ]",2,"['엘지', '베스트', '구매']",엘지 베스트 구매,1
620,저는 온라인으로 행사때 구매했어요,"[ 0.01288605  0.00901031 -0.03128052 ... -0.02180481 -0.04034424
 -0.02192688]",2,"['온라인', '행사', '구매']",온라인 행사 구매,1
621,오프라인으로 견적받고 준비하는 것도 좋을 것 같아요!,"[-0.00284195  0.04525757 -0.01704407 ... -0.03710938 -0.03390503
  0.00070953]",2,"['오프라인', '견적', '준비', '좋다']",오프라인 견적 준비 좋다,0
622,저희는 오프라인으로 비교하고 온라인으로 구매했습니다 !,"[ 0.00776291  0.02619934 -0.02000427 ... -0.01480103 -0.04730225
 -0.02677917]",2,"['오프라인', '비교', '온라인', '구매']",오프라인 비교 온라인 구매,0
623,오프라인 발품팔아보고 온라인과 가격비교 후 살 것 같아요 전 오프라인이 더 싸서 오프라인으로 구매했습니더,"[-0.00553131  0.02264404 -0.03762817 ... -0.02758789 -0.02828979
 -0.01334381]",2,"['오프라인', '발품', '팔다', '온라인', '가격', '비교', '살다', '오프라인', '싸다', '오프라인', '구매']",오프라인 발품 팔다 온라인 가격 비교 살다 오프라인 싸다 오프라인 구매,0
624,오프라인 발품팔아 견적받고 온라인도 조사할듯요!,"[-0.01806641  0.0335083  -0.0214386  ... -0.03756714 -0.03872681
 -0.00057888]",2,"['오프라인', '발품', '팔다', '견적', '온라인', '조사']",오프라인 발품 팔다 견적 온라인 조사,0
625,오프라인 온라인 반반 섞어서 가격 비교해서 샀어요,"[ 0.01699829  0.03204346 -0.02249146 ... -0.00385094 -0.02838135
 -0.01628113]",2,"['오프라인', '온라인', '반반', '섞다', '가격', '비교', '사다']",오프라인 온라인 반반 섞다 가격 비교 사다,1
626,둘다 비교해봤는데 오프라인은 백화점에서 상품권많이챙겨줘서 오프라인으로갔어요 ㅋㅋ,"[ 0.00625992  0.00365448 -0.02761841 ... -0.03829956 -0.04321289
 -0.01366425]",2,"['비교', '오프라인', '백화점', '상품', '챙기다', '오프라인']",비교 오프라인 백화점 상품 챙기다 오프라인,0
627,품목이 적으면 온라인도 괜찮더라구요 ㅎㅎ,"[-0.00051594  0.01893616 -0.02001953 ... -0.03326416 -0.02690125
 -0.0013876 ]",2,"['품목', '적다', '온라인', '괜찮다']",품목 적다 온라인 괜찮다,0
628,오프라인 온라인 둘다 비교해서 더 저렴한걸로 구매할꺼같아요,"[ 0.00238037  0.02624512 -0.03167725 ... -0.02345276 -0.02694702
 -0.02508545]",2,"['오프라인', '온라인', '비교', '저렴하다', '구매']",오프라인 온라인 비교 저렴하다 구매,1
629,오프라인으로 먼저 보고 견적 온라인과 비교해서 더 저렴한 곳에서 하려구요,"[ 0.00139999  0.04107666 -0.02119446 ... -0.03561401 -0.02127075
 -0.00992584]",2,"['오프라인', '견적', '온라인', '비교', '저렴하다']",오프라인 견적 온라인 비교 저렴하다,0
630,저는 좀 더 저렴하게 온라인이요!,"[-0.0153656   0.02351379 -0.01423645 ... -0.02784729 -0.02909851
 -0.01719666]",2,"['저렴하다', '온라인']",저렴하다 온라인,1
631,저희는 오프라인 베스트샵에서 했어요,"[ 0.02694702  0.02033997 -0.02703857 ... -0.02011108 -0.04067993
 -0.01451874]",2,"['오프라인', '베스트']",오프라인 베스트,2
632,온라인도 싸게사려면 다 싸게살수있는데 이게 더 발품인거같아요 ㅠ 매장가서 예산알려주고 견적받으면 비슷하더라구요 백화점계열에서 사면 상품권주는 행사같은것도 있으니 큰돈으로 혼수 한번에 맞추는거면 백화점 추천이용,"[ 0.01006317  0.02955627 -0.03741455 ... -0.03436279 -0.02403259
  0.01728821]",2,"['온라인', '싸다', '사다', '싸다', '사다', '발품', '매장', '예산', '알리다', '견적', '비슷하다', '백화점', '계열', '사다', '상품', '행사', '크다', '혼수', '맞추다', '백화점', '추천']",온라인 싸다 사다 싸다 사다 발품 매장 예산 알리다 견적 비슷하다 백화점 계열 사다 상품 행사 크다 혼수 맞추다 백화점 추천,2
633,한번에 많이 사는거면 오프라인에서 두곳이상 견적받아 사는게 나을 것 같아요!,"[-0.00643921  0.03005981 -0.03140259 ... -0.03445435 -0.03549194
  0.00509262]",2,"['사다', '오프라인', '이상', '견적', '사다']",사다 오프라인 이상 견적 사다,1
634,한번에 많이 살것같으면 오프라인에서 가격비교하고 사는게 더 저렴할 것 같아요~,"[ 0.00059366  0.03439331 -0.0302124  ... -0.02099609 -0.03077698
  0.0021553 ]",2,"['살다', '오프라인', '가격', '비교', '사다', '저렴하다']",살다 오프라인 가격 비교 사다 저렴하다,1
635,온라인도 찾아보고 오프라인도 견적받아서 비교해서 별차이없으면 오프라인으로 하려구요!,"[-0.0122757   0.03573608 -0.02351379 ... -0.03607178 -0.02616882
 -0.00268364]",2,"['온라인', '찾아보다', '오프라인', '견적', '비교', '차이', '오프라인']",온라인 찾아보다 오프라인 견적 비교 차이 오프라인,0
636,오프랑 온라인 비교해보니 200만원 정도 차이나요,"[ 0.00937653  0.02990723 -0.02816772 ... -0.02099609 -0.02729797
 -0.00855255]",2,"['온라인', '비교', '차이']",온라인 비교 차이,0
637,저는 발품팔아서 오프라인 했어요!,"[-0.01364899  0.02304077 -0.01054382 ... -0.02404785 -0.04733276
 -0.01841736]",2,"['발품', '팔다', '오프라인']",발품 팔다 오프라인,0
638,많이사면 오프라인이 나은거같아여 조금사면 온라인이랑 매장이랑 비겨해보구영,"[ 0.00923157  0.00088167 -0.03973389 ... -0.04824829 -0.02226257
  0.00766754]",2,"['사다', '오프라인', '사다', '온라인', '매장', '비기']",사다 오프라인 사다 온라인 매장 비기,1
639,저희는 다품목이라서 오프로 샀어유,"[ 0.02258301  0.01620483 -0.02505493 ... -0.03149414 -0.04730225
 -0.00641251]",2,"['품목', '사다']",품목 사다,2
640,오프라인으로 발품팔아서 200은 더 싸게 산거같아요! 거의 최신 제품들이였습니다!,"[-0.00431061  0.02589417 -0.0446167  ... -0.01849365 -0.04104614
 -0.01382446]",2,"['오프라인', '발품', '팔다', '싸다', '사다', '최신', '제품']",오프라인 발품 팔다 싸다 사다 최신 제품,1
641,오프라인으로 알아보고 구매할려고 합니다,"[ 0.01647949  0.03240967 -0.02415466 ... -0.02874756 -0.02528381
 -0.02328491]",2,"['오프라인', '알아보다', '구매']",오프라인 알아보다 구매,0
642,한번에 사면 오프라인이 할인 많이 해준다고 해서 저희는 오프라인 한번 가보려구요!,"[ 0.00640869  0.02856445 -0.03659058 ... -0.02563477 -0.04016113
 -0.00881958]",2,"['사다', '오프라인', '할인', '오프라인']",사다 오프라인 할인 오프라인,2
643,전 온라인으로 구매했어요 싸게해서 만족합니다,"[ 0.00917816  0.02856445 -0.03512573 ... -0.0236969  -0.04251099
 -0.01489258]",2,"['온라인', '구매', '싸다', '만족']",온라인 구매 싸다 만족,1
644,오프라인으로 알아보고 온라인에서 구매하는 것고 좋습니다 물론 가격비교 해야죠,"[ 0.00597763  0.02287292 -0.03927612 ... -0.02877808 -0.02682495
 -0.0150528 ]",2,"['오프라인', '알아보다', '온라인', '구매', '좋다', '가격', '비교']",오프라인 알아보다 온라인 구매 좋다 가격 비교,0
645,"구매수가 적으면 온라인, 많으면 오프라인이 좋은거 같아요!","[ 0.00672913  0.01132202 -0.03485107 ... -0.03985596 -0.03271484
 -0.00174236]",2,"['구매', '적다', '온라인', '많다', '오프라인', '좋다']",구매 적다 온라인 많다 오프라인 좋다,0
646,오프라인으로 세군데 정도 발품팔아서 진행했던 기억이 있어요.,"[ 0.00416183  0.01222992 -0.02902222 ... -0.02120972 -0.03909302
 -0.02212524]",2,"['오프라인', '발품', '팔다', '진행', '기억']",오프라인 발품 팔다 진행 기억,0
647,오프라인으로 발품팔아보려구용,"[-0.00497055  0.0380249  -0.01203918 ... -0.02854919 -0.03034973
 -0.01597595]",2,"['오프라인', '발품', '팔다']",오프라인 발품 팔다,0
648,저도 오프라인에서 직접 보고 결정하는 게 더 좋다고 생각해요,"[ 0.00548935  0.03042603 -0.01768494 ... -0.03329468 -0.01080322
 -0.00547409]",2,"['오프라인', '결정', '좋다', '생각']",오프라인 결정 좋다 생각,0
649,오프라인으로 구매하는게 혜택이 좋도라구요,"[ 0.01657104  0.0335083  -0.03536987 ... -0.02191162 -0.04171753
 -0.01593018]",2,"['오프라인', '구매', '혜택', '좋다']",오프라인 구매 혜택 좋다,0
650,품목 적으면 온라인이 더 저렴한 경우도 있더라구요!,"[-0.008461    0.03308105 -0.02449036 ... -0.03289795 -0.02360535
 -0.02046204]",2,"['품목', '적다', '온라인', '저렴하다']",품목 적다 온라인 저렴하다,0
651,오..저도 온라인으로 갈아타볼까 싶기도한데 살짝 걱정도 되어서요:) 온라인도 꽤 괜찮은가보네용!,"[ 0.00421906  0.01496124 -0.02618408 ... -0.03341675 -0.0224762
 -0.00124264]",2,"['온라인', '갈아타다', '걱정', '온라인', '괜찮다']",온라인 갈아타다 걱정 온라인 괜찮다,1
652,카드할인 받아서 온라인이랑 500정도 차이나더라구요ㅠㅠ 큰금액이라 고민이 너무 되네요ㅠㅠ,"[ 0.00147438  0.0345459  -0.03384399 ... -0.02388    -0.05072021
  0.01194   ]",2,"['카드', '할인', '온라인', '차이', '크다', '금액', '고민']",카드 할인 온라인 차이 크다 금액 고민,2
653,오프라인 몇군대 상담받아보고 진행하는게 낫지안을까요,"[-0.00291252  0.02053833 -0.02702332 ... -0.04327393  0.00358582
  0.00167847]",2,"['오프라인', '군대', '상담', '진행', '알다']",오프라인 군대 상담 진행 알다,0
654,온라인이 훨 낫죠ㅠㅠ 퀄도 다른데..,"[-0.00153732  0.01200104 -0.01233673 ... -0.03479004 -0.00164223
 -0.00554657]",2,"['온라인', '다르다']",온라인 다르다,2
655,온라인이 나으려나용..? 고민에 고민이 되니ㅠㅠㅠ,"[ 0.00294113  0.02757263 -0.02279663 ... -0.03527832  0.00349617
 -0.00976562]",2,"['온라인', '고민', '고민']",온라인 고민 고민,1
656,오..진짜 견적차이 엄청 나왔네요..? 전 500도 엄청 차이난다생각했는데.. 온라인도 나쁘지않은거같아요!,"[-0.00337982  0.02348328 -0.02433777 ... -0.03659058 -0.03787231
  0.0028019 ]",2,"['견적', '차이', '나오다', '차이', '생각', '온라인', '나쁘다']",견적 차이 나오다 차이 생각 온라인 나쁘다,0
657,둘다 한번 비교해볼거같아요 손품발품 ㅎ,"[ 0.01137543  0.01785278 -0.02153015 ... -0.05319214 -0.03292847
  0.01482391]",2,"['비교', '발품']",비교 발품,0
658,풀세트 구매 생각하시면 오프라인 추천요,"[ 0.01783752  0.02467346 -0.03108215 ... -0.02215576 -0.03887939
 -0.00397491]",2,"['세트', '구매', '생각', '오프라인', '추천']",세트 구매 생각 오프라인 추천,1
659,오프라인에서 직접 보고 맞췄어용ㅎㅎ,"[ 0.00997925  0.0305481  -0.00917053 ... -0.01815796 -0.01119995
 -0.00933838]",2,"['오프라인', '맞추다']",오프라인 맞추다,2
660,저는 오프라인으로 여러군대 돌면서 견적받고 했어요,"[-0.00863647  0.02307129 -0.016922   ... -0.02458191 -0.02125549
 -0.00904083]",2,"['오프라인', '군대', '돌다', '견적']",오프라인 군대 돌다 견적,0
661,오프라인에서 돌아다니려고합니다,"[ 0.01029205  0.03231812 -0.01457214 ... -0.02624512 -0.00562286
 -0.00755692]",2,"['오프라인', '돌아다니다']",오프라인 돌아다니다,0
662,한두개아니면 오프라인 추천드려요 !,"[ 0.00749207  0.02752686 -0.02511597 ... -0.01843262 -0.01705933
 -0.01602173]",2,"['오프라인', '추천', '드리다']",오프라인 추천 드리다,0
663,오프라인에서 다 실제로 보고 했습니다 한두개 사는게 아니어서..,"[ 0.00295258  0.01741028 -0.01907349 ... -0.01339722 -0.02618408
 -0.00806427]",2,"['오프라인', '보다', '사다']",오프라인 보다 사다,1
664,선호하는 디자인이 있면 오프라인 백화점이 괜춘 아니다 가성비로 이것저것 혼합하면 온라인이 좋을 것 같아요,"[-0.00039625  0.00694275 -0.04022217 ... -0.02146912 -0.03594971
 -0.00983429]",2,"['선호', '디자인', '오프라인', '백화점', '가성비', '이것저것', '혼합', '온라인', '좋다']",선호 디자인 오프라인 백화점 가성비 이것저것 혼합 온라인 좋다,1
665,"몇개 안 사면 온라인, 싹 다 살거면 오프라인이요!","[-0.0023613   0.01832581 -0.03274536 ... -0.02268982 -0.03921509
  0.00992584]",2,"['사다', '온라인', '살다', '오프라인']",사다 온라인 살다 오프라인,1
666,네! 오프라인에서 구매했는데 백화점 상품권 받는거 다 차감하면 온라인 최저가 보다 훨씬 저렴해졌어요!,"[-0.0046196   0.025177   -0.03686523 ... -0.01538849 -0.04119873
 -0.00715637]",2,"['오프라인', '구매', '백화점', '상품', '차감', '온라인', '최저']",오프라인 구매 백화점 상품 차감 온라인 최저,1
667,풀세트 오프라인에서 한번에 하려고용,"[ 0.02165222  0.03326416 -0.01760864 ... -0.01609802 -0.02674866
  0.0085907 ]",2,"['세트', '오프라인']",세트 오프라인,1
668,다품목이면 오프라인이 낫고 아니면 온라인이요,"[ 0.01140594 -0.00357437 -0.03009033 ... -0.04721069 -0.02792358
 -0.00066996]",2,"['품목', '오프라인', '온라인']",품목 오프라인 온라인,0
669,온라인으로 여기저기서 구매했어요,"[ 0.01091003  0.02722168 -0.01393127 ... -0.02099609 -0.03927612
 -0.01422119]",2,"['온라인', '여기저기', '구매']",온라인 여기저기 구매,0
670,오프라인 행사할때 저렴하게 구매했어요,"[ 0.01171112  0.02093506 -0.03662109 ... -0.01007843 -0.03381348
 -0.0171051 ]",2,"['오프라인', '행사', '저렴하다', '구매']",오프라인 행사 저렴하다 구매,1
671,우선 오프라인으로 견적 받아보고 비고하려거영 ㅎㅎ,"[-0.01013947  0.03833008 -0.00572205 ... -0.04440308 -0.01821899
 -0.00327492]",2,"['오프라인', '견적', '비']",오프라인 견적 비,0
672,저희는 오프라인에서 상담받고 진행했습니다!,"[ 0.00606537  0.02279663 -0.01107025 ... -0.02340698 -0.02262878
 -0.01476288]",2,"['오프라인', '상담', '진행']",오프라인 상담 진행,0
673,오프라인에서 직접 비교하는게 맘편한것같아요,"[ 0.01818848  0.0271759  -0.0196991  ... -0.0324707  -0.02563477
 -0.00867462]",2,"['오프라인', '비교', '편하다']",오프라인 비교 편하다,0
674,세트로 사면 오프라인으로 발품뛰려구요!,"[-0.00205803  0.03817749 -0.02145386 ... -0.03207397 -0.04278564
  0.00129986]",2,"['세트', '사다', '오프라인', '발품', '뛰다']",세트 사다 오프라인 발품 뛰다,0
675,살게 몇개 없었어서 온라인으로 샀었는데 다음에 제대로 산다면 오프라인에서 살거같아요!,"[ 0.00977325  0.03311157 -0.02632141 ... -0.01985168 -0.04101562
 -0.01852417]",2,"['살다', '온라인', '사다', '다음', '살다', '오프라인', '살다']",살다 온라인 사다 다음 살다 오프라인 살다,1
676,온라인에서 사면 작년거 올수도 있고 하자인거 오고 하면 골치아파요ㅠㅠ 무조건 오프라인 추천해요,"[-0.0046196   0.01907349 -0.03117371 ... -0.02429199 -0.02593994
 -0.00603104]",2,"['온라인', '사다', '작년', '하다', '골치', '아프다', '오프라인', '추천']",온라인 사다 작년 하다 골치 아프다 오프라인 추천,1
677,오프라인으로 발품 팔아보여구요 ㅜㅜ,"[-0.00766373  0.03622437 -0.00658417 ... -0.03704834 -0.03381348
 -0.01631165]",2,"['오프라인', '발품', '팔다', '보이다']",오프라인 발품 팔다 보이다,0
678,비교해봐야할듯요 온라인은 보증된 공홈에서 살거같고 오프라인은 백화점이나 삼성 엘지스토어요,"[ 0.00355148  0.00209618 -0.03363037 ... -0.04473877 -0.02531433
 -0.01914978]",2,"['비교', '온라인', '보증', '살다', '오프라인', '백화점', '삼성', '엘지', '스토어']",비교 온라인 보증 살다 오프라인 백화점 삼성 엘지 스토어,1
679,대략적인 스펙 보고 온라인으로 구입했어요.,"[ 0.00350761  0.03872681 -0.0276947  ... -0.02474976 -0.0350647
 -0.02685547]",2,"['대략', '스펙', '온라인', '구입']",대략 스펙 온라인 구입,1
680,저희는 홈플러스에서 구매했습니다~,"[ 0.01853943  0.02166748 -0.02432251 ... -0.03121948 -0.05670166
 -0.00731277]",2,"['홈플러스', '구매']",홈플러스 구매,1
681,오프라인으로 백화점 가서 구매했어요,"[ 0.01593018  0.03092957 -0.0206604  ... -0.01442719 -0.05203247
 -0.02224731]",2,"['오프라인', '백화점', '구매']",오프라인 백화점 구매,2
682,저는 온라인 오프라인 다 갔는데 오프라인이 훨씬 더 저렴해서 그렇게 했어용,"[ 0.00241089  0.0236969  -0.03482056 ... -0.03117371 -0.02284241
  0.00033331]",2,"['온라인', '오프라인', '오프라인', '저렴하다']",온라인 오프라인 오프라인 저렴하다,1
683,오프라인 가보고 직접 견적받고 온라인도 비교항거같아요,"[ 0.0107193   0.03250122 -0.02119446 ... -0.03594971 -0.02297974
  0.00073576]",2,"['오프라인', '견적', '온라인', '비교']",오프라인 견적 온라인 비교,0
684,오프라인으로 갈래요! 그게 더 좋을 거 같고 일단 재밌을 거 같아서요 ㅎㅎ,"[ 0.00566101  0.03451538 -0.01423645 ... -0.03320312 -0.01242065
 -0.00687027]",2,"['오프라인', '좋다', '재밌다']",오프라인 좋다 재밌다,0
685,저희는 구매품목이 적어서 다 온라인으로 사서 생각보다 세이브했어요! 여기저기 명장들한테도 알아봤지만 풀품목아니면 온라인이 낫더라구요ㅠ 그리고 온라인몰보다는 오프라인이 더 나은건 사실이고 제품자체가 온라인전용 오프라인전용이있어서 모델명 잘보고 구매하셔야해요!,"[ 0.00010103  0.02520752 -0.04580688 ... -0.01966858 -0.02159119
  0.00400543]",2,"['구매', '품목', '적다', '온라인', '사다', '생각', '세이브', '여기저기', '명장', '알아보다', '품목', '온라인', '온라인', '오프라인', '제품', '자체', '온라인', '전용', '오프라인', '전용', '모델명', '구매']",구매 품목 적다 온라인 사다 생각 세이브 여기저기 명장 알아보다 품목 온라인 온라인 오프라인 제품 자체 온라인 전용 오프라인 전용 모델명 구매,0
686,"네 결국,,, 그 방법이,, 손품 발품 다 팔아야하는 것 같아요 ㅠㅠㅠ","[ 0.00257301  0.01699829 -0.00365639 ... -0.02685547 -0.0484314
  0.01889038]",2,"['결국', '방법', '발품', '팔다']",결국 방법 발품 팔다,0
687,손품 발품 열심히 팔아보는 걸루유 ㅠ,"[-0.01247406  0.02619934  0.00302505 ... -0.03979492 -0.03787231
  0.004776  ]",2,"['발품', '팔다']",발품 팔다,0
688,저라면 오프라인 가서 상담 몇군데 받아볼래요. ㅎ,"[-0.00209045  0.01994324 -0.01309967 ... -0.03775024 -0.00670242
  0.00128841]",2,"['오프라인', '상담']",오프라인 상담,0
689,저는 온라인으로 보고샀어요 가격도 더 싸구요,"[ 0.00268173  0.03399658 -0.03637695 ... -0.02577209 -0.02940369
 -0.01434326]",2,"['온라인', '사다', '가격', '싸다']",온라인 사다 가격 싸다,1
690,오프라인으로 상담 받고 견적 짜는게 좋을 것 같아요!,"[-0.00640869  0.03637695 -0.02041626 ... -0.04379272 -0.02452087
  0.00261688]",2,"['오프라인', '상담', '견적', '짜다', '좋다']",오프라인 상담 견적 짜다 좋다,0
691,오프라인으로 상담받고 온라인으로 최저가 핫딜 비교해보고 구매했어요,"[ 0.0093689   0.01673889 -0.0181427  ... -0.01455688 -0.03317261
 -0.00667191]",2,"['오프라인', '상담', '온라인', '최저', '비교', '구매']",오프라인 상담 온라인 최저 비교 구매,0
692,"뭉탱이로 사려면 오프라인 행사하는 곳이 더 좋고, 따로 하나씩 보시려면 인터넷이 훨씬 낫습니다!","[-0.01124573  0.01992798 -0.03137207 ... -0.03448486 -0.03973389
 -0.00068474]",2,"['뭉탱이로', '사다', '오프라인', '행사', '좋다', '인터넷']",뭉탱이로 사다 오프라인 행사 좋다 인터넷,2
693,제가 오프라인 온라인 다 발품손품 팔아본결과 인터넷이 훨씬싼거같아요!,"[-0.02410889  0.03108215 -0.01968384 ... -0.02224731 -0.04391479
 -0.01246643]",2,"['오프라인', '온라인', '발품', '팔다', '결과', '인터넷', '싸다']",오프라인 온라인 발품 팔다 결과 인터넷 싸다,0
694,다품목 구매시 오프라인도 혜택 좋다고 들었어요. 제일 정확한건 직접 견적내보고 비교요!,"[ 0.00805664  0.02415466 -0.0397644  ... -0.02923584 -0.03613281
 -0.0202179 ]",2,"['품목', '구매', '오프라인', '혜택', '좋다', '정확', '견적', '내다', '비교']",품목 구매 오프라인 혜택 좋다 정확 견적 내다 비교,0
695,오프라인으로 여러 곳 상담받고 인터넷이랑 비교해보심이 좋지 않으까용^^ (제글도 봐주세용~~~),"[ 0.00370216 -0.00072718 -0.01716614 ... -0.05160522 -0.01507568
 -0.00439453]",2,"['오프라인', '상담', '인터넷', '비교', '좋다']",오프라인 상담 인터넷 비교 좋다,0
696,온라인 오프라인 둘다 견적내서 비교해보시는게 좋죵~! 저흰 견적내봤을때 오프라인이 다품목할인이 많이들어가서 더 져렴하더라구요~!,"[ 0.00292015  0.01187897 -0.03799438 ... -0.03964233 -0.03384399
 -0.00012326]",2,"['온라인', '오프라인', '견적', '내다', '비교', '좋다', '견적', '내다', '오프라인', '품목', '할인', '들어가다', '져렴']",온라인 오프라인 견적 내다 비교 좋다 견적 내다 오프라인 품목 할인 들어가다 져렴,0
697,오프라인으로 여러곳 견적 받아보시고 한번에 사는게 좋을꺼같아요!ㅎㅎ,"[-0.00994873  0.03924561 -0.02511597 ... -0.04296875 -0.03201294
  0.0094223 ]",2,"['오프라인', '견적', '사다', '좋다']",오프라인 견적 사다 좋다,0
698,오프라인으로 발품 파는게 더 저렴할거 같아요!,"[-0.01373291  0.04290771 -0.02296448 ... -0.03292847 -0.03591919
 -0.00437927]",2,"['오프라인', '발품', '파', '저렴하다']",오프라인 발품 파 저렴하다,0
699,오프라인 상담 후 온라인 하면 좋은 거 같아요,"[ 0.00791931  0.02052307 -0.00769043 ... -0.03222656 -0.00629425
 -0.0102005 ]",2,"['오프라인', '상담', '온라인', '좋다']",오프라인 상담 온라인 좋다,0
700,오프라인이요! 발품 팔아서 상담 잘 받고 하면 오히려 온라인보다 조건 좋은 곳들이 있어서용,"[-0.01800537  0.01136017 -0.02960205 ... -0.04580688 -0.01500702
 -0.01114655]",2,"['오프라인', '발품', '팔다', '상담', '온라인', '조건', '좋다']",오프라인 발품 팔다 상담 온라인 조건 좋다,0
701,오프에서 알아보고 온라인에서 삿어용,"[ 0.01335907  0.02616882 -0.02201843 ... -0.02574158 -0.00745773
 -0.01425171]",2,"['오프', '알아보다', '온라인', '사다']",오프 알아보다 온라인 사다,1
702,오프라인가서 발품 팔아볼 것 같아요 ! 그리고 혹시 모르니 온라인으로 찾아보긴 할거같은데 요새 오프라인에서 행사도 많이 하는 것 같더라구요 !,"[-0.00066376  0.01142883 -0.03497314 ... -0.04135132 -0.03561401
 -0.00442123]",2,"['오프라인', '발품', '팔다', '온라인', '찾아보다', '오프라인', '행사']",오프라인 발품 팔다 온라인 찾아보다 오프라인 행사,0
703,저는 온라인이 편해서 온라인으로 할 거 같아용,"[ 0.01286316  0.03277588 -0.01091766 ... -0.03077698 -0.00988007
 -0.0046463 ]",2,"['온라인', '편하다', '온라인']",온라인 편하다 온라인,1
704,오프라인 혜택 좋은곳 많다더라구요,"[ 0.01953125  0.02949524 -0.02742004 ... -0.02906799 -0.02661133
 -0.0109787 ]",2,"['오프라인', '혜택', '좋다', '많다']",오프라인 혜택 좋다 많다,0
705,우선 오프라인으로 한번에 견적을 받아보고 인터넷 금액 확인해보고 구매할 것 같아요,"[-0.00508499  0.04208374 -0.0114212  ... -0.03872681 -0.03111267
 -0.01037598]",2,"['오프라인', '견적', '인터넷', '금액', '확인', '구매']",오프라인 견적 인터넷 금액 확인 구매,0
706,오프라인으로 직접 보고 비교할거같아요!,"[ 0.00115299  0.02639771 -0.01199341 ... -0.03149414 -0.02264404
 -0.01042938]",2,"['오프라인', '비교']",오프라인 비교,0
707,저는 세트로 구매한게 아니어서 온라인으로 구매했어요~,"[ 0.0075264   0.01173401 -0.03186035 ... -0.02320862 -0.04400635
 -0.01643372]",2,"['세트', '구매', '온라인', '구매']",세트 구매 온라인 구매,1
708,셋트면 오프라인 개별 구매면 온라인이요,"[ 0.01086426  0.02680969 -0.02960205 ... -0.02131653 -0.02407837
  0.00590515]",2,"['셋트', '오프라인', '개별', '구매', '온라인']",셋트 오프라인 개별 구매 온라인,1
709,둘다 가격비교해보는게 좋다네요~ 윗분 말씀대로 여러개 묶어서 사면 오프라인이 더 싸고 단품은 온라인이 더 싸대요!,"[-0.00307846  0.02084351 -0.04315186 ... -0.0262146  -0.02772522
  0.00081587]",2,"['가격', '비교', '좋다', '윗분', '말씀', '묶다', '사다', '오프라인', '싸다', '온라인', '싸다']",가격 비교 좋다 윗분 말씀 묶다 사다 오프라인 싸다 온라인 싸다,0
710,저는 묶어서 견적 받아보고 인터넷도 알아보려구요~ ㄷㅇ,"[-0.00467682  0.03979492 -0.01135254 ... -0.04452515 -0.0307312
  0.01979065]",2,"['묶다', '견적', '인터넷']",묶다 견적 인터넷,2
711,오프라인 상담받아보고 온라인이랑 가걱 비교해서 살예정이에요~아무래도 온라인이 더 저렴하긴 하더라구요ㅎㅎ,"[-0.01031494  0.03222656 -0.0082016  ... -0.03170776 -0.02053833
 -0.01242065]",2,"['오프라인', '상담', '온라인', '가걱', '비교', '사다', '예정', '온라인', '저렴하다']",오프라인 상담 온라인 가걱 비교 사다 예정 온라인 저렴하다,1
712,케바케라 온라인이 싼 데도 잇고 오프가 싼 경우도 있었어요,"[ 0.01893616  0.03056335 -0.03283691 ... -0.03582764 -0.01896667
 -0.01186371]",2,"['케바케라', '온라인', '싸다', '오프', '싸다']",케바케라 온라인 싸다 오프 싸다,1
713,오프라인으로 가격비교하며 했어요,"[ 0.01288605  0.02676392 -0.01728821 ... -0.01760864 -0.02906799
 -0.02011108]",2,"['오프라인', '가격', '비교']",오프라인 가격 비교,0
714,오프라인으로 카드혜택 서비스 받는걸로 했어요,"[ 0.00563431  0.03027344 -0.02020264 ... -0.01948547 -0.03378296
 -0.01268768]",2,"['오프라인', '카드', '혜택', '서비스']",오프라인 카드 혜택 서비스,2
715,그래도 직접 다니시면서 설명을 듣는게 베스트일겁니다~,"[ 0.01846313  0.02703857 -0.01789856 ... -0.03573608 -0.01387024
  0.00721741]",2,"['다니다', '설명', '베스트']",다니다 설명 베스트,0
716,저는 여기저기 오프라인 다녀보면서 견적받고 진행했어용!,"[-0.01076508  0.0242157  -0.01353455 ... -0.02955627 -0.03292847
  0.00449753]",2,"['여기저기', '오프라인', '다니다', '견적', '진행']",여기저기 오프라인 다니다 견적 진행,0
717,"여러개 사는거면 오프라인이 싸고, 몇개만 사는거면 온라인이 싸대요!","[ 0.00272179  0.02108765 -0.03860474 ... -0.01928711 -0.03265381
  0.00375748]",2,"['사다', '오프라인', '싸다', '사다', '온라인', '싸다']",사다 오프라인 싸다 사다 온라인 싸다,1
718,저는 온라인 예약 할래요,"[ 0.02435303  0.03723145 -0.00642776 ... -0.03671265 -0.01490784
 -0.00015092]",2,"['온라인', '예약']",온라인 예약,1
719,오프라인이랑 온라인 가격 다 비교해보고 할 것 같아요~ 오프라인은 가서 보고 계약하는 거라 때마다 할인도 다르고 서비스도 다를 것 같아서요~!,"[ 0.00137234  0.02198792 -0.02455139 ... -0.04498291 -0.02711487
 -0.0068779 ]",2,"['오프라인', '온라인', '가격', '비교', '오프라인', '계약', '할인', '다르다', '서비스', '다르다']",오프라인 온라인 가격 비교 오프라인 계약 할인 다르다 서비스 다르다,0
720,저는 온라인 비대면으로 진행했는데 대면보다 견적이 정말 만족스러웠어요,"[ 0.00290489  0.03591919 -0.01982117 ... -0.02960205 -0.04278564
 -0.01400757]",2,"['온라인', '대면', '진행', '대면', '견적', '만족']",온라인 대면 진행 대면 견적 만족,0
721,품목이 적으면 온라인 품목이 많으면 오프라인인거 같아요 ㄷㅇ,"[-0.00451279  0.0071373  -0.02429199 ... -0.02883911 -0.01919556
 -0.00364685]",2,"['품목', '적다', '온라인', '품목', '많다', '오프라인']",품목 적다 온라인 품목 많다 오프라인,0
722,저는 오프라인을 먼저 돌아다녀보고 온라인과 비교해보려고요 ㄷㅇ,"[-0.00227165  0.01673889 -0.01154327 ... -0.03735352 -0.0131073
 -0.0146637 ]",2,"['오프라인', '돌아다니다', '온라인', '비교']",오프라인 돌아다니다 온라인 비교,0
723,"세트로 구매하실 거 아니면 온라인, 세트로 구매하실거면 오프라인 추천이요!","[ 0.00152969  0.01757812 -0.03643799 ... -0.02980042 -0.03814697
 -0.00090504]",2,"['세트', '구매', '온라인', '세트', '구매', '오프라인', '추천']",세트 구매 온라인 세트 구매 오프라인 추천,1
724,저희는 하나하나 발품파느라 오프라인에서 비교하면서 견적 내고 구입했어용! ㄷ 완료 입니당,"[ 0.00031829  0.03417969 -0.02641296 ... -0.02598572 -0.04418945
 -0.00686646]",2,"['발품', '파', '오프라인', '비교', '견적', '내다', '구입', '완료']",발품 파 오프라인 비교 견적 내다 구입 완료,0
725,요즘은 온라인도 괜찮을것같아요,"[ 0.01737976  0.02354431 -0.01473999 ... -0.02526855 -0.01676941
 -0.02229309]",2,"['요즘', '온라인', '괜찮다']",요즘 온라인 괜찮다,1
726,온라인이 편할거같아여,"[ 0.02107239  0.03102112 -0.00617599 ... -0.02670288 -0.00802612
 -0.00508118]",2,"['온라인', '편하다']",온라인 편하다,1
727,저라면 비교해보고 오프라인으로 구매 할것같아요~,"[ 0.00637436  0.02462769 -0.02604675 ... -0.03900146 -0.03753662
 -0.01982117]",2,"['비교', '오프라인', '구매']",비교 오프라인 구매,0
728,오프라인으로 둘러보고 온라인으로 구매하시는게.젤 나아요 ㅎ,"[-0.01018524  0.03114319 -0.02342224 ... -0.03695679 -0.02961731
 -0.01701355]",2,"['오프라인', '둘러보다', '온라인', '구매']",오프라인 둘러보다 온라인 구매,1
729,품목 많으면 오프라인 품목 적으면 온라인,"[ 0.01032257  0.00780869 -0.02267456 ... -0.02401733 -0.02427673
 -0.00107384]",2,"['품목', '많다', '오프라인', '품목', '적다', '온라인']",품목 많다 오프라인 품목 적다 온라인,0
730,3개 이하 온라인 4개이상 오프라인이 쌉니다 많이 살수록 오프라인이 온라인보다 훨씬 쌉니다 3개까지는 온라인이 더 싸구요,"[ 0.01045227  0.02098083 -0.03848267 ... -0.02998352 -0.01721191
 -0.00055981]",2,"['이하', '온라인', '이상', '오프라인', '싸다', '사다', '오프라인', '온라인', '싸다', '온라인', '싸다']",이하 온라인 이상 오프라인 싸다 사다 오프라인 온라인 싸다 온라인 싸다,1
731,매장가서 직접보시고 맘에드시는거 기억하셨다가 온라인으로 주문하세용ㅋㅋ,"[ 0.00415039  0.03323364 -0.00357628 ... -0.03659058 -0.03353882
  0.00642776]",2,"['매장', '드시다', '기억', '온라인', '주문']",매장 드시다 기억 온라인 주문,2
732,세일때 득템하면 너무 좋겠어요ㅎㅎ 온라인 계속 들여다 봐야겠어요,"[ 0.00769806  0.02960205 -0.0252533  ... -0.03311157 -0.04742432
 -0.00285912]",2,"['세일', '득템', '좋다', '온라인', '들']",세일 득템 좋다 온라인 들,1
733,온라인 그나마 저렴해서 온라인으로 거의 주문햇어요,"[-1.26957893e-05  4.19921875e-02 -1.82342529e-02 ... -1.93023682e-02
 -2.90985107e-02 -1.63879395e-02]",2,"['온라인', '저렴하다', '온라인', '주문']",온라인 저렴하다 온라인 주문,1
734,소량 구매는 인터넷이 더 저렴했던 것 같아요!,"[-0.01309204  0.03921509 -0.01855469 ... -0.02696228 -0.05212402
 -0.01102448]",2,"['소량', '구매', '인터넷', '저렴하다']",소량 구매 인터넷 저렴하다,1
735,2제품만 구매하시는거면 온라인이 좀더 저렴할거같습니다,"[ 0.00396347  0.02879333 -0.03759766 ... -0.02482605 -0.01548767
 -0.00743866]",2,"['제품', '구매', '온라인', '저렴하다']",제품 구매 온라인 저렴하다,1
736,"2개면 오프라인 보다 온라인이 더 저렴할걸요 오프라인은 3,5,7 이렇게 할인율이 적용 되는 것 같더라구요 안되는 품목도 종종있고..","[ 0.01441956  0.00999451 -0.03884888 ... -0.02452087 -0.01511383
 -0.01878357]",2,"['오프라인', '온라인', '저렴하다', '오프라인', '할인', '적용', '품목']",오프라인 온라인 저렴하다 오프라인 할인 적용 품목,2
737,전 온라인으로 에너지 효율 낮은 거 샀어요,"[ 0.00558472  0.03985596 -0.01609802 ... -0.01849365 -0.0486145
 -0.01229095]",2,"['온라인', '에너지', '효율', '낮다', '사다']",온라인 에너지 효율 낮다 사다,0
738,오프라인 혜택도 많고 다 조합하면 온라인이랑 큰 차이 없더라구요! 시간 있으시면 발품 추천드려용,"[-0.01272583  0.02992249 -0.02099609 ... -0.02722168 -0.02687073
 -0.00589371]",2,"['오프라인', '혜택', '많다', '조합', '온라인', '크다', '차이', '시간', '발품', '추천', '드리다']",오프라인 혜택 많다 조합 온라인 크다 차이 시간 발품 추천 드리다,0
739,오프라인에서 견적받아보시고 온라인에서도 가격 내보고 비교하시면 될것같아요ㅜㅜ,"[-0.00601959  0.02868652 -0.02500916 ... -0.04458618 -0.02555847
  0.00557709]",2,"['오프라인', '견적', '온라인', '가격', '내다', '비교']",오프라인 견적 온라인 가격 내다 비교,0
740,온라인 봤는데 별로 안써더라구여 ㅠ 저도 오프라인 싹 돌아보려구용 ㅔ,"[-0.00624847  0.02510071 -0.01515961 ... -0.03143311 -0.01184082
  0.00510406]",2,"['온라인', '써다', '오프라인', '돌다']",온라인 써다 오프라인 돌다,0
741,오프라인으로 구매했어요! 3곳 다녀왔는데 진짜 힘들긴 했어요,"[ 0.00709915  0.02212524 -0.03778076 ... -0.0221405  -0.0369873
 -0.00858307]",2,"['오프라인', '구매', '다녀오다', '힘들다']",오프라인 구매 다녀오다 힘들다,0
742,비대면 견적받고 했어요!,"[ 0.00535202  0.04104614 -0.00485992 ... -0.02986145 -0.03997803
  0.01146698]",2,"['대면', '견적']",대면 견적,0
743,저희는 필요한게 많이 없어서 온라인으로 구매했어용,"[ 0.01339722  0.03811646 -0.02958679 ... -0.01568604 -0.05368042
 -0.03308105]",2,"['필요', '온라인', '구매']",필요 온라인 구매,1
744,오프라인 매장에서 한번에 여러개 하면 할인 많이 해주신다고 해서 매장 예정이요~,"[ 0.01554108  0.03604126 -0.03582764 ... -0.01216125 -0.0284729
  0.01143646]",2,"['오프라인', '매장', '할인', '매장', '예정']",오프라인 매장 할인 매장 예정,2
745,오프라인에서 상담받고 백화점에서 구매했어요-,"[ 0.01368713  0.01358795 -0.03056335 ... -0.02731323 -0.04266357
 -0.014534  ]",2,"['오프라인', '상담', '백화점', '구매']",오프라인 상담 백화점 구매,0
746,전 방문해서 설명 듣고 사는게 좋았어서 오프라인 추천이요!,"[ 0.01348877  0.020401   -0.03173828 ... -0.02149963 -0.02532959
 -0.01582336]",2,"['방문', '설명', '사다', '좋다', '오프라인', '추천']",방문 설명 사다 좋다 오프라인 추천,0
747,저희도 오프라인으로 다녔어요 ㅎㅎ 오프라인 백화점에서 한번에 뽝,"[ 0.00063086  0.03198242 -0.01557159 ... -0.02807617 -0.04452515
 -0.01171112]",2,"['오프라인', '다니다', '오프라인', '백화점']",오프라인 다니다 오프라인 백화점,0
748,견적받아봐도 오프라인을 이길수없더라구요 ㅎ..,"[-0.0092392   0.03942871 -0.01065826 ... -0.03128052 -0.02561951
 -0.00285149]",2,"['견적', '오프라인', '이기다']",견적 오프라인 이기다,0
749,가격비교 해보고 온라인 구매했습니당!,"[ 0.0032196   0.02642822 -0.02337646 ... -0.02560425 -0.03656006
 -0.00898743]",2,"['가격', '비교', '온라인', '구매']",가격 비교 온라인 구매,0
750,온라인이 저렴하긴 한듯해요. 저도 아마 오프라인 견적받아보고 온라인으로 구매할것 같아요,"[-0.0085907   0.03543091 -0.03123474 ... -0.03442383 -0.02919006
  0.007164  ]",2,"['온라인', '오프라인', '견적', '온라인', '구매']",온라인 오프라인 견적 온라인 구매,0
751,온라인으로 규매해봤는데 괜찮았어용,"[ 0.01421356  0.01148224 -0.02586365 ... -0.03411865 -0.00463486
  0.00135517]",2,"['온라인', '규매', '괜찮다']",온라인 규매 괜찮다,1
752,여러번 다니기 힘들어서 하루에 견적 4군데에서 받고 끝냈어요,"[ 0.00206184  0.03038025 -0.01525879 ... -0.0362854  -0.04864502
  0.01858521]",2,"['다니다', '힘들다', '하루', '견적', '끝내다']",다니다 힘들다 하루 견적 끝내다,0
753,오프라인매장 4곳정도 돌다가 가격대맞고 괜찮을곳가서 했어요!,"[ 0.01905823  0.02340698 -0.02731323 ... -0.02127075 -0.02824402
 -0.00445557]",2,"['오프라인', '매장', '돌다', '가격대', '맞다', '괜찮다']",오프라인 매장 돌다 가격대 맞다 괜찮다,2
754,오프라인 혜택이 더 좋아서 오프라인으로 했어요ㅜ 5군데정도 발품팔았어요ㅜ,"[-0.00730133  0.02415466 -0.03009033 ... -0.02801514 -0.0335083
 -0.0051384 ]",2,"['오프라인', '혜택', '좋다', '오프라인', '발품', '팔다']",오프라인 혜택 좋다 오프라인 발품 팔다,0
755,오프라인 견적받고 상담 후에 결정하려구요,"[ 0.00366783  0.03997803 -0.01972961 ... -0.04293823 -0.01930237
  0.00474548]",2,"['오프라인', '견적', '상담', '결정']",오프라인 견적 상담 결정,0
756,"오프라인 상담 받아봤는데, 온라인이 훨씬 더 저렴해서 온라인으로 했어요","[ 2.71797180e-05  2.00042725e-02 -2.48260498e-02 ... -2.14843750e-02
 -2.38800049e-02 -7.82775879e-03]",2,"['오프라인', '상담', '온라인', '저렴하다', '온라인']",오프라인 상담 온라인 저렴하다 온라인,1
757,저는 몇개만선택구매 할거여서 온라인으로할 것 같습니다,"[ 0.00962067  0.02424622 -0.03137207 ... -0.01849365 -0.0271759
 -0.00807953]",2,"['선택', '구매', '온라인']",선택 구매 온라인,0
758,할인 혜택은 오프라인으로 발품 팔아서 다니는게 최고 인거 같아요! 금액 상관 없으시면 온라인 상관 없는데 할인 받고 가격 비교 하려면 지쳐도 어쩔 수 없이 발품 팔아서 오프라인으로 사야하는거 같아요 ㅠㅠ,"[-0.00393295  0.01800537 -0.03662109 ... -0.02882385 -0.04269409
  0.00121498]",2,"['할인', '혜택', '오프라인', '발품', '팔다', '다니다', '최고', '금액', '상관', '온라인', '상관', '할인', '가격', '비교', '지치다', '어쩌다', '발품', '팔다', '오프라인', '사다']",할인 혜택 오프라인 발품 팔다 다니다 최고 금액 상관 온라인 상관 할인 가격 비교 지치다 어쩌다 발품 팔다 오프라인 사다,0
759,저희는 오프라인으로 방문해서 한 번에 다 했습니다.,"[ 1.69677734e-02  4.21447754e-02  2.16960907e-05 ... -1.14593506e-02
 -4.02832031e-02 -1.39083862e-02]",2,"['오프라인', '방문']",오프라인 방문,0
760,오프라인 발품이 최고인듯해요! 저 오프라인으로 발품팔아 견적받았더니 갈수록 최종견적이 낮아지는걸 경험했습니다...,"[-0.01489258  0.0271759  -0.01763916 ... -0.03710938 -0.03207397
 -0.0033989 ]",2,"['오프라인', '발품', '최고', '오프라인', '발품', '팔다', '견적', '최종', '견적', '낮다', '경험']",오프라인 발품 최고 오프라인 발품 팔다 견적 최종 견적 낮다 경험,0
761,저희는 오프라인 몇군데 돌아 다니다가 가장 저렴한 온라인 지인찬스로 구매했어용,"[-0.00475311  0.03710938 -0.02542114 ... -0.02362061 -0.03198242
 -0.01540375]",2,"['오프라인', '돌다', '다니다', '저렴하다', '온라인', '지인', '찬스', '구매']",오프라인 돌다 다니다 저렴하다 온라인 지인 찬스 구매,0
762,온라인으로도 견적받고 오프라인도 견적받아서 비교할거같아요,"[-0.0063324   0.03018188 -0.01809692 ... -0.0352478  -0.03390503
 -0.00621796]",2,"['온라인', '견적', '오프라인', '견적', '비교']",온라인 견적 오프라인 견적 비교,0
763,오프라인으로 견적 받고 비교해 보고 결정하려고요 !,"[-0.00471878  0.03833008 -0.01535797 ... -0.03283691 -0.03007507
 -0.00401306]",2,"['오프라인', '견적', '비교', '결정']",오프라인 견적 비교 결정,0
764,오프라인 견적받고 온라인으로 구매할까해요.. 더 저렴한곳으로 ㅎㅎ,"[-0.00680923  0.04537964 -0.02722168 ... -0.03555298 -0.03741455
 -0.00783539]",2,"['오프라인', '견적', '온라인', '구매', '저렴하다']",오프라인 견적 온라인 구매 저렴하다,1
765,오프라인으로 돌아다니면서 결정하고 샀어요^^,"[ 0.008255    0.02307129 -0.03016663 ... -0.01597595 -0.02528381
 -0.01953125]",2,"['오프라인', '돌아다니다', '결정', '사다']",오프라인 돌아다니다 결정 사다,0
766,세트로 구매하실꺼면 오프라인이 더 저렴해요~ 한두개 사실꺼면 온라인이 저렴하구요,"[ 0.006073    0.02734375 -0.04037476 ... -0.03540039 -0.02716064
  0.00230217]",2,"['세트', '구매', '오프라인', '저렴하다', '사다', '온라인', '저렴하다']",세트 구매 오프라인 저렴하다 사다 온라인 저렴하다,1
767,온라인구매가 좀더 편할거같아요,"[ 0.01893616  0.03457642 -0.01919556 ... -0.03771973 -0.03662109
 -0.01646423]",2,"['온라인', '구매', '편하다']",온라인 구매 편하다,1
768,3개이상 구매하면 오프라인이 더 저렴해서 여기저기 다 알아보고 제일 저렴한곳으로 갔어용,"[ 0.01050568  0.01748657 -0.03787231 ... -0.02388    -0.01667786
  0.00614166]",2,"['이상', '구매', '오프라인', '저렴하다', '여기저기', '알아보다', '저렴하다']",이상 구매 오프라인 저렴하다 여기저기 알아보다 저렴하다,1
769,세트로 구매하면 오프라인이 더 싸다고 들었는데,"[ 0.01976013  0.027771   -0.0390625  ... -0.03497314 -0.03979492
  0.01132202]",2,"['세트', '구매', '오프라인', '싸다']",세트 구매 오프라인 싸다,1
770,온라인 보다는 오프라인 구매로 할 생각이에요,"[ 0.01290131  0.0259552  -0.02433777 ... -0.01644897 -0.04064941
 -0.01931763]",2,"['온라인', '오프라인', '구매', '생각']",온라인 오프라인 구매 생각,1
771,전 두가지만 사면되서 온라인 오프라인 비교했는데 온라인이 최고긴 하더라구요 오프라인가서 견적받고 모델명 다 찍어서 비교해보세요,"[-9.82284546e-05  1.77612305e-02 -3.93676758e-02 ... -2.89306641e-02
 -1.88598633e-02  2.92587280e-03]",2,"['사다', '온라인', '오프라인', '비교', '온라인', '최고', '오프라인', '견적', '모델명', '찍다', '비교']",사다 온라인 오프라인 비교 온라인 최고 오프라인 견적 모델명 찍다 비교,0
772,신모델 필요없고 가전배송이 각각와도 괜찮으시면 온라인 추천이요. 저희는 거의 빌트인이라 몇개 안샀는데 오프라인이 싸더라구요,"[ 0.00143337  0.01968384 -0.04571533 ... -0.02905273 -0.03820801
 -0.00111198]",2,"['모델', '필요', '가전', '배송', '괜찮다', '온라인', '추천', '빌트', '사다', '오프라인', '싸다']",모델 필요 가전 배송 괜찮다 온라인 추천 빌트 사다 오프라인 싸다,1
773,온라인 최저가 확인 후 오프라인으로 견적 받고 비교 후 진행하면 될듯요,"[-0.00232124  0.03186035 -0.00866699 ... -0.04418945 -0.02349854
 -0.0042038 ]",2,"['온라인', '최저', '확인', '오프라인', '견적', '비교', '진행']",온라인 최저 확인 오프라인 견적 비교 진행,0
774,한두개면 온라인이싸고 여러개면 온라인이 싸요.,"[ 0.00533295  0.02532959 -0.03192139 ... -0.02230835 -0.01600647
 -0.00293922]",2,"['온라인', '싸다', '온라인', '싸다']",온라인 싸다 온라인 싸다,1
775,많이 사심 오프라인이 할인도 많이 해주니 오프라인도 한번 돌아보세요.,"[-0.00728989  0.0149765  -0.03500366 ... -0.03646851 -0.02967834
  0.00369644]",2,"['사다', '오프라인', '할인', '오프라인', '돌아보다']",사다 오프라인 할인 오프라인 돌아보다,0
776,전 한다면 오프라인에서 살 것 같아요~ 이것저것 사면 덤도 준다구 하더라구용,"[-0.00901794  0.01249695 -0.02307129 ... -0.02531433 -0.02865601
 -0.01232147]",2,"['오프라인', '살다', '이것저것', '사다']",오프라인 살다 이것저것 사다,1
777,구매항목이 많지않다면 온라인이 젤 저렴한거같아요,"[-0.00089741  0.029953   -0.03369141 ... -0.0362854  -0.03292847
 -0.01508331]",2,"['구매', '항목', '많다', '온라인', '저렴하다']",구매 항목 많다 온라인 저렴하다,1
778,저희는 오프라인으로 구매했는데 가장 가성비는 온라인인것같아요~~,"[ 0.00926971  0.027771   -0.0423584  ... -0.0199585  -0.03811646
 -0.01289368]",2,"['오프라인', '구매', '가성비', '온라인']",오프라인 구매 가성비 온라인,1
779,저도 오프라인으로 발품팔아서 여기저기 싹 돌아보고 결정할것같아요!,"[-0.01976013  0.03305054 -0.01712036 ... -0.02885437 -0.03552246
 -0.00822449]",2,"['오프라인', '발품', '팔다', '여기저기', '돌아보다', '결정']",오프라인 발품 팔다 여기저기 돌아보다 결정,0
780,품목이 많으면 오프라인이 더 싸다고해서 오프라인으로 갈려고요!,"[-0.00203896  0.02545166 -0.03881836 ... -0.01797485 -0.03283691
  0.00049543]",2,"['품목', '많다', '오프라인', '싸다', '오프라인']",품목 많다 오프라인 싸다 오프라인,0
781,둘다 비교하면 좋을 것 같아요 ㅎㅎ 저는 오프라인으로 구매했어요,"[-0.00208855  0.00208282 -0.03164673 ... -0.03924561 -0.03216553
 -0.01519775]",2,"['비교', '좋다', '오프라인', '구매']",비교 좋다 오프라인 구매,0
782,오프라인으로 한번에 구매하는게 저렴한 것 같더라구여!,"[-0.00062084  0.04342651 -0.02427673 ... -0.01478577 -0.03726196
 -0.00359535]",2,"['오프라인', '구매', '저렴하다']",오프라인 구매 저렴하다,1
783,오프라인 가셔서 비교 해보시고 구매하는 것 추천해요!,"[-0.00105953  0.01887512 -0.02374268 ... -0.02989197 -0.02589417
 -0.01190948]",2,"['오프라인', '비교', '구매', '추천']",오프라인 비교 구매 추천,0
784,오프라인으로 하려구요 직접 봐야 마음이 편할것 같아유...,"[ 0.00772476  0.02867126 -0.01298523 ... -0.04144287 -0.01971436
 -0.00716019]",2,"['오프라인', '마음', '편하다']",오프라인 마음 편하다,2
785,저희는 아직 구매시기가 꽤 남았지만 온라인으로 대략 좀 찾아보고 오프라인 돌아보면서 가격 비교해보고 고민할 것 같아요 ㅎㅎ,"[-0.00642395  0.02957153 -0.02093506 ... -0.0369873  -0.03182983
 -0.00907135]",2,"['구매', '시기', '남다', '온라인', '찾다', '오프라인', '돌아보다', '가격', '비교', '고민']",구매 시기 남다 온라인 찾다 오프라인 돌아보다 가격 비교 고민,0
786,"온라인으로 제품비교해보고 몇개 고른 후에 오프라인가서 직접 체험해보고, 온라인 구매했어요...ㅋㅋ","[ 0.00576401  0.01858521 -0.01914978 ... -0.04040527 -0.02824402
 -0.01248932]",2,"['온라인', '제품', '비교', '고르다', '오프라인', '체험', '온라인', '구매']",온라인 제품 비교 고르다 오프라인 체험 온라인 구매,1
787,오프라인 견적 쫙 돌아보고 결국은 온라인으로 구입했어요~,"[-0.00019121  0.0401001  -0.01846313 ... -0.02128601 -0.04336548
 -0.0128479 ]",2,"['오프라인', '견적', '돌아보다', '결국', '온라인', '구입']",오프라인 견적 돌아보다 결국 온라인 구입,1
788,전부 다 살거라 오프라인매장뷰터 둘러볼거같아요,"[ 0.00907898  0.02964783 -0.02236938 ... -0.02850342 -0.02931213
  0.00780869]",2,"['살다', '오프라인', '매장', '둘러보다']",살다 오프라인 매장 둘러보다,1
789,오프라인으로 일단 쭉 둘러볼 것 같아요,"[ 0.00162125  0.03396606 -0.00323105 ... -0.02983093 -0.01346588
 -0.01551819]",2,"['오프라인', '둘러보다']",오프라인 둘러보다,1
790,오프라인이 좋을거같아요 온라인이 저렴하지만 좀 옛날 제품인거같아서요,"[ 0.00749969  0.01951599 -0.05078125 ... -0.04510498 -0.02058411
 -0.00447083]",2,"['오프라인', '좋다', '온라인', '옛날', '제품']",오프라인 좋다 온라인 옛날 제품,0
791,품목이 많아서 오프라인으로 계약했어요~,"[ 0.0134964   0.03823853 -0.02368164 ... -0.01678467 -0.0368042
 -0.01757812]",2,"['품목', '많다', '오프라인', '계약']",품목 많다 오프라인 계약,0
792,오프라인으로 보고 구입했어요,"[ 0.00714874  0.02824402 -0.01695251 ... -0.01005554 -0.03439331
 -0.02368164]",2,"['오프라인', '구입']",오프라인 구입,1
793,다품종이면 오프라인이 온라인보다 싸다고 들었어요! 전 오프라인에서 했어요~,"[-0.00137806  0.01506042 -0.04013062 ... -0.02510071 -0.0304718
 -0.00861359]",2,"['품종', '오프라인', '온라인', '싸다', '오프라인']",품종 오프라인 온라인 싸다 오프라인,0
794,매장돌아다녀보고 모델명찍어서 최저가 찾아 구매했어용 ㅎㅎ 제가 백수였을때라 가능했네요,"[ 0.00443268  0.01354218 -0.02082825 ... -0.03108215 -0.02346802
 -0.00492096]",2,"['매장', '돌아다니다', '모델명', '찍다', '최저', '찾다', '구매', '백수', '가능']",매장 돌아다니다 모델명 찍다 최저 찾다 구매 백수 가능,0
795,오프라인으로 직접 보고 상담하고 구입했습니다,"[ 0.01161194  0.02888489 -0.01282501 ... -0.02635193 -0.02928162
 -0.01644897]",2,"['오프라인', '상담', '구입']",오프라인 상담 구입,0
796,오프라인견적내보고 온라인이 싸면 온라인하려구요ㅎㅎ,"[-0.00849915  0.03448486 -0.01553345 ... -0.03335571 -0.01696777
 -0.00511932]",2,"['오프라인', '견적', '내다', '온라인', '싸다', '온라인']",오프라인 견적 내다 온라인 싸다 온라인,0
797,온라인에서 사셔두 오프라인가서 모델명 확인하시고 사시는거 추천이요 엄청헷갈리더라구요 전그래서 그냥 백화점에서 했어요,"[ 0.00045514  0.00980377 -0.04681396 ... -0.03460693 -0.02217102
  0.007164  ]",2,"['온라인', '사다', '오프라인', '모델명', '확인', '사다', '추천', '헷갈리다', '백화점']",온라인 사다 오프라인 모델명 확인 사다 추천 헷갈리다 백화점,0
798,전 많이 구매하는게 아니어서 온라인으로 햇어요!,"[-0.00122547  0.01442719 -0.02012634 ... -0.02822876 -0.04803467
 -0.01940918]",2,"['구매', '온라인']",구매 온라인,1
799,오프랑 온라인이랑 비교해서 볼 것 같아요~,"[ 0.01348877  0.01357269 -0.0165863  ... -0.02938843 -0.01782227
 -0.02302551]",2,"['온라인', '비교']",온라인 비교,0
800,3개이상 다품목 사는거면 오프라인이 훨씬 싸다고 해요~ 저도 온라인 오프라인 비교해보고 발품 팔앗는데 오픈하는 매장에서 싸게 샀어요~,"[ 0.00432587  0.01540375 -0.05032349 ... -0.0267334  -0.03007507
 -0.00068808]",2,"['이상', '품목', '사다', '오프라인', '싸다', '온라인', '오프라인', '비교', '발품', '팔다', '오픈', '매장', '싸다', '사다']",이상 품목 사다 오프라인 싸다 온라인 오프라인 비교 발품 팔다 오픈 매장 싸다 사다,0
801,품목이 많지 않으면 온라인 괜찮은거 같아요,"[ 0.00686646  0.01005554 -0.03010559 ... -0.0352478  -0.02684021
 -0.00819397]",2,"['품목', '많다', '온라인', '괜찮다']",품목 많다 온라인 괜찮다,0
802,오프라인에서 보고 가격 비교해보고 사려구요. 혜택 다 받으면 오프라인이 저렴한 때도 많더라구요.,"[ 0.00041103  0.01873779 -0.03588867 ... -0.02839661 -0.02630615
 -0.01849365]",2,"['오프라인', '가격', '비교', '사다', '혜택', '오프라인', '많다']",오프라인 가격 비교 사다 혜택 오프라인 많다,0
803,예정이고 오프라인으로 가계약했어요,"[ 0.01356506  0.03973389 -0.01054382 ... -0.01079559 -0.01803589
 -0.00593948]",2,"['예정', '오프라인', '계약']",예정 오프라인 계약,0
804,견적비교해서 여러군데 다녀서 온라인으로 여러개 많이사서 할인 받았어요 ㅎㅎ,"[-0.00505447  0.03053284 -0.02455139 ... -0.03128052 -0.03924561
 -0.00634384]",2,"['견적', '비교', '다니다', '온라인', '사다', '할인']",견적 비교 다니다 온라인 사다 할인,0
805,들어보니 백화점에서 하면 상품권도 많이줘서 오프라인에서 많이 하더라구요!,"[ 0.00095701  0.02223206 -0.02235413 ... -0.03829956 -0.02813721
  0.00239944]",2,"['백화점', '상품', '오프라인']",백화점 상품 오프라인,2
806,혜택땜에 오프라인에서 돌아보려구요,"[ 0.00577164  0.03546143 -0.01529694 ... -0.01820374 -0.02586365
 -0.01190186]",2,"['혜택', '오프라인', '돌다']",혜택 오프라인 돌다,0
807,오프라인에서 보구 온라인에서 구매했어요ㅎㅎ실물을 보긴봐야해서,"[-0.00723267  0.0269928  -0.02713013 ... -0.02389526 -0.03775024
 -0.02626038]",2,"['오프라인', '온라인', '구매', '실물']",오프라인 온라인 구매 실물,1
808,저도 고민했는데 온라인으로 구매시 잘 알아바야한다더라구요. 개인업자가 사서 되팔기하는 경우도 많아서 보증이 지난다고하더라구여,"[-0.00385284  0.01737976 -0.02885437 ... -0.0519104  -0.0266571
 -0.01221466]",2,"['고민', '온라인', '구매', '개인', '업자', '사다', '되팔다', '많다', '보증', '지나다']",고민 온라인 구매 개인 업자 사다 되팔다 많다 보증 지나다,1
809,오프라인 온라인 둘다 섞어서 할 것같아요!,"[ 0.00317383  0.019104   -0.00974274 ... -0.01464844 -0.02244568
 -0.00319099]",2,"['오프라인', '온라인', '섞다']",오프라인 온라인 섞다,1
810,저는 오프라인으로 발품 팔아서 했어요! 같은 브랜드에 4가지면 합쳐서 할인도 해주고 오프라인이 할인 혜택이 더 많은거 같더라구요!,"[-0.00976562  0.01670837 -0.02276611 ... -0.02839661 -0.02838135
 -0.00614166]",2,"['오프라인', '발품', '팔다', '브랜드', '합치다', '할인', '오프라인', '할인', '혜택', '많다']",오프라인 발품 팔다 브랜드 합치다 할인 오프라인 할인 혜택 많다,2
811,음 이정도면 온라인으로 구매하셔도 괜찮을 것 같은데요...?,"[ 0.0121994   0.02230835 -0.02095032 ... -0.04031372 -0.03500366
  0.00231934]",2,"['온라인', '구매', '괜찮다']",온라인 구매 괜찮다,1
812,온라인이 더싼경우도 많아서 둘다 볼거같아요ㅠ,"[-0.00516129  0.02005005 -0.01602173 ... -0.03921509 -0.02513123
  0.00398636]",2,"['온라인', '싸다', '많다']",온라인 싸다 많다,1
813,"가짓수가 적고 최신 모델일 필요 없으면 온라인이 적합할 것 같아요. 제가 온라인으로 제품 검색해, 모델명으로 오프라인에 가격 문의했을때 다 작년제품이라고 했어요. 오프라인은 신상만 취급한다고 답해주셨어요. 거기 지점만 그런지는 모르겠지만. 제가 샀던 제품 종류들은 가격도 온라인이 훨씬 저렴해 온라인으로 구매했어요.","[ 0.00699997  0.02799988 -0.04406738 ... -0.0140686  -0.01192474
  0.0016737 ]",2,"['가짓수', '적다', '최신', '모델', '필요', '온라인', '적합', '온라인', '제품', '검색', '모델명', '오프라인', '가격', '문의', '작년', '제품', '오프라인', '신상', '취급', '지점', '사다', '제품', '종류', '가격', '온라인', '저렴하다', '온라인', '구매']",가짓수 적다 최신 모델 필요 온라인 적합 온라인 제품 검색 모델명 오프라인 가격 문의 작년 제품 오프라인 신상 취급 지점 사다 제품 종류 가격 온라인 저렴하다 온라인 구매,0
814,온라인은 한계가 있어서 오프라인으로 구매하시는게 낫지않을까요?,"[-4.11868095e-05  3.57360840e-02 -2.36816406e-02 ... -3.23181152e-02
 -3.90319824e-02 -8.27789307e-03]",2,"['온라인', '한계', '오프라인', '구매']",온라인 한계 오프라인 구매,0
815,온라인도 좋지만 오프라인으로 발품 팔아서 구매하는 편이 좋을것같아요,"[-0.00763702  0.02586365 -0.0357666  ... -0.03347778 -0.04476929
 -0.01246643]",2,"['온라인', '좋다', '오프라인', '발품', '팔다', '구매', '좋다']",온라인 좋다 오프라인 발품 팔다 구매 좋다,0
816,견적 내주실 때 페이백이랑은 설명 못 들으셨어요? 오프라인 체감가랑 온라인 비교해서 저렴한데서 하세요~,"[ 0.0012331   0.02774048 -0.02734375 ... -0.03210449 -0.03790283
 -0.00898743]",2,"['견적', '내다', '페이', '설명', '오프라인', '체감', '온라인', '비교', '저렴하다']",견적 내다 페이 설명 오프라인 체감 온라인 비교 저렴하다,0
817,오프에서 직접 보고 결정할 것 같아요 !,"[ 0.0189209   0.02983093 -0.0142746  ... -0.01997375 -0.01179504
  0.01174927]",2,"['오프', '결정']",오프 결정,1
818,오프라인 페이백이나 상품권 할인 등 전체적인 가격 비교해서 싼데서 하면 되시지 않을까요?,"[ 0.00631332  0.01863098 -0.02819824 ... -0.02830505 -0.03616333
 -0.01322174]",2,"['오프라인', '페이', '상품', '할인', '전체', '가격', '비교', '싸다']",오프라인 페이 상품 할인 전체 가격 비교 싸다,0
819,후기나 제품에 대해 많이 찾아보고 온라인으로 최종 구매할 것 같아요!,"[ 0.00558853  0.03204346 -0.02331543 ... -0.0397644  -0.0369873
 -0.01785278]",2,"['후기', '제품', '대하다', '찾아보다', '온라인', '최종', '구매']",후기 제품 대하다 찾아보다 온라인 최종 구매,1
820,한꺼번에 배송 받기좋은건 오프라인이죠,"[ 0.0032177   0.03939819 -0.02076721 ... -0.02348328 -0.03741455
 -0.01213837]",2,"['배송', '좋다', '오프라인']",배송 좋다 오프라인,2
821,오프에서 보고 하는게 맘편하지않을까요? ㅠㅠ,"[ 0.0087738   0.03622437 -0.01454926 ... -0.03378296 -0.0176239
  0.014328  ]",2,"['오프', '편하다']",오프 편하다,1
822,브랜드하나로 통일하실거라면 오프라인이 훨씬 저렴해료!,"[-0.00051785  0.02668762 -0.02670288 ... -0.02876282 -0.02391052
  0.01916504]",2,"['브랜드', '통일', '오프라인']",브랜드 통일 오프라인,0
823,오프라인으로 가서 실제로 보고 견적낸 후에 온라인이랑 비교해볼것같아요!,"[-0.00663376  0.03121948 -0.0151825  ... -0.03433228 -0.02938843
 -0.01005554]",2,"['오프라인', '견적', '내다', '온라인', '비교']",오프라인 견적 내다 온라인 비교,0
824,오프라인이 혜택 많을거에여! 발품 많이 파셔야해요 ㅜ,"[-0.00303459  0.01924133 -0.01899719 ... -0.03952026 -0.0340271
  0.01353455]",2,"['오프라인', '혜택', '많다', '발품', '파']",오프라인 혜택 많다 발품 파,0
825,온라인 오프라인 전부 견적 비교 해 볼 것 같아요 !,"[ 0.00373268  0.02905273 -0.01531219 ... -0.02764893 -0.04043579
 -0.00394821]",2,"['온라인', '오프라인', '견적', '비교']",온라인 오프라인 견적 비교,0
826,온라인 오프라인 비교해서 저렴한곳하세요 ㅎㅎ근데 막상 견적받으면 온라인이랑 비슷하고 더 챙김받는느낌이라 오프라인 견적좋윽곳 찾아서 하기 추천이요,"[-0.00566483  0.0378418  -0.02429199 ... -0.03848267 -0.01216125
 -0.00476456]",2,"['온라인', '오프라인', '비교', '저렴하다', '견적', '온라인', '챙기다', '느낌', '오프라인', '견적', '좋다', '찾다', '추천']",온라인 오프라인 비교 저렴하다 견적 온라인 챙기다 느낌 오프라인 견적 좋다 찾다 추천,0
827,브랜드 통일 하실거면 오프라인에서 한번에 구매하는게 더 저렴할거에요!,"[-0.00402451  0.03814697 -0.03109741 ... -0.01193237 -0.02975464
  0.00476456]",2,"['브랜드', '통일', '오프라인', '구매', '저렴하다']",브랜드 통일 오프라인 구매 저렴하다,1
828,몇개만 사실거라면 온라인에서 사시는게 더 저렴하실 수도 있어요,"[ 0.00290871  0.04153442 -0.02981567 ... -0.02931213 -0.02172852
 -0.00556564]",2,"['사다', '온라인', '사다', '저렴하다']",사다 온라인 사다 저렴하다,1
829,브랜드 통일해서 진행하시려면 오프라인에서 일괄구매가 나은걸로알고있어요.,"[ 0.00395584  0.02452087 -0.02986145 ... -0.00832367 -0.03601074
  0.0006175 ]",2,"['브랜드', '통일', '진행', '오프라인', '일괄', '구매']",브랜드 통일 진행 오프라인 일괄 구매,0
830,"단품으로 사면 인터넷, 여러개로 사면 매장이 혜택이 좋아요!","[ 0.0018158   0.03649902 -0.03399658 ... -0.03421021 -0.04815674
  0.01086426]",2,"['사다', '인터넷', '사다', '매장', '혜택', '좋다']",사다 인터넷 사다 매장 혜택 좋다,2
831,요즘은 인터넷 행사가도 잘 나와서 가격 종합적으로 비교해보고 결정하심 될것같아요.,"[ 0.00322342  0.02844238 -0.04229736 ... -0.02958679 -0.04281616
 -0.00674057]",2,"['요즘', '인터넷', '행사', '나오다', '가격', '종합', '비교', '결정']",요즘 인터넷 행사 나오다 가격 종합 비교 결정,0
832,견적은 오프에서 보고 차이가 많다면 온라인으로 주문할 것 같아요! ㄷㅇ,"[-0.00880432  0.03500366 -0.01541138 ... -0.03427124 -0.03479004
 -0.00439453]",2,"['견적', '오프', '차이', '많다', '온라인', '주문']",견적 오프 차이 많다 온라인 주문,0
833,견적이랑 페이백 얼만지 확인해서 비교해보고 더 싼 곳으로요! (ㄷㅇ),"[ 0.00489807  0.02650452 -0.02268982 ... -0.03070068 -0.02774048
  0.00232124]",2,"['견적', '페이', '얼마', '확인', '비교', '싸다']",견적 페이 얼마 확인 비교 싸다,0
834,오프라인에서 견적 내보고 결정할거같아요 !,"[-0.00441742  0.03308105 -0.02352905 ... -0.02923584 -0.02574158
 -0.00172138]",2,"['오프라인', '견적', '내다', '결정']",오프라인 견적 내다 결정,0
835,페이백까지 다~ 고려해서 실제로 차이가 별로 안 난다면 오프에서 살 것 같아요 차이 너무 많이 나면 인터넷으루용,"[ 0.01164246  0.02175903 -0.03204346 ... -0.02905273 -0.02760315
  0.00497055]",2,"['페이', '고려', '차이', '오프', '살다', '차이', '인터넷']",페이 고려 차이 오프 살다 차이 인터넷,2
836,저희는 임직원 할인몰에서 온라인으로 사려구요!,"[-0.00222969  0.03259277 -0.0362854  ... -0.01797485 -0.06304932
 -0.00878906]",2,"['임직원', '할인', '온라인', '사다']",임직원 할인 온라인 사다,1
837,오프에서 직접이요!,"[ 0.01756287  0.02676392 -0.00743866 ... -0.01635742 -0.01499176
  0.00487137]",2,['오프'],오프,1
838,4개 이상이면 오프라인으로 사는게 나을거같아요!:) ㄷㅇ,"[ 0.01229095  0.02264404 -0.01678467 ... -0.03039551 -0.02328491
  0.01435852]",2,"['이상', '오프라인', '사다']",이상 오프라인 사다,1
839,제품 오프라인에서 한번 보고 최종 구입은 온라인에서 할것같아요!,"[ 0.00360489  0.02832031 -0.02883911 ... -0.02520752 -0.03817749
 -0.02172852]",2,"['제품', '오프라인', '최종', '구입', '온라인']",제품 오프라인 최종 구입 온라인,1
840,오프라인 몇군데 견적을 받아서 젤 싼데로 하심될것같아용,"[-0.00259399  0.04220581 -0.02632141 ... -0.03637695 -0.01835632
  0.00776672]",2,"['오프라인', '견적', '싸다']",오프라인 견적 싸다,0
841,온라인으로 사더라도 매장가서 먼저 실물 보고 견적 받아볼 것 같아요,"[ 0.00462723  0.04031372 -0.01795959 ... -0.04089355 -0.03860474
 -0.00262451]",2,"['온라인', '사다', '매장', '실물', '견적']",온라인 사다 매장 실물 견적,1
842,오프라인에서 견적받고 할인받을거같아요,"[ 0.00016999  0.03204346 -0.02600098 ... -0.02659607 -0.02650452
 -0.00594711]",2,"['오프라인', '견적', '할인']",오프라인 견적 할인,0
843,일단 오프라인으로 돌아보고 온라인 가격이랑 비교해보시는 게 좋을 것 같아요!,"[-0.00160599  0.02420044 -0.02474976 ... -0.03079224 -0.02732849
 -0.00836182]",2,"['오프라인', '돌다', '온라인', '가격', '비교', '좋다']",오프라인 돌다 온라인 가격 비교 좋다,0
844,먼저 발품 팔아 오프라인 갔다가 가격 비교해서 온라인으로 구매할 거 같아요 !,"[-0.00971985  0.03030396 -0.01371002 ... -0.02456665 -0.03729248
 -0.02641296]",2,"['발품', '팔다', '오프라인', '가격', '비교', '온라인', '구매']",발품 팔다 오프라인 가격 비교 온라인 구매,0
845,전 5개 이하였어서 그냥 빅스마일데이 할 때 온라인으로 샀어요,"[-0.01032257  0.00798798 -0.02870178 ... -0.01817322 -0.04196167
  0.01055908]",2,"['이하', '스마일', '데이', '온라인', '사다']",이하 스마일 데이 온라인 사다,1
846,오프라인으로 삼성스토어에서 전부 구매했습니다!,"[ 0.00329781  0.02687073 -0.03451538 ... -0.01451874 -0.04550171
 -0.01042175]",2,"['오프라인', '삼성', '스토어', '구매']",오프라인 삼성 스토어 구매,1
847,오프라인으로 하이마트에서 전부 구매했어요!,"[ 0.00247383  0.02935791 -0.02386475 ... -0.00911713 -0.06039429
  0.00670624]",2,"['오프라인', '하이마트', '구매']",오프라인 하이마트 구매,0
848,일단 오프라인가서 묶음할인 알아보고 인터넷이랑 비교해서 구매할거 같아요,"[ 0.00507736  0.0153656  -0.02906799 ... -0.02838135 -0.04138184
 -0.01147461]",2,"['오프라인', '묶음', '할인', '알아보다', '인터넷', '비교', '구매']",오프라인 묶음 할인 알아보다 인터넷 비교 구매,0
849,오프라인 하이마트 갓는데 가격 괜찮앗어요,"[ 0.01899719  0.01972961 -0.02963257 ... -0.0105896  -0.03262329
  0.00504303]",2,"['오프라인', '하이마트', '가격', '괜찮다']",오프라인 하이마트 가격 괜찮다,0
850,오프라인 견적 다 받아보고 실물도 보고 결정할 것 같아요,"[-0.00192547  0.04241943 -0.01429749 ... -0.03417969 -0.02679443
  0.00475693]",2,"['오프라인', '견적', '실물', '결정']",오프라인 견적 실물 결정,0
851,오프라인에서 묶어서 구매할 것 같아요. 그러면 할인 많이 되나 보더라고요,"[ 0.00647354  0.0284729  -0.04351807 ... -0.0239563  -0.0357666
  0.00046778]",2,"['오프라인', '묶다', '구매', '할인']",오프라인 묶다 구매 할인,1
852,오프라인에서 한번에 많아사서 할인받았어요!,"[ 0.00189686  0.03030396 -0.0322876  ... -0.00735855 -0.03717041
 -0.00698853]",2,"['오프라인', '많다', '사다', '할인']",오프라인 많다 사다 할인,2
853,오프라인으로 견적받고 진행할 예정이에요,"[ 0.00018775  0.04702759 -0.01097107 ... -0.02008057 -0.02874756
 -0.00171661]",2,"['오프라인', '견적', '진행', '예정']",오프라인 견적 진행 예정,0
854,전 오프라인에서 마음에드는 제품 골라서 온라인으로 구매했어요,"[ 0.02043152  0.02548218 -0.02973938 ... -0.00525665 -0.0329895
 -0.03720093]",2,"['오프라인', '마음', '제품', '고르다', '온라인', '구매']",오프라인 마음 제품 고르다 온라인 구매,1
855,오프라인으로 견적받아보고 비고해서 사먄될것같아요!,"[-0.01618958  0.0335083  -0.01887512 ... -0.03414917 -0.03089905
  0.00592422]",2,"['오프라인', '견적', '비', '사먄']",오프라인 견적 비 사먄,0
856,오프라인으로 가전제품 묶어서 살 생각입니다.,"[ 0.0067215   0.04800415 -0.02607727 ... -0.0287323  -0.04907227
 -0.02110291]",2,"['오프라인', '가전제품', '묶다', '사다', '생각']",오프라인 가전제품 묶다 사다 생각,1
857,오프라인 매장가서 쓱 실물 보고 온라인으로 사죠 사람들 대부분이 가격이 저렴해서요,"[-0.00544357  0.02885437 -0.02507019 ... -0.02571106 -0.03038025
 -0.0083847 ]",2,"['오프라인', '매장', '실물', '온라인', '사다', '사람', '부분', '가격', '저렴하다']",오프라인 매장 실물 온라인 사다 사람 부분 가격 저렴하다,1
858,"여러개 사도 오프가 온라인보다 쌀수가없어요... 매장유지하면서 판매원들 인건비 생각하면 몇몇 재고품 특가 뜬거말고는 오프라인이 더 쌀수가없는 구조인거죠.. 오프라인 장점은 실물을 볼수있다는건데... 사실 오프에서 사도 배송되기때문에 물건 받는 시점도 온라인,오프라인 큰 차이가 없을것같아요.","[ 0.01044464  0.02125549 -0.03237915 ... -0.01939392 -0.01643372
 -0.00482178]",2,"['사다', '오프', '온라인', '싸다', '매장', '유지', '판매원', '인건비', '생각', '재다', '특가', '뜨다', '말', '오프라인', '싸다', '구조', '오프라인', '장점', '실물', '오프', '사다', '배송', '물건', '시점', '온라인', '오프라인', '크다', '차이']",사다 오프 온라인 싸다 매장 유지 판매원 인건비 생각 재다 특가 뜨다 말 오프라인 싸다 구조 오프라인 장점 실물 오프 사다 배송 물건 시점 온라인 오프라인 크다 차이,1
859,저도 온라인에서 오프라인쪽으로 선호도가 바뀌는거같아요ㅎㅎ,"[ 0.00045013  0.02432251 -0.01267242 ... -0.02127075 -0.01960754
 -0.01132202]",2,"['온라인', '오프라인', '선호도', '바뀌다']",온라인 오프라인 선호도 바뀌다,0
860,인터넷이 편하긴 한데 ..,"[ 0.00630188  0.02839661 -0.00287056 ... -0.0380249  -0.01864624
  0.00542068]",2,"['인터넷', '편하다']",인터넷 편하다,2
861,목적에따라 다른거같은데 비율은 온라인이 많아요!,"[ 0.00201797  0.01113892 -0.021698   ... -0.0368042  -0.01151276
 -0.00437546]",2,"['목적', '따르다', '다르다', '비율', '온라인', '많다']",목적 따르다 다르다 비율 온라인 많다,0
862,인터넷 더 좋아하시는군여,"[ 0.00297928  0.02194214 -0.00967407 ... -0.02973938 -0.00616074
  0.0067215 ]",2,"['인터넷', '좋아하다']",인터넷 좋아하다,2
863,온라인쇼핑파였는데 오즘은 오프라인이 저 조아욘,"[ 0.00614929  0.02366638 -0.03710938 ... -0.0456543  -0.03771973
 -0.02124023]",2,"['온라인', '쇼핑', '오즈', '오프라인', '조아']",온라인 쇼핑 오즈 오프라인 조아,0
864,편한건 온라인이긴하죠!,"[ 0.00790405  0.03646851 -0.01161194 ... -0.03105164 -0.02035522
 -0.007164  ]",2,"['편하다', '온라인']",편하다 온라인,1
865,"전 옷(색감, 핏)은 오프라인 나머지는 온라인이요! 특히 장보는건 온라인 장보기가 넘 편하고 조아용","[ 0.00740051  0.02322388 -0.02314758 ... -0.02130127 -0.02337646
 -0.0176239 ]",2,"['색감', '오프라인', '나머지', '온라인', '온라인', '편하다', '조아']",색감 오프라인 나머지 온라인 온라인 편하다 조아,1
866,둘다 장단점이 있더라구요 ㅎㅎ 온라인 많이 사요 ㅎㅎ,"[ 0.00024867  0.01508331 -0.02723694 ... -0.04049683 -0.03253174
  0.00365639]",2,"['장단점', '온라인', '사다']",장단점 온라인 사다,1
867,집순이에겐 온라인이 최고 아닌가여..!?,"[-0.00218582  0.03451538 -0.01974487 ... -0.03604126 -0.03570557
 -0.01134491]",2,"['순이', '온라인', '최고']",순이 온라인 최고,1
868,그때그때 다른 것 같은데 인터넷에서는 실패할까봐 무서워요 ㅠㅠㅋㅋ,"[-0.00113201  0.02926636 -0.01004028 ... -0.03225708 -0.01056671
  0.00217819]",2,"['다르다', '인터넷', '실패']",다르다 인터넷 실패,2
869,온라인도 가능한지 몰랐네요,"[ 0.01739502  0.02619934  0.00010967 ... -0.034729   -0.01358795
 -0.00470352]",2,"['온라인', '가능']",온라인 가능,1
870,"한번에 많이 구매하시는거면 오프라인으로 사시는게 혜택도 많고 좋을거예요 2,3개만 구매하시는거면 인터넷이 저렴하구요!","[-0.00324059  0.03173828 -0.04141235 ... -0.01863098 -0.02632141
  0.00649261]",2,"['구매', '오프라인', '사다', '혜택', '많다', '좋다', '구매', '인터넷', '저렴하다']",구매 오프라인 사다 혜택 많다 좋다 구매 인터넷 저렴하다,2
871,오프라인에서 구매하려고 하는데 나눠서 구매할거라 온라인도 구매할거 같아요 ㅎㅎ,"[-0.00079012  0.03033447 -0.03283691 ... -0.0116806  -0.02941895
 -0.00994873]",2,"['오프라인', '구매', '나누다', '구매', '온라인', '구매']",오프라인 구매 나누다 구매 온라인 구매,0
872,오프라인 생각했는데 온라인도 견적 받아봐야겠네요,"[-0.00284767  0.0369873  -0.01597595 ... -0.03027344 -0.03808594
  0.00767136]",2,"['오프라인', '생각', '온라인', '견적']",오프라인 생각 온라인 견적,0
873,"품목이 많으면 오프라인, 적으면 온라인이 좋더라구요!","[ 0.00191498  0.00920105 -0.0300293  ... -0.02355957 -0.02497864
 -0.00559616]",2,"['품목', '많다', '오프라인', '적다', '온라인', '좋다']",품목 많다 오프라인 적다 온라인 좋다,0
874,오프라인에서 보고 온라인이랑 가격비교 해볼거 같아요!,"[-0.00121021  0.02185059 -0.02700806 ... -0.0214386  -0.03025818
 -0.01730347]",2,"['오프라인', '온라인', '가격', '비교']",오프라인 온라인 가격 비교,0
875,"한 번에 다 사려면 오프라인이 편하고, 따로따로 살 거면 최저가 찾기에는 온라인이 괜찮다고 하더라구요 !","[ 0.0062027   0.02688599 -0.03378296 ... -0.02203369 -0.0383606
  0.00566483]",2,"['사다', '오프라인', '편하다', '살다', '최저', '찾다', '온라인', '괜찮다']",사다 오프라인 편하다 살다 최저 찾다 온라인 괜찮다,1
876,"저희는 오프,온라인 둘 다 손품 발품 팔아서 비교해보고 온라인이 더 좋아서 온라인으로 구매했어용","[-7.90357590e-05  2.48718262e-02 -3.10058594e-02 ... -2.78015137e-02
 -3.90930176e-02 -2.36053467e-02]",2,"['오프', '온라인', '발품', '팔다', '비교', '온라인', '좋다', '온라인', '구매']",오프 온라인 발품 팔다 비교 온라인 좋다 온라인 구매,0
877,저는 구매해야 하는게 많아서 오프라인으로 가서 보려구요!,"[ 0.01280975  0.02946472 -0.02746582 ... -0.02224731 -0.04562378
 -0.01295471]",2,"['구매', '많다', '오프라인']",구매 많다 오프라인,0
878,오프라인으로 생각중이이요!,"[ 0.00054741  0.03234863 -0.00963593 ... -0.01608276 -0.02212524
 -0.00505066]",2,"['오프라인', '생각']",오프라인 생각,0
879,저는 오프라인/온라인 다 견적 받아보고 오프라인에서 했어요,"[-0.00408936  0.02055359 -0.02185059 ... -0.02839661 -0.0284729
 -0.00438309]",2,"['오프라인', '온라인', '견적', '오프라인']",오프라인 온라인 견적 오프라인,0
880,오프라인으로 보고 온라인으로 구매한것도 많아요,"[ 0.00763702  0.02903748 -0.02348328 ... -0.02041626 -0.03588867
 -0.01895142]",2,"['오프라인', '온라인', '구매', '많다']",오프라인 온라인 구매 많다,0
881,오프라인으로 둘러보고 온라인으로 샀어요 !,"[-0.00428772  0.02555847 -0.01519012 ... -0.01708984 -0.04022217
 -0.02262878]",2,"['오프라인', '둘러보다', '온라인', '사다']",오프라인 둘러보다 온라인 사다,1
882,오프라인에서 상담받아보고 온라인이랑 가격비교해보려구요~,"[ 0.00135136  0.02322388 -0.02305603 ... -0.0324707  -0.02488708
 -0.01791382]",2,"['오프라인', '상담', '온라인', '가격', '비교']",오프라인 상담 온라인 가격 비교,0
883,오프라인으로 구매했어요!행사할때하면 저렴하더라구요,"[ 0.00113773  0.02497864 -0.03570557 ... -0.01464081 -0.03433228
 -0.00400162]",2,"['오프라인', '구매', '행사', '저렴하다']",오프라인 구매 행사 저렴하다,1
884,오프라인으로 알아보시는게 좋을듯합니다~!,"[ 0.00320435  0.0145874  -0.02862549 ... -0.03713989 -0.00315475
 -0.01773071]",2,"['오프라인', '알아보다', '좋다']",오프라인 알아보다 좋다,0
885,저는 스펙 다 알아보고 비교해서 온라인으로 구매했어요 ㅎㅎ,"[ 0.00907898  0.02386475 -0.02568054 ... -0.03695679 -0.02851868
 -0.00778961]",2,"['스펙', '비교', '온라인', '구매']",스펙 비교 온라인 구매,0
886,저희는 오프라인 상담도 다 받아봤는데 온라인으로 사는게 더 저렴해서 온라인으로 모두 구매했어요~,"[-9.36985016e-05  2.51007080e-02 -3.55834961e-02 ... -2.14233398e-02
 -3.70178223e-02 -4.18090820e-03]",2,"['오프라인', '상담', '온라인', '사다', '저렴하다', '온라인', '구매']",오프라인 상담 온라인 사다 저렴하다 온라인 구매,1
887,오프라인으로 견적 상담 받고 할인 좀 크게해주셔서 오프라인에서 진행했어요!,"[-0.00103664  0.03875732 -0.02957153 ... -0.02146912 -0.03201294
 -0.00983429]",2,"['오프라인', '견적', '상담', '할인', '크다', '오프라인', '진행']",오프라인 견적 상담 할인 크다 오프라인 진행,0
888,저는 비교해보고 온라인으로 했어용,"[ 0.01287079  0.01098633 -0.01165009 ... -0.03503418 -0.01853943
 -0.01058197]",2,"['비교', '온라인']",비교 온라인,0
889,저렴하게 구매하려고 온라인으로 세일할때 구매했어요,"[ 0.00561142  0.03131104 -0.03277588 ... -0.0198822  -0.03225708
 -0.02407837]",2,"['저렴하다', '구매', '온라인', '세일', '구매']",저렴하다 구매 온라인 세일 구매,1
890,저희는 단품으로 몇개만 필요해서 온라인으로 했어요,"[ 0.01542664  0.03448486 -0.01873779 ... -0.01727295 -0.03533936
 -0.00270081]",2,"['필요', '온라인']",필요 온라인,1
891,온라인이 더 쌀거같지만 구경도 좋을거같아요,"[-0.00139713  0.02476501 -0.01853943 ... -0.03363037 -0.01646423
  0.00392532]",2,"['온라인', '싸다', '구경', '좋다']",온라인 싸다 구경 좋다,1
892,딱 살거만 사서 온라인이랑 오프라인 반반으로 진행했어요,"[ 0.00893402  0.02217102 -0.01670837 ... -0.01441193 -0.02618408
 -0.02207947]",2,"['사다', '사다', '온라인', '오프라인', '진행']",사다 사다 온라인 오프라인 진행,1
893,온라인이 제일 금액이 괜찮기는 했는데 엄청난 차이는 아니였어요,"[ 0.01317596  0.02119446 -0.03897095 ... -0.01792908 -0.02790833
 -0.01779175]",2,"['온라인', '금액', '괜찮다', '엄청나다', '차이']",온라인 금액 괜찮다 엄청나다 차이,2
894,오프라인으로 직접가서 보고결정하는 것이 좋을 것 같아요,"[ 0.01369476  0.03018188 -0.01421356 ... -0.03399658 -0.01187897
 -0.00583649]",2,"['오프라인', '결정', '좋다']",오프라인 결정 좋다,0
895,한개씩 사서 오프라인으로 삿어요 ㄹㅎ 나름 만족핮니다,"[ 0.00194263  0.03016663 -0.03448486 ... -0.02763367 -0.0300293
  0.00273323]",2,"['사다', '오프라인', '사다', '만족']",사다 오프라인 사다 만족,1
896,한번에 다 구매하시면 오프라인 추천요!,"[ 0.00061989  0.03240967 -0.02915955 ... -0.01415253 -0.0324707
  0.00346565]",2,"['구매', '오프라인', '추천']",구매 오프라인 추천,0
897,저는 온라인으로 거의 구입했어요,"[ 0.01585388  0.03108215 -0.01599121 ... -0.01976013 -0.03585815
 -0.01470184]",2,"['온라인', '구입']",온라인 구입,1
898,오프라인으로 직접보고사는게 좋아서 오프라인으로 진행하려구해용,"[ 0.00392151  0.03038025 -0.02278137 ... -0.03338623 -0.02845764
 -0.00528336]",2,"['오프라인', '사다', '좋다', '오프라인', '진행']",오프라인 사다 좋다 오프라인 진행,0
899,온라인으로 구매하면 편리하고 저렴할 것 같아요. 다만 제품을 직접 보고 싶어서 오프라인도 고민해볼 필요가 있겠네요.,"[-0.00039458  0.03001404 -0.03060913 ... -0.03488159 -0.02911377
 -0.00125885]",2,"['온라인', '구매', '편리', '제품', '오프라인', '고민', '필요']",온라인 구매 편리 제품 오프라인 고민 필요,1
900,온라인도 저렴한곳이 많더라구용!,"[-0.00229454  0.03829956 -0.01739502 ... -0.03536987 -0.0259552
  0.00388908]",2,"['온라인', '저렴하다', '많다']",온라인 저렴하다 많다,1
901,오프라인에서 샀는데 만족합니다,"[ 0.01849365  0.02069092 -0.04116821 ... -0.01924133 -0.03909302
 -0.02192688]",2,"['오프라인', '사다', '만족']",오프라인 사다 만족,1
902,저희는 한번에 다산게 아니라서 온라인으로 저렴하게 샀어요,"[ 0.00281906  0.03137207 -0.02961731 ... -0.01950073 -0.04794312
 -0.01831055]",2,"['사다', '온라인', '저렴하다', '사다']",사다 온라인 저렴하다 사다,1
903,저희는 오프라인으로 돌아보고 샀습니다~,"[ 0.0145874   0.03515625 -0.01378632 ... -0.01989746 -0.04046631
 -0.0256958 ]",2,"['오프라인', '돌아보다', '사다']",오프라인 돌아보다 사다,0
904,5개 이상이면 오프라인이 훨씬 싸요. 발품 엄청 팔아야하지만요ㅎㅎ,"[ 0.00120163  0.02072144 -0.02955627 ... -0.03057861 -0.01620483
  0.03302002]",2,"['이상', '오프라인', '싸다', '발품', '팔다']",이상 오프라인 싸다 발품 팔다,0
905,저는 오프라인으로 다녔는데 온라인으로 해도 저렴하게 맞추더라구요,"[-0.00303841  0.02603149 -0.02723694 ... -0.01931763 -0.01808167
  0.00262451]",2,"['오프라인', '다니다', '온라인', '맞추다']",오프라인 다니다 온라인 맞추다,0
906,이미 아는 제품이면 온라인도 나쁘지 않다고 생각합니다 ㅎㅎ,"[ 0.00872803  0.01223755 -0.0340271  ... -0.03637695 -0.02639771
 -0.00831604]",2,"['제품', '온라인', '나쁘다', '생각']",제품 온라인 나쁘다 생각,1
907,저는 온라인으로 비교해보니까 더 저렴하더라구요!,"[-0.0045929   0.02609253 -0.02207947 ... -0.02972412 -0.02467346
 -0.00918579]",2,"['온라인', '비교', '저렴하다']",온라인 비교 저렴하다,1
908,오프라인으로 보고 한꺼번에 많이 사면 혜택 많아요~,"[ 0.00095034  0.03796387 -0.01985168 ... -0.01997375 -0.02767944
 -0.00050497]",2,"['오프라인', '사다', '혜택', '많다']",오프라인 사다 혜택 많다,2
909,저는 온라인 회사복지몰에서 사려구요,"[ 0.00056601  0.02923584 -0.03683472 ... -0.02404785 -0.05169678
 -0.01277924]",2,"['온라인', '회사', '복지', '사다']",온라인 회사 복지 사다,2
910,오프라인 뭐 프로모션에 캐시백에 많이 해주고 ㅅ편하긴하지만 결국 온라인이 더 싼거같더라구요,"[ 0.00515366  0.02149963 -0.02685547 ... -0.01794434 -0.01702881
 -0.00455093]",2,"['오프라인', '프로모션', '캐시백', '편하다', '온라인', '싸다']",오프라인 프로모션 캐시백 편하다 온라인 싸다,1
911,발품팔아 사는게 제일 저렴한거 같아요,"[ 0.00640488  0.02915955 -0.00547409 ... -0.03652954 -0.04049683
  0.01472473]",2,"['발품', '팔다', '사다', '저렴하다']",발품 팔다 사다 저렴하다,0
912,전 오프라인으로 견적 발품 팔아서 계약했어요 !,"[-0.01663208  0.03207397 -0.00649643 ... -0.02339172 -0.04528809
 -0.01893616]",2,"['오프라인', '견적', '발품', '팔다', '계약']",오프라인 견적 발품 팔다 계약,0
913,저는 오프라인으로 발품팔아서 가서 보고 구매하려고합니다 그게 마음이 편한것같아서요,"[-0.00716019  0.03155518 -0.0234375  ... -0.03625488 -0.04348755
 -0.01122284]",2,"['오프라인', '발품', '팔다', '구매', '마음', '편하다']",오프라인 발품 팔다 구매 마음 편하다,0
914,저는 온라인으로 필요한거만 쏙쏙 특가로 구입햇어요 만족!,"[ 0.01197815  0.03515625 -0.03561401 ... -0.0177002  -0.04321289
 -0.0222168 ]",2,"['온라인', '필요', '특가', '구입', '만족']",온라인 필요 특가 구입 만족,1
915,오프라인만 돌아보려고 합니다,"[ 0.00416565  0.03115845 -0.00278473 ... -0.0110321  -0.01225281
 -0.00531769]",2,"['오프라인', '돌아보다']",오프라인 돌아보다,0
916,오프라인으로 돌아보고 결정하려고요!,"[ 0.00032401  0.02893066 -0.00886536 ... -0.02516174 -0.01272583
 -0.00410461]",2,"['오프라인', '돌다', '결정']",오프라인 돌다 결정,0
917,저히는 엘지로전부 온라인으로 구매햇어요.,"[-0.00309563  0.02192688 -0.01416016 ... -0.02070618 -0.04937744
 -0.00651932]",2,"['히', '엘지', '온라인', '구매']",히 엘지 온라인 구매,1
918,"온라인이 저렴한것도 있어서, 비교해보고 구매할것 같습니다","[ 0.01187134  0.02578735 -0.03077698 ... -0.02723694 -0.03016663
 -0.01152802]",2,"['온라인', '비교', '구매']",온라인 비교 구매,0
919,"싹 맞춰야 하면 2-3군데 견적 내서 보구, 몇 개먼 필요하면 그냥 온라인 할 것 닽아요","[ 0.01560974  0.03561401 -0.02519226 ... -0.04602051 -0.01603699
  0.01531982]",2,"['맞추다', '견적', '내다', '멀다', '필요', '온라인', '닽아요']",맞추다 견적 내다 멀다 필요 온라인 닽아요,1
920,다품목은 오프라인이요! 저는 몇개 사지 않아서 온라인으로 샀어요,"[-0.00635147 -0.00365448 -0.04760742 ... -0.02496338 -0.04727173
 -0.00055981]",2,"['품목', '오프라인', '사다', '온라인', '사다']",품목 오프라인 사다 온라인 사다,1
921,저는 오프라인으로 설명들으면서 먼저 보고 온라인으로 비교해봐서 구매 하려구요! 품목이 적기도해서 큰 시간 들이지 않을 것 같아요ㅎㅎ,"[-0.01041412  0.00939941 -0.02302551 ... -0.0308075  -0.02423096
 -0.0189209 ]",2,"['오프라인', '설명', '온라인', '비교', '구매', '품목', '적다', '크다', '시간', '들']",오프라인 설명 온라인 비교 구매 품목 적다 크다 시간 들,0
922,살 게 많으니까 오프라인에서 직접 설명 듣고 사려구요,"[ 0.01863098  0.03512573 -0.02664185 ... -0.02934265 -0.02137756
 -0.0140686 ]",2,"['살다', '많다', '오프라인', '설명', '사다']",살다 많다 오프라인 설명 사다,0
923,온라인이 확실히 저렴하더라구요ㅎㅎ카톡 쿠폰 이벤트 이렁거 합치면 진짜 러블리합니다 가격이,"[-0.00830078  0.03686523 -0.0256958  ... -0.02172852 -0.00788879
  0.00435638]",2,"['온라인', '저렴하다', '카톡', '쿠폰', '이벤트', '이렁거', '합치다', '러블리', '가격']",온라인 저렴하다 카톡 쿠폰 이벤트 이렁거 합치다 러블리 가격,1
924,오 저도 오프라인만 생각하고 있었는데 온라인이 저렴하다고 하니 온라인도 고려해볼 것 같아요 견적봐서 더 이득인 걸루..,"[-0.0152359   0.04098511 -0.01704407 ... -0.02191162 -0.02841187
 -0.00098515]",2,"['오프라인', '생각', '온라인', '저렴하다', '온라인', '고려', '견적', '이득']",오프라인 생각 온라인 저렴하다 온라인 고려 견적 이득,1
925,전 오프라인에서 대충 견적 알아보며 실물로 보고 거의 다 인터넷으로 했어요 ! 후기도 꼼꼼하게 !,"[-0.01577759  0.02339172 -0.02061462 ... -0.03341675 -0.03640747
 -0.00748444]",2,"['오프라인', '견적', '알아보다', '실물', '인터넷', '후기']",오프라인 견적 알아보다 실물 인터넷 후기,0
926,저는 오프로 보고 온라인 비교하고 온라인으로 샀어요:),"[ 0.00453568  0.01261139 -0.0189209  ... -0.03530884 -0.03265381
 -0.03207397]",2,"['온라인', '비교', '온라인', '사다']",온라인 비교 온라인 사다,1
927,저는 오프라인으로 가서 견적받고 구매했는데 제품도 다 하나하나 보고 사서 후회없어용,"[-0.00173664  0.02619934 -0.03775024 ... -0.02914429 -0.03482056
  0.01096344]",2,"['오프라인', '견적', '구매', '제품', '사다', '후회']",오프라인 견적 구매 제품 사다 후회,1
928,조금만 구매할꺼면 온라인으로 견적비교하고 구매할꺼같아요!,"[-0.00214386  0.04022217 -0.01948547 ... -0.04046631 -0.04299927
 -0.00240135]",2,"['구매', '온라인', '견적', '비교', '구매']",구매 온라인 견적 비교 구매,0
929,온라인이 대체적으로 싸긴한데 오프라인견적가도 받아보시는걸 추천해용,"[-0.0128479   0.02954102 -0.03115845 ... -0.02923584 -0.02145386
  0.00300407]",2,"['온라인', '대체', '싸다', '오프라인', '견적', '추천']",온라인 대체 싸다 오프라인 견적 추천,0
930,오프라인 견적 같이받아보시고 같은 제품이면 온라인이 낫지않을까요? 오프라인은 실제로 한번 상품을 보는기회라고 생각하고 가보심이 좋을거같아요!,"[-0.00516129  0.0259552  -0.03417969 ... -0.03967285 -0.01991272
 -0.00473785]",2,"['오프라인', '견적', '제품', '온라인', '오프라인', '상품', '기회', '생각', '좋다']",오프라인 견적 제품 온라인 오프라인 상품 기회 생각 좋다,0
931,3개정도면 온라인 가격비교구매할것같아요,"[ 0.01625061  0.02032471 -0.03353882 ... -0.02999878 -0.02371216
 -0.00391769]",2,"['온라인', '가격', '비교', '구매']",온라인 가격 비교 구매,0
932,3개정도면 온라인이요! 5개이상이면 오프라인이 더 싸요,"[ 0.00351334  0.01748657 -0.03677368 ... -0.03123474 -0.01599121
  0.01140594]",2,"['온라인', '이상', '오프라인', '싸다']",온라인 이상 오프라인 싸다,1
933,오프라인도 가격 확인해보고 비교해서 살 것 같아요,"[ 0.00484085  0.03042603 -0.0282135  ... -0.02116394 -0.0300293
 -0.01652527]",2,"['오프라인', '가격', '확인', '비교', '사다']",오프라인 가격 확인 비교 사다,0
934,3개 정도면 온라인으로 사도 될 것 같아요. 할부해서 사신다면 천천히 하나씩 사도 충분할 것 같습니다.,"[ 0.00964355  0.0231781  -0.02937317 ... -0.03707886 -0.03372192
  0.01228333]",2,"['온라인', '사다', '할부', '사다', '사다', '충분하다']",온라인 사다 할부 사다 사다 충분하다,1
935,저는 오프라인 눈으로보고샀는데 눈으로보고 온라인구매하는게 더 저렴한듯용,"[-0.00965881  0.02397156 -0.02726746 ... -0.01457214 -0.02404785
 -0.00527573]",2,"['오프라인', '사다', '온라인', '구매', '저렴하다']",오프라인 사다 온라인 구매 저렴하다,1
936,온라인이 더 싸긴 한데 3개면 가서 보고 살 것 같아요,"[ 0.00564957  0.02233887 -0.03250122 ... -0.02432251 -0.02233887
 -0.00392532]",2,"['온라인', '싸다', '살다']",온라인 싸다 살다,1
937,3개정도면 온라인 해도 될거갗아요,"[ 0.02151489  0.0224762  -0.01521301 ... -0.02937317 -0.00647354
  0.00569916]",2,"['온라인', '될거갗아요']",온라인 될거갗아요,0
938,"온라인이랑 오프라인 모델이 달라서, 저는 오프라인 다 둘러보고 온라인 비교해서 오프라인으로 삿어용","[-0.00010914  0.0115509  -0.01876831 ... -0.01963806 -0.02351379
 -0.02189636]",2,"['온라인', '오프라인', '모델', '다르다', '오프라인', '둘러보다', '온라인', '비교', '오프라인', '사다']",온라인 오프라인 모델 다르다 오프라인 둘러보다 온라인 비교 오프라인 사다,0
939,온라인으로 구경할거같아요 오프라인은 기빨리는 느낌,"[ 0.00683594  0.02604675 -0.00695801 ... -0.04071045 -0.03038025
 -0.01161957]",2,"['온라인', '구경', '오프라인', '빨리다', '느낌']",온라인 구경 오프라인 빨리다 느낌,0
940,3개 정도면 온라인에서 살 거같아요!,"[ 0.00824738  0.02011108 -0.02923584 ... -0.021698   -0.025177
 -0.01216125]",2,"['온라인', '살다']",온라인 살다,1
941,3개면 온라인이 훨씬싸요 실물 직접보시고 온라인에서 사세요 ㅎㅎ,"[ 0.00147438  0.03065491 -0.03503418 ... -0.03283691 -0.01875305
 -0.00350761]",2,"['온라인', '싸다', '실물', '온라인', '사다']",온라인 싸다 실물 온라인 사다,1
942,데이트 겸 오프라인 다녀와보시고 비교하는게 좋아보여요~,"[ 0.00920868  0.02442932 -0.02682495 ... -0.02351379 -0.02388
  0.0009861 ]",2,"['데이트', '오프라인', '다녀오다', '비교', '좋다', '보이다']",데이트 오프라인 다녀오다 비교 좋다 보이다,0
943,조금만 구매한다면 온라인 견적 받아보시거나 최저가로 찾는게 더 가성비 있을 것 같아요!,"[-0.00393677  0.04336548 -0.02238464 ... -0.03948975 -0.03302002
  0.00570679]",2,"['구매', '온라인', '견적', '최저', '찾다', '가성비']",구매 온라인 견적 최저 찾다 가성비,1
944,비교해보고 살거 같은데 온라인이요,"[ 0.01184082  0.01907349 -0.02233887 ... -0.04263306 -0.02238464
 -0.02078247]",2,"['비교', '살다', '온라인']",비교 살다 온라인,1
945,"어떤거냐에 따라 다른데 한개는 확실히 온라인, 3개는 둘다 비교","[ 0.01481628  0.00622177 -0.02252197 ... -0.02653503 -0.01503754
 -0.00740814]",2,"['따르다', '다르다', '온라인', '비교']",따르다 다르다 온라인 비교,0
946,몇가지만 구매하신다면 온라인이 무조건 저렴해요!,"[-0.00499725  0.04116821 -0.02827454 ... -0.02445984 -0.02856445
 -0.00907135]",2,"['구매', '온라인', '저렴하다']",구매 온라인 저렴하다,1
947,저도 비슷하게만 살 예정인데 다 온라인 생각하고 있어요!,"[-0.00881195  0.03210449 -0.02767944 ... -0.01347351 -0.03790283
  0.0028553 ]",2,"['비슷하다', '살다', '예정', '온라인', '생각']",비슷하다 살다 예정 온라인 생각,1
948,온라인이 저렴하긴 할 것 같은데 오프라인 견적도 받아보고 비교하면 좋을 것 같아요~ ㅎㅎ,"[-0.01399994  0.03604126 -0.02348328 ... -0.03726196 -0.0266571
  0.00574112]",2,"['온라인', '오프라인', '견적', '비교', '좋다']",온라인 오프라인 견적 비교 좋다,0
949,온라인이나 지인찬스로 구매하는게 좋을 것 같아요!,"[ 0.00031114  0.02883911 -0.02081299 ... -0.04470825 -0.03817749
 -0.00312805]",2,"['온라인', '지인', '찬스', '구매', '좋다']",온라인 지인 찬스 구매 좋다,0
950,오프라인으로 제품을 보고 온라인에서 구매하는 것도 좋은 방법인 것 같아요,"[ 0.00557327  0.02276611 -0.02597046 ... -0.03128052 -0.0308075
 -0.02125549]",2,"['오프라인', '제품', '온라인', '구매', '좋다', '방법']",오프라인 제품 온라인 구매 좋다 방법,0
951,그러면 온라인이 나아보이네여,"[ 0.01771545  0.02720642 -0.00440979 ... -0.02458191  0.00310707
 -0.020401  ]",2,"['온라인', '보이다']",온라인 보이다,1
952,오프라인으로 견적 받아보고 온라인으로 비교 해보시길 추천드려요 ㅎㅎ,"[-0.01357269  0.03662109 -0.01176453 ... -0.04119873 -0.02635193
 -0.00127125]",2,"['오프라인', '견적', '온라인', '비교', '추천', '드리다']",오프라인 견적 온라인 비교 추천 드리다,0
953,그래도 발품팔아볼 것 같아요 진열상품이나 그런 것들 싸게나오는게 있어서오,"[ 0.00689316  0.02674866 -0.01593018 ... -0.03982544 -0.03414917
  0.00192928]",2,"['발품', '팔다', '진열', '상품', '싸다', '나오다']",발품 팔다 진열 상품 싸다 나오다,0
954,저도 딱 3개 고민중인데 온라인이 더 저렴하더라구요!,"[ 0.00235367  0.03050232 -0.03305054 ... -0.02651978 -0.02000427
 -0.00294495]",2,"['고민', '온라인', '저렴하다']",고민 온라인 저렴하다,1
955,저도 큰거 3개만 오프라인으로 했는데 3개면 할인 거의 안돼서ㅠ 온라인이 나아요,"[ 0.00058699  0.02713013 -0.03085327 ... -0.0178833  -0.02586365
  0.00057268]",2,"['크다', '오프라인', '할인', '온라인']",크다 오프라인 할인 온라인,2
956,세개정도는 온라인이요 저도 그럴 예정이에용ㅎㅎ,"[ 0.0036335   0.01441956 -0.01376343 ... -0.02798462 -0.01416779
  0.00935364]",2,"['온라인', '예정']",온라인 예정,1
957,상품뽑기는 오프라인 구매도 마찬가지 아닌갑쇼?,"[ 0.00110722  0.02009583 -0.02049255 ... -0.02787781 -0.03384399
 -0.0124054 ]",2,"['상품', '오프라인', '구매', '마찬가지']",상품 오프라인 구매 마찬가지,0
958,저는 그렇다면 온라인을 추천하겠습니다 가격차이도 그렇고 요즘은 온라인도 괜찮아서요!,"[-0.00339127  0.02676392 -0.03271484 ... -0.03347778 -0.03094482
 -0.00810242]",2,"['온라인', '추천', '가격', '차이', '요즘', '온라인', '괜찮다']",온라인 추천 가격 차이 요즘 온라인 괜찮다,0
959,온라인이요! 3종이면 가격차이 얼마 안나요~!,"[ 0.00466919  0.01741028 -0.03488159 ... -0.02101135 -0.03083801
 -0.01239777]",2,"['온라인', '가격', '차이', '얼마']",온라인 가격 차이 얼마,0
960,저라면 온라인에서 살것같아요. 배송일 지정 안되고 상관없다면 비용절감 장점이 크고.. 오프라인은 글쎄요 어차피 랜덤으로 오는건 똑같을거 같아요!,"[-2.41661072e-03  1.46102905e-02 -3.69262695e-02 ... -3.93676758e-02
 -3.81774902e-02  8.38041306e-05]",2,"['온라인', '살다', '배송', '지정', '상관없다', '비용', '절감', '장점', '크다', '오프라인', '랜덤', '똑같다']",온라인 살다 배송 지정 상관없다 비용 절감 장점 크다 오프라인 랜덤 똑같다,2
961,가격이 온라인이 좋으면 저는 온라인도 괜찮은 것 같아요,"[ 0.00909424  0.00965881 -0.03790283 ... -0.02990723 -0.02101135
 -0.00587082]",2,"['가격', '온라인', '좋다', '온라인', '괜찮다']",가격 온라인 좋다 온라인 괜찮다,1
962,3종만구매할시엔온라인에서살것같아요,"[ 0.01634216  0.02418518 -0.03790283 ... -0.01751709 -0.03074646
 -0.01047516]",2,"['구매', '온라인', '살다']",구매 온라인 살다,1
963,5종 이하는 무조건 온라인이요 ㅎ,"[ 0.00332642  0.0252533  -0.00564957 ... -0.02731323 -0.02218628
  0.01348877]",2,"['이하', '온라인']",이하 온라인,1
964,50만원 정도 차이면 저는 온라인으로 할것같아요 ~~ 저는 온라인으로 많이 구매해봤는데 괜찮았어요 !,"[ 0.00404358  0.01303864 -0.0322876  ... -0.04745483 -0.03845215
  0.00308609]",2,"['차이', '온라인', '온라인', '구매', '괜찮다']",차이 온라인 온라인 구매 괜찮다,1
965,일단 오프라인 더 알아보고온라인구매할듯요~,"[ 0.00343895  0.02940369 -0.01608276 ... -0.02980042 -0.01701355
 -0.03219604]",2,"['오프라인', '알아보다', '온라인', '구매']",오프라인 알아보다 온라인 구매,0
966,저도 그냥 온라인으로 구매할 것 같아요 ㅋㅋ 전 오프로 보고도 온라인으로 구매하는 사람이라 ㅋㅋ,"[-0.01045227  0.02531433 -0.01867676 ... -0.03311157 -0.03829956
 -0.00393295]",2,"['온라인', '구매', '온라인', '구매', '사람']",온라인 구매 온라인 구매 사람,1
967,150이나 차이나면 온라인 할거같은데용!,"[ 0.0059433   0.01248169 -0.01643372 ... -0.03735352 -0.01994324
  0.01660156]",2,"['차이', '온라인']",차이 온라인,0
968,3종이라면 온라인으로 사시는게 더 좋을거 같아요,"[ 0.01490021  0.0161438  -0.03677368 ... -0.03204346 -0.02760315
 -0.00443268]",2,"['온라인', '사다', '좋다']",온라인 사다 좋다,1
969,오프라인으로 구경하시고 사는 건 온라인 이요,"[ 0.00585938  0.03274536 -0.00616837 ... -0.02215576 -0.03549194
 -0.02661133]",2,"['오프라인', '구경', '사다', '온라인']",오프라인 구경 사다 온라인,1
970,3종은 온라인 괜찮을 것 같아요 ~,"[ 0.02531433  0.01311493 -0.0229187  ... -0.01947021 -0.01852417
 -0.01675415]",2,"['온라인', '괜찮다']",온라인 괜찮다,1
971,일단 온라인 오프라인 비교견적 다 받아보시고 결정하세용!,"[-0.00674057  0.03778076 -0.01390076 ... -0.03793335 -0.02020264
 -0.00278282]",2,"['온라인', '오프라인', '비교', '견적', '결정']",온라인 오프라인 비교 견적 결정,0
972,제 친구는 발품 팔다가 결국 온라이 ㄴ최저가가 최고라며 온라인으로 구매했고 아직 잘 쓰는듯..,"[-0.00119305  0.03512573 -0.03631592 ... -0.02415466 -0.01500702
 -0.00631714]",2,"['친구', '발품', '팔다', '결국', '최저', '최고', '온라인', '구매', '쓰다']",친구 발품 팔다 결국 최저 최고 온라인 구매 쓰다,1
973,다른오프라인견적도 알아보고 비교해보고 온라인으로 구매할거같아요! 150이면ㅎㅎ,"[-0.00811768  0.01486969 -0.02642822 ... -0.03222656 -0.02804565
  0.00671387]",2,"['오프라인', '견적', '알아보다', '비교', '온라인', '구매']",오프라인 견적 알아보다 비교 온라인 구매,0
974,배송비가 얼마일지는 모르겠지만 저는 온라인으로 할거 같아요!,"[-0.0020771   0.01832581 -0.04345703 ... -0.03668213 -0.04125977
  0.00926208]",2,"['배송비', '얼마', '온라인']",배송비 얼마 온라인,0
975,혼수 할인 받아서 사면 오프라인이 훨씬 싸요! 발품 손품 팔다보면 좋은 가격에 구할 수 있을 거에요,"[ 0.00658417  0.02571106 -0.0333252  ... -0.02078247 -0.03967285
  0.01617432]",2,"['혼수', '할인', '사다', '오프라인', '싸다', '발품', '팔다', '좋다', '가격', '구하다']",혼수 할인 사다 오프라인 싸다 발품 팔다 좋다 가격 구하다,0
976,오프라인 최신제품인데 혼수로 묶어서 구매하시면 온라인보다 더 저렴해요! 오프라인 견적받아보세요:),"[ 0.01580811  0.0413208  -0.04153442 ... -0.0062027  -0.03634644
 -0.00415802]",2,"['오프라인', '최신', '제품', '혼수', '묶다', '구매', '온라인', '저렴하다', '오프라인', '견적']",오프라인 최신 제품 혼수 묶다 구매 온라인 저렴하다 오프라인 견적,1
977,온라인 사기도 많더라구요 ㅜ전 오프라인 좀 더 발품 팔아볼거같아요,"[-0.0139389   0.03295898 -0.01631165 ... -0.03231812 -0.02531433
 -0.00149822]",2,"['온라인', '사기', '많다', '오프라인', '발품', '팔다']",온라인 사기 많다 오프라인 발품 팔다,0
978,오프라인에서 보고 가격비교 후 싼곳에서 살거같아요!,"[-0.00354958  0.02462769 -0.02528381 ... -0.01751709 -0.02890015
 -0.02648926]",2,"['오프라인', '가격', '비교', '싸다', '살다']",오프라인 가격 비교 싸다 살다,0
979,오프라인서 기본디자인보구 온라인구매요~,"[-0.00881195  0.029953   -0.02104187 ... -0.01396942 -0.02386475
 -0.03013611]",2,"['오프라인', '기본', '디자인', '온라인', '구매']",오프라인 기본 디자인 온라인 구매,0
980,오프라인으로 가서 실물 보고 결정하려고요!,"[-0.00176334  0.0254364  -0.01137543 ... -0.02450562 -0.01896667
 -0.00601196]",2,"['오프라인', '실물', '결정']",오프라인 실물 결정,0
981,저는 온라인으로 특가로 구매했어요,"[ 0.01556396  0.02545166 -0.01791382 ... -0.01433563 -0.03341675
 -0.01753235]",2,"['온라인', '특가', '구매']",온라인 특가 구매,1
982,전 오프라인으로 다품목 구매했어요,"[ 0.01529694  0.02062988 -0.02151489 ... -0.01313019 -0.04336548
 -0.0186615 ]",2,"['오프라인', '품목', '구매']",오프라인 품목 구매,0
983,오프라인이 더 싸서 오프라인으로 구매했어요 가짓수가 많으면 오프라인이 더 좋은거같습니다,"[ 0.01081085  0.02644348 -0.04217529 ... -0.03341675 -0.03109741
 -0.00753784]",2,"['오프라인', '싸다', '오프라인', '구매', '가짓수', '많다', '오프라인', '좋다']",오프라인 싸다 오프라인 구매 가짓수 많다 오프라인 좋다,0
984,혼수가전은 여러개 구매해야해서 매장가서 구매했고 추가적으로 한 두개 구매하거나 교체할 땐 온라인으로 구매해용 !,"[ 0.02636719  0.02359009 -0.02792358 ... -0.02210999 -0.03265381
  0.00833893]",2,"['혼수', '가전', '구매', '매장', '구매', '추가', '구매', '교체', '온라인', '구매']",혼수 가전 구매 매장 구매 추가 구매 교체 온라인 구매,1
985,오프라인으로 페이백 받는게 더 이득일것 같아요!,"[-0.00452805  0.03598022 -0.0194397  ... -0.02626038 -0.03985596
 -0.00063038]",2,"['오프라인', '페이', '이득']",오프라인 페이 이득,1
986,오프라인으로 직접 가서 골랐어요!,"[ 0.01018524  0.02810669 -0.01596069 ... -0.01435089 -0.02827454
 -0.01316071]",2,"['오프라인', '고르다']",오프라인 고르다,0
987,요즘은 온라인이 저렴한 편인것 같네용!,"[-0.0044136   0.03552246 -0.01132202 ... -0.02330017 -0.02816772
 -0.02394104]",2,"['요즘', '온라인']",요즘 온라인,1
988,오프라인에서 다품목 할인받아 샀어용,"[ 0.01626587  0.02085876 -0.03338623 ... -0.01205444 -0.03781128
 -0.01983643]",2,"['오프라인', '품목', '할인', '사다']",오프라인 품목 할인 사다,2
989,그냥 온라인에서 구매하려고 생각중이에요,"[ 0.00482559  0.03747559 -0.0117569  ... -0.02011108 -0.0333252
 -0.00662994]",2,"['온라인', '구매', '생각']",온라인 구매 생각,1
990,"온라인과 오프라인 제품이 큰 차이는 없지만 여러개 살거면 오프, 한두개는 온라인이 나아용","[ 0.00649643  0.01960754 -0.03857422 ... -0.01980591 -0.01707458
 -0.01420593]",2,"['온라인', '오프라인', '제품', '크다', '차이', '사다', '오프', '온라인']",온라인 오프라인 제품 크다 차이 사다 오프 온라인,1
991,저희는 일부 온라인에서 구매했어요,"[ 0.01904297  0.04074097 -0.01459503 ... -0.02708435 -0.04190063
 -0.02337646]",2,"['일부', '온라인', '구매']",일부 온라인 구매,1
992,저흰 오프라인으로 견적 받고 다녔어요,"[-0.00361443  0.03942871 -0.01493073 ... -0.02575684 -0.03430176
 -0.01179504]",2,"['오프라인', '견적', '다니다']",오프라인 견적 다니다,0
993,전 다품목이라 한번에 오프라인에서 샀는데 몇가지만 산다면 온라인이 저렴할것 같아요,"[-0.00196648  0.0302887  -0.03991699 ... -0.01852417 -0.02964783
 -0.01281738]",2,"['품목', '오프라인', '사다', '사다', '온라인']",품목 오프라인 사다 사다 온라인,1
994,오프라인으로 먼저 상담받아보고 온라인 견적 비교해볼것가타요,"[-0.00485611  0.03152466 -0.00934601 ... -0.04196167 -0.01887512
 -0.01216888]",2,"['오프라인', '상담', '온라인', '견적', '비교', '타다']",오프라인 상담 온라인 견적 비교 타다,0
995,"오프라인 견적 받았는데 너무 비싸서 온라인 구매했네욤,,,","[ 0.00099754  0.03616333 -0.03170776 ... -0.01496887 -0.04776001
 -0.00119114]",2,"['오프라인', '견적', '비싸다', '온라인', '구매']",오프라인 견적 비싸다 온라인 구매,0
996,오프라인 발품팔아서 견적 더 싸게 하는곳있던데~ 하면 맞춰준대요 ㅋㅋ,"[-0.00448608  0.03649902 -0.02362061 ... -0.03778076 -0.02767944
  0.00012708]",2,"['오프라인', '발품', '팔다', '견적', '싸다', '맞추다']",오프라인 발품 팔다 견적 싸다 맞추다,0
997,"전 오프라인이요! 다품목은 온라인이 더 비싸더라구요 그리고 직영점(리뉴얼, 신규오픈) 보다는 대리점이 훨씬 저렴해서 대리점에서 했어요!","[ 0.01023102  0.00565338 -0.0406189  ... -0.03092957 -0.02838135
  0.00581741]",2,"['오프라인', '품목', '온라인', '비싸다', '직영점', '리뉴얼', '신규', '오픈', '대리점', '대리점']",오프라인 품목 온라인 비싸다 직영점 리뉴얼 신규 오픈 대리점 대리점,2
998,오프라인에서 제품이랑 가격보고 온라인이랑 비교해서 더 싼곳으로 살려고합니다,"[ 0.01203156  0.02761841 -0.04116821 ... -0.02096558 -0.02337646
 -0.03056335]",2,"['오프라인', '제품', '가격', '온라인', '비교', '싸다', '살다']",오프라인 제품 가격 온라인 비교 싸다 살다,1
999,저는 오프라인 매장에 가서 실물을 보고 구매할 예정이에요,"[ 0.01391602  0.03417969 -0.01591492 ... -0.01457214 -0.04879761
 -0.00660324]",2,"['오프라인', '매장', '실물', '구매', '예정']",오프라인 매장 실물 구매 예정,1
1000,오프라인으로 견적 비교 하고 온라인으로 구매할것 같아요,"[ 0.00496292  0.03025818 -0.02246094 ... -0.03085327 -0.03527832
 -0.0176239 ]",2,"['오프라인', '견적', '비교', '온라인', '구매']",오프라인 견적 비교 온라인 구매,0
1001,오프라인으로 혼수가전 쭉 투어헤서 제일 저렴한 곳에서 했어요. 오프라인 여러곳 가보시는 거 추천 드려요,"[ 0.01089478  0.00978851 -0.02069092 ... -0.02790833 -0.01528168
 -0.00387383]",2,"['오프라인', '혼수', '가전', '투어', '헤다', '저렴하다', '오프라인', '추천', '드리다']",오프라인 혼수 가전 투어 헤다 저렴하다 오프라인 추천 드리다,0
1002,오프라인에서 실제로 보고 비교해보고 구매하시는게 후회가 없으실 거 같아요,"[ 0.00098419  0.02235413 -0.027771   ... -0.03384399 -0.03186035
 -0.01108551]",2,"['오프라인', '비교', '구매', '후회']",오프라인 비교 구매 후회,1
1003,오프라인이 나을거 같아요 온라인은 뭐가 먼지 헷갈리고 책임소재가 불명확해서 ㅠ,"[ 0.00076199  0.01255035 -0.02125549 ... -0.03936768 -0.02677917
 -0.00741196]",2,"['오프라인', '온라인', '헷갈리다', '책임', '소재', '불명확하다']",오프라인 온라인 헷갈리다 책임 소재 불명확하다,0
1004,오프라인 상품권이 어디서든 사용가능한거면 오프욤 아니면 온라인?,"[ 0.0019455   0.01582336 -0.021698   ... -0.0355835  -0.04501343
 -0.00611496]",2,"['오프라인', '상품', '가능', '오프', '온라인']",오프라인 상품 가능 오프 온라인,1
1005,저는 온라인으로 했는데 선물로 많이받아서요,"[-0.00783539  0.01622009 -0.02087402 ... -0.02848816 -0.04208374
 -0.0109787 ]",2,"['온라인', '선물']",온라인 선물,2
1006,낱개로 하나씩 살땐 온라인으로 사는게 나은거 같은데 한번에 많이 구매할땐 오프라인이 나은거 같아요,"[ 0.00660706  0.0125351  -0.03546143 ... -0.03549194 -0.04104614
  0.00917816]",2,"['낱개', '사다', '온라인', '사다', '구매', '오프라인']",낱개 사다 온라인 사다 구매 오프라인,1
1007,오프라인도 발품 팔았었는데 온라인에서 하나씩 사는게 더 싸서 그냥 온라인으로 다 샀어요,"[-0.01047516  0.03842163 -0.02342224 ... -0.00405121 -0.04141235
  0.00022829]",2,"['오프라인', '발품', '팔다', '온라인', '사다', '싸다', '온라인', '사다']",오프라인 발품 팔다 온라인 사다 싸다 온라인 사다,1
1008,온라인이 보기에 싼 거 같지만 막상 오프라인이 더 싼 경우가 많다고 하더라구요~,"[ 0.00044441  0.02964783 -0.03015137 ... -0.03433228 -0.01661682
 -0.0104599 ]",2,"['온라인', '싸다', '오프라인', '싸다', '많다']",온라인 싸다 오프라인 싸다 많다,1
1009,사은품이나 카드할인은 오프라인이 좋지만 전 최저가로 온라인에서 다 구매했어용,"[ 0.01447296  0.01091003 -0.05010986 ... -0.02612305 -0.04919434
  0.00229263]",2,"['사은품', '카드', '할인', '오프라인', '좋다', '최저', '온라인', '구매']",사은품 카드 할인 오프라인 좋다 최저 온라인 구매,2
1010,한 브랜드로 한꺼번에 살거면 오프라인이 더 합리적이라고 하더라고요~ 오픈매장 프로모션 같은거 혜택 잘 받으면 더 이득일거 같아요!,"[ 0.01358795  0.01542664 -0.03634644 ... -0.03120422 -0.02677917
  0.00442886]",2,"['브랜드', '살다', '오프라인', '합리', '오픈', '매장', '프로모션', '혜택', '이득']",브랜드 살다 오프라인 합리 오픈 매장 프로모션 혜택 이득,2
1011,"사은품, 할인 등등 조건은 오프라인이 좋은 것 같아요 저도 오프라인으로 진행했어요!","[-0.00377655  0.00187016 -0.0375061  ... -0.03610229 -0.03115845
 -0.02153015]",2,"['사은품', '할인', '조건', '오프라인', '좋다', '오프라인', '진행']",사은품 할인 조건 오프라인 좋다 오프라인 진행,0
1012,따로 구매하시는 거면 온라인도 괜찮을 수도 있는데 같이 구매하시려면 오프라인 발품 팔아보시는게 좋을 수도 있을 것 같아요!,"[-0.00506973  0.02650452 -0.03640747 ... -0.03274536 -0.04202271
  0.00135899]",2,"['구매', '온라인', '괜찮다', '구매', '오프라인', '발품', '팔다', '좋다']",구매 온라인 괜찮다 구매 오프라인 발품 팔다 좋다,0
1013,조금더 할인이 가능한 곳에서 할거같아요! 오프라인이 온라인보다는 조건이 다양할거같아요!,"[ 0.00251389  0.01565552 -0.03747559 ... -0.05337524 -0.02685547
 -0.00633621]",2,"['할인', '가능', '오프라인', '온라인', '조건', '다양']",할인 가능 오프라인 온라인 조건 다양,2
1014,오프라인도 괜찮은 것 같아요 !,"[ 0.01593018  0.0161438  -0.01992798 ... -0.0144577  -0.01802063
 -0.00470352]",2,"['오프라인', '괜찮다']",오프라인 괜찮다,1
1015,아직 고민중인데 일단 인터넷으로 가격 알아보고 현장에서 견적 받아서 비교하려구요,"[-0.00092506  0.03839111 -0.02081299 ... -0.04556274 -0.0266571
  0.01280975]",2,"['고민', '인터넷', '가격', '알아보다', '현장', '견적', '비교']",고민 인터넷 가격 알아보다 현장 견적 비교,0
1016,오프라인도 발품뛰어보고 결정할것 같아여 ㅠㅠㅠ,"[-0.0057373   0.02612305 -0.00813293 ... -0.02980042 -0.00875854
  0.01066589]",2,"['오프라인', '발품', '뛰다', '결정']",오프라인 발품 뛰다 결정,0
1017,오프라인으로 제품 확인하고 구입하는게 나을 것 같아요!,"[ 0.00244713  0.02897644 -0.0226593  ... -0.03359985 -0.02713013
 -0.01945496]",2,"['오프라인', '제품', '확인', '구입']",오프라인 제품 확인 구입,1
1018,감사합니다 다시 집중해서 온라인으로 찾아봐야겠어요 ^^,"[ 0.00785065  0.02030945 -0.0144043  ... -0.03890991 -0.0274353
 -0.00939941]",2,"['감사', '집중', '온라인', '찾다']",감사 집중 온라인 찾다,0
1019,아하 감사합니다 저희는 소리나서 as 받으려다 사자고 해서요 매장가서 보고 인터넷 주문해야겠어요,"[ 0.01206207  0.022995   -0.01187134 ... -0.03726196 -0.05459595
 -0.00032926]",2,"['감사', '소리', '사다', '매장', '인터넷', '주문']",감사 소리 사다 매장 인터넷 주문,2
1020,오프에서 이미 다 확인하신 상태면 저렴한 온라인으로 구매하시는게 낫죠~,"[ 0.00182533  0.02983093 -0.03607178 ... -0.02467346 -0.02523804
 -0.00506592]",2,"['오프', '확인', '상태', '온라인', '구매']",오프 확인 상태 온라인 구매,1
1021,온라인이 더 저렴하면 온라인으로 구매할 거 같아요!,"[-0.00926971  0.03369141 -0.02189636 ... -0.02890015 -0.03198242
 -0.01600647]",2,"['온라인', '저렴하다', '온라인', '구매']",온라인 저렴하다 온라인 구매,1
1022,오프라인 몇군데 비교하고 오프에서오,"[ 0.01887512  0.02282715 -0.02238464 ... -0.01789856 -0.0054512
 -0.01824951]",2,"['오프라인', '비교', '오프']",오프라인 비교 오프,0
1023,오프라인에서 본 후 온라인이 더 싸면 온라인에서 살거 같아요,"[-0.00264931  0.02648926 -0.02020264 ... -0.02377319 -0.03077698
 -0.01408386]",2,"['오프라인', '온라인', '싸다', '온라인', '살다']",오프라인 온라인 싸다 온라인 살다,1
1024,오프라인 견적이랑 온라인 견적 다 비교해보고 고를거같아요,"[-0.00130177  0.02929688 -0.01464844 ... -0.03405762 -0.03225708
 -0.00584412]",2,"['오프라인', '견적', '온라인', '견적', '비교', '고르다']",오프라인 견적 온라인 견적 비교 고르다,0
1025,오프라인 비교해보구 온라인이 더 저렴하면 온라인항 것 같아요!,"[-0.0035305   0.02357483 -0.02758789 ... -0.02989197 -0.02450562
 -0.01716614]",2,"['오프라인', '비교', '온라인', '저렴하다', '온라인']",오프라인 비교 온라인 저렴하다 온라인,1
1026,여러군데 비교하고 오프라인에서 했어요!,"[ 0.01060486  0.01229095 -0.01919556 ... -0.02397156 -0.01933289
 -0.01095581]",2,"['비교', '오프라인']",비교 오프라인,0
1027,견적 비교해보고 사세요! 전 한번에 오프라인으로 샀어요,"[-0.00091696  0.03009033 -0.02844238 ... -0.02513123 -0.04058838
 -0.00920868]",2,"['견적', '비교', '사다', '오프라인', '사다']",견적 비교 사다 오프라인 사다,0
1028,온라인+오프라인 섞을것같아요!,"[ 0.00635529  0.01314545 -0.00843048 ... -0.0201416  -0.0199585
 -0.00562286]",2,"['온라인', '오프라인', '섞다']",온라인 오프라인 섞다,1
1029,오프라인 발품 팔아서 보는 게 더 저렴한 거 같아요,"[-0.00967407  0.03451538 -0.0139389  ... -0.03469849 -0.0345459
  0.00856781]",2,"['오프라인', '발품', '팔다', '저렴하다']",오프라인 발품 팔다 저렴하다,0
1030,오프라인으로 여러개하면 그게 제일 저렴하고 조금 조금사면 온라인이 저렴해요!,"[-0.00431824  0.03149414 -0.03924561 ... -0.01290894 -0.02302551
  0.0025959 ]",2,"['오프라인', '저렴하다', '사다', '온라인', '저렴하다']",오프라인 저렴하다 사다 온라인 저렴하다,1
1031,저희는 비교했을 때 온라인이 조금 더 저렴했어요!,"[-0.00349617  0.03189087 -0.01878357 ... -0.02478027 -0.03451538
 -0.02783203]",2,"['비교', '온라인', '저렴하다']",비교 온라인 저렴하다,1
1032,온라인비교해서 쿠팡구매했더요!,"[-0.01095581  0.02000427 -0.01628113 ... -0.02992249 -0.03985596
 -0.02253723]",2,"['온라인', '비교', '쿠팡', '구매']",온라인 비교 쿠팡 구매,1
1033,저희는 혼수가전 사야되는 것들이 많지 않아서 인터넷 최저가로 구매하는게 더 이득인 것 같아용!,"[ 0.01513672  0.03363037 -0.02078247 ... -0.02153015 -0.04989624
 -0.00294685]",2,"['혼수', '가전', '사다', '많다', '인터넷', '최저', '구매', '이득']",혼수 가전 사다 많다 인터넷 최저 구매 이득,2
1034,"맞아요 오프라인으로 직접 매장 돌아보면서 가격비교 다 하시고, 인터넷으로 살 것 같아요 저는 ㅎㅎ","[-0.00104332  0.02729797 -0.01550293 ... -0.03164673 -0.03103638
 -0.0001688 ]",2,"['맞다', '오프라인', '매장', '돌아보다', '가격', '비교', '인터넷', '사다']",맞다 오프라인 매장 돌아보다 가격 비교 인터넷 사다,2
1035,인터넷 최저가 기준으로 비교해보고 결정하려고 합니다,"[ 0.01087189  0.02476501 -0.01271057 ... -0.03985596 -0.03530884
 -0.00587082]",2,"['인터넷', '최저', '기준', '비교', '결정']",인터넷 최저 기준 비교 결정,0
1036,저는 온라인이요! 생각보다 잘 비교하면 금액차이가 꽤되더라구요,"[-0.00843811  0.01669312 -0.02127075 ... -0.03710938 -0.03872681
 -0.00152493]",2,"['온라인', '생각', '비교', '금액', '차이']",온라인 생각 비교 금액 차이,0
1037,일단 온라인과 오프라인 비교해보고 정할것같아요,"[ 0.01387787  0.01177979 -0.01080322 ... -0.03421021 -0.00951385
 -0.02484131]",2,"['온라인', '오프라인', '비교', '정하다']",온라인 오프라인 비교 정하다,0
1038,"비교가 많이 필요할 거 같아요 ~ 한번에 많이 구입하며 오프 세일도 상당하다고 해서, 하나하나 따져볼 거 같습니다 ㅎㅎ","[ 0.02030945  0.01785278 -0.0335083  ... -0.03622437 -0.03271484
  0.00164413]",2,"['비교', '필요', '구입', '오프', '세일', '상당', '따지다']",비교 필요 구입 오프 세일 상당 따지다,1
1039,사려는게 정확하면 온라인에서 구매할거 같아요,"[ 0.01378632  0.02676392 -0.03167725 ... -0.03384399 -0.0309906
 -0.01433563]",2,"['사다', '정확', '온라인', '구매']",사다 정확 온라인 구매,1
1040,저희는 오프라인으로 견적비교하고 구매했어요 ㅎㅎ,"[-0.00010127  0.03787231 -0.0139389  ... -0.02801514 -0.0430603
 -0.01508331]",2,"['오프라인', '견적', '비교', '구매']",오프라인 견적 비교 구매,0
1041,오픈매장에 가도 온라인보단 비싸서 각각 인터넷으로 사려구요,"[ 0.01222229  0.03448486 -0.03601074 ... -0.02137756 -0.03384399
 -0.00843048]",2,"['오픈', '매장', '온라인', '비싸다', '인터넷', '사다']",오픈 매장 온라인 비싸다 인터넷 사다,2
1042,오프라인에서 보시고 온라인구매 너무 좋은 방법인것같아용 ㅎㅎ,"[-0.00029993  0.0244751  -0.02166748 ... -0.03567505 -0.03497314
 -0.00835419]",2,"['오프라인', '온라인', '구매', '좋다', '방법']",오프라인 온라인 구매 좋다 방법,0
1043,인터넷은 재고처리도 있기때문에 제품명이랑 제조년월 같은거 꼼꼼히 살펴보시면 대여,"[ 0.00468445  0.02392578 -0.02568054 ... -0.04403687 -0.0380249
 -0.0034256 ]",2,"['인터넷', '재다', '처리', '제품명', '제조', '살펴보다', '대여']",인터넷 재다 처리 제품명 제조 살펴보다 대여,2
1044,아하 감사함당ㅎㅎ 인터넷이 쌀 수밖에 없군용..,"[-0.00730133  0.03152466  0.01806641 ... -0.03527832 -0.03041077
 -0.00180721]",2,"['감사', '인터넷', '싸다']",감사 인터넷 싸다,1
1045,아무래도 가격은 온라인이 더 저렴하지 않을까요?,"[-0.00427628  0.03607178 -0.02932739 ... -0.03384399 -0.02629089
 -0.01049042]",2,"['가격', '온라인', '저렴하다']",가격 온라인 저렴하다,1
1046,온라인에서 실물보고 품목만 정해서 오프라인으로 다 견적받아보면 되지.않을까요?,"[-0.01027679  0.03338623 -0.02516174 ... -0.02784729 -0.03216553
 -0.00682068]",2,"['온라인', '실물', '보다', '품목', '정하다', '오프라인', '견적']",온라인 실물 보다 품목 정하다 오프라인 견적,0
1047,올해나온거 살려고하면 온라인보다 오프라인이 더싸서 오프라인했어요,"[ 0.01637268  0.01968384 -0.03305054 ... -0.01015472 -0.03118896
 -0.0174408 ]",2,"['올해', '나오다', '살다', '온라인', '오프라인', '싸다', '오프라인']",올해 나오다 살다 온라인 오프라인 싸다 오프라인,1
1048,오프라인으로 둘러보고 견적 내서 구매했어요!,"[-0.00180626  0.03463745 -0.01405334 ... -0.02209473 -0.04342651
 -0.01293182]",2,"['오프라인', '둘러보다', '견적', '내다', '구매']",오프라인 둘러보다 견적 내다 구매,0
1049,오프라인으로 둘러보고 온라인이랑 비교해서 샀어용,"[ 0.00920868  0.02120972 -0.02127075 ... -0.0211792  -0.03424072
 -0.03048706]",2,"['오프라인', '둘러보다', '온라인', '비교', '사다']",오프라인 둘러보다 온라인 비교 사다,1
1050,둘다 발품팔아 볼 예정이에요,"[ 0.00209427  0.02191162 -0.00798798 ... -0.02970886 -0.03955078
  0.01226807]",2,"['발품', '팔다', '예정']",발품 팔다 예정,0
1051,오프라인 온라인 둘다 발품팔았는데 오프라인에서 샀습니다!,"[-0.01168823  0.02151489 -0.03811646 ... -0.01890564 -0.04653931
 -0.02149963]",2,"['오프라인', '온라인', '발품', '팔다', '오프라인', '사다']",오프라인 온라인 발품 팔다 오프라인 사다,0
1052,저희는 패키지로 필요없어서 온라인에서 구매했습니다,"[ 0.01861572  0.03134155 -0.03610229 ... -0.01727295 -0.05831909
 -0.0166626 ]",2,"['패키지', '필요', '온라인', '구매']",패키지 필요 온라인 구매,1
1053,"품목이 얼마 없다면 온라인으로 하는게 낫고, 품목이 많으면 다품목 할인받고 해서 오프라인으로 여러곳 견적비교하는게 좋은 것 같아요!","[-0.00615311  0.01963806 -0.03479004 ... -0.04333496 -0.02809143
 -0.00023603]",2,"['품목', '얼마', '온라인', '품목', '많다', '품목', '할인', '오프라인', '견적', '비교', '좋다']",품목 얼마 온라인 품목 많다 품목 할인 오프라인 견적 비교 좋다,0
1054,저는 온라인으로 사려구요! 11절 특가 노리고이써용 ㅎㅎ,"[ 0.0043335   0.00863647 -0.01797485 ... -0.03753662 -0.03286743
  0.00354958]",2,"['온라인', '사다', '특가', '노리다', '쓰다']",온라인 사다 특가 노리다 쓰다,1
1055,오프라인에서 상담은 받아보고 온라인 조회해보니 온라인이 더 저렴하더라구요,"[-0.00596237  0.02165222 -0.0211792  ... -0.02713013 -0.01853943
 -0.01224518]",2,"['오프라인', '상담', '온라인', '조회', '온라인', '저렴하다']",오프라인 상담 온라인 조회 온라인 저렴하다,1
1056,가격비교하려고 온라인으로 했는데 만족해염,"[ 0.02342224  0.02336121 -0.02565002 ... -0.03417969 -0.03103638
 -0.0114975 ]",2,"['가격', '비교', '온라인', '만족']",가격 비교 온라인 만족,0
1057,오프라인 발품 팔아서 알아보면 더 저렴하게 살 수 있더라구요,"[-0.00447845  0.03775024 -0.02886963 ... -0.03231812 -0.02922058
 -0.0088501 ]",2,"['오프라인', '발품', '팔다', '알아보다', '저렴하다', '사다']",오프라인 발품 팔다 알아보다 저렴하다 사다,0
1058,"개수가 적다면 온라인, 많다면 오프라인이요!","[ 0.00059652  0.00997162 -0.02099609 ... -0.02998352 -0.02430725
  0.00837708]",2,"['개수', '적다', '온라인', '많다', '오프라인']",개수 적다 온라인 많다 오프라인,0
1059,구매품복이 많다몬 오프라인에서 패키지로 구입하시는게 좋을거 같아요,"[ 0.0047226   0.01986694 -0.04312134 ... -0.02696228 -0.05325317
 -0.00197029]",2,"['구매', '많다', '오프라인', '패키지', '구입', '좋다']",구매 많다 오프라인 패키지 구입 좋다,1
1060,품목이 적으면 인터넷이 저렴하다고 하더라고요.,"[-0.01939392  0.02656555 -0.01815796 ... -0.0369873  -0.02786255
 -0.00117588]",2,"['품목', '적다', '인터넷', '저렴하다']",품목 적다 인터넷 저렴하다,0
1061,저는 패키지로 다 사야해서 오프라인으로 구매했어요!,"[ 0.0046196   0.02249146 -0.03045654 ... -0.00960541 -0.05099487
  0.00355721]",2,"['패키지', '사다', '오프라인', '구매']",패키지 사다 오프라인 구매,1
1062,대부분 오프라인으로 할거같습니당,"[ 1.07269287e-02  2.85034180e-02 -1.07803345e-02 ... -2.51617432e-02
 -1.35879517e-02 -2.06232071e-05]",2,"['부분', '오프라인']",부분 오프라인,1
1063,혼수가전은 오프라인으로 이용할거에요,"[ 0.03741455  0.02455139 -0.01277161 ... -0.0146637  -0.02035522
 -0.00944519]",2,"['혼수', '가전', '오프라인']",혼수 가전 오프라인,2
1064,오프라인으로 보고 온라인이랑 가격 비교해서 더 싼거로 구매요!,"[-0.0017395   0.03408813 -0.02749634 ... -0.01251984 -0.02783203
 -0.02297974]",2,"['오프라인', '온라인', '가격', '비교', '싸다', '구매']",오프라인 온라인 가격 비교 싸다 구매,0
1065,가격비교해보고 온라인에서 샀어요,"[ 0.01485443  0.02516174 -0.02375793 ... -0.02096558 -0.03189087
 -0.01073456]",2,"['가격', '비교', '온라인', '사다']",가격 비교 온라인 사다,0
1066,품목이 적으면 온라인 품목이 많으면 오프라인이요. 품목이 적으면 온라인이 저렴하더라고요.,"[ 0.00101757  0.00321579 -0.03686523 ... -0.0401001  -0.01765442
 -0.01081848]",2,"['품목', '적다', '온라인', '품목', '많다', '오프라인', '품목', '적다', '온라인']",품목 적다 온라인 품목 많다 오프라인 품목 적다 온라인,0
1067,"먼저 실제로 보고 견적 내보고 결정할거같아요! 여러개 사서 혜택이 오프라인이 더 좋다면 오프라인, 별거 없이 온라인이 더 저렴하면 온라인에서 살거같네요~!","[-0.00437164  0.02557373 -0.03994751 ... -0.02894592 -0.0226593
  0.00434494]",2,"['견적', '내다', '결정', '사다', '혜택', '오프라인', '좋다', '오프라인', '별거', '온라인', '저렴하다', '온라인', '살다']",견적 내다 결정 사다 혜택 오프라인 좋다 오프라인 별거 온라인 저렴하다 온라인 살다,0
1068,온라인보다 오프라인 추천드립니당,"[-0.00780869  0.02197266 -0.01326752 ... -0.01268005 -0.01233673
 -0.00964355]",2,"['온라인', '오프라인', '추천', '드리다']",온라인 오프라인 추천 드리다,0
1069,아무래도 발로뛰는게 수고비 정도 절약되는거 같아용,"[ 0.01676941  0.03131104 -0.01931763 ... -0.04321289 -0.01065826
  0.04156494]",2,"['뛰다', '수고비', '절약']",뛰다 수고비 절약,0
1070,오프라인에서 보고 온라인에서 최저가로 살래요,"[-0.00087357  0.03381348 -0.0196228  ... -0.01914978 -0.0297699
 -0.01689148]",2,"['오프라인', '온라인', '최저', '사다']",오프라인 온라인 최저 사다,1
1071,오프라인 발품 팔고 온라인으로 한번더 견적확인해볼꺼같아요! ㅎㅎ,"[-0.02009583  0.03500366 -0.01015472 ... -0.04522705 -0.03924561
 -0.00365067]",2,"['오프라인', '발품', '팔다', '온라인', '견적', '확인']",오프라인 발품 팔다 온라인 견적 확인,0
1072,둘다 발품팔아서 비교해보려구요,"[ 0.00997162  0.0098877  -0.01512146 ... -0.04602051 -0.03457642
  0.00445938]",2,"['발품', '팔다', '비교']",발품 팔다 비교,0
1073,저도 다 발품 팔아보고 결정하려고 합니당,"[ 0.00717545  0.02590942 -0.00827789 ... -0.03436279 -0.03826904
  0.02787781]",2,"['발품', '팔다', '결정']",발품 팔다 결정,0
1074,여러가지 한꺼번에 사시는 거면 오프가 확실히 낫다고 하더라구요 근데 4-5군데 발품팔아 비교해봐야 해서 힘들긴 할 것 같아요,"[ 0.01322174  0.03189087 -0.03668213 ... -0.03582764 -0.01904297
  0.01351929]",2,"['사다', '오프', '발품', '팔다', '비교', '힘들다']",사다 오프 발품 팔다 비교 힘들다,0
1075,오프라인돌아보고 온라인이랑 비교해보고살것 같아요 ㅎㅎ,"[-0.0025959   0.01400757 -0.00872803 ... -0.03796387 -0.01436615
 -0.01673889]",2,"['오프라인', '돌아보다', '온라인', '비교', '살다']",오프라인 돌아보다 온라인 비교 살다,0
1076,오프로 직접 실물로 보고 온라인으로 가격비교해서 사려구요,"[ 0.00354004  0.03317261 -0.02079773 ... -0.03726196 -0.03604126
 -0.01618958]",2,"['오프', '실물', '온라인', '가격', '비교', '사다']",오프 실물 온라인 가격 비교 사다,1
1077,오프라인이 좋을것 같아요. 오프라인은 발품 여러군데 팔아보는게 중요해요. 새로 오픈하는곳 노려보는걸 추천드려요! (ㄷㅇ),"[-0.00236702  0.00681686 -0.02792358 ... -0.04745483 -0.02153015
  0.00904846]",2,"['오프라인', '좋다', '오프라인', '발품', '팔다', '중요', '오픈', '노려보다', '추천', '드리다']",오프라인 좋다 오프라인 발품 팔다 중요 오픈 노려보다 추천 드리다,0
1078,저누오프라인으로 했는데 더 쌌어요,"[ 0.0109787   0.03347778 -0.02726746 ... -0.02806091 -0.01454163
  0.0055809 ]",2,"['누', '오프라인', '싸다']",누 오프라인 싸다,0
1079,오프라인 발품팔아서 견적 비교해보고 결정할거 같아요,"[-0.00528336  0.0292511  -0.0224762  ... -0.04156494 -0.03192139
  0.00428009]",2,"['오프라인', '발품', '팔다', '견적', '비교', '결정']",오프라인 발품 팔다 견적 비교 결정,0
1080,싼건 온라인이 쌉니다. 하지만 이것저것혜택들보면 오프랑니도 갠찮을듯,"[ 0.00404739  0.0227356  -0.0362854  ... -0.02792358 -0.02001953
  0.00737   ]",2,"['싸다', '온라인', '싸다', '이것저것', '혜택']",싸다 온라인 싸다 이것저것 혜택,0
1081,품목이 작으면 온라인으로 사도 괜찮을거 같아요!,"[-0.00486374  0.03210449 -0.02696228 ... -0.03613281 -0.04229736
 -0.0064621 ]",2,"['품목', '작다', '온라인', '사다', '괜찮다']",품목 작다 온라인 사다 괜찮다,1
1082,오프라인 발품이 더 싸더라구요!,"[-0.00510788  0.04412842 -0.01773071 ... -0.02664185 -0.03088379
 -0.00077581]",2,"['오프라인', '발품', '싸다']",오프라인 발품 싸다,0
1083,오프해서 발품팔고 온라인이랑 비교해서 사려구요~ ㄷㅇ,"[ 0.00268364  0.02941895 -0.02064514 ... -0.03866577 -0.0350647
 -0.01443481]",2,"['오프', '발품', '팔다', '온라인', '비교', '사다']",오프 발품 팔다 온라인 비교 사다,0
1084,온라인이 좀 더 싼곳도 있더라구요! 비교해보고 더 싼곳으로 할거같아요~,"[-0.00136471  0.03500366 -0.02973938 ... -0.04577637 -0.02001953
 -0.0006361 ]",2,"['온라인', '싸다', '비교', '싸다']",온라인 싸다 비교 싸다,1
1085,오프라인 할인 견적도 같이 받아 보고 비교 추천이요,"[ 0.00213432  0.03240967 -0.02478027 ... -0.02838135 -0.03131104
 -0.00534821]",2,"['오프라인', '할인', '견적', '비교', '추천']",오프라인 할인 견적 비교 추천,0
1086,오프라인 가셔서 많이사니 서비스나 흥정해보세요~ ㄷㅇ,"[-0.00270844  0.01960754 -0.0069809  ... -0.0362854  -0.01509857
 -0.01113892]",2,"['오프라인', '사다', '서비스', '흥정']",오프라인 사다 서비스 흥정,2
1087,최신형으로 사실거 아니면 온라인이 더 저렴한거같아요,"[ 0.00041628  0.03274536 -0.03112793 ... -0.03253174 -0.0256958
 -0.01046753]",2,"['최신', '사다', '온라인', '저렴하다']",최신 사다 온라인 저렴하다,1
1088,구매 물품이 많다보니 여러군데 발품팔아서 오프라인으로 구매할 것 같아요,"[ 0.0017004   0.03250122 -0.02690125 ... -0.02833557 -0.04425049
 -0.01330566]",2,"['구매', '물품', '많다', '발품', '팔다', '오프라인', '구매']",구매 물품 많다 발품 팔다 오프라인 구매,0
1089,"온라인으로 먼저 전체 견적을 뽑아서 대충 가격을 알아보시고, 오프라인으로 한번에 할테니 많이 저렴하게 해달라고 하시면 좋을 것 같아요 (ㄷㅇ)","[-0.01026154  0.04354858 -0.01730347 ... -0.03521729 -0.01213074
  0.00340462]",2,"['온라인', '전체', '견적', '가격', '알아보다', '오프라인', '저렴하다', '좋다']",온라인 전체 견적 가격 알아보다 오프라인 저렴하다 좋다,0
1090,저도 발품 팔아서 오프라인이 좋을 거 같아요! ㄷㅂ,"[-0.00363731  0.02310181 -0.02098083 ... -0.04541016 -0.04412842
  0.01407623]",2,"['발품', '팔다', '오프라인', '좋다']",발품 팔다 오프라인 좋다,0
1091,발품 뛰는게 좋을것 같아여 ㅎㅎ,"[ 0.00999451  0.02708435  0.00221825 ... -0.05010986 -0.01121521
  0.03451538]",2,"['발품', '뛰다', '좋다']",발품 뛰다 좋다,0
1092,오프라인 견적 먼저 받아보고 비교하려고 해요~,"[ 0.00058174  0.04223633 -0.01216888 ... -0.0369873  -0.02940369
 -0.01663208]",2,"['오프라인', '견적', '비교']",오프라인 견적 비교,0
1093,"발품, 손품 팔아서 알아보고 가격 비교해서 결정할 것 같아요","[ 0.00514221  0.025177   -0.0178833  ... -0.03314209 -0.03997803
  0.00676727]",2,"['발품', '팔다', '알아보다', '가격', '비교', '결정']",발품 팔다 알아보다 가격 비교 결정,0
1094,저는 발품 팔아 오픈 매장 가서 저렴하게 맞췄어요!,"[ 5.65338135e-03  1.64184570e-02 -2.36511230e-02 ... -2.78167725e-02
 -5.44738770e-02  3.69548798e-05]",2,"['발품', '팔다', '오픈', '매장', '저렴하다', '맞추다']",발품 팔다 오픈 매장 저렴하다 맞추다,2
1095,온라인이 싸서 온라인하려구요,"[ 0.00649643  0.03323364 -0.01254272 ... -0.0247345  -0.0118103
 -0.00743484]",2,"['온라인', '싸다', '온라인']",온라인 싸다 온라인,1
1096,저는 오프라인으로 발품먼저 팔아보고 구입할거같아요.,"[-0.00727081  0.03121948 -0.01499939 ... -0.03091431 -0.04077148
 -0.01791382]",2,"['오프라인', '발품', '팔다', '구입']",오프라인 발품 팔다 구입,0
1097,"저는 오프,온라인 다 비교해보려구용","[ 0.00750351  0.00582504 -0.01695251 ... -0.02740479 -0.01430511
 -0.01138306]",2,"['오프', '온라인', '비교']",오프 온라인 비교,1
1098,구매 품목 적으면 온라인 최저가 찾아서 사는게 쌀것같아요,"[ 0.01785278  0.03259277 -0.02352905 ... -0.03137207 -0.02879333
 -0.00439453]",2,"['구매', '품목', '적다', '온라인', '최저', '찾다', '사다', '싸다']",구매 품목 적다 온라인 최저 찾다 사다 싸다,1
1099,둘 다 가격비교 해보고 온라인이 조금 더 저렴해서 온라인으로 구매했어요!,"[-0.00206566  0.03088379 -0.03044128 ... -0.02172852 -0.03860474
 -0.02296448]",2,"['가격', '비교', '온라인', '저렴하다', '온라인', '구매']",가격 비교 온라인 저렴하다 온라인 구매,0
1100,온오프 비교해보고 고를거 같아요!,"[ 0.01948547  0.0229187  -0.01260376 ... -0.02822876 -0.01499176
 -0.01171112]",2,"['오프', '비교', '고르다']",오프 비교 고르다,0
1101,개수가 많지 않으면 온라인으로 사도 괜찮을 것 같아요. 오프라인은 확실히 여러개 살수록 혜택이 좋아서요,"[ 0.00210381  0.01806641 -0.04428101 ... -0.0302124  -0.0385437
  0.01811218]",2,"['개수', '많다', '온라인', '사다', '괜찮다', '오프라인', '살다', '혜택', '좋다']",개수 많다 온라인 사다 괜찮다 오프라인 살다 혜택 좋다,0
1102,오프라인 온라인 섞어서 이용예정이에요!,"[ 0.0174408   0.03793335 -0.00835419 ... -0.00667572 -0.02612305
 -0.00043011]",2,"['오프라인', '온라인', '섞다', '예정']",오프라인 온라인 섞다 예정,1
1103,저는 온라인으로 전체 가전 다 진행했는데 후회없습니다~,"[ 0.01239777  0.02166748 -0.02958679 ... -0.03277588 -0.03717041
  0.00547791]",2,"['온라인', '전체', '가전', '진행', '후회']",온라인 전체 가전 진행 후회,1
1104,오프라인에서 견적 내보고 온라인도 내보고.. 가격 저렴한곳에서요,"[-0.00201416  0.03219604 -0.02622986 ... -0.03430176 -0.03027344
 -0.00484085]",2,"['오프라인', '견적', '내다', '온라인', '내보다', '가격', '저렴하다']",오프라인 견적 내다 온라인 내보다 가격 저렴하다,0
1105,매장가서 구경하고 걍 물어볼꺼 물어보고 온라인에서 구매요~ 거기서 거기일 수도 잇눈데 신상 아니고시즌 지난거는 온라인에서는 훨씬 저렴해요,"[ 0.00037861  0.00302505 -0.04351807 ... -0.02668762 -0.0173645
  0.00686646]",2,"['매장', '구경', '물어보다', '온라인', '구매', '눌다', '신상', '시즌', '지나다', '온라인', '저렴하다']",매장 구경 물어보다 온라인 구매 눌다 신상 시즌 지나다 온라인 저렴하다,1
1106,"소량만 사시는거면 온라인구매가 나아요! 혼수 혜택 이런거 받으려면 품목 수량도 3 6 9 12 이렇게 가야하구, 품목 많을 수록 혜택이 늘어나는거라, 3품목이면 온라인 추천합니다~","[ 0.00776672  0.02053833 -0.03808594 ... -0.01977539 -0.03086853
  0.00805664]",2,"['소량', '사다', '온라인', '구매', '혼수', '혜택', '품목', '수량', '품목', '많다', '수록', '혜택', '늘어나다', '품목', '온라인', '추천']",소량 사다 온라인 구매 혼수 혜택 품목 수량 품목 많다 수록 혜택 늘어나다 품목 온라인 추천,2
1107,오프라인으로 발품 팔아서 구매하는게 좋을거같아요 ㅎㅎ,"[-0.00819397  0.03131104 -0.02107239 ... -0.03411865 -0.03991699
 -0.0069313 ]",2,"['오프라인', '발품', '팔다', '구매', '좋다']",오프라인 발품 팔다 구매 좋다,0
1108,전 오프라인..?으로 혜택 쿠폰 이런 거 다 써먹을래요 🥹🥹,"[ 0.00279045  0.02864075 -0.00836945 ... -0.02984619 -0.0211792
 -0.01385498]",2,"['오프라인', '혜택', '쿠폰', '써먹다']",오프라인 혜택 쿠폰 써먹다,0
1109,오프라인 백화점별로 다녀보는거 추천입니당,"[ 0.00696182  0.01939392 -0.02114868 ... -0.03936768 -0.03186035
 -0.00184441]",2,"['오프라인', '백화점', '다니다', '추천']",오프라인 백화점 다니다 추천,0
1110,혼수 준비할때는 오프라인으로 준비하는게 더 할인율이 좋대요!,"[ 0.0144577   0.03829956 -0.02745056 ... -0.01031494 -0.02310181
 -0.00544357]",2,"['혼수', '준비', '오프라인', '준비', '할인', '좋다']",혼수 준비 오프라인 준비 할인 좋다,2
1111,"양이 많으면 오프라인, 적으면 온라인이요 !","[-0.001441    0.01057434 -0.0196228  ... -0.02062988 -0.02011108
 -0.00136852]",2,"['많다', '오프라인', '적다', '온라인']",많다 오프라인 적다 온라인,0
1112,상담 받아보고~ 인터넷이랑 비교해볼것 같아요~ 묶음으로 사면 더 세일해주고 하던데요~,"[-0.00237083  0.004673   -0.03790283 ... -0.04507446 -0.02201843
  0.00294876]",2,"['상담', '인터넷', '비교', '묶음', '사다', '세일']",상담 인터넷 비교 묶음 사다 세일,0
1113,전 오프라인으로 가서 확인해보고 견적보고 고민해보고 결정하려구요ㅎㅎ,"[-0.00603104  0.03149414 -0.00668716 ... -0.03948975 -0.01979065
  0.00874329]",2,"['오프라인', '확인', '견적', '고민', '결정']",오프라인 확인 견적 고민 결정,0
1114,저능 그냥 오프라인에서 구매했어요! 너무 안알아봤나 싶지만..페이백 받으면 거기서 거기라 잘 구매한거같아용!ㅎㅎ,"[ 0.01144409  0.00444412 -0.03155518 ... -0.03086853 -0.03533936
 -0.00053501]",2,"['오프라인', '구매', '알아보다', '페이', '구매']",오프라인 구매 알아보다 페이 구매,0
1115,으악 저도 넘 고민돼요ㅠㅠ 온라인이냐 오프라인이냐ㅠㅠㅠㅠㅠ,"[-0.00650406  0.01724243 -0.013237   ... -0.04248047 -0.01533508
  0.01072693]",2,"['고민', '온라인', '오프라인']",고민 온라인 오프라인,1
1116,저는 오프라인으로 구매하려구요! 가격차이가 크게 안나는 것 같아요 ㅎㅎ,"[-0.00245667  0.02824402 -0.03123474 ... -0.0173645  -0.04141235
 -0.01056671]",2,"['오프라인', '구매', '가격', '차이', '크다']",오프라인 구매 가격 차이 크다,0
1117,전 오프라인 예정입니다!,"[ 0.00683212  0.02923584 -0.00222778 ... -0.00979614 -0.0193634
  0.00814819]",2,"['오프라인', '예정']",오프라인 예정,1
1118,전 3개밖에 안사서 온라인했어요~,"[ 0.0078125   0.01820374 -0.01555634 ... -0.01022339 -0.02740479
 -0.01727295]",2,"['사다', '온라인']",사다 온라인,1
1119,주위에 그렇게사셔도 다들 잘 쓰시더라구요 ㅎㅎ 각 쇼핑몰마다 크게할인할때있으니까 그때 맞춰서 사시는거 추천이요!,"[ 0.0103302   0.02992249 -0.03503418 ... -0.02900696 -0.02095032
 -0.000144  ]",2,"['주위', '사다', '쓰다', '쇼핑몰', '크다', '할인', '그때', '맞추다', '사다', '추천']",주위 사다 쓰다 쇼핑몰 크다 할인 그때 맞추다 사다 추천,2
1120,저는 거의 온라인쪽 선호하는 편인데 지금까지 후회한적 없어요😊,"[ 0.00089884  0.01899719 -0.02554321 ... -0.04058838 -0.03140259
 -0.00014126]",2,"['온라인', '선호', '지금', '후회']",온라인 선호 지금 후회,1
1121,온라인에서 주로 구입하는데 전혀 문제 없었습니다. 뽑기운도 그렇고 사용하기 나름인거 같습니다^^,"[-0.00369835  0.00135612 -0.02476501 ... -0.02726746 -0.01757812
 -0.00783539]",2,"['온라인', '구입', '문제', '뽑기']",온라인 구입 문제 뽑기,1
1122,저도 오프라인으로보고 사는건온라인이요! 다그렇게 구매한건 아니지만 열에여덟은 온라인이더쌌어요~,"[-0.00920105  0.01908875 -0.0262146  ... -0.01051331 -0.02876282
 -0.00758743]",2,"['오프라인', '사다', '온라인', '구매', '온라인', '싸다']",오프라인 사다 온라인 구매 온라인 싸다,1
1123,저는 결혼 혼수빼고는 온라인이요~~,"[ 0.00800323  0.02241516 -0.00780869 ... -0.01789856 -0.02752686
 -0.00746918]",2,"['결혼', '혼수', '빼다', '온라인']",결혼 혼수 빼다 온라인,1
1124,가격 차이가 너무 많이 나서 저도 온라인으로 구입 해요~ 몇 년째 잘 사용 중입니다^^,"[ 0.0064621   0.03071594 -0.03857422 ... -0.03411865 -0.03405762
 -0.00683975]",2,"['가격', '차이', '온라인', '구입']",가격 차이 온라인 구입,0
1125,애매하네요. 한5개정도면 확실히 오프라인이 쌀텐데 1-2개는 인터넷 최저가가 나을테고요,"[ 0.00488663  0.01183319 -0.04177856 ... -0.04592896 -0.01211548
  0.03707886]",2,"['오프라인', '싸다', '인터넷', '최저']",오프라인 싸다 인터넷 최저,2
1126,갯수가 적어서 온라인이 나을거 같기도 하구.. 오프라인은 백화점이 젤 저렴합니다~ 품목 묶어서 할인 들어가는거 있는데 그걸로 견적 내보셔서 더 저렴한 쪽에서 하세여,"[ 0.00740814  0.01852417 -0.04241943 ... -0.03616333 -0.03057861
  0.0071907 ]",2,"['갯수', '적다', '온라인', '오프라인', '백화점', '저렴하다', '품목', '묶다', '할인', '들어가다', '견적', '내다', '저렴하다']",갯수 적다 온라인 오프라인 백화점 저렴하다 품목 묶다 할인 들어가다 견적 내다 저렴하다,0
1127,아무리 발품팔아도 오프가 온라인보다 싼건 신혼가전처럼 한번에 왕창샀을때 뿐입니다. 저거 3개는 1000도 안나와서 무조건입니다.,"[ 0.00208092  0.0276947  -0.03366089 ... -0.02648926 -0.03088379
 -0.00244904]",2,"['발품', '팔다', '오프', '온라인', '싸다', '신혼', '가전', '사다', '나오다']",발품 팔다 오프 온라인 싸다 신혼 가전 사다 나오다,1
1128,하나 구매면 온라인도 괜찮다고 들었어요! 오프라인은 여러개살때 할인폭이 높더라구요,"[ 0.00519943  0.02210999 -0.04626465 ... -0.02923584 -0.02941895
  0.00801086]",2,"['구매', '온라인', '괜찮다', '오프라인', '사다', '할인', '높다']",구매 온라인 괜찮다 오프라인 사다 할인 높다,1
1129,오프라인 발품팔아서 여러곳 견적 받는게 젤 좋아요!,"[-0.01261902  0.04330444 -0.02770996 ... -0.03710938 -0.03964233
 -0.00587082]",2,"['오프라인', '발품', '팔다', '견적', '좋다']",오프라인 발품 팔다 견적 좋다,0
1130,한두개면 온라인이 더 혜택좋은거 같아요,"[ 0.00849915  0.02705383 -0.02978516 ... -0.02944946 -0.02415466
 -0.00725555]",2,"['온라인', '혜택', '좋다']",온라인 혜택 좋다,0
1131,한개 구매하시는거면 온라인이 더 좋을 것 같아요!,"[ 0.00859833  0.03311157 -0.03485107 ... -0.0340271  -0.03649902
 -0.00106812]",2,"['구매', '온라인', '좋다']",구매 온라인 좋다,1
1132,한개라면 온라인이 나을거같은데요..? 비교해보는게 좋을거같네요!,"[ 0.00485992  0.01408386 -0.03146362 ... -0.04400635 -0.02171326
  0.00637054]",2,"['온라인', '비교', '좋다']",온라인 비교 좋다,0
1133,온라인전용모델로 한번 보세요.,"[ 0.00428391  0.02070618 -0.00447845 ... -0.03512573 -0.01779175
 -0.01063538]",2,"['온라인', '전용', '모델']",온라인 전용 모델,2
1134,저는 온라인 오프라인 다 비교해보고 저렴한 곳에서 진행했습니다!,"[ 0.00296021  0.01287079 -0.02073669 ... -0.03265381 -0.03123474
 -0.00299263]",2,"['온라인', '오프라인', '비교', '저렴하다', '진행']",온라인 오프라인 비교 저렴하다 진행,0
1135,한개면 온라인이 더 나을거같아요 공식홈에서 비교해보시면 좋을것 같아요!,"[ 0.00492859  0.007164   -0.03271484 ... -0.03726196 -0.0256958
 -0.00090933]",2,"['온라인', '공식', '비교', '좋다']",온라인 공식 비교 좋다,0
1136,낱개로 하나 구매면 온라인이 훨신 저렴한 것 같아용,"[ 0.00463486  0.04199219 -0.02761841 ... -0.03311157 -0.04412842
  0.0128479 ]",2,"['낱개', '구매', '온라인', '저렴하다']",낱개 구매 온라인 저렴하다,1
1137,저는 온라인 오프라인 둘다하는데 오프라인에 기울여지네요 ㅎㅎ,"[-0.00432968  0.01091766 -0.01382446 ... -0.02609253 -0.00708771
 -0.00892639]",2,"['온라인', '오프라인', '오프라인', '기울이다']",온라인 오프라인 오프라인 기울이다,0
1138,온라인 오프라인 둘다 견적 받아보면 좋을거같아요,"[-0.00250626  0.02528381 -0.02542114 ... -0.043396   -0.0266571
 -0.00024891]",2,"['온라인', '오프라인', '견적', '좋다']",온라인 오프라인 견적 좋다,0
1139,저라먄 오프라인 제휴요!,"[ 0.00067949  0.02523804 -0.00798035 ... -0.02973938 -0.02592468
  0.00481796]",2,"['저라먄', '오프라인', '제휴']",저라먄 오프라인 제휴,1
1140,하나만 할거면 발품팔아서 아끼는것보단 시간 낭비하는게 크다 싶기도해서 ㅎㅎ 그냥 편하게 온라인할거같아요,"[-0.00429535  0.02566528 -0.01203918 ... -0.03674316 -0.02272034
  0.00485229]",2,"['발품', '팔다', '아끼다', '시간', '낭비', '크다', '편하다', '온라인']",발품 팔다 아끼다 시간 낭비 크다 편하다 온라인,1
1141,오프라인 신규매장 견적받아보고 저희는 한번에 많은 품목을 구매한게 아니어서 온라인 공식홈페이지에서 핫딜뜨는걸로 구매했어요!ㅎㅎ,"[ 0.00891876  0.01676941 -0.02865601 ... -0.01181793 -0.03604126
 -0.01222992]",2,"['오프라인', '신규', '매장', '견적', '많다', '품목', '구매', '온라인', '공식', '홈페이지', '뜨다', '구매']",오프라인 신규 매장 견적 많다 품목 구매 온라인 공식 홈페이지 뜨다 구매,1
1142,팔품파셔서 오프라인에서 구매하셔요~,"[ 0.00096178  0.02206421 -0.02018738 ... -0.02713013 -0.03994751
 -0.01155853]",2,"['파', '오프라인', '구매']",파 오프라인 구매,0
1143,오프에서 한번에 맞출예정이에요~!,"[ 0.02540588  0.04614258 -0.01496887 ...  0.00071096 -0.01284027
  0.0071907 ]",2,"['오프', '맞추다', '예정']",오프 맞추다 예정,1
1144,오프라인에서 견적 비교해보고 사려구요!,"[-0.00064802  0.0362854  -0.02497864 ... -0.02896118 -0.03781128
 -0.01329803]",2,"['오프라인', '견적', '비교', '사다']",오프라인 견적 비교 사다,0
1145,온라인이 젤 싸다고하긴하는데 저희는 직접 몇몇 매장 돌아보고 결정하려구요ㅎㅎ,"[ 2.89916992e-04  4.53796387e-02 -2.56652832e-02 ... -4.04968262e-02
 -2.97851562e-02 -1.09672546e-05]",2,"['온라인', '싸다', '매장', '돌아보다', '결정']",온라인 싸다 매장 돌아보다 결정,0
1146,오프라인 매장에서 한번에 했어요,"[ 0.02359009  0.02708435 -0.01539612 ... -0.01754761 -0.03182983
 -0.01047516]",2,"['오프라인', '매장']",오프라인 매장,2
1147,이번에 오프라인 갔다 온라인이 이랑 비교해봤는데 온라인이 행사해서 온라인으로 하려고요~,"[ 0.00760651  0.01417542 -0.02790833 ... -0.02142334 -0.02296448
 -0.0266571 ]",2,"['오프라인', '라인', '비교', '온라인', '행사', '온라인']",오프라인 라인 비교 온라인 행사 온라인,0
1148,오프라인에서 먼저 견적 받아보시는걸 추천드립니다,"[-0.00427628  0.03662109 -0.02510071 ... -0.03964233 -0.01989746
 -0.00066328]",2,"['오프라인', '견적', '추천', '드리다']",오프라인 견적 추천 드리다,0
1149,오프라인으로 발품 팔아보려구요! 온라인은 같은거여도 기능이 몇개 없다해서..,"[-0.00439453  0.02859497 -0.02529907 ... -0.0328064  -0.02903748
 -0.02444458]",2,"['오프라인', '발품', '팔다', '온라인', '기능']",오프라인 발품 팔다 온라인 기능,0
1150,온/오프라인 비교해보면서 온라인 최저가보다 싼 가격으로 오프라인에서 샀어요!,"[ 0.00741196  0.03013611 -0.03115845 ... -0.00674057 -0.03521729
 -0.03091431]",2,"['오프라인', '비교', '온라인', '최저', '싸다', '가격', '오프라인', '사다']",오프라인 비교 온라인 최저 싸다 가격 오프라인 사다,0
1151,오프라인 매장에서 발품 팔 생각이에요!,"[ 0.00260353  0.03302002 -0.02212524 ... -0.03512573 -0.05474854
 -0.00075674]",2,"['오프라인', '매장', '발품', '팔다', '생각']",오프라인 매장 발품 팔다 생각,0
1152,일단 오프라인 보고 그러고 온라인 넘어갈거같아요,"[ 0.00135994  0.02334595 -0.0083847  ... -0.02583313 -0.00169277
 -0.00896454]",2,"['오프라인', '그러다', '온라인', '넘어가다']",오프라인 그러다 온라인 넘어가다,0
1153,지방 매장에 온라인견적 받아서 구매했어요!,"[ 0.0005784   0.02822876 -0.02519226 ... -0.02267456 -0.046875
 -0.0085144 ]",2,"['지방', '매장', '온라인', '견적', '구매']",지방 매장 온라인 견적 구매,0
1154,오프라인에서 한방에 했어요 드래곤볼할꺼 아니면 오프라인이 무조건 싸대요~,"[-0.00243378  0.01623535 -0.02122498 ... -0.02098083 -0.01265717
 -0.00305367]",2,"['오프라인', '드래곤', '오프라인', '싸다']",오프라인 드래곤 오프라인 싸다,0
1155,온라인으로요 별로 많이 살생각없어서,"[-0.00301552  0.02023315 -0.0072937  ... -0.03213501 -0.03521729
 -0.01522827]",2,"['온라인', '사다', '생각']",온라인 사다 생각,1
1156,전 많이 살거라 직접 보고 살거이영 ㅎㅎ 오프라인으로,"[ 0.00233269  0.02177429 -0.00758362 ... -0.03283691 -0.02555847
 -0.0002023 ]",2,"['사다', '살다', '오프라인']",사다 살다 오프라인,1
1157,저는 온라인 최저가를 생각하고있습니다.,"[-0.00165367  0.02238464 -0.01351929 ... -0.02438354 -0.04022217
 -0.00849915]",2,"['온라인', '최저', '생각']",온라인 최저 생각,1
1158,"아, 6개 이상이면, 오픈매장 프로모션이 저렴하대요~! 그냥 오프라인만으로는 노노","[ 0.01067352  0.00392151 -0.03216553 ... -0.02189636 -0.01516724
  0.01809692]",2,"['이상', '오픈', '매장', '프로모션', '저렴하다', '오프라인', '노노']",이상 오픈 매장 프로모션 저렴하다 오프라인 노노,2
1159,저는 온라인이랑 오프라인 판매모델 좀 다를 수 있다고 해서 오프라인 다품목으로 할인 받았어요,"[ 0.0053215   0.00795746 -0.03964233 ... -0.01713562 -0.04342651
 -0.027771  ]",2,"['온라인', '오프라인', '판매', '모델', '다르다', '오프라인', '품목', '할인']",온라인 오프라인 판매 모델 다르다 오프라인 품목 할인,2
1160,다품목할인이 크더라구요 ㅎㅎ 저는 오프라인 다품목할인 추천합니당,"[ 0.0112915   0.01380157 -0.02597046 ... -0.02723694 -0.03659058
 -0.00870514]",2,"['품목', '할인', '크다', '오프라인', '품목', '할인', '추천']",품목 할인 크다 오프라인 품목 할인 추천,2
1161,오프라인 온라인 모두 확인해봐야겠네요~!,"[ 0.00819397  0.0138092  -0.00871277 ... -0.02493286 -0.02137756
 -0.00753403]",2,"['오프라인', '온라인', '확인']",오프라인 온라인 확인,1
1162,다품목이면 오프라인 발품팔아보시는것도 좋을거같아용,"[-0.00954437  0.01704407 -0.0269165  ... -0.04125977 -0.03427124
 -0.00061369]",2,"['품목', '오프라인', '발품', '팔다', '좋다']",품목 오프라인 발품 팔다 좋다,0
1163,저희는 오프라인 다품목할인했어용ㅎㅎ,"[ 0.0121994   0.019104   -0.0161438  ... -0.02137756 -0.04504395
 -0.01890564]",2,"['오프라인', '품목', '할인']",오프라인 품목 할인,2
1164,저는 다 찾아보니 온라인이 더 싸서 필요한것만 온라인 구매했습니다.,"[-0.00153828  0.03234863 -0.03283691 ... -0.01426697 -0.03463745
 -0.02020264]",2,"['찾아보다', '온라인', '싸다', '필요', '온라인', '구매']",찾아보다 온라인 싸다 필요 온라인 구매,1
1165,"품목이 한두개면 온라인, 세개 이상이면 오프라인이 확실히 저렴합니다:)","[ 0.00898743  0.01158142 -0.03274536 ... -0.02487183 -0.02520752
 -0.0135498 ]",2,"['품목', '온라인', '이상', '오프라인', '저렴하다']",품목 온라인 이상 오프라인 저렴하다,1
1166,전 다품목할인받아서 오프라인으로 한번에 해결했어요,"[ 0.01766968  0.01540375 -0.0184021  ... -0.01176453 -0.04202271
 -0.01326752]",2,"['품목', '할인', '오프라인', '해결']",품목 할인 오프라인 해결,0
1167,저도 견적받은것 온라인에 최저가로만 싹 찾아보니 오프라인이 더 싸더라구요~ 결국 견적받은 오프라인 매장가서 구매했습니다~,"[-0.00226021  0.03430176 -0.03689575 ... -0.02210999 -0.03289795
  0.00123596]",2,"['견적', '온라인', '최저', '찾아보다', '오프라인', '싸다', '견적', '오프라인', '매장', '구매']",견적 온라인 최저 찾아보다 오프라인 싸다 견적 오프라인 매장 구매,0
1168,온라인이랑 오프라인 판매모델이 다른 걸로 알고있어용! 그래서 온라인이 훨씬 저렴하구요! 저희는 그래서 오프라인에서 7개 세트할인으로 구매했습니다,"[ 0.01759338  0.02455139 -0.05041504 ... -0.01208496 -0.03570557
 -0.00831604]",2,"['온라인', '오프라인', '판매', '모델', '온라인', '저렴하다', '오프라인', '세트', '할인', '구매']",온라인 오프라인 판매 모델 온라인 저렴하다 오프라인 세트 할인 구매,1
1169,오프라인 다품목 할인으로 알아보고 있어요,"[ 0.01464844  0.02644348 -0.03292847 ... -0.01855469 -0.03985596
 -0.01021576]",2,"['오프라인', '품목', '할인', '알아보다']",오프라인 품목 할인 알아보다,0
1170,오프라인 다품목이 좋아요,"[ 0.01994324  0.0125885  -0.03286743 ... -0.02154541 -0.0266571
  0.00074625]",2,"['오프라인', '품목', '좋다']",오프라인 품목 좋다,0
1171,저희는 구매 품목수가 많지 않아서 인터넷으로 사려구여,"[ 0.00049734  0.03622437 -0.01403809 ... -0.03421021 -0.050354
 -0.0142746 ]",2,"['구매', '품목', '많다', '인터넷', '사다']",구매 품목 많다 인터넷 사다,2
1172,"저는 엘지 보고 있고, 가성비 따져서 오브제로 보지 않고 있는데요~ 여러군데 다녀봤는데 최소 3종 이상이면 오프라인이 무조건 싸더라구요!","[-0.01029968  0.00587082 -0.03201294 ... -0.02868652 -0.02120972
  0.02070618]",2,"['엘지', '가성비', '따지다', '오브제', '다니다', '최소', '이상', '오프라인', '싸다']",엘지 가성비 따지다 오브제 다니다 최소 이상 오프라인 싸다,1
1173,오프라인 매장가서 직접 보고 온라인하고 가격이랑 조건 등 비교해서 더 나은 곳에서 사요,"[ 0.00616837  0.02464294 -0.02018738 ... -0.0350647  -0.02432251
 -0.02578735]",2,"['오프라인', '매장', '온라인', '가격', '조건', '비교', '사다']",오프라인 매장 온라인 가격 조건 비교 사다,0
1174,저는 온라인에서 주로 구매하긴해요~ 가격 할인받는것같아서여,"[ 0.00606537  0.02619934 -0.03439331 ... -0.02526855 -0.04138184
 -0.00554657]",2,"['온라인', '구매', '가격', '할인']",온라인 구매 가격 할인,0
1175,인터넷제품도 오프라인과 크게 다르진않고 기능만 좀 차이난다고 들었어요. 저는 잘 쓰고있어요,"[ 0.00331497  0.02212524 -0.03445435 ... -0.01655579 -0.01751709
 -0.02241516]",2,"['인터넷', '제품', '오프라인', '크다', '다르다', '기능', '차이', '쓰다']",인터넷 제품 오프라인 크다 다르다 기능 차이 쓰다,2
1176,많이 사실거면 오프라인이여 일단 배송일 다같이 맞출 수 있고 금액도 오프라인이 더 싸용 한두개 사실거면 온라인이겟지만!ㅎㅎ,"[-0.00123692  0.01887512 -0.03053284 ... -0.03707886 -0.02442932
 -0.00553894]",2,"['사다', '오프라인', '배송', '맞추다', '금액', '오프라인', '싸다', '사다', '온라인']",사다 오프라인 배송 맞추다 금액 오프라인 싸다 사다 온라인,1
1177,오프라인에서 한 번에 사는게 가격적으론 좋을 것 같아요,"[ 0.00970459  0.03372192 -0.02722168 ... -0.02230835 -0.03634644
 -0.01081848]",2,"['오프라인', '사다', '가격', '좋다']",오프라인 사다 가격 좋다,0
1178,사야하는 품목이 세개 이상이라면 오프라인 추천입니다.,"[ 0.021698    0.01235199 -0.0385437  ... -0.02072144 -0.0227356
 -0.01797485]",2,"['사다', '품목', '이상', '오프라인', '추천']",사다 품목 이상 오프라인 추천,0
1179,빅3만 사더라도 오프라인이 쌉니다. 1개 구매가 아니라면 오프라인 추천이요,"[-0.00296021  0.01890564 -0.04269409 ... -0.01615906 -0.01550293
 -0.00104713]",2,"['사다', '오프라인', '싸다', '구매', '오프라인', '추천']",사다 오프라인 싸다 구매 오프라인 추천,1
1180,오프라인으로 한번에 할인 많이 받는게 좋을 거 같아요,"[ 0.01216125  0.03848267 -0.02705383 ... -0.02345276 -0.03112793
 -0.00721741]",2,"['오프라인', '할인', '좋다']",오프라인 할인 좋다,2
1181,"최신형으로 5개 이상사실거면 오프라인이 싼것같고 구모델이나 기능 좀 빼고사거나, 3~4개 사시는거면 온라인이 싼것같아요!","[-0.00419235  0.01821899 -0.04711914 ... -0.02584839 -0.02511597
  0.00788879]",2,"['최신', '이상', '사다', '오프라인', '싸다', '모델', '기능', '빼다', '사다', '사다', '온라인', '싸다']",최신 이상 사다 오프라인 싸다 모델 기능 빼다 사다 사다 온라인 싸다,1
1182,오프라인으로 보고 사야 혜택도 많이 보고 as도 덜 신경 쓰게 되더라구요,"[ 0.00098038  0.0279541  -0.02516174 ... -0.02523804 -0.03457642
 -0.00998688]",2,"['오프라인', '사다', '혜택', '신경', '쓰다']",오프라인 사다 혜택 신경 쓰다,2
1183,오프라인으로 필요한거 한번에 사니까 머리가 덜아팠어요 ㅎㅎ,"[ 0.01369476  0.03735352 -0.02488708 ... -0.01867676 -0.02937317
 -0.01789856]",2,"['오프라인', '필요', '살다', '머리', '아프다']",오프라인 필요 살다 머리 아프다,1
1184,발품팔아보시고 견적내고 인터넷 최저가랑 비교해보세요 ㅎㅎ,"[-0.0052948   0.02941895 -0.01036835 ... -0.04754639 -0.03817749
  0.00756454]",2,"['발품', '팔다', '견적', '내다', '인터넷', '최저', '비교']",발품 팔다 견적 내다 인터넷 최저 비교,0
1185,오프라인 발품 파는게 좋긴해요 올때 한번에 오는게 낫지 하나씩 오면 시간 맞추기도 애매하고 그것또한 일이에요,"[ 0.0046196   0.02679443 -0.03521729 ... -0.03323364 -0.03027344
  0.00045919]",2,"['오프라인', '발품', '파', '좋다', '시간', '맞추다', '애매']",오프라인 발품 파 좋다 시간 맞추다 애매,0
1186,오프라인으로 발품 팔아야 정확할 것 같아요,"[ 0.00192356  0.03652954 -0.01979065 ... -0.02922058 -0.03564453
 -0.01460266]",2,"['오프라인', '발품', '팔다', '정확']",오프라인 발품 팔다 정확,0
1187,"소량으로 사려면 온라인, 여러 제품 사려면 오프라인이 훨씬 이득입니다. 사은품도 쏠쏠하구요!","[ 0.00193596  0.02862549 -0.03811646 ... -0.03393555 -0.03408813
 -0.00643158]",2,"['소량', '사다', '온라인', '제품', '사다', '오프라인', '이득', '사은품']",소량 사다 온라인 제품 사다 오프라인 이득 사은품,1
1188,크게 가전에 욕심없으면 온라인으로 사셔도 현명한거같아요!,"[ 0.00503159  0.0369873  -0.03482056 ... -0.03970337 -0.04006958
  0.00228691]",2,"['크다', '가전', '욕심', '온라인', '사다', '현명']",크다 가전 욕심 온라인 사다 현명,1
1189,"오프라인에서 여러제품, 온라인에서 필요한제품만 각각 총금액 알아보고 결정할거 같아요","[ 0.00522614  0.02246094 -0.03610229 ... -0.02018738 -0.02241516
 -0.01797485]",2,"['오프라인', '제품', '온라인', '필요', '제품', '금액', '결정']",오프라인 제품 온라인 필요 제품 금액 결정,0
1190,"많이 사는거면 오프라인, 적은 품목이면 온라인이 낫다고들 하시더라구요","[ 0.00114822  0.01924133 -0.03051758 ... -0.02536011 -0.02688599
 -0.00959015]",2,"['사다', '오프라인', '적다', '품목', '온라인']",사다 오프라인 적다 품목 온라인,0
1191,오프라인에서 한번에 여러가지 구매하는게 할인율이 훨씬 높아진다고 해서 오프라인에서 구매하려구요!,"[ 0.00798798  0.03500366 -0.04284668 ... -0.01396942 -0.03062439
 -0.00959778]",2,"['오프라인', '구매', '할인', '높다', '오프라인', '구매']",오프라인 구매 할인 높다 오프라인 구매,2
1192,여러개를 구매한다면 오프라인 단품 구매시 온라인이 가격이 좋더라구요,"[ 0.00569916  0.03102112 -0.04110718 ... -0.01473999 -0.02684021
 -0.00562668]",2,"['구매', '오프라인', '구매', '온라인', '가격', '좋다']",구매 오프라인 구매 온라인 가격 좋다,0
1193,5개이상이면 오프라인 미맘이몀 온라인,"[ 0.00693512  0.00857544 -0.00971985 ... -0.03053284 -0.01194763
  0.00709534]",2,"['이상', '오프라인', '온라인']",이상 오프라인 온라인,1
1194,저는 오프라인으로 보고 토탈로샀어요,"[ 0.0112381   0.02758789 -0.02238464 ... -0.02450562 -0.04769897
 -0.01583862]",2,"['오프라인', '토탈', '사다']",오프라인 토탈 사다,2
1195,오프라인으로 구매하면 이것저것 많이 챙겨주긴 하더라고요,"[ 0.00845337  0.02961731 -0.02912903 ... -0.01873779 -0.03274536
 -0.01245117]",2,"['오프라인', '구매', '이것저것', '챙기다']",오프라인 구매 이것저것 챙기다,0
1196,저희는 직접 발품팔아서 저렴하게 구입했어요,"[ 0.01064301  0.03207397 -0.00939941 ... -0.03295898 -0.04669189
  0.00614548]",2,"['발품', '팔다', '저렴하다', '구입']",발품 팔다 저렴하다 구입,0
1197,"저희도 대중교통으로만 견적받으러 다녔어여! 솔직히 온라인으로는 안 해봐서 비교를 할 순 없지만, 그래도 오프라인으로 직접 상품도 확인하면서 매니저 만나서 견적받으니까 이해 안 되는 부분도 바로바로 물어볼 수 있고 좋더라구여! 스몰토크하면서 혜택도 조금씩 부탁드려보고 괜찮았습니다!","[ 0.00885773  0.02882385 -0.01805115 ... -0.03543091 -0.02258301
  0.00181961]",2,"['대중교통', '견적', '다니다', '온라인', '비교', '오프라인', '상품', '확인', '매니저', '만나다', '견적', '이해', '물어보다', '좋다', '스몰', '토크', '혜택', '부탁', '드리다', '괜찮다']",대중교통 견적 다니다 온라인 비교 오프라인 상품 확인 매니저 만나다 견적 이해 물어보다 좋다 스몰 토크 혜택 부탁 드리다 괜찮다,0
1198,오프라인으로 가격 비교를 해보는게 좋을 것 같아요,"[ 0.01009369  0.02297974 -0.02908325 ... -0.03414917 -0.02644348
 -0.01705933]",2,"['오프라인', '가격', '비교', '좋다']",오프라인 가격 비교 좋다,0
1199,매장가서 보고 인터넷으로 삽니다. 매장이든 마트든 아무리 잘 쳐줘도 인터넷보다 싸진 않더라구요.,"[ 0.0033989   0.01974487 -0.02441406 ... -0.03001404 -0.03414917
  0.00959015]",2,"['매장', '인터넷', '사다', '매장', '마트', '치다', '인터넷', '싸다']",매장 인터넷 사다 매장 마트 치다 인터넷 싸다,2
1200,"백화점카드행사, 상품권맞으면 온라인이랑 많이 차이안나더라구요 모델이 정해지시면 백화점가격도 비교해보세요","[ 0.00562668  0.00965118 -0.04315186 ... -0.02156067 -0.04382324
 -0.01040649]",2,"['백화점', '카드', '행사', '상품', '맞다', '온라인', '차이', '모델', '정하다', '백화점', '가격', '비교']",백화점 카드 행사 상품 맞다 온라인 차이 모델 정하다 백화점 가격 비교,2
1201,"저도 백화점에서 계약했는데 혼수처럼 다품목 구매할땐 오프라인, 그중에서도 백화점 견적이 젤 좋더라구요!","[ 0.01431274  0.01812744 -0.03485107 ... -0.03262329 -0.05407715
 -0.00986481]",2,"['백화점', '계약', '혼수', '품목', '구매', '오프라인', '백화점', '견적', '좋다']",백화점 계약 혼수 품목 구매 오프라인 백화점 견적 좋다,0
1202,넵 다품목은 오프라인 진짜 백화점견적이 제일 좋아요 ㅋㅋ,"[ 0.00388336  0.01335144 -0.0244751  ... -0.03222656 -0.04547119
 -0.00511551]",2,"['품목', '오프라인', '백화점', '견적', '좋다']",품목 오프라인 백화점 견적 좋다,0
1203,많은 품목 한꺼번에 살 때는 대부분 오프라인으로 많이 하는 것 같기는 해요,"[ 0.02101135  0.03311157 -0.02577209 ... -0.02713013 -0.03427124
 -0.00230598]",2,"['많다', '품목', '사다', '오프라인']",많다 품목 사다 오프라인,2
1204,오프라인은 종류 여러가지 많이 사거나 신제품이나 고급모델 위주로 구매했을때 온라인보다 싸질 수 있어요,"[ 0.01380157  0.01971436 -0.0378418  ... -0.02107239 -0.02450562
 -0.01358795]",2,"['오프라인', '종류', '사다', '제품', '고급', '모델', '위주', '구매', '온라인', '싸다']",오프라인 종류 사다 제품 고급 모델 위주 구매 온라인 싸다,1
1205,오프라인에서 가격만 물어보셔도 상관없으니 알아보시는게 좋죠,"[ 0.00059271  0.01876831 -0.04830933 ... -0.01628113 -0.01272583
  0.00099277]",2,"['오프라인', '가격', '물어보다', '상관없다', '알아보다', '좋다']",오프라인 가격 물어보다 상관없다 알아보다 좋다,0
1206,그러면 온라인이 더 싸다는 말씀이실까요?,"[-0.00865936  0.03616333 -0.01779175 ... -0.03112793 -0.02279663
 -0.01438141]",2,"['온라인', '싸다', '말씀']",온라인 싸다 말씀,0
1207,결혼.집들이 가전 처럼 많이 구매하시면 오프라인이 쌀수도 있지만 그리안하는 경우는 손품을 팔아 최저가에 사시는게 쌉니다.온라인이라도 님이 손품을 얼마냐 파냐에 따라 틀립니다.한번에 몇가지 사실거면 손품으로 최저가를 아신 후 오프라인 매장에 가셔서 이가격까지 알이 봤다고 하시며 흥정 해보세요.,"[ 0.0173645   0.02566528 -0.04077148 ... -0.03283691 -0.01066589
  0.00056076]",2,"['결혼', '가전', '구매', '오프라인', '싸다', '팔다', '최저', '사다', '싸다', '온라인', '얼마', '팔다', '따르다', '틀리다', '사다', '최저', '오프라인', '매장', '가격', '흥정']",결혼 가전 구매 오프라인 싸다 팔다 최저 사다 싸다 온라인 얼마 팔다 따르다 틀리다 사다 최저 오프라인 매장 가격 흥정,0
1208,그정도 품목이라해도 오프가 더 쌉니다 진짜 딱 한개 내지 두개 사야 인터넷이 싸구요,"[-0.00080919  0.04333496 -0.03823853 ... -0.01864624 -0.01418304
  0.00513458]",2,"['품목', '오프', '싸다', '사다', '인터넷', '싸다']",품목 오프 싸다 사다 인터넷 싸다,2
1209,예랑이가 오프라인에서 구경하고 온라인에서 사재요,"[ 0.00354195  0.03616333 -0.00624847 ... -0.00740433 -0.02407837
 -0.00846863]",2,"['예랑이', '오프라인', '구경', '온라인', '사다']",예랑이 오프라인 구경 온라인 사다,1
1210,오프라인으로 여러개 구매하면 더 할인률이 크더라구요,"[ 0.00234222  0.03106689 -0.03869629 ... -0.01960754 -0.02580261
  0.00419998]",2,"['오프라인', '구매', '할인', '크다']",오프라인 구매 할인 크다,2
1211,여러개 구매하시는 거면 오프라인으로 통 할인 받으시는게 좋을 것 같아요~ 품목이 몇개 안되면 온라인이 나을 것 같구요,"[ 0.0058403   0.02024841 -0.05386353 ... -0.02859497 -0.02859497
  0.00168896]",2,"['구매', '오프라인', '할인', '좋다', '품목', '온라인']",구매 오프라인 할인 좋다 품목 온라인,0
1212,오프라인으로 저렴한거랑 온라인 저렴한게있어서 비교해야해요,"[ 0.00848389  0.03167725 -0.02423096 ... -0.02093506 -0.02740479
 -0.02142334]",2,"['오프라인', '저렴하다', '온라인', '비교']",오프라인 저렴하다 온라인 비교,0
1213,오프라인에서 상담후 혜택 많이받아서 진행했어요~!,"[ 0.00158882  0.01837158 -0.02183533 ... -0.02571106 -0.01905823
 -0.00585556]",2,"['오프라인', '상담', '혜택', '진행']",오프라인 상담 혜택 진행,0
1214,저희는 오프라인이랑 온라인 가격 비교하고 살것 같아요 더 싼곳으로,"[ 0.01190948  0.02488708 -0.03015137 ... -0.02838135 -0.03152466
 -0.02719116]",2,"['오프라인', '온라인', '가격', '비교', '살다', '싸다']",오프라인 온라인 가격 비교 살다 싸다,0
1215,비교하면서 살 것 같아요 오프라인 저렴 한 것도 있더라구요,"[ 0.00692368  0.02325439 -0.02610779 ... -0.0319519  -0.02832031
 -0.01741028]",2,"['비교', '살다', '오프라인']",비교 살다 오프라인,0
1216,"3개 이상 사실거면 오프라인, 1개 사실꺼면 인터넷이요~","[-0.0036087   0.01289368 -0.01625061 ... -0.02642822 -0.01010132
 -0.00908661]",2,"['이상', '사다', '오프라인', '사다', '인터넷']",이상 사다 오프라인 사다 인터넷,2
1217,"한번 온라인으로 견적 뽑아보고, 오프라인으로 견적 받아서 비고해보시면 어떨까요?","[-0.00971222  0.03527832 -0.02122498 ... -0.04608154 -0.02536011
  0.00705719]",2,"['온라인', '견적', '오프라인', '견적', '비']",온라인 견적 오프라인 견적 비,0
1218,인터넷으로 하는 게 싸면 인터넷으로 할 것 같은데 요즘 패키지나 오픈 행사도 많아서 비교하는 게 좋을 것 같아요!,"[-0.00022626  0.0213623  -0.02734375 ... -0.04510498 -0.02740479
 -0.00157166]",2,"['인터넷', '싸다', '인터넷', '요즘', '패키지', '오픈', '행사', '많다', '비교', '좋다']",인터넷 싸다 인터넷 요즘 패키지 오픈 행사 많다 비교 좋다,2
1219,"저는 실제로 보고싶은건 오프라인, 나머지는 온라인이용","[ 0.00684357  0.01849365 -0.02749634 ... -0.02346802 -0.01438141
 -0.00508499]",2,"['오프라인', '나머지', '온라인']",오프라인 나머지 온라인,1
1220,전 그래도 오프라인 발품 팔아보고 인터넷이랑 비교해볼 것 같아요,"[-0.01250458  0.02870178 -0.01356506 ... -0.0378418  -0.03994751
 -0.00901794]",2,"['오프라인', '발품', '팔다', '인터넷', '비교']",오프라인 발품 팔다 인터넷 비교,0
1221,오프라인도 잘 찾으시면 가격 싸요!,"[-0.00620651  0.03222656 -0.03198242 ... -0.01309967 -0.02978516
  0.00113773]",2,"['오프라인', '찾다', '가격', '싸다']",오프라인 찾다 가격 싸다,0
1222,오프라인 온라인 다 비겨해보고 더 저렴한 곳에서 구입할 것 같아요!,"[-0.00142288  0.03384399 -0.026474   ... -0.02536011 -0.03729248
 -0.01457977]",2,"['오프라인', '온라인', '비기', '저렴하다', '구입']",오프라인 온라인 비기 저렴하다 구입,1
1223,가지수가 많으면 무조건 오프라인이요! 4개이하면 온라인이 더 나은 것 같아요,"[ 0.00633621  0.00939941 -0.03161621 ... -0.04763794 -0.00632477
  0.02622986]",2,"['가다', '많다', '오프라인', '이하', '온라인']",가다 많다 오프라인 이하 온라인,0
1224,인터넷도 싸고 괜찮은 것 같더라고요,"[ 0.01312256  0.02770996 -0.01956177 ... -0.02893066 -0.02192688
  0.0077858 ]",2,"['인터넷', '싸다', '괜찮다']",인터넷 싸다 괜찮다,1
1225,온오프라인 둘다 비교해보고 꼼꼼히 따져서 더 저렴한 쪽으로 살 거 같아요!,"[-0.00485611  0.02816772 -0.02282715 ... -0.02932739 -0.02363586
 -0.01696777]",2,"['오프라인', '비교', '따지다', '저렴하다', '살다']",오프라인 비교 따지다 저렴하다 살다,1
1226,여러개 구매하시는거면 패키지로 오프라인에서 구매하시는세 저렴해요,"[-0.00023687  0.0295105  -0.03918457 ... -0.01852417 -0.02352905
  0.00943756]",2,"['구매', '패키지', '오프라인', '구매', '저렴하다']",구매 패키지 오프라인 구매 저렴하다,1
1227,저는 오프라인매장 발품팔아서 구매했어요!,"[-0.00756073  0.01687622 -0.0174408  ... -0.02252197 -0.05554199
 -0.01997375]",2,"['오프라인', '매장', '발품', '팔다', '구매']",오프라인 매장 발품 팔다 구매,0
1228,오프라인으로 보고 온라인 저렴하면 온라인 구매 갈 거같아요 ㅋㅋ,"[-0.01016998  0.03105164 -0.02255249 ... -0.02326965 -0.03105164
 -0.00930023]",2,"['오프라인', '온라인', '온라인', '구매']",오프라인 온라인 온라인 구매,1
1229,저는 오프라인으로 견적 받고 직접 방문 했어요,"[ 0.00193024  0.03289795 -0.00722122 ... -0.0275116  -0.03955078
 -0.00744629]",2,"['오프라인', '견적', '방문']",오프라인 견적 방문,0
1230,세트로 구매하신다면 백화점 강추드립니당,"[ 0.01715088  0.02766418 -0.02862549 ... -0.04421997 -0.04345703
  0.02481079]",2,"['세트', '구매', '백화점', '드리다']",세트 구매 백화점 드리다,1
1231,오프라인에서 발품 팔아서 구매할 예정이에요!,"[-0.00698853  0.04333496 -0.01317596 ... -0.01385498 -0.04678345
 -0.01282501]",2,"['오프라인', '발품', '팔다', '구매', '예정']",오프라인 발품 팔다 구매 예정,0
1232,오프라인으로 할것같아요 아무래도 온라인은 한계가 있으니까요,"[ 0.01124573  0.03198242 -0.01012421 ... -0.02706909 -0.01889038
  0.00223351]",2,"['오프라인', '온라인', '한계']",오프라인 온라인 한계,0
1233,다같이 한번에 사는거면 직접 가서 오프라인으로 한꺼번에 사는게 싼거같아요,"[ 0.00526428  0.03967285 -0.02244568 ... -0.01445007 -0.03369141
  0.00922394]",2,"['사다', '오프라인', '사다', '싸다']",사다 오프라인 사다 싸다,1
1234,저는 오프라인으로 구경하고 온라인으로 손품팔아서 싸게 했습니당,"[-0.01669312  0.02233887 -0.02763367 ... -0.0135498  -0.03744507
 -0.02114868]",2,"['오프라인', '구경', '온라인', '팔다', '싸다']",오프라인 구경 온라인 팔다 싸다,1
1235,전 신상같은거 할생각 없어서 다 온라인으로 핬어용 ㅎㅎ,"[-0.00273895  0.02017212 -0.01905823 ... -0.02775574 -0.03414917
  0.00921631]",2,"['신상', '생각', '온라인', '핬어']",신상 생각 온라인 핬어,1
1236,같은 제품 온라인 오프라인 비교해서 저렴한 방법으로 했어용,"[ 0.0136261   0.02226257 -0.02412415 ... -0.02554321 -0.01930237
 -0.02960205]",2,"['제품', '온라인', '오프라인', '비교', '방법']",제품 온라인 오프라인 비교 방법,0
1237,저는 온라인 필요한것만 했어요 ㅎㅎ,"[ 0.00503922  0.01907349 -0.00524902 ... -0.01585388 -0.01800537
 -0.00747681]",2,"['온라인', '필요']",온라인 필요,1
1238,오프라인으로 보고 온라인으로 가격비교 하고 살거 같아용~!,"[-0.00084209  0.02755737 -0.02416992 ... -0.02339172 -0.03109741
 -0.02198792]",2,"['오프라인', '온라인', '가격', '비교', '살다']",오프라인 온라인 가격 비교 살다,0
1239,종류가 많으면 오프라인 적으면 온라인이요!,"[ 0.00087214  0.01322937 -0.01860046 ... -0.02111816 -0.01832581
  0.00334167]",2,"['종류', '많다', '오프라인', '적다', '온라인']",종류 많다 오프라인 적다 온라인,0
1240,오프라인에서 비교해보고 온라인으로도 견적 볼 것 같아요,"[ 0.00223923  0.02732849 -0.0199585  ... -0.03466797 -0.0304718
 -0.00637817]",2,"['오프라인', '비교', '온라인', '견적']",오프라인 비교 온라인 견적,0
1241,오프라인으로 견적 받고 움직이시는게!,"[-0.00639343  0.03823853 -0.00813293 ... -0.0385437  -0.02548218
  0.00221825]",2,"['오프라인', '견적', '움직이다']",오프라인 견적 움직이다,0
1242,오프라인에서 구매할거구 그중에서도 백화점 생각하고있어용!,"[ 0.00141907  0.03747559 -0.04238892 ... -0.0196228  -0.05441284
 -0.01224518]",2,"['오프라인', '구매', '백화점', '생각']",오프라인 구매 백화점 생각,1
1243,오프라인에서 발품 추천드려요,"[-0.00292969  0.03942871 -0.01121521 ... -0.02323914 -0.01863098
 -0.01867676]",2,"['오프라인', '발품', '추천', '드리다']",오프라인 발품 추천 드리다,0
1244,오프라인에서 견적 여러군데 받아보는 것도 좋은 것 같아요,"[ 0.00287437  0.03424072 -0.02679443 ... -0.0383606  -0.02957153
 -0.00904083]",2,"['오프라인', '견적', '좋다']",오프라인 견적 좋다,0
1245,오프라인 발품파시는것을 추청합니다,"[-0.0001986   0.03610229 -0.01429749 ... -0.03787231 -0.02435303
 -0.01010132]",2,"['오프라인', '발품', '파']",오프라인 발품 파,0
1246,한번에 오프라인에서 발품팔고 맞췄습니다!,"[ 0.00021088  0.03717041 -0.01737976 ... -0.01647949 -0.04241943
 -0.02275085]",2,"['오프라인', '발품', '팔다', '맞추다']",오프라인 발품 팔다 맞추다,0
1247,다품목은 오프라인이 훨씬 싸다고 하드라고요! 품목이 많이 안되시면 온라인이 싸고요!,"[ 0.00491714  0.01220703 -0.03747559 ... -0.02735901 -0.02955627
 -0.00911713]",2,"['품목', '오프라인', '싸다', '품목', '온라인', '싸다']",품목 오프라인 싸다 품목 온라인 싸다,0
1248,큰 돈 쓰는거니끼 오프라인 매장이 좋을 것 같아요ㅠㅠ,"[ 0.00696945  0.02897644 -0.02264404 ... -0.03518677 -0.03894043
  0.01292419]",2,"['크다', '쓰다', '오프라인', '매장', '좋다']",크다 쓰다 오프라인 매장 좋다,2
1249,오프라인이랑 온라인 제품 자체가 다른 경우가 있더라구요~~ 그리고 직접가서 발품팔면서 눈으로 보고 비교해보는 것도 좋은 것 같아요~!,"[-0.0007267   0.01498413 -0.02450562 ... -0.043396   -0.02201843
 -0.01742554]",2,"['오프라인', '온라인', '제품', '자체', '다르다', '발품', '팔다', '비교', '좋다']",오프라인 온라인 제품 자체 다르다 발품 팔다 비교 좋다,0
1250,"몇개 안하시면 온라인이 낫지만, 오프가 제품 자체도 더 좋아요 :)","[ 0.00815582  0.01750183 -0.04269409 ... -0.03475952 -0.01817322
 -0.00806427]",2,"['온라인', '오프', '제품', '자체', '좋다']",온라인 오프 제품 자체 좋다,1
1251,저는 세트로 안해서 온라인으로 필요헌 것만 샀었어요,"[ 0.00464249  0.02256775 -0.03253174 ... -0.02891541 -0.04626465
 -0.01589966]",2,"['세트', '온라인', '필요', '사다']",세트 온라인 필요 사다,1
1252,오프라인 매장이 더 좋다고 생각해요오ㅎ,"[ 0.01480103  0.02723694 -0.03131104 ... -0.03973389 -0.0317688
 -0.00177956]",2,"['오프라인', '매장', '좋다', '생각']",오프라인 매장 좋다 생각,0
1253,오프라인매장으로요! 구매항목이 많으면,"[ 0.01470184  0.02224731 -0.0282135  ... -0.02845764 -0.03598022
 -0.01083374]",2,"['오프라인', '매장', '구매', '항목', '많다']",오프라인 매장 구매 항목 많다,2
1254,한번에 구입하면 더 저렴하다는 것 같아서 일단은 오프라인으로 직접 가서 봐보려구요! 그리구 부족한 건 온라인으로 사도 괜찮지않을까요!?,"[-0.00332451  0.02862549 -0.025177   ... -0.03213501 -0.02232361
  0.00059986]",2,"['구입', '저렴하다', '오프라인', '부족', '온라인', '사다', '괜찮다']",구입 저렴하다 오프라인 부족 온라인 사다 괜찮다,1
1255,"저희는 많이 주문하는것도 아니고, 여러 브랜드에서 맘에드는거 고르는중이라 온라인에서도 주문하고 있어요! 어차피 배송은 각 브랜드에서 오니까 괜찮더라고요😊 매장에서 비교 다 해보고 결정했어요!","[-0.00161743  0.03068542 -0.0302887  ... -0.02238464 -0.03405762
  0.00061989]",2,"['주문', '브랜드', '고르다', '온라인', '주문', '배송', '브랜드', '괜찮다', '매장', '비교', '결정']",주문 브랜드 고르다 온라인 주문 배송 브랜드 괜찮다 매장 비교 결정,1
1256,여러개 한번에 사는경우엔 오프라인인데 한 두개정도 사는거는 온라인최저가가 더 싸다더라구용,"[-0.00576401  0.03518677 -0.03259277 ... -0.00844574 -0.01844788
 -0.00635147]",2,"['사다', '오프라인', '사다', '온라인', '최저', '싸다']",사다 오프라인 사다 온라인 최저 싸다,1
1257,옷 그래도 5-6개는 되니까 오프라인을 노려야겟네요 ㅎㅎ,"[-0.00068617  0.0244751  -0.0222168  ... -0.02352905 -0.03186035
  0.01091766]",2,"['오프라인', '노리다']",오프라인 노리다,1
1258,여러개 바꿀때만 오프라인 이용했고 하나씩 사시려면 온라인이 싸죠,"[ 0.00656128  0.03561401 -0.03259277 ... -0.01477051 -0.02415466
 -0.01095581]",2,"['바꾸다', '오프라인', '사다', '온라인', '싸다']",바꾸다 오프라인 사다 온라인 싸다,1
1259,꽤 큰것들이라서 오프라인추천드려요! 사은품도 좀받으시구요..!,"[-0.00315285  0.02883911 -0.03475952 ... -0.01799011 -0.034729
 -0.00610733]",2,"['크다', '오프라인', '추천', '드리다', '사은품']",크다 오프라인 추천 드리다 사은품,0
1260,사은품이.. 쏠쏠합니다!ㅋㅋ 그래도 발품팔아서 오픈매장 가시면 정보도 얻으시니 한번 가보심을 추천드려요~ㅎㅎ,"[-0.00335884 -0.00091171 -0.02812195 ... -0.0375061  -0.03128052
 -0.00505829]",2,"['사은품', '발품', '팔다', '오픈', '매장', '정보', '추천', '드리다']",사은품 발품 팔다 오픈 매장 정보 추천 드리다,0
1261,저도 저렇게 했는데요 오프라인으로 했어요~~원하시는 모델명 견적받아서 온라인으로도 한번비교해보셔요~~^^,"[ 0.00110435  0.01637268 -0.02444458 ... -0.03921509 -0.01663208
 -0.00449371]",2,"['오프라인', '모델명', '견적', '온라인', '비교']",오프라인 모델명 견적 온라인 비교,0
1262,제가 비교해본 결과 공홈 온라인 행사할 때가 제일 저렴했어요~~!,"[ 0.00271034  0.01377106 -0.02738953 ... -0.02601624 -0.0430603
 -0.0161438 ]",2,"['비교', '결과', '온라인', '행사', '저렴하다']",비교 결과 온라인 행사 저렴하다,0
1263,저도 몇개안하긴했는데 오프에서했어요 ! 할인해주면 온라인가격만큼 살수있더라구요 지정일도 가능하고요,"[ 0.00308037  0.02055359 -0.0390625  ... -0.03240967 -0.01916504
 -0.01491547]",2,"['오프', '할인', '온라인', '가격', '사다', '지정', '가능']",오프 할인 온라인 가격 사다 지정 가능,2
1264,다들 오프라인을 추천하시네요~ 여러군데 견적 받아보고 비교해보면 괜찮지 않을까용ㅎㅎ,"[-0.00630569  0.03015137 -0.02111816 ... -0.04406738 -0.01844788
  0.00941467]",2,"['오프라인', '추천', '견적', '비교', '괜찮다']",오프라인 추천 견적 비교 괜찮다,0
1265,저는 온라인 오프라인 다 견적 받아보고 비교할것같아요! 발품파는게 최고!,"[-0.00804901  0.02931213 -0.02471924 ... -0.04876709 -0.04156494
  0.00727081]",2,"['온라인', '오프라인', '견적', '비교', '발품', '파', '최고']",온라인 오프라인 견적 비교 발품 파 최고,0
1266,온라인 견적과 차이가 많이나면 온라인구매도 고려해볼것같아요,"[ 0.00526428  0.03939819 -0.0168457  ... -0.04101562 -0.04141235
  0.00190544]",2,"['온라인', '견적', '차이', '온라인', '구매', '고려']",온라인 견적 차이 온라인 구매 고려,0
1267,5개 이하면 온라인이 더 저렴해요,"[ 0.00942993  0.03274536 -0.02548218 ... -0.02674866 -0.0115509
  0.00679779]",2,"['이하', '온라인', '저렴하다']",이하 온라인 저렴하다,1
1268,5개 이하면 온라인이요! 오프라인은 7개 이상은 해야할거 같아요,"[ 0.00400925  0.00154495 -0.01176453 ... -0.04351807 -0.01265717
  0.01799011]",2,"['이하', '온라인', '오프라인', '이상']",이하 온라인 오프라인 이상,1
1269,5개 이하시면 온라인도 좋은 것 같아요!,"[ 0.01368713  0.02174377 -0.01828003 ... -0.03851318 -0.01617432
  0.0144043 ]",2,"['이하', '온라인', '좋다']",이하 온라인 좋다,1
1270,이번에 지인이 몇개 안해서 온라인에서 했는데 더 저렴하게 했다고 하더라구요!,"[-0.00166416  0.03723145 -0.03796387 ... -0.0254364  -0.03265381
 -0.00924683]",2,"['지인', '온라인', '저렴하다']",지인 온라인 저렴하다,1
1271,오프라인으로 갔다가 몇개는 온라인이 더 싸다고 그렇게 사라해서 반반 구매했어요,"[ 0.0034008   0.03826904 -0.03646851 ... -0.01100922 -0.02374268
 -0.01991272]",2,"['오프라인', '온라인', '싸다', '사다', '반반', '구매']",오프라인 온라인 싸다 사다 반반 구매,1
1272,저희도 온라인이랑 매장 비교하고 있는데 확실히 온라인이 저렴해서 더 알아보고 온라인으로 구매할거 같아용,"[ 0.01002502  0.03851318 -0.03399658 ... -0.02679443 -0.03007507
 -0.00912476]",2,"['온라인', '매장', '비교', '온라인', '알아보다', '온라인', '구매']",온라인 매장 비교 온라인 알아보다 온라인 구매,0
1273,온라인이 저렴해서 온라인으로 구매했어요,"[ 0.00638962  0.03256226 -0.02198792 ... -0.01832581 -0.0324707
 -0.02220154]",2,"['온라인', '온라인', '구매']",온라인 온라인 구매,1
1274,5개 이하면 온라인 가성비로 갈꺼같아요,"[ 0.00795746  0.02970886 -0.02929688 ... -0.03604126 -0.0171814
  0.01251221]",2,"['이하', '온라인', '가성비']",이하 온라인 가성비,1
1275,온라인이 더 싸긴 햐요 저는 온라인으로 햇어용,"[ 0.00461197  0.02667236 -0.0236969  ... -0.02850342 -0.02099609
  0.0017519 ]",2,"['온라인', '싸다', '햐요', '온라인']",온라인 싸다 햐요 온라인,1
1276,오프라인에서 먼저 알아보고 온라인이랑 견적 비교해볼거같아요!,"[-0.00671768  0.02967834 -0.02235413 ... -0.03677368 -0.02429199
 -0.0120163 ]",2,"['오프라인', '알아보다', '온라인', '견적', '비교']",오프라인 알아보다 온라인 견적 비교,0
1277,"오프라인, 온라인 둘다 알아보고 가격 저렴한 곳에서 할 거 같아요~","[ 0.00143433  0.03131104 -0.0252533  ... -0.0425415  -0.02522278
 -0.00160503]",2,"['오프라인', '온라인', '알아보다', '가격', '저렴하다']",오프라인 온라인 알아보다 가격 저렴하다,0
1278,대부분 선물받는거라 온라인으로 링크보내고 받았어요~ 견적보고 결정하는게좋을거같아요,"[-0.01663208  0.02070618 -0.02908325 ... -0.04586792 -0.02618408
  0.0030365 ]",2,"['부분', '선물', '온라인', '링크', '보내다', '견적', '결정', '좋다']",부분 선물 온라인 링크 보내다 견적 결정 좋다,0
1279,가격비교해보는게 좋을듯해요 저는 온라인했어요,"[ 0.00829315  0.01285553 -0.03134155 ... -0.04330444 -0.02319336
 -0.00450516]",2,"['가격', '비교', '좋다', '온라인']",가격 비교 좋다 온라인,0
1280,전 온라인으로 견적 알아봤었습니다!,"[ 0.00226402  0.02384949 -0.01023865 ... -0.03222656 -0.03363037
  0.00243568]",2,"['온라인', '견적', '알아보다']",온라인 견적 알아보다,0
1281,오프라인 매장 가서 기능과 물건을 직접보고 온라인 주문할 것 같아요!,"[ 0.01319122  0.04342651 -0.01803589 ... -0.02633667 -0.04705811
 -0.00908661]",2,"['오프라인', '매장', '기능', '물건', '온라인', '주문']",오프라인 매장 기능 물건 온라인 주문,2
1282,5개 이상아니시면 온라인에서 최저가로요,"[ 0.01663208  0.02386475 -0.02670288 ... -0.03167725 -0.0149765
  0.01895142]",2,"['이상', '온라인', '최저']",이상 온라인 최저,1
1283,5개 이하면 온라인으로 해도 괜찮을것 같아요~,"[ 0.01293945  0.02053833 -0.02233887 ... -0.0362854  -0.01776123
  0.01364136]",2,"['이하', '온라인', '괜찮다']",이하 온라인 괜찮다,1
1284,온라인 괜찮긴한데 사기도 많다고 하더라구요 조심히 구매하시길,"[ 0.00437546  0.02201843 -0.04644775 ... -0.0266571  -0.01027679
 -0.00125694]",2,"['온라인', '괜찮다', '사기', '많다', '구매']",온라인 괜찮다 사기 많다 구매,1
1285,저 결국 온라인으로 결정했습니다 비교 정말 많이해봤는데 온라인이 짱이에요,"[ 0.00834656  0.02107239 -0.02307129 ... -0.03500366 -0.01799011
 -0.00077295]",2,"['결국', '온라인', '결정', '비교', '온라인', '최고']",결국 온라인 결정 비교 온라인 최고,0
1286,저는 오프라인으로 가서 직접보고 결제했습니다 !,"[-0.00118065  0.02349854 -0.00037408 ... -0.01493073 -0.0423584
 -0.00531769]",2,"['오프라인', '결제']",오프라인 결제,0
1287,온라인으로 준비할 생각이에요,"[ 0.0090332   0.03268433 -0.00778198 ... -0.02384949 -0.0068512
  0.00035334]",2,"['온라인', '준비', '생각']",온라인 준비 생각,1
1288,저는 전부 온라인 최저가로 공홈에서 주문했어용,"[ 0.00163174  0.02101135 -0.02236938 ... -0.02053833 -0.0456543
  0.00234604]",2,"['온라인', '최저', '주문']",온라인 최저 주문,1
1289,저는 온라인이 저렴해서 온라인으로 했어요,"[ 0.00516129  0.0189209  -0.01608276 ... -0.02532959 -0.02304077
 -0.01346588]",2,"['온라인', '온라인']",온라인 온라인,1
1290,오프라인 견적 받아보고 집에와서 온라인 견적도 비교할래요,"[-0.00146103  0.04330444 -0.01538849 ... -0.03848267 -0.04742432
 -0.00474167]",2,"['오프라인', '견적', '온라인', '견적', '비교']",오프라인 견적 온라인 견적 비교,0
1291,저는 오프라인 방문해서 견적받았어요 ㅎㅎ 둘 다 견적받고 비교해보면 좋을 것 같아요 ㅎㅎ,"[-0.00822449  0.01950073 -0.01806641 ... -0.04299927 -0.02772522
  0.00894165]",2,"['오프라인', '방문', '견적', '견적', '비교', '좋다']",오프라인 방문 견적 견적 비교 좋다,0
1292,오프라인으로 견적 알아봤습니다,"[ 0.0121994   0.03393555 -0.01350403 ... -0.02444458 -0.02825928
 -0.01135254]",2,"['오프라인', '견적', '알아보다']",오프라인 견적 알아보다,0
1293,온라인으로 가격비교해보고 산거같아요,"[ 0.0113678   0.01875305 -0.02552795 ... -0.02854919 -0.02519226
 -0.02067566]",2,"['온라인', '가격', '비교', '사다']",온라인 가격 비교 사다,0
1294,온라인 보다는 오프라인에서 최대한 구매할 예정이에요,"[ 0.0173645   0.03283691 -0.02853394 ... -0.00878143 -0.04168701
 -0.01322937]",2,"['온라인', '오프라인', '최대한', '구매', '예정']",온라인 오프라인 최대한 구매 예정,1
1295,한두개 정도는 온라인이 더 싼걸로 알고 이써요! 그래도 발품 팔아보세요,"[-0.01000214  0.03411865 -0.03016663 ... -0.03466797 -0.02998352
  0.00624847]",2,"['온라인', '싸다', '쓰다', '발품', '팔다']",온라인 싸다 쓰다 발품 팔다,0
1296,저도 계속 알아봤는데 온라인이 더 저렴한거같아서 온라인으로 알아보고있어요 물론 오프라인도 계속 발로 뛰고 있어요,"[-0.01152039  0.03128052 -0.02508545 ... -0.03555298 -0.01424408
  0.00690842]",2,"['알아보다', '온라인', '저렴하다', '온라인', '알아보다', '오프라인', '뛰다']",알아보다 온라인 저렴하다 온라인 알아보다 오프라인 뛰다,0
1297,온라인 개별로 사는것도 저렴하지 않을까 싶네여,"[ 0.01011658  0.03689575 -0.02560425 ... -0.02813721 -0.03463745
  0.01821899]",2,"['온라인', '개별', '사다', '저렴하다']",온라인 개별 사다 저렴하다,1
1298,온라인이 조금 더 저렴해서 저는 온라인으로 구입했어요!,"[-0.00739288  0.02963257 -0.02651978 ... -0.02233887 -0.03649902
 -0.01922607]",2,"['온라인', '저렴하다', '온라인', '구입']",온라인 저렴하다 온라인 구입,1
1299,두개만 사더라도 혜택이 걸리는 범위면 오프가 더 싸더라고요 개개로 따졌을때는 온라인이 더 싸긴했지만 추가 혜택 하니까 오프가 더 쌌어요! 모델도 중요하긴하고요,"[ 0.00068617  0.02261353 -0.04541016 ... -0.01747131 -0.03063965
 -0.00173092]",2,"['사다', '혜택', '걸리다', '범위', '오프', '싸다', '개개', '따지다', '온라인', '싸다', '추가', '혜택', '오프', '싸다', '모델', '중요']",사다 혜택 걸리다 범위 오프 싸다 개개 따지다 온라인 싸다 추가 혜택 오프 싸다 모델 중요,1
1300,다품목은 오프라인이 저렴하고 한두품목만 사시는건 온라인이 저렴해요,"[ 0.00392532  0.0171814  -0.03424072 ... -0.01344299 -0.03540039
 -0.00922394]",2,"['품목', '오프라인', '품목', '사다', '온라인', '저렴하다']",품목 오프라인 품목 사다 온라인 저렴하다,0
1301,조금만 사시는거면 온라인이 나을수도있을거같아요 한두군데 돌아다녀보고 비교해보세요!,"[-0.00160694  0.01478577 -0.03494263 ... -0.05163574 -0.0280304
 -0.0092926 ]",2,"['사다', '온라인', '돌아다니다', '비교']",사다 온라인 돌아다니다 비교,0
1302,"온라인이 더 저렴하다고 하는데, 그래도 발품 팔아보시는것도 좋을 것 같아요 !","[-0.01532745  0.03543091 -0.03274536 ... -0.03726196 -0.03778076
  0.00037384]",2,"['온라인', '저렴하다', '발품', '팔다', '좋다']",온라인 저렴하다 발품 팔다 좋다,0
1303,온라인이 나아요 품목 적으면,"[ 0.00977325  0.01294708 -0.02571106 ... -0.03829956 -0.01759338
 -0.01690674]",2,"['온라인', '품목', '적다']",온라인 품목 적다,0
1304,한두개 정도면 온라인이 더 쌀꺼에요! 다품목으로 아마 안들어갈껍니다,"[ 0.00056267  0.01399231 -0.03259277 ... -0.03152466 -0.01945496
  0.00679398]",2,"['온라인', '싸다', '품목', '들어가다']",온라인 싸다 품목 들어가다,2
1305,대부분 온라인이 싸긴 하더라구요 그래도 잘 알아보세용~,"[ 0.00434113  0.02955627 -0.02990723 ... -0.03564453 -0.01475525
 -0.00223351]",2,"['부분', '온라인', '싸다', '알아보다']",부분 온라인 싸다 알아보다,1
1306,저는 온라인 최저가 견적기준으로 비교해보려구요,"[ 0.00639725  0.02302551 -0.0164032  ... -0.03771973 -0.04315186
 -0.00601959]",2,"['온라인', '최저', '견적', '기준', '비교']",온라인 최저 견적 기준 비교,0
1307,여러가지 묶어서 사면 오프라인이 압도적으로 싸고 1~2개 개별로 사실거면 행사때 온라인이 싸요,"[ 0.00823212  0.02410889 -0.03790283 ... -0.0127182  -0.02333069
  0.00312233]",2,"['묶다', '사다', '오프라인', '압도', '싸다', '사다', '행사', '온라인', '싸다']",묶다 사다 오프라인 압도 싸다 사다 행사 온라인 싸다,1
1308,어차피 나오는 구멍은 똑같은거 같아요 ㅋㅋ 1개 살때는 온라인이 낫고 여러개 살때는 오프라인이 나은거 같아요,"[ 0.00053072  0.01506805 -0.02627563 ... -0.03375244 -0.03579712
  0.00697327]",2,"['나오다', '구멍', '똑같다', '사다', '온라인', '사다', '오프라인']",나오다 구멍 똑같다 사다 온라인 사다 오프라인,1
1309,시골에서 엄마가 쓰실거라~온라인이 첨이라 좀 걱정했네요.,"[ 0.00017321  0.03265381 -0.02981567 ... -0.02799988 -0.015625
 -0.0154953 ]",2,"['시골', '엄마', '쓰다', '온라인', '걱정']",시골 엄마 쓰다 온라인 걱정,2
1310,"구매품목이 많으시면 인터넷보단 오프라인이 낫더라고요, 저도 발품 팔아서 인터넷보다 괜찮게 산 것 같아요","[ 0.0009346   0.01346588 -0.04241943 ... -0.04406738 -0.03573608
 -0.00585556]",2,"['구매', '품목', '많다', '인터넷', '오프라인', '발품', '팔다', '인터넷', '괜찮다', '살다']",구매 품목 많다 인터넷 오프라인 발품 팔다 인터넷 괜찮다 살다,0
1311,오프라인으로 확인하고 온라인으로 하세요 ㅎㅎ,"[ 0.0014286   0.02378845 -0.00450134 ... -0.03085327 -0.01135254
 -0.00779724]",2,"['오프라인', '확인', '온라인']",오프라인 확인 온라인,1
1312,오프라인으로 먼저 보고 온라인 할거 같아요 온라인은 사은품도 적지 않으려나요?,"[-0.01222992  0.01792908 -0.01625061 ... -0.03674316 -0.03305054
 -0.00841522]",2,"['오프라인', '온라인', '온라인', '사은품', '적다']",오프라인 온라인 온라인 사은품 적다,0
1313,저는 오프라인만 보고 가서 오프라인에서 샀어요^^,"[-0.0064888   0.01802063 -0.01705933 ... -0.01834106 -0.03103638
 -0.0177002 ]",2,"['오프라인', '오프라인', '사다']",오프라인 오프라인 사다,1
1314,개별로 사실거면 온라인도 좋을거같아요,"[ 0.01123047  0.02677917 -0.02241516 ... -0.04049683 -0.01950073
  0.01016235]",2,"['개별', '사다', '온라인', '좋다']",개별 사다 온라인 좋다,1
1315,오프라인으로 상담받으면서 고르는게 더 나을거같아요!,"[-0.01004028  0.02671814 -0.01760864 ... -0.03259277 -0.01612854
 -0.014328  ]",2,"['오프라인', '상담', '고르다']",오프라인 상담 고르다,0
1316,저정도 항목이면 온라인이 더 저렴하실꺼에요! 오프라인은 보통 1000만원 단위가 넘어가야 혜택이 좋더라구용,"[-0.00998688  0.02082825 -0.02961731 ... -0.03707886 -0.0262146
 -0.00322342]",2,"['항목', '온라인', '저렴하다', '오프라인', '단위', '넘어가다', '혜택', '좋다']",항목 온라인 저렴하다 오프라인 단위 넘어가다 혜택 좋다,0
1317,일단 오프라인으로 상담받아보고 결정할거같아요!,"[-0.00824738  0.02848816 -0.01158142 ... -0.03561401 -0.0069809
 -0.00843811]",2,"['오프라인', '상담', '결정']",오프라인 상담 결정,0
1318,저는 성격이 눈으로 직접 봐야해서ㅋㅋ 일단 오프매장에 가서 상담받으며 실제로 보고! 온/오프 견적 비교해보고 저렴한 쪽으로 할래용ㅋㅋ,"[-0.00559998  0.01243591 -0.01763916 ... -0.04296875 -0.01548004
 -0.0026741 ]",2,"['성격', '오프', '매장', '상담', '오프', '견적', '비교', '저렴하다']",성격 오프 매장 상담 오프 견적 비교 저렴하다,0
1319,한번 비교해보시고 견적 받아보세요! 오프라인도 어디서 견적받는지에따라 할인폭이 다르더라구요,"[-0.00188732  0.0300293  -0.03131104 ... -0.03726196 -0.02963257
 -0.00730515]",2,"['비교', '견적', '오프라인', '견적', '따르다', '할인', '다르다']",비교 견적 오프라인 견적 따르다 할인 다르다,0
1320,온라인 오프라인 다 비교해볼것같아요,"[ 0.02005005  0.01408386 -0.01856995 ... -0.03253174 -0.0243988
 -0.01246643]",2,"['온라인', '오프라인', '비교']",온라인 오프라인 비교,0
1321,이정도 품목이몀 온라인이 더 저렴하실 것 같아용,"[ 0.0043602   0.03485107 -0.02825928 ... -0.03778076 -0.01704407
  0.00273132]",2,"['품목', '온라인', '저렴하다']",품목 온라인 저렴하다,1
1322,온라인이요. 품목이 몇개 없어서 할인 못받으실것 같아요.,"[-0.00243759  0.0121994  -0.03192139 ... -0.03363037 -0.0380249
 -0.01113892]",2,"['온라인', '품목', '할인']",온라인 품목 할인,0
1323,아무래도 오프라인으로 직접가서 이것저것 물어보고 결정하시는게 나을거 같아요. ㅎㅎ,"[-0.00601578  0.01620483 -0.02027893 ... -0.03988647  0.00423813
  0.00471878]",2,"['오프라인', '이것저것', '결정']",오프라인 이것저것 결정,0
1324,오프라인으로 확인하고 온라인이랑 견적비교해보고 살거같아요!,"[-0.00744247  0.02754211 -0.02108765 ... -0.03674316 -0.03466797
 -0.01405334]",2,"['오프라인', '확인', '온라인', '견적', '비교', '살다']",오프라인 확인 온라인 견적 비교 살다,1
1325,저는 눈으로보고 사는걸 좋아해서..ㅋㅋ오프라인?ㅋ,"[-0.00023806  0.02709961 -0.0069313  ... -0.03323364 -0.01844788
 -0.00474167]",2,"['사다', '좋아하다', '오프라인']",사다 좋아하다 오프라인,1
1326,오프라인으로 직접 보고 설명듣고 비교해보고 사는게 더 좋은거같더라구요,"[ 0.00730515  0.02456665 -0.02362061 ... -0.03845215 -0.01983643
 -0.01641846]",2,"['오프라인', '설명', '비교', '사다', '좋다']",오프라인 설명 비교 사다 좋다,0
1327,"지금 저도 둘 다 비교중인데 같은 상품이라는 가정하에 온라인이 저럄하기는 하지만 개별 주문이라 번거롭고, 오프라인에서 주는 사은품 같은 혜택을 생각하면 비슷한 것 깉기도 해요ㅜㅜ","[-0.00695419  0.02401733 -0.01573181 ... -0.03164673 -0.03659058
  0.01019287]",2,"['비교', '상품', '가정', '온라인', '저럄', '개별', '주문', '오프라인', '사은품', '혜택', '생각']",비교 상품 가정 온라인 저럄 개별 주문 오프라인 사은품 혜택 생각,0
1328,오프라인으로 발품 팔아서 한꺼번에 진행하려고요!,"[-0.01268005  0.04431152 -0.01050568 ... -0.02587891 -0.04458618
 -0.0087204 ]",2,"['오프라인', '발품', '팔다', '진행']",오프라인 발품 팔다 진행,0
1329,여러 개 안 사면 온라인이 낫다는 이야기도 많더라구요! 오프라인이랑 비교해볼거같아요 ㅎㅎ,"[-0.00348473  0.01313019 -0.03689575 ... -0.03555298 -0.0322876
  0.0028038 ]",2,"['사다', '온라인', '이야기', '많다', '오프라인', '비교']",사다 온라인 이야기 많다 오프라인 비교,0
1330,구매하실 품목이 소액이면 인터넷이 유리합니당~ 저도 그런식으로 했어요,"[-0.00104809  0.03015137 -0.01856995 ... -0.0402832  -0.03240967
 -0.02972412]",2,"['구매', '품목', '소액', '인터넷', '유리']",구매 품목 소액 인터넷 유리,2
1331,'핫딜모음' 어플로 핫딜 뜨면 사고 있는데~ 정말 싸더라고요?! 한번에 장만하시는 거면 매장가서 상담 받으면 추가 혜택 있던데 매장 가보세요~,"[ 0.01532745  0.00994873 -0.03071594 ... -0.01313782 -0.01425934
  0.02212524]",2,"['모음', '어플', '뜨다', '사다', '싸다', '장만', '매장', '상담', '추가', '혜택', '매장']",모음 어플 뜨다 사다 싸다 장만 매장 상담 추가 혜택 매장,2
1332,스펙 같은거 신경 안쓰고 조금만 장만하시는거면 온라인 괜찮을 것 같아요,"[ 0.00912476  0.01837158 -0.04083252 ... -0.03640747 -0.01499939
 -0.00540924]",2,"['스펙', '신경', '쓰다', '장만', '온라인', '괜찮다']",스펙 신경 쓰다 장만 온라인 괜찮다,1
1333,오프라인 매장 가서 봐ㅡ 온라인주문했어요!,"[-0.00272369  0.03277588 -0.00484467 ... -0.02145386 -0.04888916
 -0.0041275 ]",2,"['오프라인', '매장', '온라인', '주문']",오프라인 매장 온라인 주문,1
1334,오프라인 매장에서 견적받는게 안심되고 좋더라구요!,"[ 0.00901031  0.04824829 -0.02633667 ... -0.03192139 -0.03915405
 -0.00071335]",2,"['오프라인', '매장', '견적', '안심', '좋다']",오프라인 매장 견적 안심 좋다,0
1335,하나 하나 살땐 온라인 최저가가 좋은데 한꺼번에 살 때는 오프라인 잘 선택해서 할인 받는게 좋은 거 같아요!,"[ 0.00534058  0.02859497 -0.03421021 ... -0.01828003 -0.03799438
 -0.0019989 ]",2,"['사다', '온라인', '최저', '좋다', '사다', '오프라인', '선택', '할인', '좋다']",사다 온라인 최저 좋다 사다 오프라인 선택 할인 좋다,1
1336,오프라인이요! 직접 발품 파는게 최고인것같아요 ㅎㅎ,"[-0.00247192  0.0178833  -0.0174408  ... -0.06045532 -0.0284729
  0.01100922]",2,"['오프라인', '발품', '파', '최고']",오프라인 발품 파 최고,0
1337,오프라인으로 삽니당ㅎ 인터넷으로만 보면 좀 불안한것도 있기때문에여,"[-0.00275993  0.0272522  -0.00784302 ... -0.03353882 -0.01146698
 -0.01490784]",2,"['오프라인', '사다', '인터넷', '불안']",오프라인 사다 인터넷 불안,1
1338,오프라인 가서 보고 온라인과 혜택 및 가격 비교요!,"[ 0.00219917  0.0279541  -0.01992798 ... -0.02107239 -0.02989197
 -0.01356506]",2,"['오프라인', '온라인', '혜택', '가격', '비교']",오프라인 온라인 혜택 가격 비교,0
1339,오프라인이랑 온라인 비교해보니 오프라인이 좀 더 나아서 오프라인으로 했어요,"[ 0.01864624  0.01797485 -0.02999878 ... -0.02787781 -0.01704407
 -0.02671814]",2,"['오프라인', '온라인', '비교', '오프라인', '오프라인']",오프라인 온라인 비교 오프라인 오프라인,0
1340,오프라인에서 구경해보고 단가 받아보고 비교해서 살 거 같아오,"[ 0.00767136  0.02020264 -0.02568054 ... -0.04370117 -0.02458191
 -0.013237  ]",2,"['오프라인', '구경', '단가', '비교', '사다']",오프라인 구경 단가 비교 사다,1
1341,저는 오프라인으로 직접보고 인터넷구매하려구요ㅎㅋㅋ,"[-0.00577927  0.02612305 -0.01564026 ... -0.04333496 -0.03634644
 -0.00970459]",2,"['오프라인', '인터넷', '구매']",오프라인 인터넷 구매,2
1342,오프라인에서 상담받고 온라인에서 사도 될 것 같아요 ㄷㅇ,"[-0.00538254  0.014328   -0.01885986 ... -0.03915405 -0.01953125
 -0.00643539]",2,"['오프라인', '상담', '온라인', '사다']",오프라인 상담 온라인 사다,1
1343,온라인으로 알아보고 오프라인가서 보고살거같아요,"[ 0.00988007  0.0214386  -0.01322937 ... -0.04180908 -0.01628113
 -0.01139069]",2,"['온라인', '알아보다', '오프라인', '살다']",온라인 알아보다 오프라인 살다,1
1344,오프라인으로 확인은 꼭 해볼거에요 ㄷㅇ,"[ 0.00092983  0.02986145 -0.0078125  ... -0.02944946 -0.01131439
 -0.00107956]",2,"['오프라인', '확인']",오프라인 확인,1
1345,전 오프에서보고 온라인주문하려구요!,"[-0.00358772  0.03027344 -0.01828003 ... -0.02372742 -0.03823853
 -0.00402832]",2,"['오프', '온라인', '주문']",오프 온라인 주문,1
1346,저도 오프라인으로 직접 설명듣고 눈으로 보고 살려구요!,"[ 0.00248909  0.03753662 -0.00740814 ... -0.02236938 -0.02107239
 -0.01194763]",2,"['오프라인', '설명', '살다']",오프라인 설명 살다,0
1347,좀 시간내서 오프라인으로 발품파는게 나을거같아요!,"[-0.01340485  0.0302887  -0.02130127 ... -0.04031372 -0.03689575
 -0.02069092]",2,"['시간', '내다', '오프라인', '발품', '파']",시간 내다 오프라인 발품 파,0
1348,오프라인으로 발품팔아서 구매하려구용 ㄷㅇ,"[-0.00540924  0.0357666  -0.01271057 ... -0.02954102 -0.03579712
 -0.0070076 ]",2,"['오프라인', '발품', '팔다', '구매']",오프라인 발품 팔다 구매,0
1349,저는 오프라인에서 직접보는게 좋아로 그렇게 주문했어요,"[ 0.01219177  0.03152466 -0.0147171  ... -0.03091431 -0.02371216
 -0.00243187]",2,"['오프라인', '좋다', '주문']",오프라인 좋다 주문,1
1350,온라인도 정품이면 AS 다 되니,"[ 0.01795959  0.02183533 -0.01291656 ... -0.01985168 -0.027771
  0.00369072]",2,"['온라인', '정품']",온라인 정품,1
1351,오프로 돌아다녀보고 온라인이랑 비교해봐야겠네요 도움주셔서 감사합니다^^,"[ 0.00390434  0.0118103  -0.02627563 ... -0.03765869 -0.01448059
 -0.01054382]",2,"['오프', '돌아다니다', '온라인', '비교', '도움', '감사']",오프 돌아다니다 온라인 비교 도움 감사,0
1352,저렇게 많이 구매하시면 오프라인이 더 저렴하다고들 하시던데 많으면 백 넘게 아낄수 있으니 오프 매장가서도 견적 받아보시는게 좋아보이네요,"[ 0.00997925  0.03387451 -0.04772949 ... -0.02952576 -0.02230835
  0.02453613]",2,"['구매', '오프라인', '저렴하다', '많다', '넘다', '아끼다', '오프', '매장', '견적', '좋다', '보이다']",구매 오프라인 저렴하다 많다 넘다 아끼다 오프 매장 견적 좋다 보이다,1
1353,"저도 온라인이 저렴할줄 알았는데, 아예 다 품목으로 사면 사은품이나 페이백이 있어서 매장이 낮더라구요!","[ 0.00034571  0.02420044 -0.03778076 ... -0.01582336 -0.04107666
  0.00883484]",2,"['온라인', '품목', '사다', '사은품', '페이', '매장', '낮다']",온라인 품목 사다 사은품 페이 매장 낮다,2
1354,저희는 오프라인으로 샀는데 많이사실 거 아니면 인터넷도 좋은 것 같아요~!,"[-0.00458908  0.0224762  -0.03533936 ... -0.02967834 -0.04138184
 -0.00689316]",2,"['오프라인', '사다', '사다', '인터넷', '좋다']",오프라인 사다 사다 인터넷 좋다,2
1355,"많은 품목을 한번에 구매한다면 오프라인 묶음 할인이 좋고, 몇몇 품목만 사신다면 온라인으로 사셔도 충분합니다","[ 0.00952911  0.02244568 -0.03866577 ... -0.01780701 -0.03634644
 -0.00630951]",2,"['많다', '품목', '구매', '오프라인', '묶음', '할인', '좋다', '품목', '사다', '온라인', '사다']",많다 품목 구매 오프라인 묶음 할인 좋다 품목 사다 온라인 사다,0
1356,온라인 오프라인 둘다 발품팔아보고 더 싼걸로 하겠어요 ㅎㅎ,"[-0.01421356  0.02554321 -0.01647949 ... -0.0385437  -0.03089905
 -0.00603485]",2,"['온라인', '오프라인', '발품', '팔다', '싸다']",온라인 오프라인 발품 팔다 싸다,0
1357,저희는 오프라인 매장에서 한번에 보고 샀어요,"[ 0.01618958  0.03152466 -0.02432251 ... -0.01374817 -0.0553894
 -0.01818848]",2,"['오프라인', '매장', '사다']",오프라인 매장 사다,2
1358,오프라인 온라인 둘다 비교해보고 살거같아요,"[ 0.00914001  0.01088715 -0.01431274 ... -0.03683472 -0.01907349
 -0.02163696]",2,"['오프라인', '온라인', '비교', '살다']",오프라인 온라인 비교 살다,1
1359,오프라인으로 직접 보시고 고르시는것 추천이요 설명도 꼭 들으시구요,"[ 0.0087204   0.02441406 -0.02630615 ... -0.03555298 -0.0049057
 -0.01702881]",2,"['오프라인', '고르다', '추천', '설명']",오프라인 고르다 추천 설명,0
1360,온라인 오프라인 둘다 비교해보세요 저희는 귀찮아서 오프라인만 상담받았다가 좀 비싸게 했어영 ㅠㅠ 후회는 안합니다,"[-0.00968933  0.00643158 -0.02012634 ... -0.04669189 -0.01808167
  0.00264168]",2,"['온라인', '오프라인', '비교', '귀찮다', '오프라인', '상담', '비싸다', '후회']",온라인 오프라인 비교 귀찮다 오프라인 상담 비싸다 후회,0
1361,해 지난 제품도 오프라인 담당자 역량에 따라 더 저렴한 경우가 많습니다!,"[-0.00100899  0.02558899 -0.03007507 ... -0.01326752 -0.02690125
 -0.0150528 ]",2,"['지나다', '제품', '오프라인', '담당자', '역량', '따르다', '저렴하다', '많다']",지나다 제품 오프라인 담당자 역량 따르다 저렴하다 많다,1
1362,"오프라인에서 기능이랑 실제 크기, 색감 보시고 온라인 결정이용!","[ 0.00344276  0.03356934 -0.03231812 ... -0.02125549 -0.01513672
 -0.01123047]",2,"['오프라인', '기능', '실제', '크기', '색감', '온라인', '결정']",오프라인 기능 실제 크기 색감 온라인 결정,1
1363,오프로 발품 몇군데 혜택 비교해서 구매했어요,"[ 0.01760864  0.02462769 -0.02593994 ... -0.03375244 -0.04284668
 -0.00663376]",2,"['발품', '혜택', '비교', '구매']",발품 혜택 비교 구매,0
1364,일단 오프라인으로 확인해보고 온라인이 가격이 저렴하면 온라인으로 사려고합니다,"[-0.00338173  0.02398682 -0.02326965 ... -0.02688599 -0.01998901
 -0.02210999]",2,"['오프라인', '확인', '온라인', '가격', '온라인', '사다']",오프라인 확인 온라인 가격 온라인 사다,1
1365,견적비교해보고 결정하심좋을것같아요 1-2개사실거면 오프라인보다온라인이 나을수있습니다,"[-0.00682449  0.03225708 -0.03527832 ... -0.04022217 -0.01821899
  0.00252342]",2,"['견적', '비교', '결정', '좋다', '사다', '오프라인', '온라인']",견적 비교 결정 좋다 사다 오프라인 온라인,0
1366,많이 사시는거면 오프라인이 좋을거같은데 조금만 사시는거면 온라인 가격이 더 낫더라구요~,"[ 0.00649261  0.01826477 -0.04452515 ... -0.0328064  -0.02146912
 -0.00315285]",2,"['사다', '오프라인', '좋다', '사다', '온라인', '가격']",사다 오프라인 좋다 사다 온라인 가격,1
1367,오프라인으로 한번에 사는게 저렴한것같아요,"[ 0.00618744  0.03915405 -0.01751709 ... -0.01901245 -0.03329468
 -0.01000977]",2,"['오프라인', '사다', '저렴하다']",오프라인 사다 저렴하다,1
1368,1-2개면 오프라인으로 사는게 훨씬 이득이래여~,"[ 0.01189423  0.04309082 -0.01916504 ... -0.02607727 -0.02252197
 -0.00015414]",2,"['오프라인', '사다', '이득']",오프라인 사다 이득,1
1369,오프라인이 그래도 믿을만한거같아서 오프라인으로했습니당~,"[ 0.0054245   0.0227356  -0.02874756 ... -0.02474976 -0.01919556
 -0.02275085]",2,"['오프라인', '오프라인']",오프라인 오프라인,0
1370,오프라인으로 돌아볼 것 같아요,"[ 0.01000214  0.03421021 -0.00748825 ... -0.01281738 -0.01436615
 -0.00692749]",2,"['오프라인', '돌다']",오프라인 돌다,0
1371,오프라인 매장이 결합할인이 많이되어 오프라인에서 하려구요,"[ 0.02536011  0.03430176 -0.02845764 ... -0.01316071 -0.04232788
 -0.00373077]",2,"['오프라인', '매장', '결합', '오프라인']",오프라인 매장 결합 오프라인,2
1372,온라인 직할가로 구매했어요!,"[ 0.00553894  0.03512573 -0.01567078 ... -0.01911926 -0.03952026
 -0.00699234]",2,"['온라인', '직할', '구매']",온라인 직할 구매,1
1373,딱 항목 2개만 사시는거면 온라인이 낫다고 매장에서도 그러셨어요:),"[ 0.01218414  0.02488708 -0.03262329 ... -0.01397705 -0.02915955
 -0.01301575]",2,"['항목', '사다', '온라인', '매장', '그러다']",항목 사다 온라인 매장 그러다,2
1374,많이할수록 온라인이 할인율이좋아요,"[ 0.01794434  0.0193634  -0.03103638 ... -0.03378296 -0.0223999
  0.0136261 ]",2,"['온라인', '할인', '좋다']",온라인 할인 좋다,2
1375,헉 많이해도 온라인이 더 가격 괜찮은가요?!,"[-0.00755692  0.02645874 -0.02981567 ... -0.03686523 -0.03164673
  0.00898743]",2,"['온라인', '가격', '괜찮다']",온라인 가격 괜찮다,1
1376,일단 오프라인으로 발품 팔아보고 온라인가격이랑 비교해서 살것같아용,"[-0.00240135  0.02374268 -0.02449036 ... -0.03149414 -0.02828979
 -0.01873779]",2,"['오프라인', '발품', '팔다', '온라인', '가격', '비교', '사다']",오프라인 발품 팔다 온라인 가격 비교 사다,0
1377,후 사실 이게 맞는것 같은데 오프라인 돌아다니다보니 온라인보다 적힌 금액이 넘 비싸서 후퇴했습니다,"[ 0.00875092  0.02896118 -0.03393555 ... -0.0189209  -0.0164032
  0.00113392]",2,"['맞다', '오프라인', '돌아다니다', '온라인', '적히다', '금액', '비싸다', '후퇴']",맞다 오프라인 돌아다니다 온라인 적히다 금액 비싸다 후퇴,0
1378,일단 오프라인에서 많이 알아보고 온라인 가격과 비교해서 살 것 같아요~,"[ 0.00570297  0.02687073 -0.02505493 ... -0.027771   -0.02397156
 -0.02578735]",2,"['오프라인', '알아보다', '온라인', '가격', '비교', '살다']",오프라인 알아보다 온라인 가격 비교 살다,0
1379,온라인으로 그때그때 할인할때 샀어요,"[ 0.00614929  0.03182983 -0.03356934 ... -0.01354218 -0.03305054
 -0.02386475]",2,"['온라인', '할인', '사다']",온라인 할인 사다,1
1380,고르신 제품 오프라인으로도 안보시구 할인하는거 바루 사셨나여...?,"[ 0.00337982  0.03146362 -0.04302979 ... -0.03076172 -0.02908325
 -0.02775574]",2,"['고르다', '제품', '오프라인', '할인', '사다']",고르다 제품 오프라인 할인 사다,2
1381,오프라인으로 견적 여러군데 받아보고 더 저렴한곳에서 하려구요!,"[-0.00901031  0.04278564 -0.02470398 ... -0.037323   -0.02337646
 -0.00170422]",2,"['오프라인', '견적', '저렴하다']",오프라인 견적 저렴하다,0
1382,저는 거의 다 온라인으로 진행했습니다,"[ 0.00630951  0.01858521 -0.00799561 ... -0.02279663 -0.021698
  0.00307465]",2,"['온라인', '진행']",온라인 진행,0
1383,온라인으로 할인노려서 많이 샀어요! 전세라 굳이 비싼돈내고 하고싶지않아요,"[ 0.00594711  0.03137207 -0.03460693 ... -0.0362854  -0.04641724
 -0.01146698]",2,"['온라인', '할인', '노리다', '사다', '전세', '비싸다', '내다']",온라인 할인 노리다 사다 전세 비싸다 내다,2
1384,제가 딱 세가지 샀는데 온라인으로 산에 더 저렴했어요 저는 한 브랜드가 아니라 각각 샀어요!,"[-0.00163364  0.01387787 -0.05651855 ... -0.00949097 -0.03094482
 -0.01244354]",2,"['사다', '온라인', '저렴하다', '브랜드', '사다']",사다 온라인 저렴하다 브랜드 사다,1
1385,저는 오프라인으러 하혀구요,"[ 0.00771332  0.02780151 -0.0138092  ... -0.01979065 -0.0123291
 -0.01046753]",2,"['오프라인', '하혀']",오프라인 하혀,0
1386,한번에 사면 오프라인이 더 저렴하고 혜택도 많다는 말을 들어서.. 오프라인에서 먼저 견적 보고 온라인 비교 후 더 저렴한 쪽으로 살 것 같아요,"[-0.00401688  0.03338623 -0.03086853 ... -0.03096008 -0.02536011
 -0.00432587]",2,"['사다', '오프라인', '저렴하다', '혜택', '많다', '오프라인', '견적', '보다', '온라인', '비교', '저렴하다', '살다']",사다 오프라인 저렴하다 혜택 많다 오프라인 견적 보다 온라인 비교 저렴하다 살다,0
1387,오프라인 매장 둘러보고 발품 팔아 결제했어요,"[ 0.00940704  0.02885437 -0.00744247 ... -0.02357483 -0.05178833
 -0.00954437]",2,"['오프라인', '매장', '둘러보다', '발품', '팔다', '결제']",오프라인 매장 둘러보다 발품 팔다 결제,0
1388,저는 오프라인에서 보구 온라인으로 구입했습니다!,"[-0.01246643  0.02886963 -0.02420044 ... -0.01690674 -0.04425049
 -0.02789307]",2,"['오프라인', '온라인', '구입']",오프라인 온라인 구입,1
1389,저희는 오프라인 견적보고 비교해봣는데 온라인 주문이 가격이 더 좋아서 온라인으로 했어요!,"[-0.00468445  0.04138184 -0.02345276 ... -0.0168457  -0.04370117
 -0.00572586]",2,"['오프라인', '견적', '비교', '온라인', '주문', '가격', '좋다', '온라인']",오프라인 견적 비교 온라인 주문 가격 좋다 온라인,0
1390,저는 오프라인으로 가서 구경다하고 온라인이랑 비교해서 더 저렴한곳에서 할거같아요! 요즘은 그렇게도 많이들 하시더라구요!,"[-0.00983429  0.02326965 -0.02720642 ... -0.034729   -0.02587891
 -0.00788116]",2,"['오프라인', '구경', '온라인', '비교', '저렴하다', '요즘']",오프라인 구경 온라인 비교 저렴하다 요즘,1
1391,요즘 온라인이 싸긴 하더라구요ㅠ 잘 비교해보세요.,"[ 0.00369835  0.03723145 -0.01994324 ... -0.03244019 -0.03182983
 -0.02822876]",2,"['요즘', '온라인', '싸다', '비교']",요즘 온라인 싸다 비교,1
1392,그래요? 온라인이 더 싸요? 저도 필수만 딱 살거라서 온라인 견적 먼저 보고 오프라인 가봐야겠네요...,"[-0.00399017  0.0406189  -0.03152466 ... -0.02177429 -0.03552246
  0.00106049]",2,"['온라인', '싸다', '필수', '사다', '온라인', '견적', '오프라인']",온라인 싸다 필수 사다 온라인 견적 오프라인,1
1393,오프라인 견적은 같은 제품이더라도 기능이 더 추가된 걸로 내줘서 금액이 높더라구요! 비교해보고 결정하세용,"[-0.00181198  0.02702332 -0.03182983 ... -0.01502991 -0.01940918
 -0.00417709]",2,"['오프라인', '견적', '제품', '기능', '추가', '내주다', '금액', '높다', '비교', '결정']",오프라인 견적 제품 기능 추가 내주다 금액 높다 비교 결정,0
1394,오프라인에서 한번에 구매하는게 저렴하더라구요 다 사야되면,"[-0.00110912  0.03198242 -0.03408813 ... -0.01013947 -0.02728271
  0.01370239]",2,"['오프라인', '구매', '저렴하다', '사다']",오프라인 구매 저렴하다 사다,1
1395,오프라인으로 생각하고 있는데 비교해볼듯요,"[ 0.01245117  0.02706909 -0.02018738 ... -0.0239563  -0.02580261
 -0.01907349]",2,"['오프라인', '생각', '비교']",오프라인 생각 비교,0
1396,구매할게 많으시면 오프라인으로 한큐에 하시는게 혜택이 많을거에요!,"[ 0.00181293  0.02822876 -0.02311707 ... -0.03451538 -0.03041077
 -0.01234436]",2,"['구매', '많다', '오프라인', '혜택', '많다']",구매 많다 오프라인 혜택 많다,0
1397,다품목으로 구매하면 온라인보다 오프라인이 더 저렴하다고 해서 오프라인으로 구매했어요!,"[ 0.00756454  0.02606201 -0.0390625  ... -0.00924683 -0.04315186
 -0.02464294]",2,"['품목', '구매', '온라인', '오프라인', '저렴하다', '오프라인', '구매']",품목 구매 온라인 오프라인 저렴하다 오프라인 구매,1
1398,오프라인에서 견적 받고 온라인에서 비교해서 살 것 같습니다,"[-0.00079298  0.03164673 -0.02314758 ... -0.03234863 -0.03375244
 -0.02026367]",2,"['오프라인', '견적', '온라인', '비교', '사다']",오프라인 견적 온라인 비교 사다,0
1399,오프라인이 혜택이 좋을 것 같아서 오프라인 생각 중이에요!,"[ 0.00662231  0.02983093 -0.03686523 ... -0.02401733 -0.03967285
 -0.00716019]",2,"['오프라인', '혜택', '좋다', '오프라인', '생각']",오프라인 혜택 좋다 오프라인 생각,0
1400,오프라인 발품 5개정도 받았어요 ㅎㅎ 다제품 구매로하면 저렴하더라구옷,"[-0.01307678  0.02622986 -0.02835083 ... -0.02656555 -0.029953
 -0.00260162]",2,"['오프라인', '발품', '제품', '구매', '저렴하다']",오프라인 발품 제품 구매 저렴하다,1
1401,한두개는 온라인 4개이상부터는 오프라인이 저렴하다고하더라구요,"[ 0.00412369  0.02200317 -0.02908325 ... -0.0262146  -0.016922
  0.01467896]",2,"['온라인', '이상', '오프라인', '저렴하다']",온라인 이상 오프라인 저렴하다,1
1402,오프라인에서 묶어 사면 할인 많이 들어가니 비교해보시는게 좋을 것 같아요 !,"[ 0.00798798  0.02514648 -0.03857422 ... -0.01963806 -0.03787231
 -0.00042915]",2,"['오프라인', '묶다', '사다', '할인', '들어가다', '비교', '좋다']",오프라인 묶다 사다 할인 들어가다 비교 좋다,2
1403,정답은 없지만 저는 온라인 구매를 주로 했어요!,"[-0.00331497  0.00626755 -0.02690125 ... -0.03494263 -0.03982544
 -0.00826263]",2,"['정답', '온라인', '구매']",정답 온라인 구매,1
1404,오프라인우로 발품 팔면서 비교해서 사은품이나 혜택 더 많은곳으로 할거같아요,"[-0.00902557  0.02096558 -0.01850891 ... -0.03320312 -0.03012085
 -0.02597046]",2,"['오프라인', '우로', '발품', '팔다', '비교', '사은품', '혜택', '많다']",오프라인 우로 발품 팔다 비교 사은품 혜택 많다,0
1405,오프라인에서 모델이랑 견적 받은 다음 같은 모델로 온라인 임직원몰에서 샀어요!,"[-0.00317955  0.0186615  -0.0345459  ... -0.01052094 -0.0506897
 -0.01485443]",2,"['오프라인', '모델', '견적', '다음', '모델', '온라인', '임직원', '사다']",오프라인 모델 견적 다음 모델 온라인 임직원 사다,0
1406,"오프라인 가보고 온라인 찾아보고 비교해서 구매할것같아요, 온라인도 배송 잘해주셔서","[-0.00750351  0.01629639 -0.02786255 ... -0.03134155 -0.03985596
 -0.01696777]",2,"['오프라인', '온라인', '찾아보다', '비교', '구매', '온라인', '배송']",오프라인 온라인 찾아보다 비교 구매 온라인 배송,1
1407,오프라인으로 사는게 혜탹이 많다고하더라구요!,"[-0.00415421  0.0411377  -0.00774384 ... -0.0269928  -0.03335571
  0.00355721]",2,"['오프라인', '사다', '혜탹', '많다']",오프라인 사다 혜탹 많다,2
1408,오프라인으로 살 것 같아요 온라인은 못믿겠습니다,"[ 0.00760651  0.02702332 -0.02734375 ... -0.02442932 -0.03530884
 -0.02430725]",2,"['오프라인', '사다', '온라인']",오프라인 사다 온라인,1
1409,품목 개수에 따라 달라질 것 같아요. 많이 사면 오프라인 적게 사면 온라인이요,"[-0.00812531  0.01152039 -0.01727295 ... -0.03007507 -0.02381897
 -0.00579834]",2,"['품목', '개수', '따르다', '달라지다', '사다', '오프라인', '적다', '사다', '온라인']",품목 개수 따르다 달라지다 사다 오프라인 적다 사다 온라인,0
1410,오프라인 성지 이용했습니다 ㅎㅎ,"[ 0.01721191  0.01957703 -0.00715637 ... -0.02854919 -0.02027893
 -0.00272179]",2,"['오프라인', '성지']",오프라인 성지,1
1411,"저도 오프라인으로 구매할 예정이에요, 여러 가지를 한 번에 구입하는 게 더 유리한 것 같더라고요","[ 0.01280212  0.04171753 -0.03338623 ... -0.01144409 -0.03460693
 -0.00366211]",2,"['오프라인', '구매', '예정', '구입', '유리']",오프라인 구매 예정 구입 유리,1
1412,"저도 오프라인 구매가 더 유리할 것 같아요, 여러 가지 한 번에 사면 혜택도 많아서 좋더라고요ㅎㅎ","[ 0.00398636  0.03469849 -0.03189087 ... -0.02047729 -0.04483032
 -0.00494003]",2,"['오프라인', '구매', '유리', '사면', '혜택', '많다', '좋다']",오프라인 구매 유리 사면 혜택 많다 좋다,2
1413,한 번에 사실거면 오프라인인데 부분으러 구매하실거면 온라인도 괜찮아여 ㅎㅎ,"[-0.00422287  0.02182007 -0.01617432 ... -0.02355957 -0.03210449
 -0.00928497]",2,"['사다', '오프라인', '구매', '온라인', '괜찮다']",사다 오프라인 구매 온라인 괜찮다,1
1414,저는 오프라인으로 한방에 해결햇어용!,"[-0.00179195  0.01469421 -0.01165771 ... -0.01654053 -0.02061462
 -0.01600647]",2,"['오프라인', '해결']",오프라인 해결,0
1415,저도 온라인으로 사서 써요... 오프라인에서 사도 뽑기운 안 좋으면 as계속 받고 난리더라구요~~🤣,"[-0.01957703  0.01760864 -0.0103302  ... -0.01763916 -0.02436829
 -0.00757217]",2,"['온라인', '사다', '쓰다', '오프라인', '사다', '뽑기', '좋다', '난리']",온라인 사다 쓰다 오프라인 사다 뽑기 좋다 난리,1
1416,매장이 이것 저것 할인 많이 들어가는 데.... 결국에는 온라인이 저렴하더라구여,"[ 0.01073456  0.03591919 -0.0308075  ... -0.026474   -0.04125977
 -0.00177765]",2,"['매장', '할인', '들어가다', '결국', '온라인']",매장 할인 들어가다 결국 온라인,2
1417,"그런 거 같아여.. 근데, 저희는 여러가지 구매할 이유가 없어서... 제품만 보고 온라인으로... ㅎ","[ 0.01041412  0.02046204 -0.02902222 ... -0.03083801 -0.03289795
 -0.00675201]",2,"['구매', '이유', '제품', '온라인']",구매 이유 제품 온라인,1
1418,일단 오프라인 돌아보세요ㅎㅎ 그래도 큼직한건 다 구매하시는거라서요!,"[-0.00622559  0.01872253 -0.01190186 ... -0.02958679 -0.03512573
  0.00059605]",2,"['오프라인', '돌아보다', '큼직하다', '구매']",오프라인 돌아보다 큼직하다 구매,1
1419,오프라인으로 구매하시려면 발품을 많이 파셔야해용! 저는 구냥 직구했어요,"[-0.01664734  0.0246582  -0.02137756 ... -0.02253723 -0.03059387
 -0.0128479 ]",2,"['오프라인', '구매', '발품', '파', '직구']",오프라인 구매 발품 파 직구,0
1420,저도 인터넷 최저가랑 오프라인 비교견적 보고 있어요~ 오프라인이 품목이 몇개 안되도 캐쉬백까지 체감가가 더 낮더 라구요~,"[ 0.00305939  0.02250671 -0.03540039 ... -0.0267334  -0.03567505
 -0.01091766]",2,"['인터넷', '최저', '오프라인', '비교', '견적', '오프라인', '품목', '캐쉬', '체감', '낮다']",인터넷 최저 오프라인 비교 견적 오프라인 품목 캐쉬 체감 낮다,0
1421,저도 품목이 5개라서 온라인 오픈매장오프라인 했는데 온라인으로 했어요! 제 작성글에 담당님 있는데 상담받아보셔요~!,"[-0.00083923 -0.00014484 -0.01885986 ... -0.03268433 -0.01402283
 -0.00029826]",2,"['품목', '온라인', '오픈', '매장', '오프라인', '온라인', '작성', '담당', '상담']",품목 온라인 오픈 매장 오프라인 온라인 작성 담당 상담,0
1422,확실히 온라인이 더 싼거같아여 아예 생산라인이 다르대요 저는 이왕 하는거 비싸더라도 맘편하게 오프라인에서 삿오요 ㅠ,"[ 0.00088644  0.03005981 -0.01916504 ... -0.01869202 -0.02619934
  0.00965118]",2,"['온라인', '싸다', '생산', '라인', '다르다', '비싸다', '편하다', '오프라인', '사다']",온라인 싸다 생산 라인 다르다 비싸다 편하다 오프라인 사다,2
1423,오프라인가서 견적 받아보고 온라인이 더 저렴하면 온라인으로 구매하려구요,"[ 0.00352097  0.03546143 -0.0378418  ... -0.03567505 -0.03466797
 -0.00461578]",2,"['오프라인', '견적', '온라인', '저렴하다', '온라인', '구매']",오프라인 견적 온라인 저렴하다 온라인 구매,1
1424,오프라인 견적 넘 비싸고 캐시백 이런거 싫어서 온라인 구매했어요~,"[ 0.01622009  0.03692627 -0.02923584 ... -0.01907349 -0.04498291
 -0.00165367]",2,"['오프라인', '견적', '비싸다', '캐시백', '싫다', '온라인', '구매']",오프라인 견적 비싸다 캐시백 싫다 온라인 구매,2
1425,손품 발품 팔아야된다는게 뭔지 꺠달았습니다ㅠ,"[ 0.00270653  0.02854919 -0.00837708 ... -0.04138184 -0.0461731
  0.01771545]",2,"['발품', '팔다', '달다']",발품 팔다 달다,0
1426,오프라인으로 한번에 묶음으로 샀어요!,"[ 0.00410461  0.03503418 -0.02055359 ... -0.00647354 -0.0456543
 -0.00930023]",2,"['오프라인', '묶음', '사다']",오프라인 묶음 사다,0
1427,3개 미만은 온라인이 나을 것 같아요,"[ 0.00939941  0.0150528  -0.02584839 ... -0.02572632 -0.01513672
 -0.00893402]",2,"['미만', '온라인']",미만 온라인,0
1428,저도 미리 사둔게 많아서 온라인으로 했어요 ㅎㅎ,"[ 0.00305939  0.02923584 -0.01155853 ... -0.02816772 -0.03393555
  0.00270081]",2,"['사다', '많다', '온라인']",사다 많다 온라인,1
1429,온라인 오프라인 견적비교해보고 더 좋은 것으러 선택할 것 같아요!,"[-0.00187969  0.03857422 -0.01916504 ... -0.03659058 -0.0335083
 -0.01583862]",2,"['온라인', '오프라인', '견적', '비교', '좋다', '선택']",온라인 오프라인 견적 비교 좋다 선택,0
1430,저두 온라인으로 스펙 잘 비교해보고 햇어요~,"[ 0.00995636  0.03292847 -0.020401   ... -0.03778076 -0.0193634
 -0.00673294]",2,"['온라인', '스펙', '비교']",온라인 스펙 비교,0
1431,저는 오프라인으로 발품 엄청 팔아서 샀어요 품목 추가하시면 할인 더 많이됩니다 !,"[-0.00603485  0.02032471 -0.03283691 ... -0.02346802 -0.03640747
 -0.00767899]",2,"['오프라인', '발품', '팔다', '사다', '품목', '추가', '할인']",오프라인 발품 팔다 사다 품목 추가 할인,2
1432,온라인 오프라인 둘다 확인하고 그나마 저렴한 곳에서 구매하려 합니다.,"[ 4.76837158e-06  2.31170654e-02 -3.61633301e-02 ... -2.90374756e-02
 -3.60717773e-02 -2.38189697e-02]",2,"['온라인', '오프라인', '확인', '저렴하다', '구매']",온라인 오프라인 확인 저렴하다 구매,1
1433,비교해보니 온라인이 더 저렴해서 온라인으로 했어요!,"[ 0.00060892  0.03134155 -0.02067566 ... -0.02832031 -0.02716064
 -0.01438904]",2,"['비교', '온라인', '저렴하다', '온라인']",비교 온라인 저렴하다 온라인,1
1434,저는 온라인으로 거의 다 사서 저렴하게 했어요,"[ 0.00632095  0.02368164 -0.02876282 ... -0.01777649 -0.03451538
 -0.00281334]",2,"['온라인', '사다', '저렴하다']",온라인 사다 저렴하다,1
1435,그래도 뮤조건 오프라인으로 가서 상담받고 하려해요,"[-0.0003593   0.02593994 -0.01125336 ... -0.02215576 -0.01132965
 -0.01042175]",2,"['조건', '오프라인', '상담']",조건 오프라인 상담,0
1436,오프라인으로 견적 한번에 받아서 했어유 온라인보다 배송도 편하고 할인이 더 커서요,"[-0.00526428  0.04104614 -0.02331543 ... -0.02677917 -0.03338623
 -0.01364899]",2,"['오프라인', '견적', '온라인', '배송', '편하다', '할인', '크다']",오프라인 견적 온라인 배송 편하다 할인 크다,2
1437,저는 온라인으로 개별 구매했어요ㅎㅎ,"[ 0.00961304  0.01916504 -0.016922   ... -0.03060913 -0.04397583
  0.01000977]",2,"['온라인', '개별', '구매']",온라인 개별 구매,1
1438,오프라인으로 구입했는데 만족합니당,"[ 0.02163696  0.02758789 -0.03866577 ... -0.01800537 -0.040802
 -0.01553345]",2,"['오프라인', '구입', '만족']",오프라인 구입 만족,1
1439,저희는 몇개만 살 예정이라 온라인으로 주문했어요,"[ 0.01146698  0.05230713 -0.0227356  ... -0.01599121 -0.03643799
 -0.0039444 ]",2,"['사다', '예정', '온라인', '주문']",사다 예정 온라인 주문,1
1440,"요즘 블프라서 인터넷에서도 할인을 많이 해주더라구요, 인터넷, 오프라인,, 어디서 구매하시는 편이신가요~?","[-0.01113892  0.03640747 -0.05010986 ... -0.02072144 -0.04483032
  0.00684357]",2,"['요즘', '블프', '인터넷', '할인', '인터넷', '오프라인', '구매']",요즘 블프 인터넷 할인 인터넷 오프라인 구매,2
1441,다들 혼수가전 구매 온라인이나 오프라인 중 어디서 하시나요! 소규모로 구매하시는 분들은 온라인이 낫다고 하던데 어떻게 하시는 지 궁금해요ㅎㅎ,"[ 0.01097107  0.02714539 -0.02174377 ... -0.03759766 -0.02748108
 -0.00199127]",2,"['혼수', '가전', '구매', '온라인', '오프라인', '규모', '구매', '온라인', '궁금하다']",혼수 가전 구매 온라인 오프라인 규모 구매 온라인 궁금하다,1
1442,혼수가전이 백화점 제품이 좋다하고... 찐이라해서 고민이예요 인터넷 제품과 다른가요? 가격차이때문에요 ㅠㅠㅠㅠ 인터넷에서 혼수구매! vs 매장에서구매!,"[ 0.02740479  0.01966858 -0.03004456 ... -0.03915405 -0.04901123
  0.01187134]",2,"['혼수', '가전', '백화점', '제품', '좋다', '찌다', '고민', '인터넷', '제품', '다르다', '가격', '차이', '인터넷', '혼수', '구매', '매장', '구매']",혼수 가전 백화점 제품 좋다 찌다 고민 인터넷 제품 다르다 가격 차이 인터넷 혼수 구매 매장 구매,2
1443,저희는 발품 팔다보니 백화점이 더 저렴한 거 같아서 백화점에서 샀는데 다른 분들은 어떠셨는지 궁금하네요!,"[ 0.00255394  0.03134155 -0.03689575 ... -0.04281616 -0.05706787
  0.00762177]",2,"['발품', '팔다', '백화점', '저렴하다', '백화점', '사다', '궁금하다']",발품 팔다 백화점 저렴하다 백화점 사다 궁금하다,2
1444,단품이 아니라 혼수로 알아보고 있는데요 여러가지를 한번에 준비를 해야하다보니 오프라인으로 볼 수밖에 없는것 같은데 가격은 인터넷이 좋은것 같기도 하고요;; 모델 확인도 조금 어렵긴한데 인터넷으로 혼수 알아보시는분들도 계신가요?,"[ 0.00775909  0.01766968 -0.0300293  ... -0.0241394  -0.02349854
  0.01379395]",2,"['혼수', '알아보다', '준비', '오프라인', '가격', '인터넷', '좋다', '모델', '확인', '인터넷', '혼수', '알아보다', '계시다']",혼수 알아보다 준비 오프라인 가격 인터넷 좋다 모델 확인 인터넷 혼수 알아보다 계시다,2
1445,혼수구매할 때 돌아다니느거 힘들어서 온라인으로 왠만한거 다 구매했었는데 다들 어떤걸 더 선호하시나요?,"[ 0.01638794  0.03158569 -0.02967834 ... -0.03469849 -0.03222656
  0.00535965]",2,"['혼수', '구매', '돌아다니다', '힘들다', '온라인', '구매', '선호']",혼수 구매 돌아다니다 힘들다 온라인 구매 선호,1
1446,견적 별도 받으시는분들은 가전이 많으신거같아서 딱 세대만 살거라...! 인터넷이 나을까요?,"[ 0.00313568  0.02586365 -0.02645874 ... -0.04602051 -0.03778076
  0.00698853]",2,"['견적', '별', '가전', '많다', '살다', '인터넷']",견적 별 가전 많다 살다 인터넷,2
1447,전 발품 파는게 귀찮아서 온라인에서 구매했었는데 다들 어디서 구매하셨었나요?,"[-0.00341034  0.02232361 -0.03619385 ... -0.04641724 -0.05255127
  0.00917816]",2,"['발품', '파', '귀찮다', '온라인', '구매', '구매']",발품 파 귀찮다 온라인 구매 구매,0
1448,신혼집 입주 위해 혼수가전 사야하는데 예랑이가 개인사업자라 한번에 구입하는것보다 매달 한두개씩 구매했으면 좋겠다고 하는데요 왜인지는몰라요... 목돈나가는게 좀 그런가봐요 구입할제품이 4~5개 정도면 저도 온라인으로 최저가 검색해서 사는게 낫다고 보는데 지금 대략 간추려도 10개정도는 사야하는데... 일단 오프라인 매장가서 견적 알아볼까요...?,"[ 0.03164673  0.03952026 -0.03503418 ... -0.03598022 -0.037323
  0.02359009]",2,"['신혼', '입주', '위하다', '혼수', '가전', '사다', '예랑이', '개인', '사업자', '구입', '구매', '좋다', '목돈', '나가다', '구입', '제품', '온라인', '최저', '검색', '사다', '간추리다', '사다', '오프라인', '매장', '견적', '알아보다']",신혼 입주 위하다 혼수 가전 사다 예랑이 개인 사업자 구입 구매 좋다 목돈 나가다 구입 제품 온라인 최저 검색 사다 간추리다 사다 오프라인 매장 견적 알아보다,1
1449,온라인으로 할지 직접 가야할지 잘 몰라서 여쭤봅니다. 온라인이 가장 싼줄 알았는데 발품파는게 나을 수도 있다고 해서요! 잘 아시는 분 답변 부탁드려요.,"[-0.01806641  0.03182983 -0.02722168 ... -0.04983521 -0.02311707
  0.00136375]",2,"['온라인', '여쭈다', '온라인', '싸다', '발품', '파', '답변', '부탁드리다']",온라인 여쭈다 온라인 싸다 발품 파 답변 부탁드리다,1
1450,혼수가전 온라인 vs 오프라인 어디서 구매하는게 좋을까요?,"[ 0.02267456  0.0189209  -0.03399658 ... -0.03086853 -0.03613281
 -0.01470947]",2,"['혼수', '가전', '온라인', '오프라인', '구매', '좋다']",혼수 가전 온라인 오프라인 구매 좋다,1
1451,신혼살림 구매할게 끝이 없네요 ㅋㅋ 막상 나가서 보자니 힘들고 귀찮기도 하고 그냥 온라인으로 비교해보고 리뷰 찾아보고 구매할까 싶다가도 그래도 직접보고 만져보고 사야 좋은 제품 살것 같아서 나가서 사오고 그러네용 여러분들은 주로 온라인 구매인가요 오프라인구매인가요?,"[-0.0057869   0.02410889 -0.01672363 ... -0.04745483 -0.04229736
  0.0056076 ]",2,"['신혼', '살림', '구매', '나가다', '힘들다', '귀찮다', '온라인', '비교', '리뷰', '찾다', '구매', '만지다', '사다', '좋다', '제품', '사다', '나가다', '사다', '그러다', '온라인', '구매', '오프라인', '구매']",신혼 살림 구매 나가다 힘들다 귀찮다 온라인 비교 리뷰 찾다 구매 만지다 사다 좋다 제품 사다 나가다 사다 그러다 온라인 구매 오프라인 구매,1
1452,"새로 신혼집에 입주하려니 정말 하나하나 다 새로 사야하는 요즘입니다. 태어나서 이불을 직접 사본 기억이 거의 없는데, 이것도 시간을 내서 가야하네요. 혼수라면 직접 가서 골랐겠지만 그냥 덮을 이불이라서요! 신혼집 이불 유명한 이불로 온라인 구매하시나요, 오프라인에서 직접 만져보고 사시나요? 사실 제일 궁금한건 보들보들한 이불 추천해주신다면 어떤 브랜드와 모델인지 궁금합니다!","[-0.00606537  0.03451538 -0.01927185 ... -0.05041504 -0.02758789
  0.01137543]",2,"['신혼', '입주', '사다', '요즘', '태어나다', '이불', '사다', '기억', '시간', '내다', '혼수', '고르다', '덮다', '이불', '신혼', '이불', '유명', '이불', '온라인', '구매', '오프라인', '만지다', '사다', '이불', '추천', '브랜드', '모델', '궁금하다']",신혼 입주 사다 요즘 태어나다 이불 사다 기억 시간 내다 혼수 고르다 덮다 이불 신혼 이불 유명 이불 온라인 구매 오프라인 만지다 사다 이불 추천 브랜드 모델 궁금하다,1
1453,온라인이 좀더 저렴하다는데 오프라인은 많이 사면 할인폭이 커진다고 하구요 .. 어떤걸 선호하세요?,"[ 0.00507355  0.02098083 -0.04501343 ... -0.0369873  -0.02915955
 -0.00377846]",2,"['온라인', '저렴하다', '오프라인', '사다', '할인', '커지다', '선호']",온라인 저렴하다 오프라인 사다 할인 커지다 선호,1
1454,"백화점 제품이 물론 최신품이고 한데 인터넷에서 할인행사하거나 라이브로할때 거의 반값인데,,, 어떻게 생각하세요!? 인터넷으로 생각중인데,,,, 안좋은점이있을까요~?","[ 0.00477982  0.02062988 -0.04431152 ... -0.04205322 -0.03497314
 -0.00198936]",2,"['백화점', '제품', '최신', '인터넷', '할인', '행사', '라이브', '반값', '생각', '인터넷', '생각', '좋다']",백화점 제품 최신 인터넷 할인 행사 라이브 반값 생각 인터넷 생각 좋다,2
1455,저희는 거의 대부분 온라인으로 구입했는데 다른 분들은 어떻게 하시거나 하실예정인가용?,"[ 0.00839233  0.02763367 -0.0322876  ... -0.04879761 -0.03759766
 -0.00205803]",2,"['부분', '온라인', '구입', '예정']",부분 온라인 구입 예정,1
1456,"오프라인 매장에 가서 냉장고,워시타워,티비 등 구경하고 왔는데 금액대가 인터넷에서 본 가격보다 현저히 비싼거같더라구요ㅜㅜ 근데 혼수가전으로 할 경우 다양한 혜택도 있다해서 고민됩니당..ㅠㅠ 여러분은 가전 인터넷에서 따로 구매하나요? 아님 오프라인매장에서 혼수특가 등으로 구매하시나요?","[ 0.0246582   0.03692627 -0.0229187  ... -0.02528381 -0.0289917
  0.01366425]",2,"['오프라인', '매장', '냉장고', '워시', '타워', '티비', '구경', '금액', '인터넷', '가격', '비싸다', '혼수', '가전', '다양', '혜택', '고민', '가전', '인터넷', '구매', '오프라인', '매장', '혼수', '특가', '구매']",오프라인 매장 냉장고 워시 타워 티비 구경 금액 인터넷 가격 비싸다 혼수 가전 다양 혜택 고민 가전 인터넷 구매 오프라인 매장 혼수 특가 구매,2
1457,오프라인 매장에서 한방에 or 인터넷 최저가 골라골라 매장 견적보니 여러가지 사니까 혜택주는데 혜택에 포인트 사은품 이런거까지 합치니까 온라인 오프라인 비슷하긴 한데 카드도 두개 만들어야되고 구독도 해야되고 한달에 얼마씩 써야되고 인터넷도 중급이상 설치해야되고 할 것들이 많네요 ㅋㅋ 그래도 매장 사면 한방에 배송오니 좋을것 같긴해요 다들 어떻게 구입하시나요?,"[ 9.70363617e-05  2.28729248e-02 -2.59094238e-02 ... -2.86254883e-02
 -4.66918945e-02 -3.21388245e-03]",2,"['오프라인', '매장', '인터넷', '최저', '고르다', '고르다', '매장', '견적', '살다', '혜택', '혜택', '포인트', '사은품', '합치다', '온라인', '오프라인', '비슷하다', '카드', '만들다', '구독', '얼마', '쓰다', '인터넷', '이상', '설치', '많다', '매장', '사다', '배송', '좋다', '구입']",오프라인 매장 인터넷 최저 고르다 고르다 매장 견적 살다 혜택 혜택 포인트 사은품 합치다 온라인 오프라인 비슷하다 카드 만들다 구독 얼마 쓰다 인터넷 이상 설치 많다 매장 사다 배송 좋다 구입,2
1458,안그래도 온라인싸지만.. 다들매장가서 사던데ㅜㅜ 고민이네요 .다른분들은 어떻게 하세요?,"[ 0.00625992  0.03308105 -0.04043579 ... -0.03967285 -0.02293396
 -0.00205231]",2,"['온라인', '싸다', '매장', '사다', '고민']",온라인 싸다 매장 사다 고민,1
1459,구매하실때 온라인으로만 보고 샀나요? 아니면 꼭 오프라인으로 가서 보고 샀나요? 고민이되어서요 ㅠㅠ,"[-0.01591492  0.02496338 -0.01994324 ... -0.02935791 -0.0289917
 -0.00055361]",2,"['구매', '온라인', '사다', '오프라인', '사다', '고민']",구매 온라인 사다 오프라인 사다 고민,1
1460,신혼혼수가전 어디서 하세요? 백화점 VS 가전매장 VS 인터넷 가격은 인터넷이 젤 저렴하긴 한데 역시나 매장으로 가서하는게 젤 안전하겠죵~> 다들 어디서 하셨나요!,"[ 0.02050781  0.03182983 -0.03588867 ... -0.03207397 -0.03637695
  0.02374268]",2,"['신혼', '혼수', '가전', '백화점', '가전', '매장', '인터넷', '가격', '인터넷', '저렴하다', '매장', '안전']",신혼 혼수 가전 백화점 가전 매장 인터넷 가격 인터넷 저렴하다 매장 안전,2
1461,오프라인 돌면서 LG베스트샵 같은 곳에서 한번에 하는 게 나을지.. 원하는 제품 골라서 온라인 최저가로 개별구매하는 게 나을지 계속 고민이에요 ㅠㅠ 다들 혼수가전 어떻게 하셨나요 ㅠㅠ,"[ 0.01098633  0.02229309 -0.02696228 ... -0.03970337 -0.02052307
  0.01535034]",2,"['오프라인', '돌다', '베스트', '원하다', '제품', '고르다', '온라인', '최저', '개별', '구매', '고민', '혼수', '가전']",오프라인 돌다 베스트 원하다 제품 고르다 온라인 최저 개별 구매 고민 혼수 가전,1
1462,오픈점? 상설매장보다 인터넷이 젤 저렴하긴 한가요?,"[ 0.0079422   0.02009583 -0.02861023 ... -0.05807495 -0.03643799
 -0.00369072]",2,"['오픈', '상설', '매장', '인터넷', '저렴하다']",오픈 상설 매장 인터넷 저렴하다,2
1463,혼수가전 고를때 온라인/ 오프라인 어디서 상담 받으셨나요?,"[ 0.02471924  0.01275635 -0.01998901 ... -0.03747559 -0.02458191
 -0.01081085]",2,"['혼수', '가전', '고르다', '온라인', '오프라인', '상담']",혼수 가전 고르다 온라인 오프라인 상담,0
1464,비싼돈 주고 사는거 오프라인이 더 안심이 된다고 생각이 드는데 온라인이랑 가격차이가 나더라구요ㅜ 다들 어떻게 구매하시나요ㅠ,"[ 0.00759888  0.01835632 -0.03475952 ... -0.03292847 -0.02500916
 -0.00213623]",2,"['비싸다', '사다', '오프라인', '안심', '생각', '온라인', '가격', '차이', '구매']",비싸다 사다 오프라인 안심 생각 온라인 가격 차이 구매,0
1465,하나 끝나면 하나의 과제가 또 나오네요 ㅋㅋ 그냥 오프라인으로 견적 받으러 가면 되나요? 뭐가 더 좋은지 아닌지 뭘보고 판단해야할까요...? 에너지 효율이라던지... 디자인은 사실 다 거기서 거기 같아서 ㅠㅠㅋㅋ,"[-0.01506805  0.03427124 -0.01763916 ... -0.02891541 -0.02281189
  0.01173401]",2,"['끝나다', '과제', '나오다', '오프라인', '견적', '좋다', '판단', '에너지', '효율', '디자인']",끝나다 과제 나오다 오프라인 견적 좋다 판단 에너지 효율 디자인,0
1466,"이제 슬슬 혼수가전을 알아보려고 하는데, 알아보기 앞서서 카페 신부 신랑님들은 백화점/대리점/온라인 중 어떤 방법으로 구매하셨는지 궁금합니다!ㅎㅎ","[ 0.02682495  0.01556396 -0.03347778 ... -0.02876282 -0.04946899
  0.01574707]",2,"['혼수', '가전', '알아보다', '알아보다', '앞서다', '카페', '신부', '신랑', '백화점', '대리점', '온라인', '방법', '구매', '궁금하다']",혼수 가전 알아보다 알아보다 앞서다 카페 신부 신랑 백화점 대리점 온라인 방법 구매 궁금하다,2
1467,제가 진짜 고민했던건데 전 오프라인보고 온라인에서 구매하려했거든요 근데ㅠ저도 결국.. 오프라인에서 구매하게되었어요.. 최신제품은 오프라인이 저렴하고 지난 상품은 온라인이 훨씬 저렴하더라고요. 그래서 결국... 예산 초과가 되었지만! 여러분들은 어디서 구매했나요? 혹은 구매예정인가요?,"[-1.97792053e-03  2.24761963e-02 -3.39660645e-02 ... -2.10266113e-02
 -2.02636719e-02  7.48038292e-05]",2,"['고민', '오프라인', '온라인', '구매', '오프라인', '구매', '최신', '제품', '오프라인', '지나다', '상품', '온라인', '저렴하다', '예산', '초과', '구매', '구매', '예정']",고민 오프라인 온라인 구매 오프라인 구매 최신 제품 오프라인 지나다 상품 온라인 저렴하다 예산 초과 구매 구매 예정,1
1468,요즘 삼세페해서 세일 많이 들어가더라구요 ~ 보통은 매장가서 혼수 패키지로 견적 받으시는거같은데 온라인삼성공홈 구매는 비추일까요?! 의견 좀 부탁드려요 !,"[ 0.02357483  0.02163696 -0.05227661 ... -0.02857971 -0.03387451
  0.01089478]",2,"['요즘', '세일', '들어가다', '매장', '혼수', '패키지', '견적', '온라인', '삼성', '구매', '비추다', '의견', '부탁드리다']",요즘 세일 들어가다 매장 혼수 패키지 견적 온라인 삼성 구매 비추다 의견 부탁드리다,1
1469,가격보면 온라인이 제일 저렴하다고 하고 브랜드 상관없이 구매해도 되니깐 온라인 하려고 했는데 매장 상담받아보니 생각보다 할인이 많이들어가서 오프라인도 괜찮더라고요... 근데 오프라인하면 하나의 브랜드로 해야하고 무이자 할부도 짧은 편이여서.. 고민이네요. 다들 어디서 하셨고 만족하시나요?,"[ 0.00708008  0.02627563 -0.03756714 ... -0.0335083  -0.03607178
  0.00256538]",2,"['가격', '온라인', '저렴하다', '브랜드', '구매', '온라인', '매장', '상담', '생각', '할인', '들어가다', '오프라인', '괜찮다', '오프라인', '브랜드', '이자', '할부', '짧다', '고민', '만족']",가격 온라인 저렴하다 브랜드 구매 온라인 매장 상담 생각 할인 들어가다 오프라인 괜찮다 오프라인 브랜드 이자 할부 짧다 고민 만족,1
1470,아니면 백화점이나 인터넷으로 알아봐야하는지 궁금합니다..,"[ 0.00971985  0.00803375 -0.03100586 ... -0.06298828 -0.03662109
  0.00432968]",2,"['백화점', '인터넷', '알아보다', '궁금하다']",백화점 인터넷 알아보다 궁금하다,2
1471,혼수가전 알아보고 있는데 매장견적도 보고 인터넷으로도 검색하고 있는데 아무래도 인터넷이 더 저렴하긴하네요 ㅠㅠ 여러분들은 어떻게 구매하셨나요? 인터넷으로 구매해도 괜찮은건지...ㅠ,"[ 0.01727295  0.02464294 -0.02568054 ... -0.03646851 -0.03018188
  0.01013184]",2,"['혼수', '가전', '알아보다', '매장', '견적', '인터넷', '검색', '인터넷', '저렴하다', '구매', '인터넷', '구매', '괜찮다']",혼수 가전 알아보다 매장 견적 인터넷 검색 인터넷 저렴하다 구매 인터넷 구매 괜찮다,2
1472,혼수가전 견적 받고 왔는데 매장에서 혜택을 받으려니 적금가입? 같은 것도 있고 매달 써야 하는 카드도 있더라구요. 매장에서 사면 사은품 같은 것들이 추가로 있긴 한데 가격적인 부분에서는 인터넷가격이랑은 동일해서 이것저것 써야 하는 것들 때문에 직접 매장에서 살 지 인터넷으로 살 지 고민되네요. 인터넷은 쇼핑몰 같은 곳 아니고 삼성공식이에용ㅋㅋ 다들 어떻게 하시나용?!,"[ 0.01821899  0.02449036 -0.0458374  ... -0.03756714 -0.02682495
  0.02378845]",2,"['혼수', '가전', '견적', '매장', '혜택', '적금', '가입', '쓰다', '카드', '매장', '사다', '사은품', '추가', '가격', '인터넷', '가격', '동일', '이것저것', '쓰다', '매장', '살다', '인터넷', '살다', '고민', '인터넷', '쇼핑몰', '삼성', '공식']",혼수 가전 견적 매장 혜택 적금 가입 쓰다 카드 매장 사다 사은품 추가 가격 인터넷 가격 동일 이것저것 쓰다 매장 살다 인터넷 살다 고민 인터넷 쇼핑몰 삼성 공식,2
1473,"혼수가전을 위해 온라인, 오프라인 발품을 팔아봤는데요, 가전에 익숙했던 저도 고민이 되는 부분이더라구요. 큰 금액대라. 롯데백화점 동탄점 입점2주년 행사를 하고 있어 고민 끝에 계약까지 2일 걸렸네요. 김대근 디테일러님한테 상담 받고 진행까지 다이렉트로 진행했네요. 합리적인 가격으로 계약진행하였고, 추후 다른 분한테도 추천드리고 싶어요.","[ 0.02174377  0.010849   -0.02415466 ... -0.03616333 -0.03561401
  0.00253868]",2,"['혼수', '가전', '위하다', '온라인', '오프라인', '발품', '팔다', '가전', '고민', '크다', '금액', '롯데백화점', '동탄', '입점', '행사', '고민', '계약', '걸리다', '김', '대', '근', '테일러', '상담', '진행', '다이렉트', '진행', '합리', '가격', '계약', '진행', '추후', '추천', '드리다']",혼수 가전 위하다 온라인 오프라인 발품 팔다 가전 고민 크다 금액 롯데백화점 동탄 입점 행사 고민 계약 걸리다 김 대 근 테일러 상담 진행 다이렉트 진행 합리 가격 계약 진행 추후 추천 드리다,0
1474,"저희는 컴퓨터로 하는 작업들이 많다보니 TV를 잘 안봐요. 영화나 남편 축구정도만 봅니다. 구색맞춘다고 사기엔 활용도가 떨어져서요, 세트로 구매하면 오프라인이 좋다는 말을 보긴 했는데 가장 큰 부분인 TV를 빼니 별차이가 없지 않을까 합니다. 신제품 사야된다는 생각도 없어효 이러나 저러나 오프라인에서 견적받고 사는게 저렴하다! VS 큰 품목이 하나 빠지니 온라인으로 개별로 구매하는 게 저렴하다.","[ 0.01747131  0.03497314 -0.05667114 ... -0.04415894 -0.02619934
  0.01400757]",2,"['컴퓨터', '작업', '많다', '영화', '남편', '축구', '구색', '맞추다', '사다', '활용', '떨어지다', '세트', '구매', '오프라인', '좋다', '크다', '빼다', '차이', '제품', '사다', '생각', '이러다', '저러다', '오프라인', '견적', '사다', '크다', '품목', '빠지다', '온라인', '개별', '구매']",컴퓨터 작업 많다 영화 남편 축구 구색 맞추다 사다 활용 떨어지다 세트 구매 오프라인 좋다 크다 빼다 차이 제품 사다 생각 이러다 저러다 오프라인 견적 사다 크다 품목 빠지다 온라인 개별 구매,2
1475,사실 온라인구매가 더저렴한거같지만 오프라인가서 한번에 구매하면 할인율도 높은거같고.. 다들 어떻게 구매하시나요!? 가요! 대댓은 안지워주셔서 안가용..!,"[ 0.0116806   0.02368164 -0.04785156 ... -0.01557159 -0.03710938
  0.01044464]",2,"['온라인', '구매', '저렴하다', '오프라인', '구매', '할인', '높다', '구매', '대댓', '지우다']",온라인 구매 저렴하다 오프라인 구매 할인 높다 구매 대댓 지우다,1
1476,매장가면더비싼것들이많기도한데 인터넷에서도구매들많이하신가요? 예비신랑인데 겁나어려워욬ㅋㅋㅠㅠ,"[ 0.00203896  0.03237915 -0.03170776 ... -0.03106689 -0.02993774
  0.02774048]",2,"['매장', '비싸다', '많다', '인터넷', '구매', '예비', '신랑']",매장 비싸다 많다 인터넷 구매 예비 신랑,2
1477,시간이 없어서 매장은 많이 못돌아 다닐거 같아요ㅠㅠ 집근처 몇곳만 돌아 보려니 불안한것도 있어서 온라인으로도 견적 한번 보고 싶은데 괜찮은곳 있을까요 ? 저렴하게 잘 보신곳 있으심 추천해주세요~~,"[-0.00374794  0.03616333 -0.02505493 ... -0.06088257 -0.0284729
  0.0151825 ]",2,"['시간', '매장', '돌다', '다니다', '근처', '돌다', '불안', '온라인', '견적', '괜찮다', '저렴하다', '추천']",시간 매장 돌다 다니다 근처 돌다 불안 온라인 견적 괜찮다 저렴하다 추천,0
1478,매장 방문하셨을까요? 인터넷으로 구매하셨을까요? 매장가도 없는게 많아서 카탈로그 책자봐야하는거 같은데ㅜ 실물 어디서 보셨는지 궁금해요 식탁이나 거실장 등등이요!,"[ 0.00791931  0.01052094 -0.03442383 ... -0.05960083 -0.04199219
  0.00010729]",2,"['매장', '방문', '인터넷', '구매', '매장', '많다', '카탈로그', '책자', '실물', '궁금하다', '식탁', '거실']",매장 방문 인터넷 구매 매장 많다 카탈로그 책자 실물 궁금하다 식탁 거실,2
1479,엄마랑 계속 싸우는중인데 너무 스트레스 받네요.. 백화점 가서 견적은 안 받고 대충 듣고 왔는데 엄마가 듣더니 품목 정해서 인터넷으로 사라는데.. 이게 훨씬 사다고 이게 맞나요 ? 너무 스트레스 받네요,"[-0.00542068  0.03305054 -0.04782104 ... -0.04870605 -0.03869629
 -0.0129776 ]",2,"['엄마', '싸우다', '스트레스', '백화점', '견적', '엄마', '품목', '정하다', '인터넷', '사다', '사다', '맞다', '스트레스']",엄마 싸우다 스트레스 백화점 견적 엄마 품목 정하다 인터넷 사다 사다 맞다 스트레스,2
1480,지금 엑셀에 비교해가며 정리중인데 ㅠ 11번가나 이런데서 최저가도 같이 찾아서 정리하는데 보통 직접 가서 봐뒀던 품번들 말씀하시면서 네고하시나요? 뭐가 나을까요 ㅠ,"[ 0.00544739  0.00261497 -0.03295898 ... -0.03594971 -0.01889038
  0.01295471]",2,"['엑셀', '비교', '정리', '최저', '찾다', '정리', '말씀']",엑셀 비교 정리 최저 찾다 정리 말씀,0
1481,오프라인으로 몇군데 견적내봤는데 온라인 최저가가 더 저렴한것 같아서요 ~ 혹시 인터넷으로 다 구매하신분 계실까욤?,"[ 0.00338936  0.03167725 -0.04141235 ... -0.03460693 -0.03771973
  0.01032257]",2,"['오프라인', '견적', '내다', '온라인', '최저', '저렴하다', '인터넷', '구매', '계시다']",오프라인 견적 내다 온라인 최저 저렴하다 인터넷 구매 계시다,0
1482,혼수가전은 온라인 최저가로 구매하는게 저렴한가요 ? 오프라인 매장 견적 받는게 저렴한가요?,"[ 0.02536011  0.03347778 -0.02905273 ... -0.02561951 -0.03912354
  0.00669861]",2,"['혼수', '가전', '온라인', '최저', '구매', '저렴하다', '오프라인', '매장', '견적', '저렴하다']",혼수 가전 온라인 최저 구매 저렴하다 오프라인 매장 견적 저렴하다,1
1483,안녕하세요: 엘지전자랑 하이마트랑 돌아다니면서 혼수가전 알아보고 있습니다! 온라인으로도 이것저것 검색해보고 있는데요... 오프라인에서 4~5개 제품을 한꺼번에 사는게 나은지 아니면 온라인에서 좀 더 저렴한 제품들로 하나씩 사는게 나은지 궁금합니다. 티비만 해도 가격차이가 있더라구요..ㅜㅜ 다른 예신님들은 어떻게 하시나요?,"[ 0.01321411  0.02113342 -0.02687073 ... -0.04315186 -0.02079773
  0.01589966]",2,"['안녕', '엘지전자', '하이마트', '돌아다니다', '혼수', '가전', '알아보다', '온라인', '이것저것', '검색', '오프라인', '제품', '사다', '온라인', '저렴하다', '제품', '사다', '궁금하다', '티비', '가격', '차이']",안녕 엘지전자 하이마트 돌아다니다 혼수 가전 알아보다 온라인 이것저것 검색 오프라인 제품 사다 온라인 저렴하다 제품 사다 궁금하다 티비 가격 차이,2
1484,매장에서 직접 보고 온라인으로 가격 비교해서 구매할 거 같아용,"[ 0.01535797  0.0292511  -0.02165222 ... -0.02919006 -0.02857971
 -0.00852203]",2,"['매장', '온라인', '가격', '비교', '구매']",매장 온라인 가격 비교 구매,0
1485,저는 오프라인으로 대형매장 방문해서 견적보고 세트로 맞추려고요!,"[ 0.00636292  0.04324341 -0.0199585  ... -0.02496338 -0.05612183
 -0.00700378]",2,"['오프라인', '대형', '매장', '방문', '견적', '보다', '세트', '맞추다']",오프라인 대형 매장 방문 견적 보다 세트 맞추다,0
1486,저도 오프라인 매장 견적 여기저기 받아보면서 싼곳에서 했어요~,"[ 0.00294685  0.02958679 -0.02262878 ... -0.02478027 -0.03616333
 -0.00803375]",2,"['오프라인', '매장', '견적', '여기저기', '싸다']",오프라인 매장 견적 여기저기 싸다,0
1487,무조건 오프라인 선호하는파인데 비교해보고 결정할것같아요!,"[ 0.00094795  0.01972961 -0.02842712 ... -0.02980042 -0.01800537
 -0.0042305 ]",2,"['오프라인', '선호', '비교', '결정']",오프라인 선호 비교 결정,0
1488,오픈 하는 매장이 제일 좋다는데.. 저희는 그냥 인터넷으로 샀어여,"[ 0.02326965  0.01059723 -0.03607178 ... -0.0378418  -0.03741455
 -0.00073624]",2,"['오픈', '매장', '좋다', '인터넷', '사다']",오픈 매장 좋다 인터넷 사다,2
1489,"처음부터 비대면 견적받기보다 그래도 시간내셔서 오프라인 지점 2~3곳 돌고 오세요 그래야 사고자하는 제품명과 갯수, 할인내역등을 정해서 비대면으로 견적요청하기 좋아요 비대면 견적은 온라인에서 비대면견적 내준다는 곳에다가 연락해서 제품명 말씀하시고 견적요청한다고 하면 됩니다!","[ 0.00801849  0.03500366 -0.02111816 ... -0.03707886 -0.01765442
 -0.00455093]",2,"['대면', '견적', '시간', '내다', '오프라인', '지점', '돌다', '사다', '제품명', '갯수', '할인', '내역', '정하다', '대면', '견적', '요청', '좋다', '대면', '견적', '온라인', '대면', '견적', '내다', '연락', '제품명', '말씀', '견적', '요청']",대면 견적 시간 내다 오프라인 지점 돌다 사다 제품명 갯수 할인 내역 정하다 대면 견적 요청 좋다 대면 견적 온라인 대면 견적 내다 연락 제품명 말씀 견적 요청,0
1490,온라인에서 할 수 있다는 것도 처음 알았어요..! 저는 대면으로 하는 오프라인 상담이 편해서요 ㅎㅎ,"[-0.00093031  0.03062439 -0.00503159 ... -0.03074646 -0.02606201
 -0.00827026]",2,"['온라인', '대면', '오프라인', '상담', '편하다']",온라인 대면 오프라인 상담 편하다,0
1491,저는 오프라인 여러군제 상담받앗어요 다가격이 다르도라구요!,"[-0.00119591  0.01220703 -0.02867126 ... -0.03390503 -0.01365662
 -0.0163269 ]",2,"['오프라인', '상담', '가격', '다르다']",오프라인 상담 가격 다르다,0
1492,저는 오프라인으로 여러군데 상담 받고 정했어요,"[ 0.00780487  0.01660156 -0.01033783 ... -0.02661133 -0.00902557
 -0.01483154]",2,"['오프라인', '상담', '정하다']",오프라인 상담 정하다,0
1493,한번에 대량으로 살려면 오프라인으로 하는게 좋은거 같아용,"[ 0.01344299  0.03842163 -0.02368164 ... -0.02516174 -0.04144287
  0.00746918]",2,"['대량', '살다', '오프라인', '좋다']",대량 살다 오프라인 좋다,1
1494,온라인도 있군요.... 처음 봤는데 합리적인 가격이면 온라인도 좋을 것 같아요!,"[ 0.00600433  0.01805115 -0.02763367 ... -0.04107666 -0.02513123
  0.0066185 ]",2,"['온라인', '합리', '가격', '온라인', '좋다']",온라인 합리 가격 온라인 좋다,0
1495,"온라인 오프라인 다 비교해 봤는데, 저희는 온라인이 더 저렴해서 온라인으로 합니다","[ 0.00610352  0.02635193 -0.02871704 ... -0.01879883 -0.02999878
 -0.01038361]",2,"['온라인', '오프라인', '비교', '온라인', '저렴하다', '온라인']",온라인 오프라인 비교 온라인 저렴하다 온라인,1
1496,오프라인으로 상담 받아보고 결국은 온라인으로 구매했어요!,"[ 0.00011432  0.02398682 -0.02046204 ... -0.02429199 -0.03942871
 -0.01919556]",2,"['오프라인', '상담', '결국', '온라인', '구매']",오프라인 상담 결국 온라인 구매,1
1497,대량으로 사면 오프라인 여러군데 발품하는게 싸다고 하더라구요 온라인으로 좋은견적 받으면 그거나름대로 괜찮을것 같습니다,"[-0.00891113  0.03475952 -0.04083252 ... -0.03439331 -0.02644348
  0.01611328]",2,"['대량', '사다', '오프라인', '발품', '싸다', '온라인', '좋다', '견적', '괜찮다']",대량 사다 오프라인 발품 싸다 온라인 좋다 견적 괜찮다,1
1498,저는 직접 보고 결정하는게 좋아서 오프라인으로 구매했어요,"[ 0.01013184  0.01544189 -0.02738953 ... -0.03765869 -0.0302887
 -0.01135254]",2,"['결정', '좋다', '오프라인', '구매']",결정 좋다 오프라인 구매,0
1499,저희는 일단 오프라인으로 볼 생각이에요! 온라인도 알아보면 좋을 것 같아요!,"[ 0.00059891  0.03053284 -0.02111816 ... -0.02830505 -0.02177429
 -0.00743484]",2,"['오프라인', '생각', '온라인', '좋다']",오프라인 생각 온라인 좋다,0
1500,요즘엔 온라인이더 싸서 오프라인 안가게되더라구여,"[ 0.00448227  0.03927612 -0.01777649 ... -0.00931549 -0.02290344
 -0.01759338]",2,"['요즘', '온라인', '싸다', '오프라인']",요즘 온라인 싸다 오프라인,1
1501,저희는 다 따져보고 오프라인에서 구매했어요,"[ 0.02114868  0.02580261 -0.02926636 ... -0.01676941 -0.03942871
 -0.01174927]",2,"['따지다', '오프라인', '구매']",따지다 오프라인 구매,1
1502,딱 원하는 바가 있으면 온라인도 괜찮을 것 같아요,"[ 0.02207947  0.03108215 -0.01850891 ... -0.03695679 -0.01782227
 -0.01520538]",2,"['원하다', '온라인', '괜찮다']",원하다 온라인 괜찮다,1
1503,혼수는 오프라인으로 보게 되는 것같아요!ㅎㅎ,"[ 0.02201843  0.02383423 -0.00112534 ... -0.02610779 -0.03701782
 -0.00438309]",2,"['혼수', '오프라인']",혼수 오프라인,2
1504,온라인으로 대략적인 견적가 숙지후 백화점 오프라인으로 발품팔아서 좋은가격인곳으로 했습니다,"[-8.11219215e-05  2.55889893e-02 -3.13110352e-02 ... -3.09753418e-02
 -4.46166992e-02 -1.99890137e-02]",2,"['온라인', '대략', '견적', '숙지', '백화점', '오프라인', '발품', '팔다', '좋다', '가격']",온라인 대략 견적 숙지 백화점 오프라인 발품 팔다 좋다 가격,0
1505,저희는 백허ㅏ점에서 혜택받고 오프라인 했어요!,"[ 0.01293945  0.03320312 -0.0378418  ... -0.01345825 -0.03964233
 -0.0160675 ]",2,"['혜택', '오프라인']",혜택 오프라인,0
1506,오프라인으로 직접 보는게 좋을 것 같아서 큰것들은 오프라인에서 살것 같아용,"[ 0.01003265  0.03244019 -0.02603149 ... -0.02661133 -0.02854919
 -0.01343536]",2,"['오프라인', '좋다', '크다', '오프라인', '살다']",오프라인 좋다 크다 오프라인 살다,1
1507,저는 오프라인으로 하려구여! 직접 대면 상담이 마음이 편안하더라구여,"[-0.00259972  0.02354431 -0.0141449  ... -0.03170776 -0.02076721
  0.00610352]",2,"['오프라인', '직접', '대면', '상담', '마음', '편안']",오프라인 직접 대면 상담 마음 편안,0
1508,저희는 후기위주로 보고 온라인으로 구매했어요!..,"[-0.00320435  0.02101135 -0.02580261 ... -0.02308655 -0.04794312
 -0.02124023]",2,"['후기', '위주', '온라인', '구매']",후기 위주 온라인 구매,1
1509,어떤 분은 쿠팡으로도 사시더라구요! 요즘 잘되어있어서 ㅎㅎ 저는 온라인이 편한 세대라 가능하다면 온라인으로 해보려합니닿ㅎㅎ,"[-0.00881195  0.02537537 -0.01565552 ... -0.03985596 -0.03001404
  0.00039721]",2,"['쿠팡', '사다', '요즘', '온라인', '편하다', '대', '가능', '온라인']",쿠팡 사다 요즘 온라인 편하다 대 가능 온라인,1
1510,온라인 박람회 정말 편하고 유용하죠! 정보 감사해요.,"[ 0.00361443  0.0243988  -0.02441406 ... -0.04269409 -0.03295898
 -0.00410461]",2,"['온라인', '박람회', '편하다', '유용', '정보', '감사']",온라인 박람회 편하다 유용 정보 감사,1
1511,저는 품목 많지 않아서 온라인으로 구매할 예정이에요!,"[-0.00817108  0.03302002 -0.01939392 ... -0.01596069 -0.05078125
 -0.01438141]",2,"['품목', '많다', '온라인', '구매', '예정']",품목 많다 온라인 구매 예정,0
1512,온라인 보다는 오프라인으로 가서 상담 받는게 좋은 것 같아요,"[ 0.00350952  0.0134201  -0.0120163  ... -0.02572632 -0.01992798
 -0.01683044]",2,"['온라인', '오프라인', '상담', '좋다']",온라인 오프라인 상담 좋다,0
1513,"저도 오프라인,온라인 중에 고민중인데 무조건 가성비파라서 오프라인인데도 견적 많이 저렴하셨나봐요!","[-0.01287842  0.03219604 -0.03353882 ... -0.02659607 -0.02145386
  0.00227547]",2,"['오프라인', '온라인', '고민', '가성비', '오프라인', '견적', '저렴하다']",오프라인 온라인 고민 가성비 오프라인 견적 저렴하다,1
1514,오프라인보다는 온라인이 저렴하긴한데 아울렛 가보시는거 추천드려요,"[-0.00209427  0.02233887 -0.02441406 ... -0.02154541 -0.02441406
 -0.00333977]",2,"['오프라인', '온라인', '아울렛', '추천', '드리다']",오프라인 온라인 아울렛 추천 드리다,0
1515,온라인박람회도 너무 유용하게 잘 되어있어서 보기 좋아요~,"[ 0.00769424  0.01425171 -0.01992798 ... -0.03970337 -0.02955627
 -0.00773621]",2,"['온라인', '박람회', '유용', '좋다']",온라인 박람회 유용 좋다,1
1516,온라인으로 견적 바로라니 정말 신세계네요!,"[-0.00121117  0.04458618 -0.00731659 ... -0.03067017 -0.03158569
 -0.00453949]",2,"['온라인', '견적', '신세계']",온라인 견적 신세계,0
1517,와! 오프라인으로 보고사서좋은데 할인까지 좋네여 ㅎㅎ,"[ 0.00092697  0.0324707  -0.02282715 ... -0.03201294 -0.03759766
  0.00241852]",2,"['오프라인', '사다', '좋다', '할인', '좋다']",오프라인 사다 좋다 할인 좋다,2
1518,저희는 전세라서 나중에 이사갈거 생각해서 온라인으로 저렴한거 삿어요,"[ 0.00310516  0.05111694 -0.02279663 ... -0.04226685 -0.04187012
 -0.01965332]",2,"['전세', '이사', '생각', '온라인', '저렴하다', '사다']",전세 이사 생각 온라인 저렴하다 사다,1
1519,저희는 귀차니즘으로인해 온라인통해구매 ㅎㅎ,"[-0.00423813  0.02844238 -0.00785065 ... -0.03308105 -0.04376221
 -0.01450348]",2,"['귀차니즘', '인하', '온라인', '통하다', '구매']",귀차니즘 인하 온라인 통하다 구매,1
1520,온라인이 가격 면에서 압도적으로 싸더라구요,"[ 0.01263428  0.04187012 -0.01586914 ... -0.01844788 -0.02973938
 -0.0149765 ]",2,"['온라인', '가격', '압도', '싸다']",온라인 가격 압도 싸다,1
1521,맞아요 온라인이 가성비좋더라구요! 저렴하지만 최대한 최신으로 사려고 발품손품 팔아용!,"[-0.00956726  0.02819824 -0.03515625 ... -0.02938843 -0.03823853
 -0.0044632 ]",2,"['맞다', '온라인', '가성비', '좋다', '저렴하다', '최신', '사다', '발품', '팔다']",맞다 온라인 가성비 좋다 저렴하다 최신 사다 발품 팔다,1
1522,"품목이 많은 경우는 주로 오프라인 발품, 품목이 몇개 안되는 경우는 온라인이 저렴하다고 하더라구요!","[-0.00709915  0.02241516 -0.0221405  ... -0.0280304  -0.02824402
 -0.01571655]",2,"['품목', '많다', '오프라인', '발품', '품목', '온라인', '저렴하다']",품목 많다 오프라인 발품 품목 온라인 저렴하다,0
1523,매매 아니면 최대한 싸게 온라인으로 할 것 같아요,"[ 0.00031281  0.02832031 -0.01705933 ... -0.03799438 -0.02922058
  0.00202942]",2,"['매매', '싸다', '온라인']",매매 싸다 온라인,1
1524,베스트샵에서 큰거 사고 작은거는 인터넷으로 야금야금 샀어요 ㅎㅎ,"[ 0.0017004   0.02320862 -0.02349854 ... -0.02932739 -0.05010986
 -0.00191307]",2,"['베스트', '크다', '사다', '작다', '인터넷', '사다']",베스트 크다 사다 작다 인터넷 사다,2
1525,백화점은 포인트 쌓을 수 있어 좋다하구 온라인이 저렴하다고 들었어요! 전 두개중에 고민중이에요 ㅠㅠ,"[-0.00170898  0.0173645  -0.02426147 ... -0.04946899 -0.0335083
 -0.00901031]",2,"['백화점', '포인트', '쌓다', '좋다', '온라인', '고민']",백화점 포인트 쌓다 좋다 온라인 고민,2
1526,저 스토어랑 온라인 엄청 비교했는데 온라인이 훨씬 낫습니다 ㅎㅎ,"[ 0.0218811   0.02470398 -0.02703857 ... -0.03890991 -0.03111267
 -0.00679016]",2,"['스토어', '온라인', '비교', '온라인']",스토어 온라인 비교 온라인,1
1527,갯수가 많으면 오프라인 매장 발품팔것같고 적으면 온라인으로 구매할것같아요~ 확실히 온라인이 싸긴 쌀것같습니당,"[ 0.00752258  0.01847839 -0.03414917 ... -0.02627563 -0.02096558
  0.01634216]",2,"['갯수', '많다', '오프라인', '매장', '발품', '팔다', '적다', '온라인', '구매', '온라인', '싸다', '싸다']",갯수 많다 오프라인 매장 발품 팔다 적다 온라인 구매 온라인 싸다 싸다,0
1528,음 저는 매장에서 직접 보고 정해놓고 온라인으로 시킬 거 같아요!,"[ 0.01006317  0.0252533  -0.01195526 ... -0.04290771 -0.02557373
  0.00365067]",2,"['매장', '정하다', '온라인', '시키다']",매장 정하다 온라인 시키다,2
1529,한번에 구입하시는게아니면 온라인이 제일 저렴하고 편해요~!,"[ 0.00443268  0.03991699 -0.02255249 ... -0.0324707  -0.03086853
 -0.00540924]",2,"['구입', '온라인', '편하다']",구입 온라인 편하다,1
1530,저두 오프라인이요! 온라인매물은 허위가 많데요ㅠㅠ,"[-0.009758    0.01931763 -0.03140259 ... -0.04821777 -0.02574158
 -0.01364899]",2,"['오프라인', '온라인', '매물', '허위', '많다']",오프라인 온라인 매물 허위 많다,0
1531,오프라인 먼저 가보고 비슷한 모델로 온라인이어,"[ 0.01462555  0.0188446  -0.00755692 ... -0.01611328 -0.01150513
 -0.00940704]",2,"['오프라인', '모델', '온라인']",오프라인 모델 온라인,1
1532,품목이 적으면 오히려 온라인이 더 싸더라구요~,"[-0.00209045  0.03305054 -0.02793884 ... -0.02481079 -0.02226257
 -0.01192474]",2,"['품목', '적다', '온라인', '싸다']",품목 적다 온라인 싸다,0
1533,매장에서 먼저 견적 받아보시고 온라인을 알아보셔요. 온라인이 더 저렴하면 온라인으로 고고,"[ 0.00301933  0.03564453 -0.03375244 ... -0.04833984 -0.02011108
  0.00572205]",2,"['매장', '견적', '온라인', '알아보다', '온라인', '저렴하다', '온라인', '고고']",매장 견적 온라인 알아보다 온라인 저렴하다 온라인 고고,0
1534,매장.온라인 가격들이 다 달라서 여러 견적받아보시면 좋더라구용 저희는 3군데 봤었네용,"[ 0.00799561  0.01904297 -0.03985596 ... -0.04003906 -0.02333069
  0.01617432]",2,"['매장', '온라인', '가격', '다르다', '견적', '좋다']",매장 온라인 가격 다르다 견적 좋다,0
1535,매장견적 받아보고 온라인도 비교요! 그런데 품목이 얼마 안되면 온라인이 저렴할 가능성이 커요 그래도 실제로 보시고 고르시면 더 좋을듯~,"[ 6.54459000e-05  2.70385742e-02 -3.97033691e-02 ... -4.07714844e-02
 -2.02331543e-02 -3.58581543e-03]",2,"['매장', '견적', '온라인', '비교', '품목', '얼마', '온라인', '가능', '크다', '고르다', '좋다']",매장 견적 온라인 비교 품목 얼마 온라인 가능 크다 고르다 좋다,0
1536,온라인으로 가격을 알아보고 매장 투어 진행 해보면 좋을거같아요!,"[ 0.00222588  0.02478027 -0.03102112 ... -0.04748535 -0.02790833
 -0.00192547]",2,"['온라인', '가격', '알아보다', '매장', '투어', '진행', '좋다']",온라인 가격 알아보다 매장 투어 진행 좋다,0
1537,2개 사실거면 온라인이요!보통 3개 이상부터가 매장이 저렴하더라구여,"[ 0.00455856  0.02529907 -0.02824402 ... -0.03372192 -0.02427673
  0.0096283 ]",2,"['사다', '온라인', '이상', '매장', '저렴하다']",사다 온라인 이상 매장 저렴하다,1
1538,3가지 이상 구매하시는거 아니면 온라인이 더 쌀것같아요!,"[ 0.00036502  0.02401733 -0.03518677 ... -0.02871704 -0.02581787
 -0.00704193]",2,"['이상', '구매', '온라인', '싸다']",이상 구매 온라인 싸다,1
1539,저는 온라인에서 샀어요 ㅎㅎ 훨씬싸고 편하게 구매해서 만족이욤,"[ 0.00414658  0.03182983 -0.03271484 ... -0.0297699  -0.04330444
 -0.0092926 ]",2,"['온라인', '사다', '싸다', '편하다', '구매', '만족']",온라인 사다 싸다 편하다 구매 만족,1
1540,"6개 이상 사신다고 하면 오프라인 견적 많이 받아보시고, 2~3개에서 끝난다면 온라인이 사실 가장 싼데, 오프라인이 더 싼 경우는 전시상품/조그마한스크래치 등 처분할때 가서 보고 사오는 경우 밖에 없습니다. 단, 오프라인, 온라인 모델명이 다른건 잘 보시고온라인 전용상품이 있습니다, 디자인 살짝살짝 다르고 쓸데없는기능 뭐 없고 그런 구매하세요","[-0.00330734  0.02137756 -0.04116821 ... -0.02249146 -0.01031494
  0.02067566]",2,"['이상', '사다', '오프라인', '견적', '끝나다', '온라인', '싸다', '오프라인', '싸다', '전시', '상품', '스크래치', '처분', '사다', '오프라인', '온라인', '모델명', '온라인', '전용', '상품', '디자인', '다르다', '쓸데없다', '기능', '구매']",이상 사다 오프라인 견적 끝나다 온라인 싸다 오프라인 싸다 전시 상품 스크래치 처분 사다 오프라인 온라인 모델명 온라인 전용 상품 디자인 다르다 쓸데없다 기능 구매,1
1541,3품목하실거면 온라인이 저렴한듯 합니다,"[ 0.01971436  0.02546692 -0.03622437 ... -0.02827454 -0.01980591
 -0.01257324]",2,"['품목', '온라인']",품목 온라인,0
1542,네 3개사시는거면 온라인이 무조건 저렴합니다. 오프라인 발품해서 싸게 사시려면 전시제품 노리셔야합니다.,"[-0.01246643  0.02217102 -0.03622437 ... -0.01856995 -0.0242157
  0.00131035]",2,"['사다', '온라인', '저렴하다', '오프라인', '발품', '싸다', '사다', '전시', '제품', '노리다']",사다 온라인 저렴하다 오프라인 발품 싸다 사다 전시 제품 노리다,1
1543,3개정도면 온라인이 더 쌀 수도 있을 것 같아요~ 견적받아보고 비교해보세요~,"[ 0.0085907   0.03117371 -0.0302887  ... -0.04031372 -0.0171814
  0.01190186]",2,"['온라인', '싸다', '견적', '비교']",온라인 싸다 견적 비교,0
1544,네네 그래도 오프라인 혜택이 많을 것 같아서 고민되더라구요 !,"[ 0.00087786  0.03567505 -0.02740479 ... -0.02676392 -0.03268433
 -0.00227737]",2,"['오프라인', '혜택', '많다', '고민']",오프라인 혜택 많다 고민,0
1545,저희는 온라인에서 했는데 만족합니다~!,"[ 0.01557922  0.02615356 -0.02204895 ... -0.03463745 -0.04260254
 -0.01699829]",2,"['온라인', '만족']",온라인 만족,1
1546,오프라인 생각보다 안싸서 온라인으로 샀어요,"[ 0.00609207  0.03253174 -0.03204346 ... -0.00478363 -0.03274536
 -0.02416992]",2,"['오프라인', '생각', '싸다', '온라인', '사다']",오프라인 생각 싸다 온라인 사다,1
1547,온라인이 좋은 것 같아요! 오프라인 비싸요ㅠ,"[ 0.00596619  0.02244568 -0.02970886 ... -0.03433228 -0.02119446
  0.0014019 ]",2,"['온라인', '좋다', '오프라인', '비싸다']",온라인 좋다 오프라인 비싸다,0
1548,저희는 한꺼번에 구입해서 오프라인으로 맞췄어요,"[ 0.01976013  0.04516602 -0.0201416  ... -0.00888062 -0.04403687
 -0.0118103 ]",2,"['구입', '오프라인', '맞추다']",구입 오프라인 맞추다,1
1549,3개만 구입하시는거면 온라인 할인이벤트 활용 하시는걸로 ㅎ,"[-0.00174999  0.01721191 -0.0219574  ... -0.02362061 -0.02305603
  0.00216866]",2,"['구입', '온라인', '할인', '이벤트', '활용']",구입 온라인 할인 이벤트 활용,2
1550,딱 저 3개라면 패키지로 묶을 수 있을지 모르겟네요 오히려 온라인으로 가격비교해서 사는게 더 저렴할 수도 있을 거 같아요!,"[ 0.00992584  0.03042603 -0.03582764 ... -0.02488708 -0.02801514
  0.0031662 ]",2,"['패키지', '묶다', '온라인', '가격', '비교', '사다', '저렴하다']",패키지 묶다 온라인 가격 비교 사다 저렴하다,1
1551,"일단 오프라인가서 상품 구경해보고, 온라인이 저렴하다면 온라인으로 할 예정이에요","[ 0.00162983  0.02928162 -0.02581787 ... -0.03341675 -0.02102661
 -0.0124588 ]",2,"['오프라인', '상품', '구경', '온라인', '저렴하다', '온라인', '예정']",오프라인 상품 구경 온라인 저렴하다 온라인 예정,1
1552,저희는 대부분 오프라인에서 구매했고 식세기는 온라인 이용했습니다,"[ 0.01147461  0.01950073 -0.02032471 ... -0.02893066 -0.04821777
 -0.00672913]",2,"['부분', '오프라인', '구매', '세기', '온라인']",부분 오프라인 구매 세기 온라인,1
1553,온라인에서 가격 비교 후 사는 게 좋을 것 같아요!,"[ 0.00849915  0.03405762 -0.02510071 ... -0.03044128 -0.0350647
 -0.01838684]",2,"['온라인', '가격', '비교', '사다', '좋다']",온라인 가격 비교 사다 좋다,0
1554,마트가 더 비싸서 온라인에서 구매했어요 ㅎㅎ,"[ 0.00812531  0.03762817 -0.01091003 ... -0.02516174 -0.04406738
 -0.00243568]",2,"['마트', '비싸다', '온라인', '구매']",마트 비싸다 온라인 구매,2
1555,3개만 구매하시면 온라인이 더 저렴하고 더 많이 구매하실거면 오프라인이 저렴하다고 하더라구요!,"[ 0.00084734  0.02638245 -0.04193115 ... -0.01831055 -0.02270508
  0.00085354]",2,"['구매', '온라인', '저렴하다', '구매', '오프라인', '저렴하다']",구매 온라인 저렴하다 구매 오프라인 저렴하다,1
1556,온라인 오프라인 다 비교해보고 사려고요,"[ 0.01363373  0.01934814 -0.02656555 ... -0.02923584 -0.03025818
 -0.01366425]",2,"['온라인', '오프라인', '비교', '사다']",온라인 오프라인 비교 사다,1
1557,저는 오프라인으로 가서 직접 보고 구매하는게 좋다고 생각해요,"[ 0.0087204   0.02583313 -0.02145386 ... -0.03466797 -0.03356934
 -0.00657654]",2,"['오프라인', '구매', '좋다', '생각']",오프라인 구매 좋다 생각,0
1558,몇 개만 사시는 거라면 온라인 이벤트가 좋은 것 같아용,"[ 0.00371742  0.02044678 -0.02723694 ... -0.03128052 -0.02639771
 -0.00679779]",2,"['사다', '온라인', '이벤트', '좋다']",사다 온라인 이벤트 좋다,1
1559,저는 온라인에서 대부분 구매했습니다~오프라인이 생각보다 많이 비싸더군요!,"[ 0.00385094  0.02374268 -0.03988647 ... -0.01947021 -0.0355835
 -0.00100803]",2,"['온라인', '부분', '구매', '오프라인', '생각', '비싸다']",온라인 부분 구매 오프라인 생각 비싸다,1
1560,둘다 알아보고 결국 온라인으로 구매했어요,"[ 0.0112915   0.02149963 -0.0267334  ... -0.03060913 -0.03022766
 -0.01553345]",2,"['알아보다', '온라인', '구매']",알아보다 온라인 구매,0
1561,직접 보는 걸 우선 삼아 온라인이랑 비교하면서 정할 것 같아요,"[ 0.00870514  0.02128601 -0.0044632  ... -0.04156494 -0.01242065
 -0.0069809 ]",2,"['삼다', '온라인', '비교', '정하다']",삼다 온라인 비교 정하다,0
1562,저희는 오프라인 구매 예정이에요! 아무래도 상담받고 여러 혜택 받는게 더 조아보여서용,"[ 0.0024395   0.04312134 -0.03109741 ... -0.03204346 -0.03848267
 -0.00753403]",2,"['오프라인', '구매', '예정', '상담', '혜택', '조아', '보이다']",오프라인 구매 예정 상담 혜택 조아 보이다,1
1563,온라인이 좀 더 저렴해서 고민이에요 ㅠ,"[-0.001544    0.03164673 -0.0227356  ... -0.0368042  -0.02166748
 -0.00256348]",2,"['온라인', '저렴하다', '고민']",온라인 저렴하다 고민,1
1564,오프라인이랑 온라인 비교해보고 혜택이 좋거나 저렴한 곳으로 골라보려고해요!,"[ 0.00697327  0.02160645 -0.02760315 ... -0.03884888 -0.03820801
 -0.02151489]",2,"['오프라인', '온라인', '비교', '혜택', '좋다', '저렴하다', '고르다']",오프라인 온라인 비교 혜택 좋다 저렴하다 고르다,0
1565,항상 온라인 오프라인 고민이었는데 정말 감사합니다,"[ 0.01448059  0.02435303 -0.01591492 ... -0.02853394 -0.02354431
 -0.00782776]",2,"['온라인', '오프라인', '고민', '감사']",온라인 오프라인 고민 감사,1
1566,저희는 오프라인 말고 온라인으로 구매해서 사실 가격 비교를 덜 하긴했지만 매장마다 가격이 다르다고는 하네요.,"[ 0.00250435  0.02601624 -0.040802   ... -0.00846863 -0.04052734
 -0.00387192]",2,"['오프라인', '말', '온라인', '구매', '사다', '가격', '비교', '매장', '가격', '다르다']",오프라인 말 온라인 구매 사다 가격 비교 매장 가격 다르다,0
1567,저는 귀찮아서 온라인에서 사려구용 ㅎㅎ,"[-0.01161194  0.02429199 -0.01215363 ... -0.04592896 -0.03491211
 -0.0025959 ]",2,"['귀찮다', '온라인', '사다']",귀찮다 온라인 사다,1
1568,오프라인 매장에서 보고 사는게 더 좋은거 같아요,"[ 0.01383972  0.02838135 -0.02746582 ... -0.0304718  -0.04162598
 -0.00672913]",2,"['오프라인', '매장', '사다', '좋다']",오프라인 매장 사다 좋다,2
1569,오프서 둘러보시고 마음을 정하시는게 좋을거같은데 가격차이가 좀 나나요? 온라인은 어떨까고민되네요,"[ 0.00225258  0.01483917 -0.04190063 ... -0.0411377  -0.01901245
 -0.00318527]",2,"['오프', '둘러보다', '마음', '정하다', '좋다', '가격', '차이', '온라인', '고민']",오프 둘러보다 마음 정하다 좋다 가격 차이 온라인 고민,0
1570,오프서 둘러보고 가격 잘 보고 온라인이 괜찮으면 온라인에서 사고 오프가 괜찮으면 오프에서 사는데 보는건 직접 보는게 좋을것 같아융,"[ 0.0033493   0.01774597 -0.03604126 ... -0.03265381 -0.0199585
 -0.00605011]",2,"['오프', '둘러보다', '가격', '온라인', '괜찮다', '온라인', '사고', '오프', '괜찮다', '오프', '사다', '좋다']",오프 둘러보다 가격 온라인 괜찮다 온라인 사고 오프 괜찮다 오프 사다 좋다,1
1571,저도요! 행사나 혜택 좋은 매장들도 있어서요 저희도 상담 받아보고 인터넷 검색해보고 오프라인 오픈매장 이벤트로 혜택 많이 보구 샀어요!,"[ 0.00740814  0.00859833 -0.0395813  ... -0.03201294 -0.03729248
 -0.00868225]",2,"['행사', '혜택', '좋다', '매장', '상담', '인터넷', '검색', '오프라인', '오픈', '매장', '이벤트', '혜택', '사다']",행사 혜택 좋다 매장 상담 인터넷 검색 오프라인 오픈 매장 이벤트 혜택 사다,2
1572,진빠 역대급으로 견적 잘받으신거 같아요 온라인보다도 훨 싸게 받으신거 같은데! 저도 공유될까요?ㅠ 발품 팔았는데 멘탈만 나가요…,"[-0.00726318  0.03173828 -0.03007507 ... -0.04714966 -0.04226685
  0.00741577]",2,"['역대', '견적', '온라인', '싸다', '공유', '발품', '팔다', '멘탈', '나가다']",역대 견적 온라인 싸다 공유 발품 팔다 멘탈 나가다,0
1573,우선은 정말 매장마다 또 가격이 할인 가가 다를 수가 있어요 발품을 좀 팔아 보시고 좋은 가격 못 찾는다면 온라인이 낫죠.,"[ 0.00783539  0.03015137 -0.03970337 ... -0.0385437  -0.02784729
  0.00164127]",2,"['매장', '가격', '할인', '다르다', '발품', '팔다', '좋다', '가격', '찾다', '온라인']",매장 가격 할인 다르다 발품 팔다 좋다 가격 찾다 온라인,0
1574,"그렇게 구매하시면 온라인이 더 좋을 것 같아요~~ 오프라인은 뭔가 묶어수 판매하려고 하니 가격도 오르고, 굳이 필요없는데 사야하더라구요ㅠㅠ","[ 0.0144577   0.02201843 -0.04223633 ... -0.02661133 -0.03103638
 -0.00713348]",2,"['구매', '온라인', '좋다', '오프라인', '묶다', '판매', '가격', '오르다', '필요', '사다']",구매 온라인 좋다 오프라인 묶다 판매 가격 오르다 필요 사다,1
1575,발품한번 팔고 온라인 가격이랑 비교해보세용,"[ 0.00456619  0.02662659 -0.01421356 ... -0.04214478 -0.03167725
 -0.00506973]",2,"['발품', '팔다', '온라인', '가격', '비교']",발품 팔다 온라인 가격 비교,0
1576,저라면 온라인 가격 선확인 후 오프라인 방문해보는게 좋을 것 같아요! 가격 비교하기 딱 좋을 것 같아요~,"[-0.00174236  0.03048706 -0.03399658 ... -0.03146362 -0.02598572
 -0.00660324]",2,"['온라인', '가격', '확인', '오프라인', '방문', '좋다', '가격', '비교', '좋다']",온라인 가격 확인 오프라인 방문 좋다 가격 비교 좋다,0
1577,"전 오프라인에서 선 가격화인하고 이벤트도 보고, 구매는 온라인으로 할것같아요","[ 0.0102005   0.01525879 -0.03375244 ... -0.01291656 -0.03259277
 -0.01170349]",2,"['오프라인', '가격', '이벤트', '구매', '온라인']",오프라인 가격 이벤트 구매 온라인,0
1578,온라인 오프라인 다 괜찮은것같아요 오프라인은 혼자 비교하고 사야해서 더 부지런해야하는것같아요,"[ 0.00933075 -0.00086355 -0.03756714 ... -0.04043579 -0.02096558
 -0.00497437]",2,"['온라인', '오프라인', '괜찮다', '오프라인', '혼자', '비교', '사다', '부지런']",온라인 오프라인 괜찮다 오프라인 혼자 비교 사다 부지런,0
1579,훔...온라인이랑 오프라인중 어떤걸 사야 현명할지 모르겠네요ㅠㅠ,"[-0.00392532  0.02955627 -0.02313232 ... -0.03833008 -0.02059937
 -0.01100922]",2,"['온라인', '오프라인', '사다', '현명']",온라인 오프라인 사다 현명,1
1580,저도 고민하다가 연말에 온라인몰에서 핫딜하는 걸로샀어요~,"[-0.00212479  0.02359009 -0.03759766 ... -0.03521729 -0.05731201
  0.00386238]",2,"['고민', '연말', '온라인', '사다']",고민 연말 온라인 사다,1
1581,"그래도 오프라인 매장 방문해서 카드혜택, 다품목할인, 기타 등등 비교해보시는 게 좋을 거 같아요~","[ 0.00662613  0.02272034 -0.03105164 ... -0.02433777 -0.03979492
 -0.00201797]",2,"['오프라인', '매장', '방문', '카드', '혜택', '품목', '할인', '기타', '비교', '좋다']",오프라인 매장 방문 카드 혜택 품목 할인 기타 비교 좋다,2
1582,대구 부산에서는 온라인 대리점이 사은품이 더 많을 수 있어요. 비교해보세요!,"[ 4.01139259e-05  1.96533203e-02 -3.19213867e-02 ... -4.01306152e-02
 -4.02832031e-02 -2.50701904e-02]",2,"['대구', '부산', '온라인', '대리점', '사은품', '많다', '비교']",대구 부산 온라인 대리점 사은품 많다 비교,2
1583,백화점이랑 매장 발품 팔아보고 백화점 오프라인 구매했어요,"[ 0.00915527  0.02330017 -0.02186584 ... -0.02955627 -0.06622314
 -0.02116394]",2,"['백화점', '매장', '발품', '팔다', '백화점', '오프라인', '구매']",백화점 매장 발품 팔다 백화점 오프라인 구매,2
1584,구매 품목이 많지 않다면 온라인이 나은 거 같아요! 저는 구독다는 구매가 좋아서 전부 구매로 했습니다,"[-0.00706482  0.01345062 -0.03479004 ... -0.03108215 -0.03518677
  0.00391388]",2,"['구매', '품목', '많다', '온라인', '구독', '구매', '좋다', '구매']",구매 품목 많다 온라인 구독 구매 좋다 구매,0
1585,온라인은 발품팔기 너무 힘들어서 오프라인했습니다,"[ 0.0001353   0.03448486 -0.00959778 ... -0.02833557 -0.03768921
 -0.00967407]",2,"['온라인', '발품', '팔다', '힘들다', '오프라인']",온라인 발품 팔다 힘들다 오프라인,0
1586,많이 산다는 가정하에는 오프라인이 좋다고 생각하지만 그게 아니고 예산이 한정적이라면 인터넷이 훨씬 싸요!,"[-0.00395584  0.02314758 -0.02958679 ... -0.04064941 -0.02676392
  0.00556946]",2,"['사다', '가정', '오프라인', '좋다', '생각', '예산', '한정', '인터넷', '싸다']",사다 가정 오프라인 좋다 생각 예산 한정 인터넷 싸다,1
1587,"온라인에서 사는 게 더 유리할 것 같아요. 오프라인은 혜택이 좋지만 복잡하니까요. 스타일러는 구독이 좋은지 구매가 좋은지는 사용 패턴에 따라 다르긴 한데, 자주 쓸 계획이라면 구매가 나을 수 있어요. 정리해보면 온라인 구입과 구매 추천합니다.","[ 0.00092983  0.02128601 -0.0397644  ... -0.04290771 -0.02624512
  0.00380325]",2,"['온라인', '사다', '유리', '오프라인', '혜택', '좋다', '스타', '구독', '좋다', '구매', '좋다', '패턴', '따르다', '다르다', '쓰다', '계획', '구매', '정리', '온라인', '구입', '구매', '추천']",온라인 사다 유리 오프라인 혜택 좋다 스타 구독 좋다 구매 좋다 패턴 따르다 다르다 쓰다 계획 구매 정리 온라인 구입 구매 추천,1
1588,"온라인이랑 오프라인이랑 취급 모델 자체가 다른 경우도 많아요! 품목이 4개 넘어가면 오프라인, 3이 이하면 단품으로 온라인 나은 것 같아요","[ 0.00697327  0.0093689  -0.02729797 ... -0.0249939  -0.02262878
 -0.01197815]",2,"['온라인', '오프라인', '취급', '모델', '자체', '다르다', '많다', '품목', '넘어가다', '오프라인', '이하', '온라인']",온라인 오프라인 취급 모델 자체 다르다 많다 품목 넘어가다 오프라인 이하 온라인,0
1589,오프라인 발품 팔면 확실히 온라인보다는 싼거같아요!,"[-0.00828552  0.03887939 -0.02232361 ... -0.02030945 -0.03555298
 -0.01338196]",2,"['오프라인', '발품', '팔다', '온라인', '싸다']",오프라인 발품 팔다 온라인 싸다,0
1590,품목이 많지 않으시면 온라인 최저가 찾아서 구매하시는 게 좋아요,"[ 0.00907898  0.01846313 -0.02770996 ... -0.03182983 -0.0345459
 -0.00213814]",2,"['품목', '많다', '온라인', '최저', '찾다', '구매', '좋다']",품목 많다 온라인 최저 찾다 구매 좋다,0
1591,전 돌아다니기 귀찮아서 온라인으로 구매했오요,"[ 0.00843811  0.03570557 -0.02645874 ... -0.02850342 -0.04406738
 -0.01006317]",2,"['돌아다니다', '귀찮다', '온라인', '구매']",돌아다니다 귀찮다 온라인 구매,0
1592,저는 많이 안 살거라 온라인에서 주로 사려고요,"[-0.00222969  0.02662659 -0.01979065 ... -0.02905273 -0.04504395
 -0.01442719]",2,"['사다', '온라인', '사다']",사다 온라인 사다,1
1593,"여러개 구매하는거면 오프라인으로 알아볼 것 같은데, 저흰 두 개 정도 사는거였어서 알아본 바 오프라인이 저렴해서 오프라인으로 샀어요~","[ 0.01166534  0.01864624 -0.05001831 ... -0.02470398 -0.0160675
 -0.002388  ]",2,"['구매', '오프라인', '알아보다', '사다', '알아보다', '오프라인', '오프라인', '사다']",구매 오프라인 알아보다 사다 알아보다 오프라인 오프라인 사다,0
1594,"품목이 많으면 오프라인, 적으면 온라인이 더 저렴하다고 들었어요~!","[-0.00368881  0.02175903 -0.03271484 ... -0.01799011 -0.02728271
 -0.00299835]",2,"['품목', '많다', '오프라인', '적다', '온라인', '저렴하다']",품목 많다 오프라인 적다 온라인 저렴하다,0
1595,오프라인으로 더 좋은 견적을 받아서 오프라인으로 했어요!,"[-0.00475693  0.03909302 -0.02053833 ... -0.02255249 -0.03219604
 -0.01435852]",2,"['오프라인', '좋다', '견적', '오프라인']",오프라인 좋다 견적 오프라인,0
1596,여러 곳 발품 팔아보고 오프라인에서 계약했어요,"[-0.00292969  0.02799988 -0.01540375 ... -0.0255127  -0.03625488
 -0.01966858]",2,"['발품', '팔다', '오프라인', '계약']",발품 팔다 오프라인 계약,0
1597,직접 보기 위해서 일단 오프라인으로 뛰고 가격 견적은 제일 싼 곳으로요 ㅎㅎ,"[-0.0032959   0.02668762 -0.01352692 ... -0.03613281 -0.02209473
  0.00687408]",2,"['위하다', '오프라인', '뛰다', '가격', '견적', '싸다']",위하다 오프라인 뛰다 가격 견적 싸다,0
1598,온라인이 저렴한 건 맞지만 발품 많이 팔면 오프라인도 혜택 좋지 않을까요?,"[-0.0137558   0.03555298 -0.03439331 ... -0.03128052 -0.04122925
  0.00717545]",2,"['온라인', '맞다', '발품', '팔다', '오프라인', '혜택', '좋다']",온라인 맞다 발품 팔다 오프라인 혜택 좋다,0
1599,오프라인에서 발품팔고 온라인이랑 비교중이에요,"[-0.00123692  0.02903748 -0.01928711 ... -0.02006531 -0.04437256
 -0.02233887]",2,"['오프라인', '발품', '팔다', '온라인', '비교']",오프라인 발품 팔다 온라인 비교,0
1600,오프라인으로 견적보고 온라인으로 구매했어요,"[ 0.00694656  0.03500366 -0.01766968 ... -0.0194397  -0.04415894
 -0.0171051 ]",2,"['오프라인', '견적', '보다', '온라인', '구매']",오프라인 견적 보다 온라인 구매,0
1601,인터넷이 싸긴쌀거같아요 ㅎㅎ 근데 막 형번 한두개로 좀 다르고 이런게 있어서 매장에서 꼼꼼히보고 구매하셔야할듯 합니다 ㅎㅎ,"[ 0.00183201  0.01960754 -0.03393555 ... -0.02131653 -0.01860046
  0.02258301]",2,"['인터넷', '싸다', '싸다', '다르다', '매장', '구매']",인터넷 싸다 싸다 다르다 매장 구매,2
1602,한번에 여러개 구입하면 매장이 훨씬저렴하다고하긴하는데 저는 인터넷에서 하려구요!,"[-0.00289536  0.03074646 -0.0355835  ... -0.03149414 -0.03274536
  0.01637268]",2,"['구입', '매장', '저렴하다', '인터넷']",구입 매장 저렴하다 인터넷,2
1603,온라인과 오프라인 가격 비교가 더 필요할 것 같아요. 다른 정보가 있으면 공유해주세요!,"[ 0.00268936  0.01460266 -0.03546143 ... -0.03424072 -0.03077698
 -0.00749588]",2,"['온라인', '오프라인', '가격', '비교', '필요', '정보', '공유']",온라인 오프라인 가격 비교 필요 정보 공유,0
1604,"온라인 대리점이 사은품이 더 많다는 점, 잊지 않겠습니다.","[ 0.00486755  0.02679443 -0.0262146  ... -0.03521729 -0.06445312
 -0.01047516]",2,"['온라인', '대리점', '사은품', '많다', '잊다']",온라인 대리점 사은품 많다 잊다,2
1605,백화점 비싸서 전문매장이랑 온라인 구매했어요,"[ 0.01609802  0.02996826 -0.02770996 ... -0.02989197 -0.05133057
 -0.00595474]",2,"['백화점', '비싸다', '전문', '매장', '온라인', '구매']",백화점 비싸다 전문 매장 온라인 구매,2
1606,저는 신제품으로 맞출 생각은 없어서 백화점 말고 그냥 인터넷으로 주문했어요,"[-0.00058985  0.01454926 -0.02319336 ... -0.02432251 -0.04638672
  0.00409698]",2,"['제품', '맞추다', '생각', '백화점', '말', '인터넷', '주문']",제품 맞추다 생각 백화점 말 인터넷 주문,2
1607,저는 오프라인 투어해보긴 할건데 비교해보고 온라인으로 구매할거 같기도해요!,"[-0.00943756  0.01435089 -0.02838135 ... -0.04272461 -0.04278564
 -0.01493835]",2,"['오프라인', '투어', '비교', '온라인', '구매']",오프라인 투어 비교 온라인 구매,0
1608,전 가성비로 맞춰서 대부분 온라인에서 구매했슴당,"[ 0.00830078  0.02484131 -0.03173828 ... -0.02372742 -0.03164673
 -0.00392151]",2,"['가성비', '맞추다', '온라인', '구매']",가성비 맞추다 온라인 구매,1
1609,온라인이 제일 저렴하다고 해서 비교하면서 보고있어요!,"[-0.00222206  0.03347778 -0.02064514 ... -0.02359009 -0.03475952
 -0.01172638]",2,"['온라인', '저렴하다', '비교']",온라인 저렴하다 비교,1
1610,저는 오프라인 전자렌드에서 구매했어요~,"[-0.00547028  0.00918579 -0.01652527 ... -0.02105713 -0.0446167
 -0.02287292]",2,"['오프라인', '전자', '구매']",오프라인 전자 구매,0
1611,오 저도 패키지 가격 좋다고 생각하고 오프라인도 가봐야지 했는데 오프라인보다 훨 좋은건가용!?,"[-0.00050592  0.0145874  -0.04672241 ... -0.02020264 -0.02645874
  0.00453186]",2,"['패키지', '가격', '좋다', '생각', '오프라인', '오프라인', '좋다']",패키지 가격 좋다 생각 오프라인 오프라인 좋다,0
1612,"온라인 모델로 득템하신 워시타워라니, 정말 뿌듯하시겠어요!","[-4.89950180e-05  2.60925293e-02 -2.38800049e-02 ... -2.92663574e-02
 -3.54919434e-02  1.89685822e-03]",2,"['온라인', '모델', '득템', '워시타워']",온라인 모델 득템 워시타워,1
1613,패키지로 사면 할인 폭이 커서 오프라인이 낫고 한두개 살거면 온라인이 나은거 같애요,"[ 0.01039124  0.02450562 -0.04220581 ... -0.02928162 -0.02842712
  0.00735092]",2,"['패키지', '사다', '할인', '크다', '오프라인', '사다', '온라인']",패키지 사다 할인 크다 오프라인 사다 온라인,1
1614,저희는 온라인으로 세일할 때 구매했어요!,"[ 0.00188541  0.02578735 -0.02813721 ... -0.02171326 -0.04803467
 -0.01829529]",2,"['온라인', '세일', '구매']",온라인 세일 구매,1
1615,"비교해봐야되고, 오프라인도 다르더라구요~! 매번 혜택이 다른거같아요ㅠ 그리고 직영점가세요!","[-0.00163174  0.00324249 -0.026474   ... -0.03738403 -0.02548218
 -0.00438309]",2,"['비교', '오프라인', '다르다', '혜택', '다르다', '직영점']",비교 오프라인 다르다 혜택 다르다 직영점,0
1616,저는 오프라인에서 한번에 다 구매했어요~ 구매항목이 많을수록 할인폭이 늘어나요~,"[-4.86969948e-05  1.32141113e-02 -2.98309326e-02 ... -1.83258057e-02
 -3.51867676e-02 -6.66618347e-04]",2,"['오프라인', '구매', '구매', '항목', '많다', '할인', '늘어나다']",오프라인 구매 구매 항목 많다 할인 늘어나다,2
1617,다들 답변 감사합니다! 오프라인에서 묶어서 구매해야겠네요!,"[-0.00021279  0.02262878 -0.03421021 ... -0.02124023 -0.03424072
  0.00255203]",2,"['답변', '감사', '오프라인', '묶다', '구매']",답변 감사 오프라인 묶다 구매,1
1618,온라인 박람회 후기 덕분에 방향이 잡히네요!,"[-0.01287079  0.0008688  -0.02264404 ... -0.02481079 -0.0287323
 -0.01363373]",2,"['온라인', '박람회', '후기', '덕분', '방향', '잡히다']",온라인 박람회 후기 덕분 방향 잡히다,1
1619,온라인 박람회 잘 되어있어서 좋아요 고를게 많아서 저도 고민 많이 하다가 결정 한것 같아요 정보 쪽지 보내드렸으니 확인해주세요,"[-0.00711441 -0.00281334 -0.03292847 ... -0.03863525 -0.01914978
 -0.00606537]",2,"['온라인', '박람회', '좋다', '고르다', '많다', '고민', '결정', '정보', '쪽지', '보내다', '확인']",온라인 박람회 좋다 고르다 많다 고민 결정 정보 쪽지 보내다 확인,0
1620,헉 일단 품목 많으면 오프라인으로 발품파시는게 더 저렴해요. 견적 여기저기 받아보면 엄청 싸져요~ 한두개 살때 온라인구매요!,"[-0.01678467  0.03152466 -0.02929688 ... -0.02790833 -0.02839661
  0.00621414]",2,"['품목', '많다', '오프라인', '발품', '파', '저렴하다', '견적', '여기저기', '싸다', '사다', '온라인', '구매']",품목 많다 오프라인 발품 파 저렴하다 견적 여기저기 싸다 사다 온라인 구매,0
1621,품목이 많으면 오프라인매장에서 상담받구 할인받는게 더 혜택이 클거에용! 온라인은 직접 못보구 사는것도있구 다 따로사야하니까 요~!,"[-0.00076771  0.0224762  -0.04077148 ... -0.02824402 -0.02484131
 -0.00286293]",2,"['품목', '많다', '오프라인', '매장', '상담', '할인', '혜택', '크다', '온라인', '사다', '사다']",품목 많다 오프라인 매장 상담 할인 혜택 크다 온라인 사다 사다,2
1622,"품목 많으면 매장가서 사는게 더 저렴하구, 품목이 적으면 인터넷으로 사는게 훨씬 저렴합니다.","[ 0.00130463  0.03109741 -0.02488708 ... -0.02587891 -0.04104614
  0.01076508]",2,"['품목', '많다', '매장', '사다', '품목', '적다', '인터넷', '사다', '저렴하다']",품목 많다 매장 사다 품목 적다 인터넷 사다 저렴하다,2
1623,온라인보다 매장에서 더 저렴하게했어요!,"[ 0.01468658  0.02947998 -0.02386475 ... -0.02230835 -0.04025269
 -0.01357269]",2,"['온라인', '매장', '저렴하다']",온라인 매장 저렴하다,1
1624,많이 구매하는거 아니고 단품으로 하나씩 장만하는거면 인터넷이싼데 많이 살거면 매장에서 사는게 쌀수도있어요. 출시일자나 제품 품번? 이런거 잘보고 구입하세요!,"[ 0.01319885  0.01516724 -0.04116821 ... -0.026474   -0.02966309
  0.00307083]",2,"['구매', '장만', '인터넷', '싸다', '살다', '매장', '사다', '싸다', '출시', '일자', '제품', '구입']",구매 장만 인터넷 싸다 살다 매장 사다 싸다 출시 일자 제품 구입,1
1625,오프라인 견적 넣어보고 온라인으로 구매하는 분들도 있더라구요!,"[-0.00701904  0.03753662 -0.02157593 ... -0.02653503 -0.03591919
 -0.01705933]",2,"['오프라인', '견적', '넣다', '온라인', '구매']",오프라인 견적 넣다 온라인 구매,0
1626,저는 온라인이 저렴하긴 했는데 오프라인으로 다 맞췄습니다.,"[-0.00351715  0.02363586 -0.03872681 ... -0.01234436 -0.03143311
 -0.00938416]",2,"['온라인', '오프라인', '맞추다']",온라인 오프라인 맞추다,1
1627,오프라인 발품 팔으려고요~ 직접 보고 얘기나누는게 믿음이 가서요 ㅎㅎ,"[-0.00844574  0.04006958 -0.01065063 ... -0.02935791 -0.02220154
 -0.01241302]",2,"['오프라인', '발품', '팔다', '얘기', '나누다', '믿음']",오프라인 발품 팔다 얘기 나누다 믿음,0
1628,저도 이사 앞두고 계속 고민되더라고요 오프라인 가서 상담은 한번 받아보려구요,"[-0.00506973  0.03744507 -0.01044464 ... -0.05566406 -0.02519226
  0.00522614]",2,"['이사', '앞두다', '고민', '오프라인', '상담']",이사 앞두다 고민 오프라인 상담,0
1629,인터넷이 가격이 조금 더 싸도 혜택이나 이런거 했을때 오프라인이 많이 주는것 같더라구요!,"[-0.00705719  0.01957703 -0.02124023 ... -0.03710938 -0.02879333
 -0.01361847]",2,"['인터넷', '가격', '싸다', '혜택', '오프라인']",인터넷 가격 싸다 혜택 오프라인,2
1630,저는 발품 팔아보고 온라인이랑 비교해요!,"[-0.00429916  0.01351166 -0.01474762 ... -0.03674316 -0.04541016
 -0.01582336]",2,"['발품', '팔다', '온라인', '비교']",발품 팔다 온라인 비교,0
1631,오프라인으로 발품팔면서 돌아다니기요! 저도 부탁드립니다 ><,"[-0.01667786  0.03686523 -0.01754761 ... -0.03497314 -0.03833008
 -0.01239014]",2,"['오프라인', '발품', '팔다', '돌아다니다', '부탁', '드리다']",오프라인 발품 팔다 돌아다니다 부탁 드리다,0
1632,오픈 매장이나 인터넷이 저렴하긴 하더라구요. 여기저기 비교해 보고 잘 구매하시길 바래요,"[ 0.00312805  0.01173401 -0.03091431 ... -0.03445435 -0.03433228
 -0.00650406]",2,"['오픈', '매장', '인터넷', '여기저기', '비교', '구매', '바래다']",오픈 매장 인터넷 여기저기 비교 구매 바래다,2
1633,매장가서 직접 보고 공식몰 통해서 구매!,"[ 0.00954437  0.01896667 -0.00500107 ... -0.0317688  -0.04501343
  0.00835419]",2,"['매장', '보다', '공식', '통하다', '구매']",매장 보다 공식 통하다 구매,1
1634,인터넷으로 가격좀 보고 매장으로 갈거같아요!,"[ 0.00231361  0.0289917  -0.02813721 ... -0.0380249  -0.0319519
  0.00798798]",2,"['인터넷', '가격', '매장']",인터넷 가격 매장,2
1635,저는 방문해서 오프라인으로 구매할것 같아요! 근데 오프라인 구매전에 미리 견적 받고 그리고 온라인 비교는 필수로 해서용,"[-0.01032257  0.0340271  -0.02455139 ... -0.03811646 -0.03552246
 -0.01039124]",2,"['방문', '오프라인', '구매', '오프라인', '구매', '견적', '온라인', '비교', '필수']",방문 오프라인 구매 오프라인 구매 견적 온라인 비교 필수,0
1636,전 온라인으로 그냥 필요한거만 구매햇어요,"[ 0.00978088  0.02713013 -0.01974487 ... -0.01035309 -0.03149414
 -0.02157593]",2,"['온라인', '필요', '구매']",온라인 필요 구매,1
1637,저희는 오프라인에서 구입했는데 온라인 구매도 나쁘지 않은 거 같아요!,"[ 0.00463867  0.01959229 -0.04244995 ... -0.01332855 -0.05517578
 -0.01485443]",2,"['오프라인', '구입', '온라인', '구매', '나쁘다']",오프라인 구입 온라인 구매 나쁘다,1
1638,저는 오프라인으로 알아보다가도 온라인으로 사게 된느거같아요 ㅠㅠ,"[-0.00983429  0.02609253 -0.02177429 ... -0.0243988  -0.02832031
 -0.01635742]",2,"['오프라인', '알아보다', '온라인', '사다']",오프라인 알아보다 온라인 사다,1
1639,견적 내보고 비교해서 세일때 더 저렴하면 온라인으로 살것같아요!,"[-0.00346756  0.03051758 -0.03515625 ... -0.03723145 -0.037323
 -0.00938416]",2,"['견적', '내다', '비교', '세일', '저렴하다', '온라인', '사다']",견적 내다 비교 세일 저렴하다 온라인 사다,1
1640,상황마다 다른 것 같아요! 정보 습득력도 좋고 그러면 온라인도 괜찮은데 잘 모르고 그러면 오프라인 매장에서 직원 설명 듣는 것도 좋더라구요~! 그리고 요즘은 오프라인에서만 하는 할인 행사도 많아서 오프라인 매장도 가보시는 걸 추천합니다,"[-5.83529472e-05  2.87818909e-03 -2.60925293e-02 ... -3.15246582e-02
 -1.28021240e-02  1.27182007e-02]",2,"['상황', '다르다', '정보', '습득', '좋다', '온라인', '괜찮다', '그러다', '오프라인', '매장', '직원', '설명', '좋다', '요즘', '오프라인', '할인', '행사', '많다', '오프라인', '매장', '추천']",상황 다르다 정보 습득 좋다 온라인 괜찮다 그러다 오프라인 매장 직원 설명 좋다 요즘 오프라인 할인 행사 많다 오프라인 매장 추천,2
1641,저도 오프라인에서 한번 상담 해 보시고 결정 해 보는 게 더 좋으실 거 같애요,"[-0.00467682  0.02906799 -0.01683044 ... -0.03521729 -0.00557709
 -0.00519562]",2,"['오프라인', '상담', '결정', '좋다']",오프라인 상담 결정 좋다,0
1642,오프라인도 대략적으로 어느정도 금액대 나오는지 한번 확인해보셔요 !,"[-0.00489807  0.03022766 -0.02905273 ... -0.02062988 -0.02293396
 -0.00626755]",2,"['오프라인', '대략', '금액', '나오다', '확인']",오프라인 대략 금액 나오다 확인,1
1643,인터넷이 제일 싸게 구매하는거더라구요! 그래도 비교할겸 오프라인 견적도 한번 받아보세요!,"[-0.00732422  0.02862549 -0.03384399 ... -0.03161621 -0.03427124
  0.00987244]",2,"['인터넷', '싸다', '구매', '비교', '오프라인', '견적']",인터넷 싸다 구매 비교 오프라인 견적,0
1644,"온라인으로 구매했고, 살다가 필요한 것들은 당근으로도 샀어요 ㅎㅎ","[ 0.00829315  0.0383606  -0.02502441 ... -0.02572632 -0.04541016
 -0.01792908]",2,"['온라인', '구매', '살다', '필요', '당근', '사다']",온라인 구매 살다 필요 당근 사다,1
1645,대부분 오프라인 하이마트에서 구매했어여,"[ 0.00457764  0.01739502 -0.02476501 ... -0.02557373 -0.04220581
  0.00756454]",2,"['부분', '오프라인', '하이마트', '구매']",부분 오프라인 하이마트 구매,1
1646,오프라인 온라인 비교해보고 싼데서 사려구요!,"[-0.00118542  0.02815247 -0.02864075 ... -0.02758789 -0.02915955
 -0.02033997]",2,"['오프라인', '온라인', '비교', '싸다', '사다']",오프라인 온라인 비교 싸다 사다,1
1647,엄청 많이 구매하는게 아니면 오프라인보다온라인이 더 싸더라구요~,"[-0.00335884  0.03491211 -0.02757263 ... -0.01585388 -0.02572632
 -0.01780701]",2,"['구매', '오프라인', '온라인', '싸다']",구매 오프라인 온라인 싸다,1
1648,하이마트에서 세트로 사니까 LG매장보다 쌌어요 몇백만원차이 나더라고요,"[ 0.00509644  0.02485657 -0.03314209 ... -0.03894043 -0.04629517
  0.00684357]",2,"['하이마트', '세트', '사다', '매장', '싸다', '차이']",하이마트 세트 사다 매장 싸다 차이,2
1649,오프라인이나 백화점 둘다 견적받아서 저렴한곳에서 구매할거같아요,"[ 0.00263977  0.02017212 -0.03363037 ... -0.03210449 -0.03997803
 -0.00811768]",2,"['오프라인', '백화점', '견적', '저렴하다', '구매']",오프라인 백화점 견적 저렴하다 구매,0
1650,저희는 전부 구매하지 않아서 필요한것만 온라인으로 구매했어요~,"[ 0.01026154  0.03237915 -0.0322876  ... -0.00657654 -0.05160522
 -0.02359009]",2,"['구매', '필요', '온라인', '구매']",구매 필요 온라인 구매,1
1651,백화점이 더 저렴한 경우도 있군요...? 온라인은 제품이 조금 다르다고 했지만 저렴해서 온라인으로 샀어용ㅎㅎ,"[-0.00372696  0.02680969 -0.03515625 ... -0.02990723 -0.03030396
 -0.01634216]",2,"['백화점', '저렴하다', '온라인', '제품', '다르다', '온라인', '사다']",백화점 저렴하다 온라인 제품 다르다 온라인 사다,1
1652,저희는 임직원몰 이용해서 온라인으로 구매했습니다!,"[-0.00613785  0.02545166 -0.02290344 ... -0.01760864 -0.06088257
 -0.00768661]",2,"['임직원', '온라인', '구매']",임직원 온라인 구매,1
1653,말씀하신대로 가성비면에서는 공홈이지만 한번사는거 오래쓸생각이면 국산이인기많죠 오프라인은 여러개맞출경우 추가혜택있구요,"[ 0.01144409  0.01413727 -0.0380249  ... -0.03158569 -0.02702332
  0.0116806 ]",2,"['말씀', '가성비', '사다', '쓰다', '생각', '국산', '인기', '많다', '오프라인', '맞추다', '추가', '혜택']",말씀 가성비 사다 쓰다 생각 국산 인기 많다 오프라인 맞추다 추가 혜택,2
1654,온라인제품도 문제없는거죠? 모두 같은 as서비스가 가능하다고 하더라거요,"[ 0.00595856  0.00481796 -0.01824951 ... -0.02828979 -0.02861023
  0.0058136 ]",2,"['온라인', '제품', '문제', '서비스', '가능', '그다']",온라인 제품 문제 서비스 가능 그다,2
1655,아 정말요?.. 오프라인에서 맞추면 싸다는 이유가뭘까요 구럼..,"[-0.00222397  0.04391479 -0.037323   ... -0.01557922 -0.01374054
 -0.02246094]",2,"['오프라인', '맞추다', '싸다', '이유']",오프라인 맞추다 싸다 이유,2
1656,저희는 3년뒤 이사할때 새로 살 생각으루 싹 저렴한걸루 온라인구매했어용 ㅎㅎ,"[-0.0019989   0.04095459 -0.02690125 ... -0.0486145  -0.03637695
 -0.01013947]",2,"['이사', '사다', '생각', '저렴하다', '온라인', '구매']",이사 사다 생각 저렴하다 온라인 구매,1
1657,혹시 온라인으로 구매는 비추천하시는 이유가 뭔지 여쭤봐도 될까요?,"[-0.00571442  0.02755737 -0.03701782 ... -0.04467773 -0.03475952
 -0.0272522 ]",2,"['온라인', '구매', '추천', '이유', '여쭈다']",온라인 구매 추천 이유 여쭈다,1
1658,품목이 꽤 되시는데 이런경우 가서 견적받아보면 대부분 할인이 많이 돼요! 온라인 단품구매는 1-2개 정도 소수로 사는경우 많이들 선택하시는거같구여,"[ 0.00596237  0.03305054 -0.03007507 ... -0.03010559 -0.02719116
  0.00191689]",2,"['품목', '견적', '부분', '할인', '온라인', '구매', '소수', '사다', '선택']",품목 견적 부분 할인 온라인 구매 소수 사다 선택,0
1659,저는 우선 매장 가서 실물 먼저 보려구요. 그 이후에 온라인이랑 가격 비교해보구용,"[ 0.00572586  0.01608276 -0.02508545 ... -0.040802   -0.02108765
 -0.00497437]",2,"['매장', '실물', '이후', '온라인', '가격', '비교']",매장 실물 이후 온라인 가격 비교,1
1660,한번에 다 맞추는건 오프라인이 더 저렴한걸로 알고있어요! 근처에 신규 오픈매장 있으면 가보시는 것도 추천이에요!,"[ 0.01469421  0.0239563  -0.03421021 ... -0.03295898 -0.02105713
  0.01495361]",2,"['맞추다', '오프라인', '저렴하다', '근처', '신규', '오픈', '매장', '추천']",맞추다 오프라인 저렴하다 근처 신규 오픈 매장 추천,2
1661,저희는 백화점이나 로드샵 발품 팔아서 견적 비교하고 구매했어요,"[ 0.01773071  0.01513672 -0.01608276 ... -0.03863525 -0.05288696
 -0.00752258]",2,"['백화점', '로드', '발품', '팔다', '견적', '비교', '구매']",백화점 로드 발품 팔다 견적 비교 구매,0
1662,온라인 박람회를 이제서야 알았네요~ 이미 오프로 진행중이지만~ㅎ,"[-0.01991272  0.02326965 -0.02653503 ... -0.02955627 -0.03216553
 -0.01820374]",2,"['온라인', '박람회', '이제', '진행']",온라인 박람회 이제 진행,0
1663,온라인 박람회 너무 간편하고 좋은 것 같아요,"[ 0.00685501  0.0216217  -0.01286316 ... -0.04208374 -0.02841187
 -0.00138283]",2,"['온라인', '박람회', '간편하다', '좋다']",온라인 박람회 간편하다 좋다,1
1664,오프라인 다녀온 사람으로 온라인이 있는지는 몰랐네요! 유용한 정보 감사해요👍🏻,"[-0.00309563  0.019104   -0.01809692 ... -0.02732849 -0.02113342
 -0.00170994]",2,"['오프라인', '다녀오다', '사람', '온라인', '유용', '정보', '감사']",오프라인 다녀오다 사람 온라인 유용 정보 감사,0
1665,온라인 박람회 알아보기쉬워서 좋더라구요,"[ 0.00371933  0.00622177 -0.02244568 ... -0.03829956 -0.01914978
 -0.00776672]",2,"['온라인', '박람회', '알아보다', '좋다']",온라인 박람회 알아보다 좋다,0
1666,전 오프라인으로 이미 갔다왔지만 온라인으러 미리 견적내봤다면 더 좋았을 거 같네용,"[-0.00197601  0.03448486 -0.02827454 ... -0.03518677 -0.03167725
  0.00338936]",2,"['오프라인', '온라인', '견적', '내다', '좋다']",오프라인 온라인 견적 내다 좋다,0
1667,아직 오프라인 안 갔는데 그전에 한번 온라인 해봐야겠어요 있는지 몰랐네요! 감사합니다,"[-0.00168514  0.02018738 -0.01980591 ... -0.03686523 -0.02412415
 -0.00331879]",2,"['오프라인', '온라인', '감사']",오프라인 온라인 감사,1
1668,다이렉트 온라인으로 볼 수 있는 게 장점 같아요,"[ 0.01115417  0.02381897 -0.00965881 ... -0.03335571 -0.02618408
  0.0024929 ]",2,"['다이렉트', '온라인', '장점']",다이렉트 온라인 장점,0
1669,온라인으로 가지도 않고 견적 받을수있어서 좋네요👍,"[ 0.00272369  0.03689575 -0.01953125 ... -0.03994751 -0.03689575
 -0.002285  ]",2,"['온라인', '견적', '좋다']",온라인 견적 좋다,0
1670,둘 다 견적 뽑아서 비교해봤는데 오프라인에서 한번에 구입하는게 배송도 편하고 싸더라구욤,"[-0.00099468  0.02409363 -0.02709961 ... -0.02377319 -0.03695679
  0.00075054]",2,"['견적', '비교', '오프라인', '구입', '배송', '편하다', '싸다']",견적 비교 오프라인 구입 배송 편하다 싸다,1
1671,저도 온라인 통해 대부분 다 구매했어요ㅎㅎ,"[ 0.0020504   0.02301025 -0.01774597 ... -0.02308655 -0.04193115
  0.00429535]",2,"['온라인', '통하다', '부분', '구매']",온라인 통하다 부분 구매,1
1672,품목이 많으면 오프라인으로 가고 품목이 적으면 온라인으로 구매하는 것도 괜찮은 거 같아요!,"[-0.00571823  0.01757812 -0.02810669 ... -0.02600098 -0.0355835
 -0.00331116]",2,"['품목', '많다', '오프라인', '품목', '적다', '온라인', '구매', '괜찮다']",품목 많다 오프라인 품목 적다 온라인 구매 괜찮다,0
1673,오프로 보고 온라인으로 하는게 굿일듯해요,"[ 0.01189423  0.02563477 -0.01638794 ... -0.04040527 -0.0140686
 -0.00445557]",2,"['오프', '온라인', '좋다']",오프 온라인 좋다,1
1674,오프라인으로 여러곳 가보고 견적 젤 괜찮은곳으로요!,"[-0.00330925  0.03347778 -0.02928162 ... -0.03909302 -0.02464294
 -0.00490952]",2,"['오프라인', '견적', '괜찮다']",오프라인 견적 괜찮다,0
1675,오프라인 다 알아보고 결국 온라인햇어요 가격차이가 ㅎㅎ,"[ 0.00016856  0.03039551 -0.02272034 ... -0.02426147 -0.02542114
 -0.002882  ]",2,"['오프라인', '알아보다', '온라인', '가격', '차이']",오프라인 알아보다 온라인 가격 차이,0
1676,큰 돈이 나가는거라 오프라인으로 직접 상담하시는게 더 좋을 것 같아요.,"[-0.00448608  0.02575684 -0.02226257 ... -0.03677368 -0.02236938
 -0.00177574]",2,"['크다', '나가다', '오프라인', '상담', '좋다']",크다 나가다 오프라인 상담 좋다,0
1677,온라인 오프라인 둘 다 알아보는게 좋은것같아요,"[ 0.0118103   0.00912476 -0.02508545 ... -0.03640747 -0.00992584
 -0.0149231 ]",2,"['온라인', '오프라인', '알아보다', '좋다']",온라인 오프라인 알아보다 좋다,0
1678,온오프라인 비교해봣고 적절히 섞어서 구매했어용,"[ 0.02043152  0.02178955 -0.01574707 ... -0.0129776  -0.02748108
 -0.01281738]",2,"['오프라인', '비교', '섞다', '구매']",오프라인 비교 섞다 구매,1
1679,저희는 오프라인에서 보고 온라인으로 구매하는게 좋지 않을까 싶어서 일단 오프라인으로 요래조래 돌아다니면서 보고 있습니다,"[ 0.00030017  0.03262329 -0.02532959 ... -0.03494263 -0.04248047
 -0.01474762]",2,"['오프라인', '온라인', '구매', '좋다', '오프라인', '돌아다니다']",오프라인 온라인 구매 좋다 오프라인 돌아다니다,0
1680,저희도 구경은 가서 하고 구매는 온라인 했어용,"[ 0.00254631  0.03585815 -0.00866699 ... -0.02539062 -0.03805542
 -0.01328278]",2,"['구경', '구매', '온라인']",구경 구매 온라인,1
1681,저도 온라인 오프라인 비교해보고 온라인으로 주문했어요~~,"[ 0.00122833  0.01861572 -0.00897217 ... -0.02282715 -0.03414917
 -0.01930237]",2,"['온라인', '오프라인', '비교', '온라인', '주문']",온라인 오프라인 비교 온라인 주문,1
1682,오프라인으로 보고 가격 비교해서 온라인이 저렴하면 온라인으로 구매 하려고해요,"[ 0.00267601  0.03007507 -0.03062439 ... -0.02154541 -0.03056335
 -0.02726746]",2,"['오프라인', '가격', '비교', '온라인', '온라인', '구매']",오프라인 가격 비교 온라인 온라인 구매,0
1683,품목 적으면 온라인 낱개로 사는게 저렴해요. 근데 품목 많아질수록 혼수혜택 받는게 최고인거같아요. 배송일 걱정 할 필요도 없고,"[ 0.0071106   0.02075195 -0.02645874 ... -0.02612305 -0.04031372
  0.01067352]",2,"['품목', '적다', '온라인', '낱개', '사다', '저렴하다', '품목', '많다', '혼수', '혜택', '최고', '배송', '걱정', '필요']",품목 적다 온라인 낱개 사다 저렴하다 품목 많다 혼수 혜택 최고 배송 걱정 필요,2
1684,저도 다품목이라 오프라인으로 구매했어용,"[ 0.00149441  0.02259827 -0.02911377 ... -0.01435089 -0.04443359
 -0.01296234]",2,"['품목', '오프라인', '구매']",품목 오프라인 구매,0
1685,온라인이 가격 비교하기 더 쉬워서 온라인이요!,"[ 0.0042038   0.02723694 -0.020401   ... -0.02609253 -0.02337646
 -0.0213623 ]",2,"['온라인', '가격', '비교', '온라인']",온라인 가격 비교 온라인,0
1686,저희는 개수가 많지 않다보니 온라인이 더 저렴해서 온라인으로 구매했어요~,"[ 0.0030117   0.03610229 -0.02839661 ... -0.01867676 -0.04107666
 -0.01771545]",2,"['개수', '많다', '온라인', '저렴하다', '온라인', '구매']",개수 많다 온라인 저렴하다 온라인 구매,0
1687,저는 오프라인으로 가서 견접하다 보고 결정 했습니다. 만족해요.,"[ 0.01093292  0.01994324 -0.02224731 ... -0.03025818 -0.03543091
  0.00374031]",2,"['오프라인', '접하다', '결정', '만족']",오프라인 접하다 결정 만족,0
1688,"혼수를 많이 구매하는편이 아니라, 온라인으로 했어요 ㅠ 많이사면 오프라인이 싼데, 몇개안사니까 온라인이 더 싼것같더라고요","[ 0.01698303  0.01679993 -0.02667236 ... -0.01763916 -0.02745056
 -0.0008502 ]",2,"['혼수', '구매', '온라인', '사다', '오프라인', '싸다', '사다', '온라인', '싸다']",혼수 구매 온라인 사다 오프라인 싸다 사다 온라인 싸다,1
1689,오프라인으로 보면서 온라인이랑 비교는 해볼 것 같아요. 그래도 많이 차이나는 거 아니면 오프라인이 왠지 좀 더 믿음직스러운 느낌이에요ㅋㅋ,"[-0.00310898  0.01264954 -0.01948547 ... -0.03610229 -0.02088928
 -0.01615906]",2,"['오프라인', '온라인', '비교', '차이', '오프라인', '느낌']",오프라인 온라인 비교 차이 오프라인 느낌,0
1690,오프라인 2곳 온라인 3곳 견적받고 결국 온라인했아오,"[ 0.00514603  0.02879333 -0.02374268 ... -0.03378296 -0.02613831
 -0.00302124]",2,"['오프라인', '온라인', '견적', '온라인']",오프라인 온라인 견적 온라인,0
1691,둘다 비교해볼것 같아요ㅜ 점바점도 있고 온라인은 쿠폰도 있으니까요,"[ 0.02095032  0.01006317 -0.02449036 ... -0.05316162 -0.03302002
 -0.01465607]",2,"['비교', '온라인', '쿠폰']",비교 온라인 쿠폰,1
1692,한꺼번에 여러개 구매할땐 오프라인이 싸서 오프라인으로 사고 개별로 사는건 온라인이요,"[ 0.01228333  0.03067017 -0.02818298 ... -0.01429749 -0.03237915
 -0.00055075]",2,"['구매', '오프라인', '싸다', '오프라인', '사다', '사다', '온라인']",구매 오프라인 싸다 오프라인 사다 사다 온라인,1
1693,저는 오프라인으로 알아보면서 온라인과 가격 비교해서 할인율 좋은 곳으로 했어요~,"[ 0.00910187  0.0161438  -0.03704834 ... -0.02177429 -0.03019714
 -0.02331543]",2,"['오프라인', '알아보다', '온라인', '가격', '비교', '할인', '좋다']",오프라인 알아보다 온라인 가격 비교 할인 좋다,0
1694,"동선안에 다닐만한 곳이 있다면 견적 보러 다닐텐데., 온라인도 좋은 방법이긴 하겠네요!","[ 0.00123024  0.03469849 -0.0241394  ... -0.05032349 -0.02337646
  0.00934601]",2,"['동선', '다니다', '견적', '다니다', '온라인', '좋다', '방법']",동선 다니다 견적 다니다 온라인 좋다 방법,0
1695,저희는 별로 살 게 없어서 온라인 구매했고 싸게 샀어요,"[ 0.01413727  0.03833008 -0.02531433 ... -0.01029968 -0.04919434
 -0.02911377]",2,"['사다', '온라인', '구매', '싸다', '사다']",사다 온라인 구매 싸다 사다,1
1696,저도 아직 구매전인데 차라리 세트로 백화점에서 혜택받고 사라구 하더라구요.,"[ 0.00450516  0.02404785 -0.03820801 ... -0.04135132 -0.05169678
  0.00741196]",2,"['구매', '세트', '백화점', '혜택', '사다']",구매 세트 백화점 혜택 사다,2
1697,오프라인으로 가서 한꺼번에 살때 금액이랑 온라인 개별 금액 비교해서 사려구요,"[ 0.00319672  0.02990723 -0.02919006 ... -0.01525116 -0.03582764
 -0.01248169]",2,"['오프라인', '사다', '금액', '온라인', '개별', '금액', '비교', '사다']",오프라인 사다 금액 온라인 개별 금액 비교 사다,1
1698,오프라인으로 한번에 특가로 묶어서요!할인률 높아용,"[ 0.00969696  0.03649902 -0.02632141 ... -0.01911926 -0.02420044
 -0.00416565]",2,"['오프라인', '특가', '묶다', '할인', '높다']",오프라인 특가 묶다 할인 높다,1
1699,오프라인견적 한 4~5곳 받아보고 온라인도봤어요,"[ 0.00102043  0.02442932 -0.01512909 ... -0.04129028 -0.02284241
  0.00400162]",2,"['오프라인', '견적', '온라인']",오프라인 견적 온라인,0
1700,온라인은 혹시 몰라서 오프라인으로 구매했어요!,"[-0.00271225  0.02461243 -0.03022766 ... -0.01947021 -0.04483032
 -0.02407837]",2,"['온라인', '오프라인', '구매']",온라인 오프라인 구매,1
1701,저희는 우선 소소하게 갖고 있는 거 쓰다가 바꾸자고 해서 온라인으로 비교해서 사구 있어용!,"[ 0.00151157  0.03646851 -0.02281189 ... -0.03117371 -0.03414917
 -0.02603149]",2,"['소소하다', '갖다', '쓰다', '바꾸다', '온라인', '비교', '사다']",소소하다 갖다 쓰다 바꾸다 온라인 비교 사다,1
1702,오프라인으로 메인들은 한번에 구매했어요,"[ 0.02363586  0.03890991 -0.02331543 ... -0.00363159 -0.03662109
 -0.01667786]",2,"['오프라인', '메인', '구매']",오프라인 메인 구매,1
1703,오프라인 매장이요! 여러개 한번에 구매시엔 오프라인이 싸다고 들은거같아서요,"[-0.00095654  0.01850891 -0.04016113 ... -0.0193634  -0.03201294
  0.00293159]",2,"['오프라인', '매장', '구매', '오프라인', '싸다']",오프라인 매장 구매 오프라인 싸다,1
1704,오프라인도 보고 온라인도 봐서 같은제품 가격 비교 하려구요 ㅎㅎ지인이 온라인이 쫌 더 저렴했다해서,"[-0.0053978   0.03253174 -0.03588867 ... -0.01821899 -0.02334595
 -0.02172852]",2,"['오프라인', '온라인', '제품', '가격', '비교', '지인', '온라인', '저렴하다']",오프라인 온라인 제품 가격 비교 지인 온라인 저렴하다,0
1705,저는 온라인이요! 온라인도 몇제품 이상사면 할인해주기도 하더라구요 ㅎㅎ,"[-0.00802612  0.01043701 -0.0186615  ... -0.03771973 -0.03198242
  0.00337029]",2,"['온라인', '온라인', '제품', '이상', '사다', '할인']",온라인 온라인 제품 이상 사다 할인,1
1706,온라인으로 가격비교해보고 고르려구요!ㅎㅎ,"[ 0.00355148  0.03375244 -0.01937866 ... -0.03863525 -0.02774048
 -0.00762177]",2,"['온라인', '가격', '비교', '고르다']",온라인 가격 비교 고르다,0
1707,오프라인 가서 구매하려구요! 실제로 보는 건 또 다르더라구요!,"[ 0.0012722   0.03302002 -0.02360535 ... -0.02267456 -0.03089905
 -0.01608276]",2,"['오프라인', '구매', '다르다']",오프라인 구매 다르다,0
1708,한번에 견적받고 오프라인에서 사려고합니다,"[ 0.00476456  0.04129028 -0.025177   ... -0.02926636 -0.03292847
 -0.01156616]",2,"['견적', '오프라인', '사다']",견적 오프라인 사다,0
1709,저는 오프라인으로도사고 온라인으로도 샀어용!,"[-0.00276375  0.01351929 -0.02761841 ... -0.0147171  -0.04293823
 -0.02041626]",2,"['오프라인', '사다', '온라인', '사다']",오프라인 사다 온라인 사다,1
1710,저는 온라인사이트 비교해서 살거같아요 ㅋㅋ,"[ 0.00607681  0.01927185 -0.01117706 ... -0.04623413 -0.03515625
 -0.02590942]",2,"['온라인', '사이트', '비교', '사다']",온라인 사이트 비교 사다,0
1711,어디서 사든 일단 오프라인에서 한번 비교해보는것도 좋을거 같아요!,"[ 0.00262642  0.01338959 -0.03114319 ... -0.04434204 -0.025177
 -0.01339722]",2,"['사다', '오프라인', '비교', '좋다']",사다 오프라인 비교 좋다,0
1712,직접 보고 구매하시는 걸 추천드려요~ 오프라인이 넘 비싸면 구경만하고 모델명 같은거 가져와서 온라인 주문하셔요,"[-0.00599289  0.00985718 -0.0295105  ... -0.03890991 -0.01564026
  0.00489426]",2,"['구매', '추천', '드리다', '오프라인', '비싸다', '구경', '모델명', '가져오다', '온라인', '주문']",구매 추천 드리다 오프라인 비싸다 구경 모델명 가져오다 온라인 주문,0
1713,오프라인으로 세군데정도 돌아볼예정이에요,"[ 0.01170349  0.02383423 -0.01940918 ... -0.01526642 -0.00833893
 -0.01863098]",2,"['오프라인', '돌아보다', '예정']",오프라인 돌아보다 예정,0
1714,"온라인, 오프라인 비교해보시는거 추천드려요! 저도 온라인이 무조건 저렴할거라고 생각했는데 오프라인에서 더 낮은 견적 받았어요","[-0.02351379  0.02841187 -0.02636719 ... -0.03634644 -0.02378845
  0.0074234 ]",2,"['온라인', '오프라인', '비교', '추천', '드리다', '온라인', '생각', '오프라인', '낮다', '견적']",온라인 오프라인 비교 추천 드리다 온라인 생각 오프라인 낮다 견적,0
1715,오프라인에서 실물 한번 보고 온오프라인 가격 비교해보는거 추천드려용,"[-0.00521469  0.02030945 -0.02375793 ... -0.03344727 -0.01600647
 -0.02052307]",2,"['오프라인', '실물', '오프라인', '가격', '비교', '추천', '드리다']",오프라인 실물 오프라인 가격 비교 추천 드리다,0
1716,"한 번에 다 산다고 하면 오프라인에서 사는 게 맞고, 따로 하나씩 산다고 하면 오프라인에서 보고 와서 온라인에서 최저가 찾아서 사는 게 낫다고 하더라구요 !","[-0.00377083  0.02255249 -0.03071594 ... -0.01348877 -0.0226593
  0.00426102]",2,"['살다', '오프라인', '사다', '맞다', '살다', '오프라인', '온라인', '최저', '찾다', '사다']",살다 오프라인 사다 맞다 살다 오프라인 온라인 최저 찾다 사다,1
1717,저희는 오프라인에서 보고 온라인으로 여기저기 견적내서 구매했어요!,"[-0.00442505  0.03411865 -0.02438354 ... -0.01708984 -0.04684448
 -0.01400757]",2,"['오프라인', '온라인', '여기저기', '견적', '내다', '구매']",오프라인 온라인 여기저기 견적 내다 구매,0
1718,금액으봤을땐 온라인이짱인거같은데요? 오프라인가서 보고와서 온라인결제할거같아요,"[ 0.00030923  0.02111816 -0.03521729 ... -0.03016663 -0.03598022
  0.00675201]",2,"['금액', '온라인', '최고', '오프라인', '온라인', '결제']",금액 온라인 최고 오프라인 온라인 결제,0
1719,온라인 오프라인 제품까지 모두 동일한 상황이면 더 싼 온라인으로 할 것 같아요,"[ 0.00662994  0.02212524 -0.03387451 ... -0.01596069 -0.0219574
 -0.01501465]",2,"['온라인', '오프라인', '제품', '동일', '상황', '싸다', '온라인']",온라인 오프라인 제품 동일 상황 싸다 온라인,0
1720,원하는 모델로 견적받았다면 금전적으로 할인 큰쪽으로 할거같습니다. 저희는 오프라인으로 했습니다.,"[ 0.00495148  0.02297974 -0.02606201 ... -0.02281189 -0.03921509
 -0.00042605]",2,"['원하다', '모델', '견적', '금전', '할인', '크다', '오프라인']",원하다 모델 견적 금전 할인 크다 오프라인,0
1721,둘다 견적받았는데 온라인 가격이 더 좋아서 온라인에서 구매했어요 !,"[-0.00019538  0.03079224 -0.04324341 ... -0.02748108 -0.04086304
 -0.01490784]",2,"['견적', '온라인', '가격', '좋다', '온라인', '구매']",견적 온라인 가격 좋다 온라인 구매,0
1722,오프라인에서는 실물한번 보고 온라인에서 구매예정이에요,"[ 0.0060997   0.02877808 -0.02296448 ... -0.01229095 -0.03549194
 -0.01948547]",2,"['오프라인', '실물', '온라인', '구매', '예정']",오프라인 실물 온라인 구매 예정,1
1723,온라인 핫딜뜨는거보면 온라인이 더 싼거같은데 기능이 조금 다르지않을까요?,"[ 0.00508118  0.02557373 -0.02636719 ... -0.03143311 -0.01875305
 -0.0133667 ]",2,"['온라인', '뜨다', '온라인', '싸다', '기능', '다르다']",온라인 뜨다 온라인 싸다 기능 다르다,1
1724,일단 먼저 오프라인 매장에서 상품코드 모두 확인후에 온라인 비교해서 살것같아요,"[ 0.00453568  0.01286316 -0.02056885 ... -0.0247345  -0.02523804
 -0.01309204]",2,"['오프라인', '매장', '상품', '코드', '확인', '온라인', '비교', '사다']",오프라인 매장 상품 코드 확인 온라인 비교 사다,2
1725,오프라인으로 최소 두 군데 들러보고 상담받고 결정했어요!,"[ 0.00192261  0.01669312 -0.01435852 ... -0.02645874 -0.01608276
 -0.01524353]",2,"['오프라인', '최소', '들르다', '상담', '결정']",오프라인 최소 들르다 상담 결정,0
1726,온라인 오프라인 다 비교해봤는데 저희는 오프라인으로 결정했어요!ㅎㅎ,"[ 0.0032711   0.02316284 -0.0186615  ... -0.02523804 -0.02923584
 -0.00338936]",2,"['온라인', '오프라인', '비교', '오프라인', '결정']",온라인 오프라인 비교 오프라인 결정,0
1727,저는 오프라인도 둘러보고햇는데 온라인으로 주문했어요,"[-0.00242996  0.02542114 -0.01594543 ... -0.01745605 -0.03656006
 -0.01512146]",2,"['오프라인', '둘러보다', '온라인', '주문']",오프라인 둘러보다 온라인 주문,1
1728,오프라인에서 충분히 둘러보신 후 무조건 저렴한곳으로요 !,"[-0.00865936  0.03062439 -0.01335144 ... -0.0249176  -0.02372742
 -0.0087204 ]",2,"['오프라인', '둘러보다', '저렴하다']",오프라인 둘러보다 저렴하다,1
1729,저희는 오프라인으로 보고 올라인으로 산것도 있어용,"[ 0.00305367  0.02746582 -0.01870728 ... -0.02781677 -0.0340271
 -0.02212524]",2,"['오프라인', '라인', '살다']",오프라인 라인 살다,1
1730,저희는 오프라인으로 둘러보고 온라인으로 할인가에 샀어요~,"[ 0.01085663  0.034729   -0.02558899 ... -0.01412964 -0.0463562
 -0.02589417]",2,"['오프라인', '둘러보다', '온라인', '할인', '사다']",오프라인 둘러보다 온라인 할인 사다,1
1731,저도 오프라인에서 사는개 더 나을거같다고 생각됩미당 직접보고 더 만족스러울거같아여,"[-0.00785065  0.02346802 -0.03137207 ... -0.0380249  -0.04318237
 -0.01117706]",2,"['오프라인', '사다', '생각', '만족']",오프라인 사다 생각 만족,1
1732,저라면 오프라인에서 설명듣고 온라인 몰에서 구매할 것 같아요!ㅎㅎ,"[ 0.00168991  0.02542114 -0.0254364  ... -0.03430176 -0.03475952
 -0.01268005]",2,"['오프라인', '설명', '온라인', '구매']",오프라인 설명 온라인 구매,0
1733,오프라인에서 많이 사면 싸게 해줘서 오프라인이요,"[ 0.0033474   0.0231781  -0.03283691 ... -0.01823425 -0.02113342
 -0.01239014]",2,"['오프라인', '사다', '싸다', '오프라인']",오프라인 사다 싸다 오프라인,1
1734,오프라인에서 직접 보고 설명 듣고 하는게 좋더라구요,"[ 0.01678467  0.03038025 -0.01628113 ... -0.02792358 -0.01298523
 -0.0062027 ]",2,"['오프라인', '설명', '좋다']",오프라인 설명 좋다,0
1735,저도 오프라인으로 직접보고 결정했는데 만족중입니다~,"[ 0.00951385  0.0269928  -0.02459717 ... -0.02902222 -0.02363586
 -0.00866699]",2,"['오프라인', '결정', '만족']",오프라인 결정 만족,0
1736,저희는 오프라인으로 구매했어요! 저는 온라인으로 하고싶었으나.. 가격비교해보구 혜택 따져보니 온라인이랑 오프라인이랑 비슷하더라구용,"[ 0.00139236  0.02137756 -0.03744507 ... -0.02163696 -0.03277588
 -0.0043602 ]",2,"['오프라인', '구매', '온라인', '가격', '비교', '혜택', '따지다', '온라인', '오프라인', '비슷하다']",오프라인 구매 온라인 가격 비교 혜택 따지다 온라인 오프라인 비슷하다,0
1737,오프라인 먼저 방문해보시는게 좋을거같아요,"[ 0.00587082  0.0176239  -0.01210022 ... -0.03405762 -0.01170349
 -0.01266479]",2,"['오프라인', '방문', '좋다']",오프라인 방문 좋다,0
1738,제품이 동일하고 견적이 온라인이 더 싸면 저는 온라인으로 할 것 같아요!,"[-0.00221825  0.03216553 -0.03216553 ... -0.02827454 -0.03408813
  0.00247002]",2,"['제품', '동일', '견적', '온라인', '싸다', '온라인']",제품 동일 견적 온라인 싸다 온라인,0
1739,온라인에서 할인하는것도 많아서 온라인이요!,"[ 0.00277138  0.03092957 -0.02604675 ... -0.026474   -0.0256958
 -0.01235199]",2,"['온라인', '할인', '많다', '온라인']",온라인 할인 많다 온라인,1
1740,무조건 가격을 우선시하는 타입이라 온라인 추천드려요!,"[-0.00269318  0.0269165  -0.02897644 ... -0.01716614 -0.02397156
 -0.00652695]",2,"['가격', '우선', '타입', '온라인', '추천', '드리다']",가격 우선 타입 온라인 추천 드리다,0
1741,보고 사는게 최고인거같아요 보고 온라인으로 사는건 어떠신가요?!,"[ 0.00442123  0.03521729 -0.01319122 ... -0.04501343 -0.02949524
 -0.00045872]",2,"['사다', '최고', '온라인', '사다']",사다 최고 온라인 사다,1
1742,오프라인이 더 좋을 것 같아서 오프라인으로 구매했어요~!,"[ 0.00952911  0.02671814 -0.0380249  ... -0.02986145 -0.03894043
 -0.02531433]",2,"['오프라인', '좋다', '오프라인', '구매']",오프라인 좋다 오프라인 구매,0
1743,오프라인으로 비교해서 샀고 자잘한거 인터넷으로 나중에 구입했어요,"[ 0.00246048  0.01956177 -0.02760315 ... -0.02565002 -0.02755737
 -0.02812195]",2,"['오프라인', '비교', '사다', '인터넷', '구입']",오프라인 비교 사다 인터넷 구입,1
1744,직접 둘러보고 상담받고 오프라인에서 사려구요. 온라인은 모델명이 너무 복잡해서 어렵더라구요..,"[ 0.00123405  0.0173645  -0.02818298 ... -0.04223633 -0.01864624
 -0.00397873]",2,"['둘러보다', '상담', '오프라인', '사다', '온라인', '모델명']",둘러보다 상담 오프라인 사다 온라인 모델명,1
1745,"음... 우선 온라인채널과 오프라인채널 동급제품인데 옵션에서 조금 차이가 날꺼라 그것도 비교필요하고, 저는 확실히 오프라인이 더 저렴했어서 오프라인추천이요","[ 0.00465012  0.01012421 -0.03701782 ... -0.02650452 -0.00671768
 -0.00476837]",2,"['온라인', '채널', '오프라인', '채널', '동급', '제품', '옵션', '차이', '비교', '필요', '오프라인', '저렴하다', '오프라인', '추천']",온라인 채널 오프라인 채널 동급 제품 옵션 차이 비교 필요 오프라인 저렴하다 오프라인 추천,0
1746,오프라인 매장에서 직접보고 가격비교한다음 구매할거같아요,"[ 0.00807953  0.02537537 -0.02476501 ... -0.02789307 -0.03042603
 -0.00915527]",2,"['오프라인', '매장', '가격', '비교', '다음', '구매']",오프라인 매장 가격 비교 다음 구매,0
1747,온라인으로도 받고 오프라인으로는 세군데정도 다녀본것같아요,"[ 0.00254822  0.00648499 -0.02107239 ... -0.02705383 -0.02618408
 -0.00850677]",2,"['온라인', '오프라인', '다니다']",온라인 오프라인 다니다,0
1748,"온라인견적 3곳, 오프라인으로는 4곳정도 봤던 것 같아요..ㅋㅋ","[-0.00313759  0.00786591 -0.01921082 ... -0.04464722 -0.02128601
  0.00188255]",2,"['온라인', '견적', '오프라인']",온라인 견적 오프라인,0
1749,오프라인에서 모델 보고 온라인에서 구매하시는게 좋을 것 같아요~,"[-0.00027061  0.01363373 -0.02987671 ... -0.0249176  -0.03347778
 -0.0188446 ]",2,"['오프라인', '모델', '온라인', '구매', '좋다']",오프라인 모델 온라인 구매 좋다,0
1750,어느정도 서치해보시고 매장 가셔서 확인하신다음에 인터넷 구매하시는거 추천이요~! 매장은 다품목 할인 유도하더라구요 ㅠ,"[-0.00731659  0.01459503 -0.03105164 ... -0.03665161 -0.02560425
  0.00404739]",2,"['서치', '매장', '확인', '다음', '인터넷', '구매', '추천', '매장', '품목', '할인', '유도']",서치 매장 확인 다음 인터넷 구매 추천 매장 품목 할인 유도,2
1751,매장가서 보고 온라인에서 살 것 같아요! 아무래도 1-2개 사면 온라인이 저렴하더라구요!,"[-0.00331879  0.03366089 -0.02554321 ... -0.02371216 -0.02748108
  0.01056671]",2,"['매장', '온라인', '살다', '온라인']",매장 온라인 살다 온라인,1
1752,매장은 여러 개 구매할 때 혜택이 커서 1~2개 사시는 거면 인터넷이 더 저렴할 거예요!,"[-0.00402832  0.04156494 -0.02952576 ... -0.0282135  -0.03814697
  0.01054382]",2,"['매장', '구매', '혜택', '크다', '사다', '인터넷', '저렴하다']",매장 구매 혜택 크다 사다 인터넷 저렴하다,2
1753,매장이라도 한두군데 가서 발품팔아볼래요,"[ 0.01322937  0.02656555 -0.01887512 ... -0.05166626 -0.03494263
  0.01153564]",2,"['매장', '발품', '팔다']",매장 발품 팔다,0
1754,몇개 안사면 온라인이 더 싸다고 들었어용!,"[-0.01042175  0.03091431 -0.0352478  ... -0.02833557 -0.03240967
 -0.00079489]",2,"['사다', '온라인', '싸다']",사다 온라인 싸다,1
1755,많이 사실 거 아니면 온라인 추천드려요,"[ 0.00060606  0.02084351 -0.02024841 ... -0.03762817 -0.01353455
 -0.01213074]",2,"['사다', '온라인', '추천', '드리다']",사다 온라인 추천 드리다,0
1756,"항목 많으면 오프라인, 항목 별로 없으면 온라인이 싸더라구요!","[-0.00052786  0.00742722 -0.03231812 ... -0.01702881 -0.02629089
 -0.00624466]",2,"['항목', '많다', '오프라인', '항목', '온라인', '싸다']",항목 많다 오프라인 항목 온라인 싸다,2
1757,저는 온라인 개별구매 진행 중이에요 ㅋㅋ싸게 뜨는걸 노리고 있습니다.,"[-0.00325394  0.03683472 -0.01821899 ... -0.02323914 -0.03607178
  0.00421906]",2,"['온라인', '개별', '구매', '진행', '싸다', '뜨다', '노리다']",온라인 개별 구매 진행 싸다 뜨다 노리다,1
1758,이미 살림이.있어서 온라인 개별구매했어요,"[ 0.01036835  0.03497314 -0.02101135 ... -0.04278564 -0.05703735
 -0.00308228]",2,"['살림', '온라인', '개별', '구매']",살림 온라인 개별 구매,1
1759,온라인 개별구매할 생각이에요 조금 저렴한거 특가 노려보구여 ㅎㅎ,"[ 0.00211716  0.03979492 -0.02142334 ... -0.03494263 -0.03305054
  0.01520538]",2,"['온라인', '개별', '구매', '생각', '저렴하다', '특가', '노려보다']",온라인 개별 구매 생각 저렴하다 특가 노려보다,1
1760,네이버에서 세일 때 온라인에서 주문했어요,"[ 0.00256157  0.01872253 -0.01660156 ... -0.02301025 -0.04302979
 -0.02235413]",2,"['네이버', '세일', '온라인', '주문']",네이버 세일 온라인 주문,1
1761,저희는 살게 많이 없어서 온라인 개별구매했어요!,"[ 0.00196838  0.03842163 -0.00897217 ... -0.02693176 -0.06329346
 -0.02459717]",2,"['사다', '온라인', '개별', '구매']",사다 온라인 개별 구매,1
1762,저는 살게 별로 없어서 온라인 개별구매하려구용,"[ 0.00478745  0.03369141 -0.01034546 ... -0.03204346 -0.04083252
 -0.01098633]",2,"['살다', '온라인', '개별', '구매']",살다 온라인 개별 구매,1
1763,개수가 많지않으면 온라임도 좋을 곳 같아요 오프라인은 카드나 페이백 할인이 대부분이라 결제가 자체가 낮다면 온라인이요,"[ 0.00850677  0.01873779 -0.02940369 ... -0.03399658 -0.02450562
  0.01177216]",2,"['개수', '많다', '라임', '좋다', '오프라인', '카드', '페이', '할인', '부분', '결제', '자체', '낮다', '온라인']",개수 많다 라임 좋다 오프라인 카드 페이 할인 부분 결제 자체 낮다 온라인,0
1764,여러개 한번에 사는거 아니면 온라인도 좋아요!,"[ 0.00432587  0.02818298 -0.03034973 ... -0.03326416 -0.03796387
  0.01028442]",2,"['사다', '온라인', '좋다']",사다 온라인 좋다,1
1765,오프라인으로 제품 둘러보고 인터넷에서 가장 싼가격으로 구입했어요,"[ 0.00290108  0.03314209 -0.02850342 ... -0.01016998 -0.0322876
 -0.02229309]",2,"['오프라인', '제품', '둘러보다', '인터넷', '싸다', '가격', '구입']",오프라인 제품 둘러보다 인터넷 싸다 가격 구입,1
1766,매장은 묶음으로 할인은 해준다고 들어서요! 3가지라면 온라인으로 구매하셔도 좋을거같아요,"[ 0.00629044  0.01806641 -0.04342651 ... -0.02233887 -0.03604126
  0.00306892]",2,"['매장', '묶음', '할인', '들다', '온라인', '구매', '좋다']",매장 묶음 할인 들다 온라인 구매 좋다,2
1767,"저번에 어떤 분 보니 세개도 오프라인 가셔서 견적 상담하시더라구요, 근데 시근 없고 그럼 온라인이낫죠","[-0.00273705  0.02598572 -0.02153015 ... -0.0385437  -0.01486206
  0.00731277]",2,"['오프라인', '견적', '상담', '온라인']",오프라인 견적 상담 온라인,0
1768,오프라인에서 발품 팔아보고 비교 후 구매하시는게 좋을거 같아요,"[-0.00602341  0.01771545 -0.02886963 ... -0.03869629 -0.03198242
 -0.01425171]",2,"['오프라인', '발품', '팔다', '비교', '구매', '좋다']",오프라인 발품 팔다 비교 구매 좋다,0
1769,저는 온라인으로 비교해서 구매했어요. 최신형 아니어도 괜찮으면 온라인 구매도 괜찮은 것 같아요,"[-0.0022316   0.01066589 -0.03942871 ... -0.03025818 -0.03689575
 -0.02464294]",2,"['온라인', '비교', '구매', '최신', '괜찮다', '온라인', '구매', '괜찮다']",온라인 비교 구매 최신 괜찮다 온라인 구매 괜찮다,1
1770,저는 온라인이지만 많이사시면 매장방문 추천하시더라고요~,"[-0.00328636  0.0214386  -0.02539062 ... -0.0375061  -0.03671265
  0.00727463]",2,"['온라인', '사다', '매장', '방문', '추천']",온라인 사다 매장 방문 추천,0
1771,오프라인에서 직접보고 설명듣고 사려구요!,"[ 0.00680923  0.03540039 -0.01896667 ... -0.02812195 -0.02032471
 -0.01818848]",2,"['오프라인', '설명', '사다']",오프라인 설명 사다,0
1772,온라인견적 받아보고 제일 저렴한 곳으로 결제 했습니다,"[ 0.00351715  0.02680969 -0.0160675  ... -0.02178955 -0.0380249
 -0.01213074]",2,"['온라인', '견적', '저렴하다', '결제']",온라인 견적 저렴하다 결제,0
1773,"오프라인백화점, 매장 투어 해보고 온라인으로 구매 했어요~","[ 0.00696945  0.01763916 -0.01719666 ... -0.02645874 -0.04956055
 -0.02661133]",2,"['오프라인', '백화점', '매장', '투어', '온라인', '구매']",오프라인 백화점 매장 투어 온라인 구매,0
1774,오프라인 견적받고 온라인으로 구매할것 같아요,"[ 0.00224495  0.03347778 -0.02461243 ... -0.03265381 -0.03851318
 -0.01213837]",2,"['오프라인', '견적', '온라인', '구매']",오프라인 견적 온라인 구매,0
1775,발품 팔아야 하더라구요 저는 전자랜드에서 하기는 했는데 백화점 혜택도 괜찮았었어요,"[-0.00250816  0.01439667 -0.01940918 ... -0.05853271 -0.04916382
  0.01287842]",2,"['발품', '팔다', '전자랜드', '백화점', '혜택', '괜찮다']",발품 팔다 전자랜드 백화점 혜택 괜찮다,2
1776,매장가서 오프라인으로 보고 구매는 온라인으로 하려구요,"[ 0.01101685  0.02836609 -0.02226257 ... -0.02311707 -0.0423584
 -0.00405502]",2,"['매장', '오프라인', '구매', '온라인']",매장 오프라인 구매 온라인,1
1777,오프라인에서보고 엘지공홈에서 주문했어요,"[-0.00268364  0.02534485 -0.01203918 ... -0.01878357 -0.04052734
 -0.01065063]",2,"['오프라인', '엘지', '주문']",오프라인 엘지 주문,1
1778,많이 사지 않아서 하나씩 온라인으로 주문했습니다~,"[-0.00217819  0.03594971 -0.01416016 ... -0.01705933 -0.04486084
 -0.01126099]",2,"['사다', '온라인', '주문']",사다 온라인 주문,1
1779,저는 인터넷으로 한번보고 오프라인으로 견적한번 받았어요! 비교하고 인터넷으로 샀어요!,"[-0.01454926  0.02319336 -0.02784729 ... -0.03713989 -0.03701782
 -0.00831604]",2,"['인터넷', '오프라인', '견적', '비교', '인터넷', '사다']",인터넷 오프라인 견적 비교 인터넷 사다,2
1780,오프라인 견적 받아보세요. 백화점 갔는데 정말 반토막 나게 견적 잘 받아주셨어요,"[ 0.00414658  0.03729248 -0.03530884 ... -0.04391479 -0.04269409
  0.01186371]",2,"['오프라인', '견적', '백화점', '반토막', '견적']",오프라인 견적 백화점 반토막 견적,0
1781,가격비겨해보고 직접보고 사는게 나을거같아서 오프라인 했어요,"[ 0.01247406  0.02906799 -0.0189209  ... -0.03059387 -0.02261353
 -0.01258087]",2,"['가격', '비기', '사다', '오프라인']",가격 비기 사다 오프라인,1
1782,저도 실제가서 가격비교 해보는게 좋을 꺼 같아요ㅎㅎ 저 지인도 매장가서 견적보고 온라인으로 구매했더라구요,"[ 0.00338745  0.02937317 -0.02494812 ... -0.03720093 -0.03207397
  0.00369072]",2,"['가격', '비교', '좋다', '지인', '매장', '견적', '보다', '온라인', '구매']",가격 비교 좋다 지인 매장 견적 보다 온라인 구매,0
1783,"매장도 가보면서 온라인, 오프라인 견적 비교해보고 결정하시면 될 것 같아요!","[-0.00146008  0.02774048 -0.02081299 ... -0.04174805 -0.0375061
  0.00209999]",2,"['매장', '온라인', '오프라인', '견적', '비교', '결정']",매장 온라인 오프라인 견적 비교 결정,0
1784,저희는 매장가서 하긴했는데 친언니 말로는 오프라인이 더 저렴할수밖에없다고 하더라구요..,"[ 0.00590897  0.03167725 -0.03305054 ... -0.04223633 -0.02980042
  0.01222992]",2,"['매장', '언니', '오프라인', '저렴하다']",매장 언니 오프라인 저렴하다,1
1785,막상 구매해보니 온라인이 좀 더 저렴하더라구요 견적 비교 꼭하세요!,"[-0.00042248  0.04623413 -0.02572632 ... -0.03222656 -0.03640747
 -0.00814056]",2,"['구매', '온라인', '저렴하다', '견적', '비교']",구매 온라인 저렴하다 견적 비교,0
1786,오프라인도 가서 견적받아보고 쿠팡말고 네이버도하고 싼데로!,"[-0.01537323  0.03387451 -0.0223999  ... -0.02507019 -0.04034424
 -0.00200272]",2,"['오프라인', '견적', '쿠팡', '말', '네이버', '싸다']",오프라인 견적 쿠팡 말 네이버 싸다,1
1787,저희는 오프라인 발품 팔았어요 가격비교해보세요,"[ 0.01176453  0.03561401 -0.02778625 ... -0.02194214 -0.04806519
 -0.02052307]",2,"['오프라인', '발품', '팔다', '가격', '비교']",오프라인 발품 팔다 가격 비교,0
1788,오프라인 가서 견적 받아보고 가격 비교해서 저렴한 쪽으로 할 것 같습니당,"[ 0.0036869   0.040802   -0.01670837 ... -0.03063965 -0.02290344
  0.0059967 ]",2,"['오프라인', '견적', '가격', '비교', '저렴하다']",오프라인 견적 가격 비교 저렴하다,0
1789,인터넷.오프라인 섞어서 저렴한거 서치해서 햇어용,"[-0.00555801  0.02690125 -0.01561737 ... -0.03219604 -0.02342224
 -0.0134201 ]",2,"['인터넷', '오프라인', '섞다', '저렴하다', '서치']",인터넷 오프라인 섞다 저렴하다 서치,1
1790,견적받아보고 온라인이 더 싸면 온라인으로 사요,"[-0.00075865  0.03707886 -0.02415466 ... -0.03964233 -0.02716064
 -0.00502396]",2,"['견적', '온라인', '싸다', '온라인', '사다']",견적 온라인 싸다 온라인 사다,1
1791,오프라인 견적 받아보세요! 개수가 생길수록 저렴해지는 마법?,"[-0.00377274  0.04440308 -0.0271759  ... -0.0295105  -0.02633667
  0.0129776 ]",2,"['오프라인', '견적', '생기다', '마법']",오프라인 견적 생기다 마법,0
1792,오프라인으로 견적제대로 받고 가성비말고 좋은거 비교해보고 살 거 같아요! 오래 듀고두고 사용하게요,"[-0.01289368  0.02978516 -0.03616333 ... -0.03964233 -0.0178833
 -0.00587463]",2,"['오프라인', '견적', '가성비', '말', '좋다', '비교', '살다', '두다']",오프라인 견적 가성비 말 좋다 비교 살다 두다,0
1793,백화점 보다는 bestShop같은 할인률 높은 곳에서 진행할거같아요! 백화점은 할인율이 크게 높지 않더라고요,"[ 0.01690674 -0.00369644 -0.0447998  ... -0.04812622 -0.04046631
  0.00461197]",2,"['백화점', '할인', '높다', '진행', '백화점', '할인', '크다', '높다']",백화점 할인 높다 진행 백화점 할인 크다 높다,2
1794,백화점 가 보시는 게 좋으실 거 같아요 생각보다 오프라인견적이 저렴한 경우도 있어요,"[ 4.41074371e-06  2.05841064e-02 -3.29895020e-02 ... -4.44335938e-02
 -4.22668457e-02  3.68118286e-03]",2,"['백화점', '좋다', '생각', '오프라인', '견적', '저렴하다']",백화점 좋다 생각 오프라인 견적 저렴하다,0
1795,모두 받아보셔요 그렇지만 1개이상은 백화점 추천해봅니당,"[ 0.0086441   0.01132965 -0.03411865 ... -0.04724121 -0.03573608
  0.02514648]",2,"['이상', '백화점', '추천']",이상 백화점 추천,2
1796,많든적든 인터넷이 훨씬 저렴합니다. 오프라인으로 보고 확인하고 온라인으로 구매하는게 나아용,"[-0.01088715  0.0198822  -0.03305054 ... -0.03668213 -0.02085876
  0.0019207 ]",2,"['많다', '적다', '인터넷', '저렴하다', '오프라인', '확인', '온라인', '구매']",많다 적다 인터넷 저렴하다 오프라인 확인 온라인 구매,1
1797,4개면 인터넷 손품이 나으실 것 같아요~ 보니까 오프라인은 5개 넘어가야 그나마 혜택이 좀 있는 것 같더라구요,"[ 0.00514221  0.0165863  -0.02758789 ... -0.04724121 -0.01530457
  0.03123474]",2,"['인터넷', '오프라인', '넘다', '혜택']",인터넷 오프라인 넘다 혜택,2
1798,4개면 인터넷이 저렴할 것 같기는한테 매장한번가서 견적은 받아볼 것 같아용,"[ 0.00453568  0.04370117 -0.02403259 ... -0.0456543  -0.02742004
  0.03314209]",2,"['인터넷', '매장', '견적']",인터넷 매장 견적,2
1799,5개 이상일 경우 오프라인 매장 많이가는 것 같아요,"[ 0.01802063  0.01719666 -0.02204895 ... -0.03369141 -0.02642822
  0.02687073]",2,"['이상', '오프라인', '매장']",이상 오프라인 매장,2
1800,백화점보다는 인터넷이 더 저렴할 것 같아요!,"[-0.00804138  0.03039551 -0.01283264 ... -0.03625488 -0.04455566
 -0.01748657]",2,"['백화점', '인터넷', '저렴하다']",백화점 인터넷 저렴하다,2
1801,확실히 인터넷이 더 싸요! 쿠팡도 괜찮습니다,"[-0.01448822  0.02566528 -0.0178833  ... -0.04260254 -0.03234863
 -0.00216675]",2,"['인터넷', '싸다', '쿠팡', '괜찮다']",인터넷 싸다 쿠팡 괜찮다,1
1802,"앗 저랑 같은 고민이신데 백화점은 확실히 많이 사야 할인이 많이되더라고요 제가 알아본건 온라인이 훨씬 저렴하긴 했는데, 같은 품번이 아니긴 해요! 그래도 한번 상담은 받고 비교해보세요!","[-0.00448608  0.01608276 -0.04669189 ... -0.03070068 -0.02760315
  0.01620483]",2,"['고민', '백화점', '사다', '알아보다', '온라인', '저렴하다', '상담', '비교']",고민 백화점 사다 알아보다 온라인 저렴하다 상담 비교,0
1803,일단 매장 다 견적 받아보고 인터넷이랑 비교해봐야 할꺼같아요,"[ 0.01528168  0.03022766 -0.01942444 ... -0.04821777 -0.02809143
  0.01795959]",2,"['매장', '견적', '인터넷', '비교']",매장 견적 인터넷 비교,0
1804,저도 백화점에 여러품목 견적 받아보고 여기저기서도 받아봤는데 온라인 혜택도 꽤 크더라구요!,"[ 0.00440979  0.0317688  -0.03833008 ... -0.03062439 -0.05679321
 -0.00765228]",2,"['백화점', '품목', '견적', '여기저기', '온라인', '혜택', '크다']",백화점 품목 견적 여기저기 온라인 혜택 크다,0
1805,매장에서 한번 보고 인터넷으로 가격 비교 할 것 같아요,"[ 0.01529694  0.0218811  -0.02444458 ... -0.04122925 -0.03356934
 -0.00281906]",2,"['매장', '인터넷', '가격', '비교']",매장 인터넷 가격 비교,2
1806,한개씩 구매하는 건 온라인 구매가 저렴하다고 하고 여러개 주문하는 건 매장 구매가 저렴하다고 하더라구요!,"[ 0.00253868  0.04302979 -0.02276611 ... -0.02424622 -0.03479004
  0.01325226]",2,"['구매', '온라인', '구매', '주문', '매장', '구매', '저렴하다']",구매 온라인 구매 주문 매장 구매 저렴하다,1
1807,온라인으로 구매하시는게 너무 좋다고 합니다 정말 저렴하데용,"[ 0.00570297  0.03613281 -0.03726196 ... -0.03579712 -0.03068542
 -0.00351715]",2,"['온라인', '구매', '좋다', '저렴하다']",온라인 구매 좋다 저렴하다,1
1808,세트 구매하면 오프라인으로 비교해보고 개별이면 온라인이 저렴한거 같아요!,"[ 0.00137329  0.02095032 -0.03469849 ... -0.0178833  -0.03479004
  0.00496674]",2,"['세트', '구매', '오프라인', '비교', '개별', '온라인']",세트 구매 오프라인 비교 개별 온라인,1
1809,매장이랑 인터넷 비교해보고 저려한곳으로 하려고요~,"[ 0.00667572  0.02426147 -0.02005005 ... -0.04641724 -0.03701782
 -0.00728226]",2,"['매장', '인터넷', '비교', '저리다']",매장 인터넷 비교 저리다,2
1810,온라인으로 대리점들 가격비교 하시고 제일 저렴한곳가서 하시는게 가장싼거같아요,"[ 0.01431274  0.03207397 -0.02987671 ... -0.04086304 -0.020401
  0.01947021]",2,"['온라인', '대리점', '가격', '비교', '저렴하다', '싸다']",온라인 대리점 가격 비교 저렴하다 싸다,0
1811,온라인보다는 그래도 오프라인에서 진행하는게 좋을거 같아요! 오프라인 진행 추천이요!,"[-0.00547028  0.01167297 -0.02766418 ... -0.03083801 -0.01623535
  0.00184059]",2,"['온라인', '오프라인', '진행', '좋다', '오프라인', '진행', '추천']",온라인 오프라인 진행 좋다 오프라인 진행 추천,0
1812,저는 온라인 오프라인 둘 다 견적 비교해보고 더 싼데에서 했어요!,"[-0.0098877   0.02069092 -0.0266571  ... -0.02539062 -0.03086853
 -0.00853729]",2,"['온라인', '오프라인', '견적', '비교', '싸다']",온라인 오프라인 견적 비교 싸다,0
1813,매장이랑 온라인 비교해서 더 좋은 쪽으로 구매했어요 !,"[ 0.0174408   0.02314758 -0.02514648 ... -0.0292511  -0.04141235
 -0.02775574]",2,"['매장', '온라인', '비교', '좋다', '구매']",매장 온라인 비교 좋다 구매,0
1814,오프라인으로 발품 팔고 견적 비교하고 구매했습니다~!,"[-0.00365448  0.03497314 -0.01585388 ... -0.0216217  -0.05044556
 -0.01982117]",2,"['오프라인', '발품', '팔다', '견적', '비교', '구매']",오프라인 발품 팔다 견적 비교 구매,0
1815,"오프라인, 온라인 전부 알아보니 백화점이 제일 저렴했어요","[ 0.01551819  0.02545166 -0.03369141 ... -0.02264404 -0.04675293
  0.00300217]",2,"['오프라인', '온라인', '알아보다', '백화점', '저렴하다']",오프라인 온라인 알아보다 백화점 저렴하다,0
1816,전 여러품목을 동시에 구매하는터라 혜택 좋은곳으로 발품팔아 오프라인 구입했어요!,"[-0.00117493  0.02809143 -0.03369141 ... -0.0196228  -0.05328369
 -0.01951599]",2,"['품목', '동시', '구매', '혜택', '좋다', '발품', '팔다', '오프라인', '구입']",품목 동시 구매 혜택 좋다 발품 팔다 오프라인 구입,0
1817,한 두개 살꺼면 매장가서보고 인터넷으로 여러개살때는 매장에서 사는게 저렴할꺼에요!,"[-0.00237083  0.02859497 -0.0322876  ... -0.02961731 -0.03665161
  0.01719666]",2,"['사다', '매장', '인터넷', '사다', '매장', '사다', '저렴하다']",사다 매장 인터넷 사다 매장 사다 저렴하다,2
1818,온라인이랑 다 비교해봤는데 오프라인 행사가가 더 저렴해서 한번에 백화점서 구입했어요,"[ 0.01327515  0.01589966 -0.04632568 ... -0.0153656  -0.04678345
 -0.00608826]",2,"['온라인', '비교', '오프라인', '행사', '저렴하다', '백화점', '구입']",온라인 비교 오프라인 행사 저렴하다 백화점 구입,1
1819,여러개 구매하실거면 오프라인으로 구매하시는 게 훨씬 저렴해요!,"[-2.57682800e-03  4.10461426e-02 -3.43933105e-02 ... -1.88598633e-02
 -2.71453857e-02  5.41210175e-05]",2,"['구매', '오프라인', '구매', '저렴하다']",구매 오프라인 구매 저렴하다,1
1820,저희는 매장에서 구매했는데 최신제품을 고집하는게 아니시라면 온라인이 더 저렴해용ㅎㅎ,"[-0.00205421  0.02667236 -0.04263306 ... -0.02549744 -0.03543091
 -0.00507736]",2,"['매장', '구매', '최신', '제품', '고집', '온라인', '저렴하다']",매장 구매 최신 제품 고집 온라인 저렴하다,1
1821,저는 온라인구매했어요. 만족합니다. 견적 받아봐도 온라인이 더 가격이 좋았어요,"[-0.00317192  0.02827454 -0.04205322 ... -0.04000854 -0.05163574
 -0.00334549]",2,"['온라인', '구매', '만족', '견적', '온라인', '가격', '좋다']",온라인 구매 만족 견적 온라인 가격 좋다,0
1822,"견적 비대면으로 받고, 비대면으로 오프라인매장에서 샀어요!","[ 0.00357056  0.03952026 -0.0249176  ... -0.02241516 -0.05438232
 -0.01647949]",2,"['견적', '대면', '대면', '오프라인', '매장', '사다']",견적 대면 대면 오프라인 매장 사다,0
1823,매장에서 구경하고 필요한것만 온라인으로 구매했어요~!,"[ 0.00958252  0.03482056 -0.01655579 ... -0.0125351  -0.04983521
 -0.02278137]",2,"['매장', '구경', '필요', '온라인', '구매']",매장 구경 필요 온라인 구매,1
1824,인터넷으로 견적받아서 온라인 주문했어요!,"[-0.00748062  0.03878784 -0.00987244 ... -0.03189087 -0.04351807
 -0.00987244]",2,"['인터넷', '견적', '온라인', '주문']",인터넷 견적 온라인 주문,1
1825,온라인매장 찾아보면 가성비 괜찮은데 꽤 많더라구요,"[ 0.01109314  0.02537537 -0.04656982 ... -0.02944946 -0.01679993
  0.00257492]",2,"['온라인', '매장', '찾아보다', '가성비', '괜찮다', '많다']",온라인 매장 찾아보다 가성비 괜찮다 많다,1
1826,신제품을 고집하지 않는다면 온라인에서 하나하나 따로 사시는게 낫더라구요,"[-0.00042868  0.01487732 -0.03936768 ... -0.02230835 -0.03381348
  0.00619888]",2,"['제품', '고집', '온라인', '사다']",제품 고집 온라인 사다,1
1827,저도 매장에서 구입할 생각입니다! 잔잔바리는 인터넷 ㅎㅎ,"[ 0.01898193  0.03948975 -0.03198242 ... -0.03436279 -0.05505371
  0.01651001]",2,"['매장', '구입', '생각', '인터넷']",매장 구입 생각 인터넷,2
1828,저희는 거의 온라인으로 구매했습니다! 구매 전 매장 가서 실제 제품 외관도 보고 왔습니다!,"[ 0.00850677  0.03479004 -0.02806091 ... -0.03302002 -0.04238892
 -0.01467133]",2,"['온라인', '구매', '구매', '매장', '실제', '제품', '외관']",온라인 구매 구매 매장 실제 제품 외관,1
1829,저희는 가서 직접 보고 하려다가 온라인이 혜택이 좋은 것 같아서 온라인으로 구매하고 있어요!,"[-0.001544    0.03555298 -0.02406311 ... -0.0309906  -0.04656982
 -0.00597763]",2,"['온라인', '혜택', '좋다', '온라인', '구매']",온라인 혜택 좋다 온라인 구매,0
1830,매장에서 보고 구경도하고 견적 받아봤는데 다품목 견적 받아서 매장에서 하는게 훨씬 저렴하더라구요. 저희는 5군데 정도 돌아보고 결정했네요,"[ 0.00736618  0.02938843 -0.02944946 ... -0.05236816 -0.02502441
  0.03065491]",2,"['매장', '구경', '견적', '품목', '견적', '매장', '저렴하다', '돌아보다', '결정']",매장 구경 견적 품목 견적 매장 저렴하다 돌아보다 결정,0
1831,비교해보고 온라인이 더괜찮아서 온라인으로샀어요,"[ 0.01574707  0.02360535 -0.0280304  ... -0.03323364 -0.02929688
 -0.02279663]",2,"['비교', '온라인', '괜찮다', '온라인', '사다']",비교 온라인 괜찮다 온라인 사다,1
1832,매장이 나을수도 있어요 인터넷과 매장제품 달라요!,"[ 0.01543427  0.01950073 -0.02529907 ... -0.04455566 -0.03927612
 -0.00895691]",2,"['매장', '인터넷', '매장', '제품', '다르다']",매장 인터넷 매장 제품 다르다,2
1833,매장에서 구매하고 자잘한거만 인터넷으로샀어요,"[ 0.00720215  0.02220154 -0.02359009 ... -0.02612305 -0.04281616
 -0.00873566]",2,"['매장', '구매', '자잘하다', '인터넷', '사다']",매장 구매 자잘하다 인터넷 사다,2
1834,인터넷으로 먼저 본다음에 매장가서 견적비교하고 구매할것같아요,"[ 0.0115509   0.03079224 -0.01837158 ... -0.04595947 -0.03366089
  0.0004859 ]",2,"['인터넷', '다음', '매장', '견적', '비교', '구매']",인터넷 다음 매장 견적 비교 구매,0
1835,"전 발품팔았어요! 인터넷으로 사면 편할 수 있는데, 오히려 매장가서 여러가지 제품 합쳐서 샀을때 얼마 할인이고 어떤 사은품 얹어줄수잇는지 따지면 매장도 괜찮아여!","[-0.00011462  0.0241394  -0.02890015 ... -0.04373169 -0.043396
  0.02030945]",2,"['발품', '팔다', '인터넷', '사다', '편하다', '매장', '제품', '합치다', '사다', '얼마', '할인', '사은품', '얹다', '따지다', '매장', '괜찮다']",발품 팔다 인터넷 사다 편하다 매장 제품 합치다 사다 얼마 할인 사은품 얹다 따지다 매장 괜찮다,2
1836,저도 매장에서 본다음에 온라인으로 결제 했습니다. 가격 차이가 좀 많이 나요,"[ 0.01031494  0.03622437 -0.02593994 ... -0.01972961 -0.04174805
 -0.00350189]",2,"['매장', '다음', '온라인', '결제', '가격', '차이']",매장 다음 온라인 결제 가격 차이,0
1837,온라인으로 쉽게 보는게 확실히 좋은것같아요 오프라인도 추천드려요!,"[ 0.00092793  0.02709961 -0.01500702 ... -0.03051758 -0.02198792
 -0.00489426]",2,"['온라인', '좋다', '오프라인', '추천', '드리다']",온라인 좋다 오프라인 추천 드리다,0
1838,박람회 가실 수 있음 상담이라도 한번 받아보셔요. 박람회 가시기 전에 오프라인 매장이랑 온라인으로도 충분히 알아보시구요!,"[-0.01390839  0.00466919 -0.02790833 ... -0.04443359 -0.02215576
  0.00436783]",2,"['박람회', '상담', '박람회', '오프라인', '매장', '온라인', '알아보다']",박람회 상담 박람회 오프라인 매장 온라인 알아보다,1
1839,온라인이랑 매장가랑 비교해보고 구매하려구요!,"[ 0.01817322  0.02532959 -0.03213501 ... -0.04153442 -0.04046631
 -0.01309204]",2,"['온라인', '매장', '비교', '구매']",온라인 매장 비교 구매,0
1840,매장상담진행하고나서 온라인이랑 가격비교해볼꺼 같아요,"[ 0.01699829  0.01637268 -0.02067566 ... -0.02902222 -0.02760315
  0.00492859]",2,"['매장', '상담', '진행', '온라인', '가격', '비교']",매장 상담 진행 온라인 가격 비교,0
1841,매장가서 보고 온라인과 가격 비교 후 더 저렴한곳에서 구매할 것 같아용,"[ 0.01184082  0.02984619 -0.02412415 ... -0.03387451 -0.02546692
 -0.00525284]",2,"['매장', '라인', '가격', '비교', '저렴하다', '구매']",매장 라인 가격 비교 저렴하다 구매,0
1842,저는 온라인으로 구매했어요! 만족이에요,"[ 0.01174164  0.01687622 -0.03866577 ... -0.02990723 -0.05126953
 -0.01014709]",2,"['온라인', '구매', '만족']",온라인 구매 만족,1
1843,이왕이면 매장에서 상담받고 진행하는게 사은품도 많이 챙겨주시고 온라인과 오프라인 제품에 차이있기도해서요 ㅎㅎ,"[ 0.00295448  0.01182556 -0.02354431 ... -0.05050659 -0.01811218
  0.01546478]",2,"['매장', '상담', '진행', '사은품', '챙기다', '온라인', '오프라인', '제품', '차이']",매장 상담 진행 사은품 챙기다 온라인 오프라인 제품 차이,0
1844,"수량에 따라 달리 결정할 듯 하네요. 4개 이상일 경우 오프라인 추천드리고,미만일 경우 온라인 추천드립니다!","[-0.00505829  0.01583862 -0.01986694 ... -0.02368164 -0.01055908
 -0.00315285]",2,"['수량', '따르다', '결정', '이상', '오프라인', '추천', '드리다', '미만', '온라인', '추천', '드리다']",수량 따르다 결정 이상 오프라인 추천 드리다 미만 온라인 추천 드리다,0
1845,"무조건 발품 손품이요! 전 신규오픈 백화점 매장, 동네 브랜드 직영점, 인터넷 다 비교했는데 인터넷이 제일 좋아써용!","[-0.00659943  0.01082611 -0.02163696 ... -0.04403687 -0.03604126
  0.00319481]",2,"['발품', '신규', '오픈', '백화점', '매장', '동네', '브랜드', '직영점', '인터넷', '비교', '인터넷', '좋다', '쓰다']",발품 신규 오픈 백화점 매장 동네 브랜드 직영점 인터넷 비교 인터넷 좋다 쓰다,2
1846,오프라인견적이 좋은가봐요 비교 많이 해봐야겠어요,"[ 0.01526642  0.02015686 -0.02949524 ... -0.03256226 -0.01721191
 -0.00600815]",2,"['오프라인', '견적', '좋다', '비교']",오프라인 견적 좋다 비교,0
1847,개수가 적으면 온라인으로 하나하나 저렴한걸로 하려고요,"[ 0.00203705  0.03390503 -0.02011108 ... -0.02426147 -0.02316284
  0.00249863]",2,"['개수', '적다', '온라인', '저렴하다']",개수 적다 온라인 저렴하다,0
1848,저는 매장도 상담받아봣는데 언라인이 좀 더싸서 온라인으로했어요,"[ 0.00237083  0.02023315 -0.02520752 ... -0.03256226 -0.02041626
  0.00939178]",2,"['매장', '상담', '얼다', '라인', '싸다', '온라인']",매장 상담 얼다 라인 싸다 온라인,2
1849,매장 가서 상담 받고 견적 받은 후 온라인으로 비교해 볼 것 같아요,"[ 0.01092529  0.03050232 -0.01425934 ... -0.04541016 -0.02183533
  0.00615311]",2,"['매장', '상담', '견적', '온라인', '비교']",매장 상담 견적 온라인 비교,0
1850,여러가지 품목 묶어서 살거여서 오프라인으로 발품 팔아서 구매했어요!,"[ 0.00424957  0.03466797 -0.02125549 ... -0.01130676 -0.04824829
 -0.02061462]",2,"['품목', '묶다', '살다', '오프라인', '발품', '팔다', '구매']",품목 묶다 살다 오프라인 발품 팔다 구매,0
1851,구매 시에는 온라인으로 필요한만큼만 삽니다,"[ 0.01210785  0.03646851 -0.01882935 ... -0.00706482 -0.03665161
 -0.02191162]",2,"['구매', '온라인', '필요', '살다']",구매 온라인 필요 살다,1
1852,저희는 묶어서 살꺼라 매장에서 상담받았는데 품목이 많지 않으면 인터넷 비교해볼것 같아여ㅎㅎ,"[ 0.01374054  0.01908875 -0.03140259 ... -0.03445435 -0.03158569
  0.0125885 ]",2,"['묶다', '살다', '매장', '상담', '품목', '많다', '인터넷', '비교']",묶다 살다 매장 상담 품목 많다 인터넷 비교,0
1853,여러개 구입하면 오프가 훨씬 싼데 갯수가 적으면 온라인이 저렴해용,"[ 0.00666809  0.03887939 -0.03744507 ... -0.01493073 -0.01777649
  0.00322914]",2,"['구입', '오프', '싸다', '갯수', '적다', '온라인', '저렴하다']",구입 오프 싸다 갯수 적다 온라인 저렴하다,1
1854,저희는 오프라인에서 상담이랑 둘러보고 온라인으로 샀어요!,"[ 0.00144863  0.02111816 -0.01782227 ... -0.02380371 -0.03790283
 -0.02410889]",2,"['오프라인', '상담', '둘러보다', '온라인', '사다']",오프라인 상담 둘러보다 온라인 사다,1
1855,저는 매장가서 설명도 자세히 듣고 견적도 받았는데 비교해보니 온라인이 더 저렴했어서 온라인으로 주문했어요~,"[ 0.00704956  0.03778076 -0.027771   ... -0.02182007 -0.03466797
 -0.01049042]",2,"['매장', '설명', '견적', '비교', '온라인', '저렴하다', '온라인', '주문']",매장 설명 견적 비교 온라인 저렴하다 온라인 주문,0
1856,매장 상담 후 견적 비교해서 온라인인지 오프라인인지 할거같아요,"[ 0.00898743  0.02166748 -0.01895142 ... -0.0418396  -0.02540588
 -0.0020256 ]",2,"['매장', '상담', '견적', '비교', '온라인', '인지', '오프라인']",매장 상담 견적 비교 온라인 인지 오프라인,0
1857,다품목이라면 매장이요 전 품목이 적어서 인터넷 구매했어요,"[ 0.00941467  0.01366425 -0.03065491 ... -0.04110718 -0.05014038
 -0.00559998]",2,"['품목', '매장', '품목', '적다', '인터넷', '구매']",품목 매장 품목 적다 인터넷 구매,0
1858,매장에서 상담 받아보고 견적 비교해서 온라인이 더 저렴하면 온라인에서 하려구요!,"[ 0.00183582  0.03808594 -0.02583313 ... -0.04760742 -0.01951599
  0.00332069]",2,"['매장', '상담', '견적', '비교', '온라인', '저렴하다', '온라인']",매장 상담 견적 비교 온라인 저렴하다 온라인,0
1859,온라인이 더 저렴하긴 한데 직접 실물보고 온라인 주문도 추천이요! 근데 그보다 찾아보면 오히려 오프라인이 프로모션 등등해서 더 좋을수도 있어요,"[-0.00973511  0.0269928  -0.02172852 ... -0.03408813 -0.02334595
 -0.00326157]",2,"['온라인', '저렴하다', '실물', '온라인', '주문', '추천', '찾다', '오프라인', '프로모션', '좋다']",온라인 저렴하다 실물 온라인 주문 추천 찾다 오프라인 프로모션 좋다,1
1860,"다품목하면 오프라인 매장 발품을 팔아보고, 한두개면 온라인 가격 검색해 볼 듯 합니다.","[-0.0012579   0.02012634 -0.03445435 ... -0.02929688 -0.04034424
 -0.00875092]",2,"['품목', '오프라인', '매장', '발품', '팔다', '온라인', '가격', '검색']",품목 오프라인 매장 발품 팔다 온라인 가격 검색,0
1861,온라인 오프 둘 다 비교해보고 조금이라도 저렴한 곳에서 샀어용!,"[ 0.00151157  0.01907349 -0.0271759  ... -0.03460693 -0.02905273
 -0.02482605]",2,"['온라인', '오프', '비교', '저렴하다', '사다']",온라인 오프 비교 저렴하다 사다,1
1862,"사야되는 필요 품목이 많으시면 오프라인으로 여러 곳에서 견적 받아보시구, 꼭 필요한 것만 구매하겠다! 하시면 온라인으로 사시는 걸 추천드려용 ㅎㅎ","[-0.00109863  0.03796387 -0.02359009 ... -0.02896118 -0.03521729
 -0.01780701]",2,"['사다', '필요', '품목', '많다', '오프라인', '견적', '필요', '구매', '온라인', '사다', '추천', '드리다']",사다 필요 품목 많다 오프라인 견적 필요 구매 온라인 사다 추천 드리다,0
1863,매장 가서 견적 받아보고 인터넷 판매가랑 비교해보려구요,"[ 0.02059937  0.03356934 -0.02302551 ... -0.04220581 -0.03689575
  0.0087204 ]",2,"['매장', '견적', '인터넷', '판매', '비교']",매장 견적 인터넷 판매 비교,2
1864,저는 온라인에서 싸게샀는데 너무 만족하고있어요,"[ 0.00771713  0.03775024 -0.03897095 ... -0.02642822 -0.04873657
 -0.01152802]",2,"['온라인', '싸다', '사다', '만족']",온라인 싸다 사다 만족,1
1865,온라인이 견적을 더 저렴하게 뽑아주더라구여,"[-0.00658417  0.04437256 -0.00981903 ... -0.02516174 -0.01881409
 -0.01200104]",2,"['온라인', '견적', '저렴하다']",온라인 견적 저렴하다,1
1866,남편이 온라인을 더 선호해서 전부 온라인으로 샀습니다~,"[ 0.00208855  0.0345459  -0.03305054 ... -0.01705933 -0.03823853
 -0.00913239]",2,"['남편', '온라인', '선호', '온라인', '사다']",남편 온라인 선호 온라인 사다,1
1867,저는 온라인으로 필요한 옵션만보고 샀는데 매장보다 저렴하게 잘 구입핶어요.,"[ 0.00636673  0.02325439 -0.03921509 ... -0.02050781 -0.03579712
 -0.02215576]",2,"['온라인', '필요', '옵션', '사다', '매장', '저렴하다', '구입']",온라인 필요 옵션 사다 매장 저렴하다 구입,1
1868,저라면 온라인에서 행사 같은거 볼것같아용,"[ 0.01171112  0.02160645 -0.01925659 ... -0.0397644  -0.02522278
 -0.00868988]",2,"['온라인', '행사']",온라인 행사,2
1869,온라인이 더 저렴하지만 스펙들을 잘 몰라서 오프라인에서 구매했어요,"[ 0.0033474   0.02597046 -0.04797363 ... -0.01971436 -0.02612305
 -0.01459503]",2,"['온라인', '저렴하다', '스펙', '오프라인', '구매']",온라인 저렴하다 스펙 오프라인 구매,1
1870,저희는 매장 10군대 돌아다녀보고 견적 받고 그다음 온라인에서 구매했습니다!,"[ 0.00793457  0.03555298 -0.0213623  ... -0.03793335 -0.03546143
  0.0083313 ]",2,"['매장', '군대', '돌아다니다', '견적', '다음', '온라인', '구매']",매장 군대 돌아다니다 견적 다음 온라인 구매,0
1871,매장에서 한번 보고 집에 와서 온라인으로 비교해볼거 같아요!,"[ 0.01236725  0.02746582 -0.01933289 ... -0.04153442 -0.04354858
 -0.00660324]",2,"['매장', '온라인', '비교']",매장 온라인 비교,0
1872,저는 직접 매장가서 보고나서 온라인이랑 가격비교해볼것같앙,"[ 0.01501465  0.0189209  -0.01808167 ... -0.03250122 -0.03417969
  0.00100231]",2,"['매장', '온라인', '가격', '비교']",매장 온라인 가격 비교,0
1873,"온라인 상담 받아보고,, 온라인이랑 비교해볼거 같아요!","[-0.00405884  0.01210022 -0.01087952 ... -0.03762817 -0.01751709
 -0.00999451]",2,"['온라인', '상담', '온라인', '비교']",온라인 상담 온라인 비교,0
1874,많이 사면 직접 오프라인에서 견적 받더라고용,"[-0.00813293  0.03414917 -0.02445984 ... -0.03265381 -0.03051758
  0.01690674]",2,"['사다', '오프라인', '견적']",사다 오프라인 견적,0
1875,저도 고민하다가 오프라인매장가서 샀어요,"[ 0.00378609  0.02497864 -0.02984619 ... -0.01852417 -0.04058838
 -0.00532532]",2,"['고민', '오프라인', '매장', '사다']",고민 오프라인 매장 사다,2
1876,"다품목이면 직접 가서 견적 받아보는게 제일 낫더라구요~! 온라인은 보면 볼 수록 헷갈려서ㅠㅠ 대신 꼭 사고 싶은 제품은 제품명 적어 가면 직원분이 온라인 전용인지 아닌지, 그 제품 사고 싶은 목적에 맞춰 혜택이 더 좋은 제품을 추천 해 준다던지 알아서 다 해주시더라구요!","[-0.00090694  0.02198792 -0.0368042  ... -0.0369873  -0.01025391
 -0.00405502]",2,"['품목', '견적', '온라인', '수록', '헷갈리다', '대신', '사다', '제품', '제품명', '적다', '직원', '온라인', '전용', '제품', '사다', '목적', '맞추다', '혜택', '좋다', '제품', '추천']",품목 견적 온라인 수록 헷갈리다 대신 사다 제품 제품명 적다 직원 온라인 전용 제품 사다 목적 맞추다 혜택 좋다 제품 추천,2
1877,큰거는 오프라인으로 작은거는 온라인이요!,"[ 0.00055838  0.02566528 -0.01531982 ... -0.01532745 -0.02745056
 -0.02459717]",2,"['크다', '오프라인', '작다', '온라인']",크다 오프라인 작다 온라인,0
1878,온라인이랑 매장이랑 크게 차이 안나는것 같아서 매장에서 구매했어요,"[ 0.02871704  0.02526855 -0.03903198 ... -0.01013947 -0.04449463
 -0.00400543]",2,"['온라인', '매장', '크다', '차이', '매장', '구매']",온라인 매장 크다 차이 매장 구매,2
1879,저희는 다 품목은 아니어서 온라인 주문 했어요,"[ 0.00974274  0.02449036 -0.01802063 ... -0.02069092 -0.04290771
 -0.02546692]",2,"['품목', '온라인', '주문']",품목 온라인 주문,1
1880,"매장에서 다품목으로 사서 받는 혜택보다, 인터넷으로 따로 사는게 결국 더 저렴한 것 같아서 인터넷으로 구입합니다!","[-0.00126076  0.03192139 -0.02470398 ... -0.01528931 -0.05297852
 -0.00102806]",2,"['매장', '품목', '사다', '혜택', '인터넷', '사다', '저렴하다', '인터넷', '구입']",매장 품목 사다 혜택 인터넷 사다 저렴하다 인터넷 구입,2
1881,저는 매장에서 거의 구매하고 온라인에서 구매한건 없어요,"[ 0.02114868  0.02444458 -0.03790283 ... -0.02416992 -0.04544067
  0.00287437]",2,"['매장', '구매', '온라인', '구매']",매장 구매 온라인 구매,1
1882,품목적으면 온라인! 많으면 오프라인이 좋은거 같아요!,"[ 0.0053978   0.00639343 -0.03781128 ... -0.04110718 -0.03025818
  0.00559235]",2,"['품목', '적다', '온라인', '많다', '오프라인', '좋다']",품목 적다 온라인 많다 오프라인 좋다,0
1883,매장여러군데 다니면서 발품 팔았네요!,"[ 0.00214577  0.02612305 -0.01704407 ... -0.03564453 -0.05380249
  0.00397491]",2,"['매장', '다니다', '발품', '팔다']",매장 다니다 발품 팔다,0
1884,시쿠라스요! 저는 온라인에서 구매했는데 만족해요,"[-0.00114536  0.01138306 -0.03634644 ... -0.03820801 -0.04537964
 -0.00949097]",2,"['시쿠라스', '온라인', '구매', '만족']",시쿠라스 온라인 구매 만족,1
1885,온라인보다 오프라인이 함께하면 더 메리트 있군요.!정보 감사합니다 :,"[ 0.00843811  0.02090454 -0.03036499 ... -0.03201294 -0.02316284
 -0.00461197]",2,"['온라인', '오프라인', '메리트', '정보', '감사']",온라인 오프라인 메리트 정보 감사,0
1886,요즘엔 인터넷에서도 괜찮은 상품이 많아서 잘 보고 선택한다면 꼭 백화점 상품이 아니어도 괜찮을 것 같아요!,"[ 4.24385071e-05  2.04162598e-02 -3.69873047e-02 ... -3.64990234e-02
 -4.09240723e-02 -1.85241699e-02]",2,"['요즘', '인터넷', '괜찮다', '상품', '많다', '선택', '백화점', '상품', '괜찮다']",요즘 인터넷 괜찮다 상품 많다 선택 백화점 상품 괜찮다,2
1887,인터넷에서사는거랑 백화점이랑 질이 다르다고하더라구욤 저같음 백화점이요,"[ 0.00079584  0.0102005  -0.02949524 ... -0.04373169 -0.04110718
 -0.00899506]",2,"['인터넷', '사다', '백화점', '다르다', '백화점']",인터넷 사다 백화점 다르다 백화점,2
1888,에이에스같은건 온오프라인 동일할 거에요~ 같은 상품이라면 가격적 메리트가 더 있는 쪽으로 몰아서 하는게 이득이죠~~,"[ 0.00909424  0.01543427 -0.01394653 ... -0.01853943 -0.01927185
  0.00210381]",2,"['에이에스', '오프라인', '동일', '상품', '가격', '메리트', '몰다', '이득']",에이에스 오프라인 동일 상품 가격 메리트 몰다 이득,0
1889,"백화점에서 굳이 할거까지는 없지만, 가격비교해보고 차이가 많이 안나면 오프에서 사는거 추천해요.","[ 0.00839233  0.01480865 -0.03842163 ... -0.02993774 -0.02598572
 -0.00543594]",2,"['백화점', '가격', '비교', '차이', '오프', '사다', '추천']",백화점 가격 비교 차이 오프 사다 추천,0
1890,한꺼번에 백화점에서 구매하시는 게 좋을 것 같은데 가격적으로 많이 차이나면 쿠팡에서 구매도 괜찮을 것 같아요,"[ 0.00744247  0.0199585  -0.03120422 ... -0.03747559 -0.04208374
  0.02069092]",2,"['백화점', '구매', '좋다', '가격', '차이', '쿠팡', '구매', '괜찮다']",백화점 구매 좋다 가격 차이 쿠팡 구매 괜찮다,1
1891,백화점은 어니더라도 다품목이니까 오프라인에서 살래요~,"[ 0.00910187  0.02774048 -0.03216553 ... -0.0236969  -0.05102539
 -0.01078033]",2,"['백화점', '얼다', '품목', '오프라인', '살다']",백화점 얼다 품목 오프라인 살다,2
1892,as되면 더싸게할거같아요 근데 여러종류사려면 오프라인이 쌀거같아요,"[ 0.0107193   0.00387955 -0.02903748 ... -0.02436829 -0.01722717
  0.02511597]",2,"['싸다', '종류', '사다', '오프라인', '싸다']",싸다 종류 사다 오프라인 싸다,1
1893,"오픈이나 주말에 백화점, 대리점 투어돌고 당일혜택 받는것도 한번 보세용ㅎㅎ 저는 살게 그닥없어서 3개만사는거라 인터넷최저가로 샀네요ㅎㅎ","[-0.00613785  0.01154327 -0.0328064  ... -0.02616882 -0.02922058
 -0.00106812]",2,"['오픈', '주말', '백화점', '대리점', '투어', '돌다', '당일', '혜택', '살다', '사다', '인터넷', '최저', '사다']",오픈 주말 백화점 대리점 투어 돌다 당일 혜택 살다 사다 인터넷 최저 사다,2
1894,최신제품일 필요가 없다생각햐서 온라인으로 가려고 합니다,"[ 0.0096283   0.0275116  -0.03518677 ... -0.02275085 -0.03335571
 -0.01690674]",2,"['최신', '제품', '필요', '생각', '서다', '온라인']",최신 제품 필요 생각 서다 온라인,1
1895,"품목이 많으면 오프라인, 적으면 온라인이요!","[-4.48226929e-05  1.09481812e-02 -2.55432129e-02 ... -1.91955566e-02
 -2.54669189e-02 -2.55203247e-03]",2,"['품목', '많다', '오프라인', '적다', '온라인']",품목 많다 오프라인 적다 온라인,0
1896,저는 본가때부터 쓰던 브랜드로 알아보고 온라인으로 계약해서 렌탈로 사용하고 있어용!,"[-0.00061321  0.03207397 -0.02856445 ... -0.05123901 -0.03747559
 -0.00178909]",2,"['보다', '쓰다', '브랜드', '알아보다', '온라인', '계약', '렌탈']",보다 쓰다 브랜드 알아보다 온라인 계약 렌탈,0
1897,저는 엘지 온라인스토어에서 직접 골라서 했어여!,"[-0.00458908  0.01325226 -0.02076721 ... -0.03543091 -0.03665161
 -0.00028944]",2,"['엘지', '온라인', '스토어', '고르다']",엘지 온라인 스토어 고르다,1
1898,저는 온라인이랑 오프라인 동시에 보려구요! 비교는 필수인 것 같아요!,"[-0.00439835  0.01318359 -0.02189636 ... -0.03182983 -0.0267334
 -0.00245667]",2,"['온라인', '오프라인', '동시', '비교', '필수']",온라인 오프라인 동시 비교 필수,0
1899,박람회 백화점 베스트샵 등 발품팔고 비교하고 샀어요!,"[ 0.00819397  0.00404739 -0.02528381 ... -0.03189087 -0.06033325
 -0.00959778]",2,"['박람회', '백화점', '베스트', '발품', '팔다', '비교', '사다']",박람회 백화점 베스트 발품 팔다 비교 사다,0
1900,온라인으로 1차 알아보고 발품팔아서 구매했어요!,"[-0.00597763  0.02903748 -0.01245117 ... -0.03022766 -0.03857422
 -0.01123047]",2,"['온라인', '알아보다', '발품', '팔다', '구매']",온라인 알아보다 발품 팔다 구매,0
1901,원하는 품목정하고 한번에 다할꺼면 오프라인 하나씩 따로할꺼면 무조건온라인이요,"[ 0.00793457  0.01806641 -0.02458191 ... -0.01998901 -0.01828003
 -0.00411987]",2,"['원하다', '품목', '정하다', '오프라인', '온라인']",원하다 품목 정하다 오프라인 온라인,0
1902,매장에서 예쁜거 보고 인터넷으로 사세요.. 네이버적립금 짱..,"[-0.00368309  0.02980042 -0.02037048 ... -0.04025269 -0.050354
 -0.00219727]",2,"['매장', '예쁘다', '인터넷', '사다', '네이버', '적립금']",매장 예쁘다 인터넷 사다 네이버 적립금,1
1903,인터넷에서 모델확인하고 매장가서 직접 봤어요! 근데 매장가서 보다보면 결국 제일 좋은 라인으로 구매하게되긴하더라구요,"[ 0.00319481  0.00079346 -0.0295105  ... -0.02909851 -0.00296211
 -0.00271797]",2,"['인터넷', '모델', '확인', '매장', '매장', '좋다', '라인', '구매']",인터넷 모델 확인 매장 매장 좋다 라인 구매,2
1904,저희는 발품팔아보고 현백이제일 가격좋아서 백화점에서 구매했어용,"[ 0.02194214  0.02984619 -0.02842712 ... -0.02163696 -0.05804443
  0.01093292]",2,"['발품', '팔다', '가격', '좋다', '백화점', '구매']",발품 팔다 가격 좋다 백화점 구매,0
1905,백화점 인터넷 가전마트 등등 발품 파시는 거 추천이요,"[-0.00119686  0.02372742 -0.02275085 ... -0.04833984 -0.03640747
 -0.009552  ]",2,"['백화점', '인터넷', '가전', '마트', '발품', '파', '추천']",백화점 인터넷 가전 마트 발품 파 추천,2
1906,저는 발품팔아서 매장가서 샀는데 생각해보면 인터넷에서 사는게 최고입니다,"[-0.00534821  0.020401   -0.03274536 ... -0.03564453 -0.05273438
  0.00338173]",2,"['발품', '팔다', '매장', '사다', '생각', '인터넷', '사다', '최고']",발품 팔다 매장 사다 생각 인터넷 사다 최고,2
1907,매장보다 인터넷이 훨씬 싸서 인터넷으로 구매했어요!,"[-0.00499725  0.03665161 -0.01887512 ... -0.02908325 -0.04736328
 -0.02157593]",2,"['매장', '인터넷', '싸다', '인터넷', '구매']",매장 인터넷 싸다 인터넷 구매,2
1908,인터넷에서 찾아보고 매장가서 견적 받아보고 했어욤,"[ 0.01538849  0.02622986 -0.0211792  ... -0.05212402 -0.03613281
  0.01137543]",2,"['인터넷', '찾아보다', '매장', '견적']",인터넷 찾아보다 매장 견적,2
1909,매장알아봤는데 인터넷이 훨 저렴해서 인터넷으로 구매하려구용,"[ 0.00457764  0.03106689 -0.03833008 ... -0.03671265 -0.03796387
  0.00602341]",2,"['매장', '알아보다', '인터넷', '저렴하다', '인터넷', '구매']",매장 알아보다 인터넷 저렴하다 인터넷 구매,2
1910,인터넷에서도 찾아보고 매장에서 견적 받아보고 혜택 받아서 구입했어요,"[ 0.01080322  0.02886963 -0.02638245 ... -0.02958679 -0.05331421
 -0.00677109]",2,"['인터넷', '찾아보다', '매장', '견적', '혜택', '구입']",인터넷 찾아보다 매장 견적 혜택 구입,2
1911,견적 받아보고 품번으로 인터넷에서도 검색해보세요~ 저는 매장가서 샀는데 카드 만들고 일정금액 결제하고 이러는게 너~~~무 번거로워서 후회했어요ㅠㅜ,"[-0.00132465  0.01980591 -0.0390625  ... -0.05044556 -0.03018188
  0.02377319]",2,"['견적', '인터넷', '검색', '매장', '사다', '카드', '만들다', '일정', '금액', '결제', '이러다', '후회']",견적 인터넷 검색 매장 사다 카드 만들다 일정 금액 결제 이러다 후회,2
1912,직접가서 보고 견적 받는거요! 인터넷에서 파는건 같은 디자인이어도 조금씩 다르고 as도 매장에서 구매한거랑 다르더라구요ㅜㅜ,"[-0.00145054  0.01460266 -0.01739502 ... -0.03488159 -0.02354431
 -0.00282288]",2,"['견적', '인터넷', '파', '디자인', '다르다', '매장', '구매', '다르다']",견적 인터넷 파 디자인 다르다 매장 구매 다르다,0
1913,"구매할 물품이 5개 이하면 온라인, 이상이면 오프라인이 저렴하다고 하는데 일단 둘 다 견적받아보고 결정할 것 같아요","[ 0.00445175  0.02148438 -0.0380249  ... -0.04098511 -0.02798462
 -0.00039959]",2,"['구매', '물품', '이하', '온라인', '이상', '오프라인', '견적', '결정']",구매 물품 이하 온라인 이상 오프라인 견적 결정,0
1914,인터넷 구매만 생각했는데 매장 견적도 생각해봐야겠네요,"[ 0.01452637  0.03710938 -0.02464294 ... -0.03439331 -0.05282593
  0.02433777]",2,"['인터넷', '구매', '생각', '매장', '견적', '생각']",인터넷 구매 생각 매장 견적 생각,0
1915,할인 많이 들어간 매장 견적 받았는데도 높아서 인터넷으로 샀어요,"[ 0.01124573  0.03646851 -0.03952026 ... -0.03128052 -0.05267334
  0.01105499]",2,"['할인', '들어가다', '매장', '견적', '높다', '인터넷', '사다']",할인 들어가다 매장 견적 높다 인터넷 사다,2
1916,한두개 사는거면 인터넷이 나은데 묶어 사면 매장이 낫더라구요!,"[ 0.00418854  0.02992249 -0.03613281 ... -0.02487183 -0.03799438
  0.01539612]",2,"['사다', '인터넷', '묶다', '사다', '매장']",사다 인터넷 묶다 사다 매장,2
1917,저희는 오프라인 매장에서 확인해보고 삿어요!,"[ 0.01106262  0.0259552  -0.02037048 ... -0.02568054 -0.04516602
 -0.00953674]",2,"['오프라인', '매장', '확인', '사다']",오프라인 매장 확인 사다,1
1918,저는 오프라인으로 구경하고 견적받고 온라인으로 구매했어요!,"[-0.00657654  0.02690125 -0.01713562 ... -0.02632141 -0.04684448
 -0.01780701]",2,"['오프라인', '구경', '견적', '온라인', '구매']",오프라인 구경 견적 온라인 구매,1
1919,오프라인에서 여러개 사면 할인 많이 되서 오프라인이요,"[ 0.00847626  0.02380371 -0.04272461 ... -0.01905823 -0.0201416
  0.00078344]",2,"['오프라인', '사다', '할인', '오프라인']",오프라인 사다 할인 오프라인,2
1920,저도 오프라인 온라인으로 나눠서 비교중이에요!,"[-0.00162601  0.01582336 -0.01383972 ... -0.01794434 -0.02760315
 -0.01399994]",2,"['오프라인', '온라인', '나누다', '비교']",오프라인 온라인 나누다 비교,0
1921,세트로 한번에 살거면 오프라인이 더 낫더라구요!,"[ 0.01754761  0.02809143 -0.0269165  ... -0.04470825 -0.03646851
  0.00625229]",2,"['세트', '살다', '오프라인']",세트 살다 오프라인,1
1922,저도 오프라인 매장에서 직접 보고 구매하는 게 좋을 것 같아요,"[ 0.00865936  0.03479004 -0.02487183 ... -0.02783203 -0.04470825
 -0.00278473]",2,"['오프라인', '매장', '구매', '좋다']",오프라인 매장 구매 좋다,0
1923,온라인 손품 팔아서 오프라인 발품 판 거랑 비교해보려 해요,"[-0.00372314  0.03204346 -0.01219177 ... -0.02636719 -0.04269409
 -0.0302124 ]",2,"['온라인', '팔다', '오프라인', '발품', '팔다', '비교']",온라인 팔다 오프라인 발품 팔다 비교,0
1924,혼수는 오프라인에서 한번에 사야 할인이 크더라구요,"[ 0.0305481   0.03485107 -0.02218628 ... -0.0193634  -0.04071045
 -0.00047207]",2,"['혼수', '오프라인', '사다', '할인', '크다']",혼수 오프라인 사다 할인 크다,2
1925,많이사면 온라인보다 저렴해질때가 있어서 오프라인으로 사는것같아요. 품목적으면 온라인이 굿입니닷,"[ 0.00868225  0.02165222 -0.0458374  ... -0.01983643 -0.02186584
 -0.00518036]",2,"['사다', '온라인', '오프라인', '사다', '품목', '적다', '온라인', '좋다']",사다 온라인 오프라인 사다 품목 적다 온라인 좋다,0
1926,품목 적으니까 온라인이 더 싸더라구요 세트로 싹 맞출땐 오프라인이 싼 것 같구요,"[ 0.00921631  0.02590942 -0.0401001  ... -0.02624512 -0.02861023
 -0.00179005]",2,"['품목', '적다', '온라인', '싸다', '세트', '맞추다', '오프라인', '싸다']",품목 적다 온라인 싸다 세트 맞추다 오프라인 싸다,1
1927,가짓수가 많아야 오프라인에서 카드할인연계나 이런것들도 있고 그래서 저렴하다~ 하는거같아요! 품목이 적으시면 온라인으로 비교해보시고 구매하시는게 나을것 같습니다 ㅎㅎ,"[ 0.00196266  0.02108765 -0.03210449 ... -0.02542114 -0.02078247
 -0.01238251]",2,"['가짓수', '많다', '오프라인', '카드', '할인', '연계', '저렴하다', '품목', '적다', '온라인', '비교', '구매']",가짓수 많다 오프라인 카드 할인 연계 저렴하다 품목 적다 온라인 비교 구매,0
1928,"오프라인이랑 온라인 견적 모두 꼼꼼하게 비교해보는게 좋은거같아요, 온라인이 저렴하다 생각했는데 이런저런 할인행사 다 합치다보니 오프라인을 훨씬 저렴하게 구매했어요","[ 0.00429153  0.02416992 -0.04507446 ... -0.02639771 -0.03652954
 -0.00349808]",2,"['오프라인', '온라인', '견적', '비교', '좋다', '온라인', '생각', '할인', '행사', '합치다', '오프라인', '저렴하다', '구매']",오프라인 온라인 견적 비교 좋다 온라인 생각 할인 행사 합치다 오프라인 저렴하다 구매,0
1929,3종 이하면 온라인을 추천드려요! 25년 신상제품은 아니지만 가격은 제일 저렴합니당ㅎㅎ,"[ 0.00128555  0.01702881 -0.03805542 ... -0.02801514 -0.02178955
 -0.00051832]",2,"['이하', '온라인', '추천', '드리다', '신상', '제품', '가격', '저렴하다']",이하 온라인 추천 드리다 신상 제품 가격 저렴하다,1
1930,저라면 오프라인으로 진행할꺼같아요 할인혜택도 좋았어요,"[ 0.01251984  0.02784729 -0.03845215 ... -0.0329895  -0.03326416
  0.00914764]",2,"['오프라인', '진행', '할인', '혜택', '좋다']",오프라인 진행 할인 혜택 좋다,0
1931,3종 이하면 온라인이요! 오프라인 가도 혜택이 그렇게 크지는 않을 것 같아요 ㅎㅎ,"[-0.00375557  0.01745605 -0.02487183 ... -0.01861572 -0.02906799
 -0.00624466]",2,"['이하', '온라인', '오프라인', '혜택', '크다']",이하 온라인 오프라인 혜택 크다,1
1932,3종이하면 매장에서 실물 확인후 온라인으로 구매하세요~,"[ 0.01835632  0.02172852 -0.02682495 ... -0.02601624 -0.03117371
 -0.01332855]",2,"['이하', '매장', '실물', '확인', '온라인', '구매']",이하 매장 실물 확인 온라인 구매,1
1933,3종 이하면 온라인 구매 하는게 나을 것 같아요!,"[ 0.0158844   0.02191162 -0.0328064  ... -0.03311157 -0.03598022
 -0.01437378]",2,"['이하', '온라인', '구매']",이하 온라인 구매,1
1934,3종 이하면 온라인에서 가격체크하고 오프라인가서 가격비교 해볼 것 같아요 !,"[ 0.01441956  0.01637268 -0.03108215 ... -0.03115845 -0.02639771
 -0.00828552]",2,"['이하', '온라인', '가격', '체크', '오프라인', '가격', '비교']",이하 온라인 가격 체크 오프라인 가격 비교,0
1935,"오프라인에서 견적 받아보고, 온라인에 그 제품 검색해서 비교 후 구매요","[ 0.00686646  0.03497314 -0.02722168 ... -0.03384399 -0.02641296
 -0.01464081]",2,"['오프라인', '견적', '온라인', '제품', '검색', '비교', '구매']",오프라인 견적 온라인 제품 검색 비교 구매,0
1936,3종 이하면 온라인이 좋다고 하더라구요! 일단 견적 둘 다 받아보고 결정할 것 같아요!,"[-0.00091219  0.02038574 -0.0296936  ... -0.04281616 -0.02244568
  0.00201988]",2,"['이하', '온라인', '좋다', '견적', '결정']",이하 온라인 좋다 견적 결정,0
1937,3종 이하면 온라인 구매 괜찮을 것 같습니다!,"[ 0.0194397   0.01353455 -0.0291748  ... -0.03031921 -0.03805542
 -0.01974487]",2,"['이하', '온라인', '구매', '괜찮다']",이하 온라인 구매 괜찮다,1
1938,시간 되시면 오프라인 온라인 가격 비교 해보시구 시간 없으시면 온라인에서 해도 괜찮을 것 같아요!,"[-0.00209618  0.01564026 -0.03189087 ... -0.0368042  -0.03015137
 -0.0091095 ]",2,"['시간', '오프라인', '온라인', '가격', '비교', '시간', '온라인', '괜찮다']",시간 오프라인 온라인 가격 비교 시간 온라인 괜찮다,0
1939,저희는 신상으로 하고싶어서 그냥 오프라인에서 했어요~,"[ 0.00529861  0.02986145 -0.01547241 ... -0.02015686 -0.02442932
 -0.0152359 ]",2,"['신상', '오프라인']",신상 오프라인,1
1940,전 온라인으로 세일기간에 맞춰서 구매했어요 미리 오프라인가는 알아두시고 비교해서 결정하세요,"[ 0.00204659  0.01136017 -0.03668213 ... -0.01947021 -0.03033447
 -0.01823425]",2,"['온라인', '세일', '기간', '맞추다', '구매', '오프라인', '비교', '결정']",온라인 세일 기간 맞추다 구매 오프라인 비교 결정,0
1941,친구가 확실히 온라인보다는 오프라인이 혜택도 더 많고 저렴하대요~,"[ 0.01543427  0.03262329 -0.03112793 ... -0.03152466 -0.02906799
 -0.01027679]",2,"['친구', '온라인', '오프라인', '혜택', '많다']",친구 온라인 오프라인 혜택 많다,0
1942,오프라인이던 온라인이던 혜택 좋은 쪽으로 할거 같아요!,"[ 0.00690842  0.01303864 -0.02554321 ... -0.02844238 -0.03561401
 -0.00379944]",2,"['오프라인', '온라인', '혜택', '좋다']",오프라인 온라인 혜택 좋다,0
1943,3종 이하면 온라인으로 발품팔아 개별로 사는게 낫습닏!,"[ 0.00252914  0.02574158 -0.03045654 ... -0.02944946 -0.04171753
  0.00967407]",2,"['이하', '온라인', '발품', '팔다', '사다']",이하 온라인 발품 팔다 사다,1
1944,3종 이하로 준비한다면 온라인이 좋을거 같아요,"[ 0.00234413  0.01396179 -0.02113342 ... -0.02766418 -0.01264191
 -0.00296783]",2,"['이하', '준비', '온라인', '좋다']",이하 준비 온라인 좋다,1
1945,저는 직접 보는게 좋아 오프라인으로 가볼것 같아요 ㅎㅎ,"[ 0.00340652  0.01960754 -0.01117706 ... -0.04025269 -0.02532959
  0.00978851]",2,"['좋다', '오프라인']",좋다 오프라인,0
1946,오프라인으로 보고 온라인에서 저렴하게 구입할거같아요ㅎㅎ,"[-0.00613785  0.0280304  -0.02352905 ... -0.02243042 -0.03012085
 -0.00800323]",2,"['오프라인', '온라인', '저렴하다', '구입']",오프라인 온라인 저렴하다 구입,1
1947,3종이면 온라인으로 드래곤볼 할거같네요,"[ 0.01026154  0.01370239 -0.02728271 ... -0.02633667 -0.00817108
 -0.00625992]",2,"['온라인', '드래곤']",온라인 드래곤,0
1948,3개라면 온라인이 날거같아요. 5개이상일때 오프라인이좋더라구요,"[ 0.00964355  0.01016235 -0.0411377  ... -0.02931213 -0.00195694
  0.01806641]",2,"['온라인', '이상', '오프라인', '좋다']",온라인 이상 오프라인 좋다,1
1949,저 5개인데도 품목이 적다며 와인셀러나 스탠바이미 끼워서 견적내주시더라구요. 온라인 추천해요,"[ 0.00457764  0.01670837 -0.03533936 ... -0.03286743 -0.016922
  0.01222229]",2,"['품목', '적다', '와인', '셀러', '스탠 바이 미', '끼우다', '견적', '내다', '온라인', '추천']",품목 적다 와인 셀러 스탠 바이 미 끼우다 견적 내다 온라인 추천,0
1950,온라인이요! 오프라인은 발품파는 것 만큼 가성비있어지진 않더라구요,"[-0.00872803  0.01902771 -0.02676392 ... -0.03890991 -0.03314209
 -0.00875854]",2,"['온라인', '오프라인', '발품', '파', '가성비']",온라인 오프라인 발품 파 가성비,0
1951,온라인도 나쁘지않을거같아요~ 저는 집근처 오프라인에서 구매했어요,"[ 0.00482941  0.01384735 -0.04040527 ... -0.02867126 -0.04641724
 -0.01260376]",2,"['온라인', '나쁘다', '근처', '오프라인', '구매']",온라인 나쁘다 근처 오프라인 구매,1
1952,3종 정도면 온라인이 괜찮은 선택이에요. 구형이라도 저렴하게 구매할 수 있는 장점이 있습니다.,"[ 0.00261879  0.0201416  -0.04141235 ... -0.02964783 -0.02566528
 -0.01417542]",2,"['온라인', '괜찮다', '선택', '구형', '저렴하다', '구매', '장점']",온라인 괜찮다 선택 구형 저렴하다 구매 장점,1
1953,"오프라인과 온라인을 모두 비교해보는 게 좋을 것 같아요, 저도 그런 방식으로 고민하고 있어요","[-0.00396347  0.01051331 -0.02677917 ... -0.02818298 -0.01965332
 -0.004776  ]",2,"['오프라인', '온라인', '비교', '좋다', '방식', '고민']",오프라인 온라인 비교 좋다 방식 고민,0
1954,온라인도 괜찮으실것겉아요 많이 구매하는게 아나라서요,"[ 0.01654053  0.02191162 -0.04098511 ... -0.02987671 -0.03219604
  0.00054359]",2,"['온라인', '괜찮다', '구매', '알다']",온라인 괜찮다 구매 알다,1
1955,매장가서 샀는데 인터넷도 나쁘지 않았을거 같아요,"[ 0.0163269   0.01043701 -0.04180908 ... -0.03041077 -0.04949951
 -0.00208282]",2,"['매장', '사다', '인터넷', '나쁘다']",매장 사다 인터넷 나쁘다,2
1956,저는 매장에서 구매했는데 온라인도 괜찮을 것 같아요,"[ 0.02415466  0.00499725 -0.04693604 ... -0.03068542 -0.03820801
 -0.00554657]",2,"['매장', '구매', '온라인', '괜찮다']",매장 구매 온라인 괜찮다,1
1957,저도 완전 다 새로사는게 아니고 쓰던것도 새집에 가져갈거라 다만 몇개라도 매장에 가서 묶어야하나 아님 인터넷으로 따로 사야하나 고민중이었는데 일단 매장에 가보고 정해야겠습니다!,"[ 0.0103302   0.03033447 -0.04614258 ... -0.02368164 -0.04745483
  0.04153442]",2,"['사다', '쓰다', '가져가다', '매장', '묶다', '인터넷', '사다', '고민', '매장', '정하다']",사다 쓰다 가져가다 매장 묶다 인터넷 사다 고민 매장 정하다,2
1958,매장에서 할인 받고 사려면 카드 써야하고 여러가지 복잡해서 인터넷이 더 저렴하면 인터넷으로 사도 좋을거같아요~,"[ 0.00738144  0.0345459  -0.03396606 ... -0.03393555 -0.04244995
  0.01540375]",2,"['매장', '할인', '사다', '카드', '쓰다', '인터넷', '저렴하다', '인터넷', '사다', '좋다']",매장 할인 사다 카드 쓰다 인터넷 저렴하다 인터넷 사다 좋다,2
1959,여러가지 품목 구매는 온라인보다 오프라인이 더 할인 혜택 좋다고 알고있어요 ㅎㅎ,"[ 0.01314545  0.02832031 -0.03707886 ... -0.0362854  -0.04440308
 -0.02607727]",2,"['품목', '구매', '온라인', '오프라인', '할인', '혜택', '좋다']",품목 구매 온라인 오프라인 할인 혜택 좋다,0
1960,매장가서 견적보고 나머지는 인터넷으로 해도되겠죠?,"[ 0.00230789  0.02989197 -0.01860046 ... -0.04818726 -0.03668213
  0.01561737]",2,"['매장', '견적', '나머지', '인터넷']",매장 견적 나머지 인터넷,2
1961,직접가서 상담하시는거 보다는 온라인이 할인이 더 많이돼나봐요?,"[-0.00894165  0.0213623  -0.0218811  ... -0.0380249  -0.02622986
 -0.01309204]",2,"['상담', '온라인', '할인']",상담 온라인 할인,0
1962,오프라인에서 묶어서 사면 할인 많이돼요,"[ 9.43756104e-03  3.24707031e-02 -3.71398926e-02 ... -1.36795044e-02
 -2.84423828e-02 -5.35249710e-05]",2,"['오프라인', '묶다', '사다', '할인']",오프라인 묶다 사다 할인,1
1963,저희는 원하는 브랜드가 다 달라서 오프라인에서 구매했어요,"[ 0.01835632  0.02662659 -0.03729248 ... -0.0129776  -0.04187012
 -0.02059937]",2,"['원하다', '브랜드', '다르다', '오프라인', '구매']",원하다 브랜드 다르다 오프라인 구매,0
1964,한곳은 할인이 좋고 각각 구매는 온라인이 좋아요,"[ 0.02116394  0.01693726 -0.04766846 ... -0.026474   -0.03961182
 -0.00141239]",2,"['할인', '좋다', '구매', '온라인', '좋다']",할인 좋다 구매 온라인 좋다,0
1965,저는 쿠가페세일할때 온라인으로구매했어요,"[ 0.00200462  0.0174408  -0.01725769 ... -0.01753235 -0.03921509
 -0.01626587]",2,"['쿠가페세', '온라인', '구매']",쿠가페세 온라인 구매,1
1966,"소량만 구매하신다면 온라인이 저렴, 한곳에서 구매하실땐 풀패키지로 구매하시는게 혜택이 많아요","[ 0.00481415  0.03204346 -0.03115845 ... -0.02468872 -0.03921509
 -0.00022995]",2,"['소량', '구매', '온라인', '구매', '패키지', '구매', '혜택', '많다']",소량 구매 온라인 구매 패키지 구매 혜택 많다,1
1967,"저도 지금 고민하는 단계인데, 온라인이 더 편한 경우도 있는데 매장이 혜택이 많다 하더라고요~","[ 0.00640869  0.03637695 -0.0272522  ... -0.03793335 -0.03796387
  0.00738525]",2,"['고민', '단계', '온라인', '편하다', '매장', '혜택', '많다']",고민 단계 온라인 편하다 매장 혜택 많다,2
1968,몇개를 사느냐에 따라 다를 것 같아요 전 일단 기본적으로 5개 품목은 사야해서 할인 챙기고 싶어서 매장에서 결제하려구요!,"[ 0.01187134  0.01052856 -0.03378296 ... -0.02952576 -0.0322876
  0.02018738]",2,"['사다', '따르다', '다르다', '기본', '품목', '사다', '할인', '챙기다', '매장', '결제']",사다 따르다 다르다 기본 품목 사다 할인 챙기다 매장 결제,2
1969,가성비로 온라인에서 구매하는 게 좋을 거예요.,"[ 0.00224876  0.03744507 -0.03466797 ... -0.03366089 -0.03674316
 -0.01546478]",2,"['가성비', '온라인', '구매', '좋다']",가성비 온라인 구매 좋다,1
1970,매장 여러군데 가서 견적 받아보고 제일 나은곳에서 구매했습니다,"[ 0.03034973  0.02146912 -0.03117371 ... -0.0345459  -0.04336548
  0.00716019]",2,"['매장', '견적', '구매']",매장 견적 구매,0
1971,한날 받고싶어서 여러매장의 비교견적받고 인터넷이랑 비슷한가격인곳에서 잘 구매했어요~,"[ 0.0151825   0.02436829 -0.04324341 ... -0.01882935 -0.03723145
 -0.01128387]",2,"['매장', '비교', '견적', '인터넷', '비슷하다', '가격', '구매']",매장 비교 견적 인터넷 비슷하다 가격 구매,0
1972,저희는 온라인이 싸서 온라인으로 샀어용 좀 더 가격 저렴한걸로 사세요,"[ 0.00495529  0.03842163 -0.03677368 ... -0.02430725 -0.03286743
 -0.02180481]",2,"['온라인', '싸다', '온라인', '사다', '가격', '저렴하다', '사다']",온라인 싸다 온라인 사다 가격 저렴하다 사다,1
1973,매장 발품 몇군데 팔고 비대면견적도 받아서 구매했어요!,"[ 0.00790405  0.03475952 -0.02981567 ... -0.03007507 -0.04815674
 -0.00817871]",2,"['매장', '발품', '팔다', '대면', '견적', '구매']",매장 발품 팔다 대면 견적 구매,0
1974,매장이 있으면 가서 보고 온라인이랑 가서 비교하고 사려구요 ㅋㅋ,"[ 0.01193237  0.02061462 -0.0199585  ... -0.04489136 -0.03253174
 -0.00052595]",2,"['매장', '온라인', '비교', '사다']",매장 온라인 비교 사다,2
1975,온라인 최저가 기준으로 비교해보고 오프라인 구매하려 해요,"[ 0.01821899  0.03128052 -0.0247345  ... -0.02120972 -0.0380249
 -0.01502991]",2,"['온라인', '최저', '기준', '비교', '오프라인', '구매']",온라인 최저 기준 비교 오프라인 구매,0
1976,몇개만사야한다면 온라인에서 사겠지만 그게아니면 매장에서 보고구매하려구요,"[ 0.00719452  0.02503967 -0.03778076 ... -0.02279663 -0.03274536
  0.01589966]",2,"['사다', '온라인', '사다', '매장', '구매']",사다 온라인 사다 매장 구매,1
1977,매장에서 보고 온라인으로 살 거 같아요 ㅎㅎ,"[ 0.00624466  0.02096558 -0.0161438  ... -0.03048706 -0.03625488
 -0.00354958]",2,"['매장', '온라인', '사다']",매장 온라인 사다,1
1978,매장에서도 사고 온라인에도 샀어요 더 저렴한쪽이요,"[ 0.0098114   0.02458191 -0.04284668 ... -0.02108765 -0.03625488
 -0.00511551]",2,"['매장', '사다', '온라인', '사다', '저렴하다']",매장 사다 온라인 사다 저렴하다,1
1979,매장에서 미리 보고 온라인으로 사는거 아니면 매장가서 보고 사는게 더 좋은거같아요! 전 매장구입했습니당,"[ 0.00544739  0.01081085 -0.03515625 ... -0.03570557 -0.03509521
  0.01005554]",2,"['매장', '보다', '온라인', '사다', '매장', '사다', '좋다', '매장', '구입']",매장 보다 온라인 사다 매장 사다 좋다 매장 구입,1
1980,"온라인으로 알아보니 개별 구매가는 저렴한데 매장에서 모아서 견적받아보니 할인이랑 기타 혜택이 좀 더 있어서 매장에서 구매했어요. 개별 구매는 온라인, 세트 구매는 매장이 맞는 듯 해요.","[ 0.01644897  0.02731323 -0.03729248 ... -0.01722717 -0.03225708
  0.02244568]",2,"['온라인', '알아보다', '개별', '구매', '저렴하다', '매장', '모으다', '견적', '할인', '기타', '혜택', '매장', '구매', '개별', '구매', '온라인', '세트', '구매', '매장', '맞다']",온라인 알아보다 개별 구매 저렴하다 매장 모으다 견적 할인 기타 혜택 매장 구매 개별 구매 온라인 세트 구매 매장 맞다,1
1981,발품 팔아 오프라인 매장에서 구매했습니다.,"[ 0.00025177  0.02810669 -0.02346802 ... -0.02639771 -0.06573486
 -0.01829529]",2,"['발품', '팔다', '오프라인', '매장', '구매']",발품 팔다 오프라인 매장 구매,0
1982,많이 안사면 온라인으로도 살것 같아요!,"[-0.00443649  0.02200317 -0.01817322 ... -0.03317261 -0.04476929
 -0.00411606]",2,"['사다', '온라인', '살다']",사다 온라인 살다,1
1983,오프라인으로 발품팔아서 사는게 더 싼거 같더라구요,"[-0.00882721  0.03948975 -0.02206421 ... -0.02642822 -0.03656006
  0.00029588]",2,"['오프라인', '발품', '팔다', '사다', '싸다']",오프라인 발품 팔다 사다 싸다,0
1984,잘 비교하셨네요ㅎㅎ 오프라인 발품이 제일 좋은 것 같긴 해요~ 정보 공유도 감사합니다:,"[-0.00223541  0.01904297 -0.00984192 ... -0.043396   -0.02496338
 -0.00321579]",2,"['비교', '오프라인', '발품', '좋다', '정보', '공유', '감사']",비교 오프라인 발품 좋다 정보 공유 감사,0
1985,오프라인 발품이 그래도 세으브 하기에 좋을꺼 같아요,"[ 0.0032692   0.0357666  -0.02191162 ... -0.03771973 -0.02374268
  0.00625992]",2,"['오프라인', '발품', '세으브', '좋다']",오프라인 발품 세으브 좋다,0
1986,상세하게 정리해주셔서 도움이 많이 됐네요 오프라인 발품이 힘들어도 혜택은 잘 받겠어요!,"[-0.01194     0.02545166 -0.01548767 ... -0.02529907 -0.04074097
 -0.00635529]",2,"['정리', '도움', '오프라인', '발품', '힘들다', '혜택']",정리 도움 오프라인 발품 힘들다 혜택,0
1987,온라인으로 비교해서 구입할 계획입니다.,"[ 0.0069046   0.03533936 -0.01741028 ... -0.03289795 -0.03903198
 -0.02116394]",2,"['온라인', '비교', '구입', '계획']",온라인 비교 구입 계획,1
1988,저희는 실물 궁굼하면 오프라인매장가서 보고 사는건 다 인터넷으로 샀어요!,"[-0.00997162  0.02815247 -0.02813721 ... -0.0259552  -0.05114746
 -0.01247406]",2,"['실물', '오프라인', '매장', '사다', '인터넷', '사다']",실물 오프라인 매장 사다 인터넷 사다,2
1989,오프라인에서 발품팔아서 진행할 예정입니다|,"[-0.00693893  0.03582764 -0.01611328 ... -0.02120972 -0.03646851
 -0.01180267]",2,"['오프라인', '발품', '팔다', '진행', '예정']",오프라인 발품 팔다 진행 예정,0
1990,오프라인으로 같은곳에서사서 햬탹받앗어요,"[ 0.00147247  0.02827454 -0.02087402 ... -0.01235199 -0.02746582
 -0.01968384]",2,"['오프라인', '사다', '햬탹받']",오프라인 사다 햬탹받,1
1991,저는 어뚠제품은 오프라인으로사고 어떤제품은 인터넷으오삿어요,"[ 0.01125336  0.01676941 -0.02363586 ... -0.03089905 -0.0295105
 -0.03131104]",2,"['어뚠', '제품', '오프라인', '사다', '제품', '인터넷', '사다']",어뚠 제품 오프라인 사다 제품 인터넷 사다,2
1992,오프랑 온라인 둘다 비교해서 저렴한게 온라인이라서 거기서 했어요,"[ 0.00759888  0.01928711 -0.0280304  ... -0.01423645 -0.01195526
 -0.02024841]",2,"['온라인', '비교', '저렴하다', '온라인']",온라인 비교 저렴하다 온라인,1
1993,오프라인 매장가서 견적보고 구매할 예정이에요,"[ 0.01742554  0.04129028 -0.0188446  ... -0.01757812 -0.04492188
  0.00285721]",2,"['오프라인', '매장', '견적', '구매', '예정']",오프라인 매장 견적 구매 예정,1
1994,저는 오프라인으로 총견적내보고 인터넷 비교해서 저렴한걸로 사려구요,"[-0.01209259  0.03036499 -0.02656555 ... -0.02978516 -0.03424072
 -0.00984955]",2,"['오프라인', '견적', '내다', '인터넷', '비교', '저렴하다', '사다']",오프라인 견적 내다 인터넷 비교 저렴하다 사다,0
1995,"오프라인에서 먼저 필요한거만 1차 구매하고, 온라인으로 나머지 필요한거 구매했어요!","[ 0.00680923  0.03234863 -0.02523804 ... -0.0026989  -0.03314209
 -0.025177  ]",2,"['오프라인', '필요', '구매', '온라인', '나머지', '필요', '구매']",오프라인 필요 구매 온라인 나머지 필요 구매,1
1996,오프라인에서 몇군데 상담 받고 샀어요!,"[ 0.00458908  0.016922   -0.03292847 ... -0.0274353  -0.01826477
 -0.0173645 ]",2,"['오프라인', '상담', '사다']",오프라인 상담 사다,0
1997,저는 오프라인 매장에 가서 혜택 받고 잘 샀어요,"[ 0.02674866  0.02682495 -0.03038025 ... -0.01415253 -0.05548096
 -0.00879669]",2,"['오프라인', '매장', '혜택', '사다']",오프라인 매장 혜택 사다,2
1998,저는 오프라인 매장 몇군데 상담받고 결정햇어요,"[ 0.01521301  0.01858521 -0.02600098 ... -0.03393555 -0.02436829
 -0.01184845]",2,"['오프라인', '매장', '상담', '결정']",오프라인 매장 상담 결정,0
1999,저는 오프라인에서 보고 인터넷으로 샀어요,"[-0.00428772  0.01552582 -0.02236938 ... -0.01765442 -0.04003906
 -0.02462769]",2,"['오프라인', '인터넷', '사다']",오프라인 인터넷 사다,2
2000,저는 오프라인 매장에서 샀어요. 인터넷은 좀 잘 못믿겠어서요,"[-0.00359154  0.01960754 -0.03607178 ... -0.02941895 -0.04745483
 -0.01812744]",2,"['오프라인', '매장', '사다', '인터넷']",오프라인 매장 사다 인터넷,2
2001,아무래도 오프라인에서 매니저통해서 견적받아보고 구매하려구요,"[ 0.00258827  0.03253174 -0.02279663 ... -0.03240967 -0.03192139
 -0.00693893]",2,"['오프라인', '매니저', '통하다', '견적', '구매']",오프라인 매니저 통하다 견적 구매,0
2002,인터넷 기준으로 오프라인 매장 발품팔아보려 해요,"[-0.00163269  0.02957153 -0.01092529 ... -0.03448486 -0.046875
 -0.01782227]",2,"['인터넷', '기준', '오프라인', '매장', '발품', '팔다']",인터넷 기준 오프라인 매장 발품 팔다,0
2003,품목이 많지 않아 오프라인은 쓸데없는 품목이 너무 많이 껴서 그냥 온라인으로 주문했어요!,"[-0.00301552  0.01638794 -0.02416992 ... -0.0211792  -0.04562378
 -0.01016998]",2,"['품목', '많다', '오프라인', '쓸데없다', '품목', '끼', '온라인', '주문']",품목 많다 오프라인 쓸데없다 품목 끼 온라인 주문,0
2004,일단 일반 매장으로 가서 견적 받고 신용카드 발급하면 할인되는거 보고 그래도 맘에 안들면 온라인으로 따로따로 사려구요!,"[-0.01760864  0.03607178 -0.03729248 ... -0.03491211 -0.04727173
  0.00966644]",2,"['일반', '매장', '견적', '신용', '카드', '발급', '할인', '들다', '온라인', '사다']",일반 매장 견적 신용 카드 발급 할인 들다 온라인 사다,2
2005,1-2개는 온라인이 싸고 3개 이상이면 오프라인으로 다품목 묶어서 할인 받으심 좋아요,"[ 0.00830841  0.02107239 -0.03775024 ... -0.01739502 -0.02703857
  0.00419235]",2,"['온라인', '싸다', '이상', '오프라인', '품목', '묶다', '할인', '좋다']",온라인 싸다 이상 오프라인 품목 묶다 할인 좋다,1
2006,저는 오프라인에서 먼저 보고 구매하는 게 더 편하고 좋더라구요,"[ 0.00438309  0.03164673 -0.01802063 ... -0.0317688  -0.03074646
 -0.01686096]",2,"['오프라인', '구매', '편하다', '좋다']",오프라인 구매 편하다 좋다,1
2007,만약 가전 살 때로 돌아간다면 오프라인 보고 온라인 견적 한번 더 내볼 것 같아여,"[ 0.00070429  0.03222656 -0.02433777 ... -0.04095459 -0.0329895
 -0.01367188]",2,"['만약', '가전', '사다', '돌아가다', '오프라인', '온라인', '견적', '내보다']",만약 가전 사다 돌아가다 오프라인 온라인 견적 내보다,2
2008,"오프라인으로 구매햇어요! 가격 견적 비교 해보시고, 오픈 매장 등 이용해보시는거 추천이용","[ 0.00160694  0.01667786 -0.03335571 ... -0.02740479 -0.03039551
 -0.00595093]",2,"['오프라인', '구매', '가격', '견적', '비교', '오픈', '매장', '추천']",오프라인 구매 가격 견적 비교 오픈 매장 추천,0
2009,굵직한건 오프라인으로 묶어서 샀는데 로청 같은건 오프라인으로 했어요!,"[ 0.01021576  0.02316284 -0.02767944 ... -0.01864624 -0.03814697
 -0.01107788]",2,"['오프라인', '묶다', '사다', '오프라인']",오프라인 묶다 사다 오프라인,1
2010,오프라인에서 본 모델 온라인에서 구매요ㅎ,"[ 0.0064621   0.02452087 -0.01599121 ... -0.01879883 -0.03186035
 -0.01136017]",2,"['오프라인', '모델', '온라인', '구매']",오프라인 모델 온라인 구매,1
2011,전 오프라인 매장에서 여러개 구매하면서 할인 받았어요!,"[ 0.00901031  0.02418518 -0.03936768 ... -0.00965881 -0.04751587
 -0.00683594]",2,"['오프라인', '매장', '구매', '할인']",오프라인 매장 구매 할인,2
2012,"오프라인, 온라인 전부견적내보고 정하려구요!","[-0.00081587  0.02642822 -0.0209198  ... -0.0302887  -0.02713013
 -0.00684738]",2,"['오프라인', '온라인', '견적', '내다', '정하다']",오프라인 온라인 견적 내다 정하다,0
2013,온라인이요! 오프매장가서 모델 실제로 보긴 할거같아요,"[-0.00410843  0.00575638 -0.01907349 ... -0.02842712 -0.02961731
 -0.00675583]",2,"['온라인', '오프', '매장', '모델']",온라인 오프 매장 모델,1
2014,적은 품목만 구매하면 온라인이 나은데 여러개 묶어서 구매하면 오프라인이 나은 것 같아요 발품 여러군데 팔아서 그런지 온라인 이전 모델보다도 더 좋은 가격에 구매했어요,"[ 0.01133728  0.01018524 -0.04611206 ... -0.01811218 -0.02810669
 -0.00763321]",2,"['적다', '품목', '구매', '온라인', '묶다', '구매', '오프라인', '발품', '팔다', '온라인', '이전', '모델', '좋다', '가격', '구매']",적다 품목 구매 온라인 묶다 구매 오프라인 발품 팔다 온라인 이전 모델 좋다 가격 구매,0
2015,오프라인 온라인 전부 견적내서 보려구요,"[ 0.00217247  0.03848267 -0.01855469 ... -0.0269928  -0.03265381
 -0.00064373]",2,"['오프라인', '온라인', '견적', '내다']",오프라인 온라인 견적 내다,0
2016,오프라인으로 일단 보고 온라인 고려할 것 같아요!,"[-0.00102806  0.02687073 -0.00776672 ... -0.02519226 -0.01699829
 -0.00588226]",2,"['오프라인', '온라인', '고려']",오프라인 온라인 고려,1
2017,오프라인으로 실물한번보고나서 온라인으로 살거같아요!,"[-0.00719452  0.0274353  -0.00990295 ... -0.0239563  -0.03140259
 -0.025177  ]",2,"['오프라인', '실물', '온라인', '사다']",오프라인 실물 온라인 사다,1
2018,일단 오프라인으로 먼저정할 것 같아요!,"[ 0.00930023  0.03225708 -0.00763702 ... -0.02182007 -0.01088715
 -0.01914978]",2,"['오프라인', '정하다']",오프라인 정하다,0
2019,오프라인으로 견적 알아본 다음 온라인이 견적이 좋으면 온라인으로 할 것 같네요,"[-0.00283051  0.03131104 -0.0150528  ... -0.04165649 -0.02435303
  0.00169277]",2,"['오프라인', '견적', '알아보다', '다음', '온라인', '견적', '좋다', '온라인']",오프라인 견적 알아보다 다음 온라인 견적 좋다 온라인,0
2020,저희는 오프라인으로 들여다보고 온라인으로 구매했습니다!,"[ 0.00888062  0.02893066 -0.01545715 ... -0.01663208 -0.0508728
 -0.01934814]",2,"['오프라인', '들여다보다', '온라인', '구매']",오프라인 들여다보다 온라인 구매,1
2021,고민되는데 일단 오프라인 상담은 받아볼것같아용,"[-0.00281906  0.02494812 -0.00774002 ... -0.03833008 -0.00852203
 -0.00610352]",2,"['고민', '오프라인', '상담']",고민 오프라인 상담,0
2022,저희는 오프라인 상담 받긴 했는데 수량이 얼마 안돼서 온라인과 비교 후 온라인으로 구매했어요!,"[-0.00353241  0.01976013 -0.03366089 ... -0.01774597 -0.03671265
 -0.01837158]",2,"['오프라인', '상담', '수량', '얼마', '온라인', '비교', '온라인', '구매']",오프라인 상담 수량 얼마 온라인 비교 온라인 구매,0
2023,구입할게 많지 않아서 오프라인으로 구매하려고요,"[ 0.00974274  0.03787231 -0.02035522 ... -0.02046204 -0.03787231
 -0.02064514]",2,"['구입', '많다', '오프라인', '구매']",구입 많다 오프라인 구매,1
2024,최대한 오프라인에서 상담 받고 구매 할 것 같네요,"[ 0.00417709  0.02453613 -0.02220154 ... -0.04202271 -0.02255249
 -0.01261139]",2,"['최대한', '오프라인', '상담', '구매']",최대한 오프라인 상담 구매,1
2025,오프라인으로 백화점에서 캐시백받는게 좋을텐데 매장이랑 비교해보시는게 좋을거같아요,"[ 0.01365662  0.01914978 -0.03701782 ... -0.03515625 -0.04000854
 -0.00491714]",2,"['오프라인', '백화점', '캐시백', '좋다', '매장', '비교', '좋다']",오프라인 백화점 캐시백 좋다 매장 비교 좋다,0
2026,온라인에서 보는건 한계가 있어서 오프라인으로 가서 상담받으시는걸 추천드려요!,"[-0.01287842  0.02030945 -0.00141811 ... -0.03421021 -0.01356506
 -0.00524521]",2,"['온라인', '한계', '오프라인', '상담', '추천', '드리다']",온라인 한계 오프라인 상담 추천 드리다,0
2027,저희는 온라인으로 하려고 했는데 혜택때문에 결국 온라인에서 했어요 ㅎㅎ,"[ 0.00101852  0.03277588 -0.01976013 ... -0.03083801 -0.03790283
  0.00880432]",2,"['온라인', '혜택', '온라인']",온라인 혜택 온라인,0
2028,"저는 오프라인으로 베스트샵, 백화점 등 둘러보고 캐시백이나 그 외 혜택이 괜찮은곳 찾아서 했어요!","[ 0.01364899  0.01368713 -0.02778625 ... -0.02761841 -0.03204346
 -0.02770996]",2,"['오프라인', '베스트', '백화점', '둘러보다', '캐시백', '혜택', '괜찮다', '찾다']",오프라인 베스트 백화점 둘러보다 캐시백 혜택 괜찮다 찾다,1
2029,저는 오프라인으로 방문해서 실제로 보고 온라인에서 구매했어요,"[ 0.00567245  0.01669312 -0.01948547 ... -0.01222229 -0.03857422
 -0.02357483]",2,"['오프라인', '방문', '온라인', '구매']",오프라인 방문 온라인 구매,0
2030,저는 오프라인으로 여기저기 많이 다니면서 비교해보면서 샀어요! 매장마다 가격 차이가 생각보다 크더라구요,"[ 0.00287437  0.01669312 -0.02865601 ... -0.02049255 -0.03022766
 -0.00207329]",2,"['오프라인', '여기저기', '다니다', '비교', '사다', '매장', '가격', '차이', '생각', '크다']",오프라인 여기저기 다니다 비교 사다 매장 가격 차이 생각 크다,0
2031,저는 온라인 임직원몰에서 샀어요~ 만족합니다 ㅎㅎ,"[-0.00547409  0.01390076 -0.03894043 ... -0.02876282 -0.05307007
 -0.00325394]",2,"['온라인', '임직원', '사다', '만족']",온라인 임직원 사다 만족,1
2032,오프라인으로가서 사은품도 많이 받았어용 ㅎㅎ,"[ 1.38187408e-03  2.71301270e-02 -1.90277100e-02 ... -1.30004883e-02
 -3.78112793e-02 -3.13520432e-05]",2,"['오프라인', '사은품']",오프라인 사은품,0
2033,저는 오프라인으로 몇군데 견적필요한것같아요,"[ 0.00642014  0.02859497 -0.02851868 ... -0.03320312 -0.03010559
 -0.00847626]",2,"['오프라인', '견적', '필요']",오프라인 견적 필요,0
2034,저는 오프라인 온라인 비교해보고 더 저렴한 곳으로 샀어요,"[-0.00246239  0.02275085 -0.02586365 ... -0.02302551 -0.03363037
 -0.02749634]",2,"['오프라인', '온라인', '비교', '저렴하다', '사다']",오프라인 온라인 비교 저렴하다 사다,1
2035,전 온라인으로샀어요 ㅎㅎ 발품팔다 결국은 온라인이요..ㅎㅎ,"[-0.010849    0.02426147 -0.02101135 ... -0.03625488 -0.04733276
 -0.00837708]",2,"['온라인', '사다', '발품', '팔다', '결국', '온라인']",온라인 사다 발품 팔다 결국 온라인,1
2036,오프라인매장에서 여러개 견적 받아서 샀어요ㅠㅠ,"[ 0.00531769  0.03170776 -0.03042603 ... -0.01914978 -0.03305054
 -0.0087738 ]",2,"['오프라인', '매장', '견적', '사다']",오프라인 매장 견적 사다,2
2037,저는 살게 생각보다 없어서? 대부분 온라인으로 구매했어요,"[ 0.00497437  0.01992798 -0.02046204 ... -0.03973389 -0.04562378
 -0.01651001]",2,"['살다', '생각', '부분', '온라인', '구매']",살다 생각 부분 온라인 구매,1
2038,저는 오프라인에서 보고 온라인으로 최저가 찾아서 구매했어요!,"[-0.00496674  0.01817322 -0.02780151 ... -0.00738907 -0.04147339
 -0.01660156]",2,"['오프라인', '온라인', '최저', '찾다', '구매']",오프라인 온라인 최저 찾다 구매,1
2039,저는 오프라인 리바트에서 구매했는데 이것저것 직접보고 구매했어요,"[ 0.0044899   0.02526855 -0.02410889 ... -0.03109741 -0.0274353
 -0.005867  ]",2,"['오프라인', '리바트', '구매', '이것저것', '구매']",오프라인 리바트 구매 이것저것 구매,1
2040,저는 온라인으로 싼거 하나하나 모으려구용,"[ 0.00427246  0.03634644 -0.0199585  ... -0.01881409 -0.02615356
 -0.01511383]",2,"['온라인', '싸다', '모으다']",온라인 싸다 모으다,1
2041,많이 사실거 아니면 온라인이고 많이 사시면 오프라인이요!,"[-0.00639725  0.01030731 -0.03094482 ... -0.03805542 -0.03112793
 -0.00338745]",2,"['사다', '온라인', '사다', '오프라인']",사다 온라인 사다 오프라인,1
2042,오프라인으로 여러군데 상담받고 견적받는게 제일 좋은거같아용,"[ 0.00370789  0.03027344 -0.01924133 ... -0.04431152 -0.01548767
  0.00853729]",2,"['오프라인', '상담', '견적', '좋다']",오프라인 상담 견적 좋다,0
2043,온라인을 잘 검색하신다면 온라인이 저렴한편이 많더라구요!,"[-0.00892639  0.03105164 -0.02542114 ... -0.04135132 -0.02947998
  0.00113106]",2,"['온라인', '검색', '온라인', '많다']",온라인 검색 온라인 많다,1
2044,오프라인으로 백화점 가서 구매했어요! 실제로 보고 구매해야 마음이 놓이는 스타일이라 ㅠ,"[ 0.00020313  0.02584839 -0.02233887 ... -0.02238464 -0.04653931
 -0.02142334]",2,"['오프라인', '백화점', '구매', '구매', '마음', '놓이다', '스타일']",오프라인 백화점 구매 구매 마음 놓이다 스타일,2
2045,오프라인으로 여러군데 견적받고 할인혜택 비교 많이 할거같아요!,"[-0.00072145  0.03939819 -0.0252533  ... -0.03549194 -0.03814697
 -0.00576782]",2,"['오프라인', '견적', '할인', '혜택', '비교']",오프라인 견적 할인 혜택 비교,0
2046,저흰 오프로 보고 온라인이랑 임직원할인혜택 같이 했어요,"[-0.00134945  0.0211792  -0.02282715 ... -0.01442719 -0.04153442
 -0.00652695]",2,"['오프', '온라인', '임직원', '할인', '혜택']",오프 온라인 임직원 할인 혜택,1
2047,오프라인으로 보고 온라인 검색해서 최저가로 구매했어요,"[ 0.0058136   0.02346802 -0.0266571  ... -0.00878906 -0.03512573
 -0.01608276]",2,"['오프라인', '온라인', '검색', '최저', '구매']",오프라인 온라인 검색 최저 구매,1
2048,조금씩 사면 무조건 인터넷이 싸고 많이 살거면 오프라인이 더 나은 것 같아요!,"[-0.01044464  0.03013611 -0.02774048 ... -0.04364014 -0.03201294
  0.00626373]",2,"['사다', '인터넷', '싸다', '사다', '오프라인']",사다 인터넷 싸다 사다 오프라인,2
2049,갯수가 많지 않아서 가격 비교해서 온라인으로 샀어요,"[ 0.00562286  0.02781677 -0.02288818 ... -0.01000214 -0.03930664
 -0.01856995]",2,"['갯수', '많다', '가격', '비교', '온라인', '사다']",갯수 많다 가격 비교 온라인 사다,0
2050,오프라인에서 상담 받고 온라인에서 찾아보다가 구입했어요,"[ 0.00697327  0.01876831 -0.02105713 ... -0.02365112 -0.03295898
 -0.02519226]",2,"['오프라인', '상담', '온라인', '찾다', '구입']",오프라인 상담 온라인 찾다 구입,1
2051,오프라인으로 몇군데 둘러보고 견적 받아보고 구매할 것 같아요!,"[-0.00381088  0.0423584  -0.01878357 ... -0.0411377  -0.03427124
 -0.01568604]",2,"['오프라인', '둘러보다', '견적', '구매']",오프라인 둘러보다 견적 구매,1
2052,너는 온라인에서 할 것 같애요 ㅎㅎ 오프라인보다 혜택도 있을 것 같아서요 !,"[-0.00316048  0.03381348 -0.02664185 ... -0.03108215 -0.02738953
 -0.01324463]",2,"['온라인', '오프라인', '혜택']",온라인 오프라인 혜택,0
2053,"저희는 온라인, 오프라인 섞어서 구매했습니다!","[ 0.00796509  0.02111816 -0.01708984 ... -0.01480103 -0.05334473
 -0.01823425]",2,"['온라인', '오프라인', '섞다', '구매']",온라인 오프라인 섞다 구매,1
2054,지점마다 다른 걸로 알고 있어욥! 전 그래서 발품 팔며 직접보고 사고싶은거 모델 알아와서 온라인구매했어욥 ㅎㅎ,"[-0.00426483  0.01273346 -0.0188446  ... -0.04098511 -0.03024292
 -0.00591278]",2,"['지점', '발품', '팔다', '사다', '모델', '온라인', '구매']",지점 발품 팔다 사다 모델 온라인 구매,0
2055,아핫 그럼 매장에서 보고 제품명 찍어와서 온라인으로 구매하신건가요?,"[ 0.01064301  0.0206604  -0.0274353  ... -0.0324707  -0.04034424
 -0.00707245]",2,"['매장', '제품명', '찍다', '온라인', '구매']",매장 제품명 찍다 온라인 구매,1
2056,지점마다 다른걸로 알고 있습니다. 매장마다 혜택이나 서비스 다 다르니까 꼭 비교해보고 사셔요,"[ 0.01593018  0.00628662 -0.02676392 ... -0.03860474 -0.03335571
  0.01119232]",2,"['지점', '매장', '혜택', '서비스', '다르다', '비교', '사다']",지점 매장 혜택 서비스 다르다 비교 사다,2
2057,발품 파는게 좋은지 온라인이 좋은지... 발품파는거 귀찮으면 온라인!,"[-0.00975037  0.02427673 -0.02607727 ... -0.05038452 -0.03643799
 -0.00421906]",2,"['발품', '파', '좋다', '온라인', '좋다', '발품', '파', '귀찮다', '온라인']",발품 파 좋다 온라인 좋다 발품 파 귀찮다 온라인,0
2058,"전 직접 박람회 방문했는데, 온라인박람회도 간편하고 좋아보이네요!","[-0.00985718  0.0089035  -0.02081299 ... -0.03131104 -0.03842163
 -0.00769043]",2,"['박람회', '방문', '온라인', '박람회', '좋다', '보이다']",박람회 방문 온라인 박람회 좋다 보이다,1
2059,온라인박람회가 있다는건 처음 알게되었네요 ~ 바쁜일정에 직접가기힘들때는 큰 도움 받을수 있겠어용,"[-0.00336838  0.02427673 -0.01841736 ... -0.04193115 -0.04159546
 -0.02009583]",2,"['온라인', '박람회', '바쁘다', '일정', '힘들다', '크다', '도움']",온라인 박람회 바쁘다 일정 힘들다 크다 도움,2
2060,온라인박람회가 유용한 것 같더라구요! 참고할게요ㅎㅎ,"[-0.01176453  0.01036835 -0.02226257 ... -0.04949951 -0.02352905
 -0.00926208]",2,"['온라인', '박람회', '유용', '참고']",온라인 박람회 유용 참고,1
2061,온라인박람회도 보기깔끔하게 정리되어있어서 편한거같아요!,"[ 0.00461578  0.01672363 -0.0274353  ... -0.03567505 -0.02897644
 -0.00960541]",2,"['온라인', '박람회', '정리', '편하다']",온라인 박람회 정리 편하다,1
2062,오 온라인투어도 좋군요! 정보 감사합니다:,"[-0.00077391  0.01095581 -0.02331543 ... -0.0475769  -0.02050781
 -0.01670837]",2,"['온라인', '투어', '좋다', '정보', '감사']",온라인 투어 좋다 정보 감사,0
2063,온라인박람회가 정보 얻기 넘 좋은 거 같아요!,"[-0.00629807  0.01203156 -0.01397705 ... -0.04794312 -0.02960205
 -0.00440598]",2,"['온라인', '박람회', '정보', '좋다']",온라인 박람회 정보 좋다,0
2064,살게 많이 없으면 온라인에서 구매할 것 같아요~!,"[ 0.00341415  0.02931213 -0.01295471 ... -0.03897095 -0.0458374
 -0.02256775]",2,"['살다', '온라인', '구매']",살다 온라인 구매,1
2065,오프라인 먼저 둘러보고 가격비교한 이후에 더 저렴한 곳으로 구매할 듯요!,"[-0.00481033  0.02964783 -0.02482605 ... -0.02641296 -0.02749634
 -0.02391052]",2,"['오프라인', '둘러보다', '가격', '비교', '이후', '저렴하다', '구매']",오프라인 둘러보다 가격 비교 이후 저렴하다 구매,1
2066,오프라인에서 사고 사은품 많이 받아가세요!,"[-0.00283241  0.01730347 -0.02325439 ... -0.02426147 -0.04037476
 -0.01461029]",2,"['오프라인', '사다', '사은품']",오프라인 사다 사은품,2
2067,저는 온라인으로 최저가 검색해서 사려구요~!,"[-0.00123024  0.02770996 -0.02459717 ... -0.03356934 -0.03717041
 -0.00858307]",2,"['온라인', '최저', '검색', '사다']",온라인 최저 검색 사다,1
2068,일단은 오프라인으로 발품팔아보고 온라인과 비교해서 살려구요~,"[-0.00413132  0.02410889 -0.01239777 ... -0.03738403 -0.03704834
 -0.02885437]",2,"['오프라인', '발품', '팔다', '온라인', '비교', '살다']",오프라인 발품 팔다 온라인 비교 살다,0
2069,가급적이면 오프라인에서 한꺼번에 살래요,"[ 0.01075745  0.04290771 -0.00998688 ... -0.02781677 -0.02165222
 -0.00685501]",2,"['가급적', '오프라인', '사다']",가급적 오프라인 사다,2
2070,오프라인 발품 팔아보고 결정할 거 같아요,"[-0.00201035  0.02891541 -0.01661682 ... -0.03509521 -0.02920532
 -0.00197601]",2,"['오프라인', '발품', '팔다', '결정']",오프라인 발품 팔다 결정,0
2071,저도 오프라인 먼저 둘러보고 가격 비교한 후에 더 저렴한 곳에서 구매할 것 같아요,"[-0.00516129  0.02923584 -0.02133179 ... -0.02542114 -0.02886963
 -0.02372742]",2,"['오프라인', '둘러보다', '가격', '비교', '저렴하다', '구매']",오프라인 둘러보다 가격 비교 저렴하다 구매,0
2072,"한샘, 까사미아 온라인 상품으로 할인할 때 구매했어용ㅎㅎ","[-0.00513077  0.02760315 -0.02351379 ... -0.03710938 -0.0541687
 -0.00504303]",2,"['한샘', '까사미아', '온라인', '상품', '할인', '구매']",한샘 까사미아 온라인 상품 할인 구매,1
2073,"여기저기에 구매했는데 인터넷, 매장 다 구맿나것같아요","[ 0.01347351  0.02394104 -0.03213501 ... -0.04129028 -0.03469849
  0.00286865]",2,"['여기저기', '구매', '인터넷', '매장', '구맿나']",여기저기 구매 인터넷 매장 구맿나,2
2074,저는 온라인으로 가격비교해보고 구매했더니 절약이 많이 됐어요~,"[ 0.00216293  0.03271484 -0.02836609 ... -0.02313232 -0.04772949
 -0.00747681]",2,"['온라인', '가격', '비교', '구매', '절약']",온라인 가격 비교 구매 절약,0
2075,아무래도 그렇겠죠? 오프라인 견적 받아보니까 품목이 많아야지 할인폭이 좋다고 해서요..,"[ 0.00032544  0.01600647 -0.03689575 ... -0.02441406 -0.02236938
  0.00315094]",2,"['오프라인', '견적', '품목', '많다', '할인', '좋다']",오프라인 견적 품목 많다 할인 좋다,0
2076,저희도 온라인으로 구입해야겠네요 감사합니다.,"[ 0.00478363  0.03842163 -0.02082825 ... -0.0355835  -0.05514526
 -0.00829315]",2,"['온라인', '구입', '감사']",온라인 구입 감사,1
2077,품목이 작기도하고 신제품이 아니라 온라인이 훨씬 저렴할거에요! 저두 최근에 온라인으로 저렴하게 구매했어요 ㅎㅎ,"[-0.01035309  0.03323364 -0.0369873  ... -0.01986694 -0.02920532
 -0.01948547]",2,"['품목', '작다', '제품', '온라인', '저렴하다', '최근', '온라인', '저렴하다', '구매']",품목 작다 제품 온라인 저렴하다 최근 온라인 저렴하다 구매,0
2078,3가지 품목만 산다면 온라인에서 구매할 것 같아요,"[ 0.01503754  0.02549744 -0.03189087 ... -0.01135254 -0.03213501
 -0.02702332]",2,"['품목', '사다', '온라인', '구매']",품목 사다 온라인 구매,1
2079,"오프라인에서는 품목이 많아야 할인폭이 크다는 얘기가 맞는 것 같아요, 저도 온라인으로 구매하는 게 더 나은 선택이라 생각해요","[ 0.01165009  0.02233887 -0.04580688 ... -0.01517487 -0.03768921
  0.00299072]",2,"['오프라인', '품목', '많다', '할인', '크다', '얘기', '맞다', '온라인', '구매', '선택', '생각']",오프라인 품목 많다 할인 크다 얘기 맞다 온라인 구매 선택 생각,0
2080,"품목 몇 개 없으면, 온라인으로 사는게 더 싼 거 같더라고요~","[ 0.00529861  0.03016663 -0.03170776 ... -0.02955627 -0.03686523
 -0.01446533]",2,"['품목', '온라인', '사다', '싸다']",품목 온라인 사다 싸다,1
2081,"온라인으로 구매하니까 정말 도움이 많이 될 거예요, 저도 그렇게 생각해요 ㅎㅎ","[ 0.00563049  0.03561401 -0.03747559 ... -0.02833557 -0.03399658
 -0.00161552]",2,"['온라인', '구매', '도움', '생각']",온라인 구매 도움 생각,0
2082,오프라인이랑 온라인 비교견적 받아봐서 구매할거같아요!,"[ 0.0005722   0.02633667 -0.02607727 ... -0.0397644  -0.03601074
 -0.01291656]",2,"['오프라인', '온라인', '비교', '견적', '구매']",오프라인 온라인 비교 견적 구매,0
2083,오프라인으로 견적냈는데 온라인이 훨씬 저렴해서 온라인으로 샀어요,"[ 0.00306892  0.04403687 -0.03179932 ... -0.01544952 -0.04000854
 -0.01430511]",2,"['오프라인', '견적', '내다', '온라인', '온라인', '사다']",오프라인 견적 내다 온라인 온라인 사다,0
2084,온라인이 확실히 오프보단 저렴하더라구요!,"[ 0.00500107  0.0401001  -0.01649475 ... -0.01835632 -0.02064514
 -0.01552582]",2,"['온라인', '오프', '저렴하다']",온라인 오프 저렴하다,1
2085,오프로 한번 보고 온라인으로 결제할거 같아요 ㅎㅎ,"[-0.00536346  0.02885437 -0.00407791 ... -0.03823853 -0.03421021
 -0.00612259]",2,"['온라인', '결제']",온라인 결제,0
2086,저희는 오프라인으로 샀는데 나쁘지 않더라구요~,"[ 0.01225281  0.02104187 -0.0385437  ... -0.02253723 -0.04516602
 -0.01989746]",2,"['오프라인', '사다', '나쁘다']",오프라인 사다 나쁘다,1
2087,오프라인으로 샀는데 머리도 덜 아프고 좋더라구여,"[ 0.01509857  0.0287323  -0.04144287 ... -0.02677917 -0.02554321
 -0.00737   ]",2,"['오프라인', '사다', '머리', '아프다', '좋다']",오프라인 사다 머리 아프다 좋다,1
2088,저는 오프라인으로 견적내보고 구입했씁니당,"[ 0.00162601  0.02911377 -0.02371216 ... -0.02723694 -0.03665161
 -0.01269531]",2,"['오프라인', '견적', '내다', '구입', '쓰다']",오프라인 견적 내다 구입 쓰다,0
2089,저희는 1개씩 최저가 알아보고 구매할거라 온라인으로 구매할 예정입니다:,"[ 0.015625    0.04193115 -0.0229187  ... -0.0184021  -0.03515625
 -0.00093174]",2,"['최저', '알아보다', '구매', '온라인', '구매', '예정']",최저 알아보다 구매 온라인 구매 예정,1
2090,"오프라인으로 직접 디자인, 소재, 가격 등 충분히 확인 후에 온라인으로 구매 진행했어요 ㅎㅎ","[-0.00397491  0.02432251 -0.01942444 ... -0.02198792 -0.03387451
 -0.01673889]",2,"['오프라인', '디자인', '소재', '가격', '확인', '온라인', '구매', '진행']",오프라인 디자인 소재 가격 확인 온라인 구매 진행,0
2091,구입할 갯수가 많아서 오프라인으로 구매햇어요,"[ 0.02053833  0.03356934 -0.02836609 ... -0.01008606 -0.03903198
 -0.00430298]",2,"['구입', '갯수', '많다', '오프라인', '구매']",구입 갯수 많다 오프라인 구매,0
2092,두 군데 다 비교해보긴 할꺼같아요 ~ 신상 아니면 온라인에서 살꺼같기도하구요,"[ 0.00823212 -0.00010037 -0.04492188 ... -0.04040527 -0.03720093
 -0.00364494]",2,"['비교', '신상', '온라인', '살다']",비교 신상 온라인 살다,1
2093,두군다 비교해봤는데 온라인 더 싸더라구요!,"[-0.00150299  0.02041626 -0.03048706 ... -0.03509521 -0.02416992
 -0.01182556]",2,"['비교', '온라인', '싸다']",비교 온라인 싸다,0
2094,한꺼번에 구매할꺼라 오프라인에서 사게될것같아요,"[ 0.00933838  0.03417969 -0.03314209 ... -0.01500702 -0.04257202
  0.00252342]",2,"['구매', '오프라인', '사다']",구매 오프라인 사다,1
2095,직접 발품파는게 피곤해서 온라인으로 샀는데 만족합니다,"[ 0.00722885  0.021698   -0.03735352 ... -0.04153442 -0.05197144
 -0.00368309]",2,"['발품', '파', '피곤', '온라인', '사다', '만족']",발품 파 피곤 온라인 사다 만족,1
2096,저는 오프라인으로 견적비교해서 구입했어요!,"[-0.00491333  0.02124023 -0.020401   ... -0.02391052 -0.04611206
 -0.01742554]",2,"['오프라인', '견적', '비교', '구입']",오프라인 견적 비교 구입,0
2097,세가지정도면 온라인에서 할인할때 사시면 좋을거같아요,"[ 0.01933289  0.01725769 -0.04711914 ... -0.02775574 -0.02200317
 -0.00912476]",2,"['온라인', '할인', '사다', '좋다']",온라인 할인 사다 좋다,1
2098,오프라인이랑 온라인 비교해보고 구매했어요,"[ 0.01675415  0.0137558  -0.02320862 ... -0.02882385 -0.03244019
 -0.01959229]",2,"['오프라인', '온라인', '비교', '구매']",오프라인 온라인 비교 구매,0
2099,품목이 적으셔서 온라인이 나을거 같아요! 행사 뜨는제품으로 구매하시면 좋을거같아요,"[ 0.00143147  0.01577759 -0.04428101 ... -0.03408813 -0.02323914
 -0.0124054 ]",2,"['품목', '적다', '온라인', '행사', '뜨다', '제품', '구매', '좋다']",품목 적다 온라인 행사 뜨다 제품 구매 좋다,0
2100,온라인에서 보고 저렴한 모델로 오프라인 견적받아보려고 했더니 없다고 하더라고요. 모델이 구분되어있는 것 같아요,"[-0.00143337  0.02139282 -0.03384399 ... -0.02790833 -0.02603149
 -0.00587845]",2,"['온라인', '모델', '오프라인', '견적', '모델', '구분']",온라인 모델 오프라인 견적 모델 구분,0
2101,온라인으로도 알아보고 오프라인도 알아보고 오프라인으로 결정했어요,"[ 0.01174164  0.02677917 -0.01803589 ... -0.0242157  -0.01528168
 -0.01223755]",2,"['온라인', '알아보다', '오프라인', '알아보다', '오프라인', '결정']",온라인 알아보다 오프라인 알아보다 오프라인 결정,0
2102,더많으면 오프라인 추천입니다 3가지 라면 온라인으로 진행할꺼같아요,"[ 0.00052166  0.01172638 -0.02885437 ... -0.02542114 -0.00418091
 -0.00233078]",2,"['많다', '오프라인', '추천', '온라인', '진행']",많다 오프라인 추천 온라인 진행,0
2103,직접 가서 보는 게 좋을 거 같애요. 그다음에 온라인으로 하려구요,"[ 5.41687012e-03  2.67944336e-02 -1.96990967e-02 ... -4.38537598e-02
 -1.40151978e-02 -8.15391541e-05]",2,"['좋다', '다음', '온라인']",좋다 다음 온라인,0
2104,오프라인으로 알아볼 것 같습니다 근데 품목 적으면 온라인영,"[ 0.00638962  0.01316833 -0.02684021 ... -0.03034973 -0.02215576
 -0.02359009]",2,"['오프라인', '알아보다', '품목', '적다', '온라인']",오프라인 알아보다 품목 적다 온라인,0
2105,저는 대부분 오프라인에서 견적받아서 구매했어요!,"[-0.01008606  0.02539062 -0.02932739 ... -0.02911377 -0.04470825
 -0.00622177]",2,"['부분', '오프라인', '견적', '구매']",부분 오프라인 견적 구매,1
2106,온라인보다는 오프라인으로 직접 견적받아가면서 사는게 더 나은 것 같아용,"[-0.00237846  0.0345459  -0.01864624 ... -0.03930664 -0.03701782
 -0.01326752]",2,"['온라인', '오프라인', '견적', '사다']",온라인 오프라인 견적 사다,1
2107,세트로 사시는거면 백화점도 좋다고 하더라고요,"[ 0.02966309  0.02416992 -0.03936768 ... -0.04776001 -0.04550171
  0.01141357]",2,"['세트', '사다', '백화점', '좋다']",세트 사다 백화점 좋다,1
2108,백화점 가서 세트로 구매 하는 게 가장 좋아요,"[ 0.04229736  0.02571106 -0.02822876 ... -0.04055786 -0.04647827
  0.01573181]",2,"['백화점', '세트', '구매', '좋다']",백화점 세트 구매 좋다,1
2109,저는 브랜드는 특별히 안봤고 원하는거 온라인으로 검색해서 구매했습니당,"[-0.00063467  0.00891113 -0.04971313 ... -0.02746582 -0.03237915
 -0.00725937]",2,"['브랜드', '원하다', '온라인', '검색', '구매']",브랜드 원하다 온라인 검색 구매,1
2110,"한꺼번에 사야하면 백화점가서 할인 받는게 나을 것 같고, 저는 이 경우가 아니라서 따로따로 인터넷 보고 주문했어요","[ 0.00501251  0.02351379 -0.04016113 ... -0.02328491 -0.04089355
  0.00768661]",2,"['사다', '백화점', '할인', '인터넷', '주문']",사다 백화점 할인 인터넷 주문,2
2111,백화점이랑 그랜드세일하는 곳들 한 5곳 가보려구용!발품을 확실히 파는게 나중에 후회도 안할거같기도하구용,"[ 0.01328278  0.02116394 -0.04119873 ... -0.05194092 -0.02610779
  0.00965118]",2,"['백화점', '그랜드', '세일', '파', '후회']",백화점 그랜드 세일 파 후회,1
2112,한번에 구매해야 할인폭이 크긴한데 그냥 쿠팡이나 이런곳에서 하나씩 구매해도 나쁘지않아요,"[ 0.00589752  0.02174377 -0.03375244 ... -0.02513123 -0.03460693
  0.01683044]",2,"['구매', '할인', '크다', '쿠팡', '구매', '나쁘다']",구매 할인 크다 쿠팡 구매 나쁘다,1
2113,그러게ㅜㅜ 저도 고민이네요ㅠ 살게 많지 않아서.. 저는 한개씩 사려고 하는데 많이 구매하는 경우는 오픈하는 매장 찾아가서 하면 좋대요,"[ 0.00899506  0.00706482 -0.02792358 ... -0.04034424 -0.02412415
  0.02227783]",2,"['고민', '사다', '많다', '사다', '구매', '오픈', '매장', '찾아가다', '좋다']",고민 사다 많다 사다 구매 오픈 매장 찾아가다 좋다,2
2114,온라인에서도 사고오프라인도 발품 팔아야 좋아요 ㅠ,"[-0.01348877  0.0279541  -0.01354218 ... -0.03265381 -0.04376221
 -0.0064621 ]",2,"['온라인', '사고', '오프라인', '발품', '팔다', '좋다']",온라인 사고 오프라인 발품 팔다 좋다,0
2115,저는 백화점 발품팔았어요 할인 라인이 정해져있고 증정 좋았고 백화점 vip 적립되어서 좋았어요!,"[-0.00176525 -0.00142002 -0.01992798 ... -0.04510498 -0.05322266
  0.0009551 ]",2,"['백화점', '발품', '팔다', '할인', '라인', '정하다', '증정', '좋다', '백화점', '적립', '좋다']",백화점 발품 팔다 할인 라인 정하다 증정 좋다 백화점 적립 좋다,2
2116,백화점이나 하이마트 이런데에 발품팔았어요!,"[ 0.00872803  0.0151062  -0.01722717 ... -0.0390625  -0.05673218
  0.00368309]",2,"['백화점', '하이마트', '발품', '팔다']",백화점 하이마트 발품 팔다,0
2117,품목이 많은 편이면 매장이 낫고 4~5개 정도 적게 구매하실거면 인터넷 최저가 추천이요,"[ 0.01077271  0.01363373 -0.03869629 ... -0.03909302 -0.02775574
  0.01541901]",2,"['품목', '많다', '매장', '적다', '구매', '인터넷', '최저', '추천']",품목 많다 매장 적다 구매 인터넷 최저 추천,0
2118,온라인이 싼건 이유가있어요 매장또한마찬가지구 순서는 구매물품 금액 인터넷검색 후 금액메모 장바구니넣기 >판매점 발품 입니다 추가정보 쪽지보내드려요,"[ 0.00792694  0.03222656 -0.03521729 ... -0.02806091 -0.03182983
 -0.01059723]",2,"['온라인', '싸다', '이유', '매장', '마찬가지', '순서', '구매', '물품', '금액', '인터넷', '검색', '금액', '메모', '바구니', '넣다', '판매점', '발품', '추가', '정보', '쪽지', '보내다']",온라인 싸다 이유 매장 마찬가지 순서 구매 물품 금액 인터넷 검색 금액 메모 바구니 넣다 판매점 발품 추가 정보 쪽지 보내다,2
2119,온라인으로 주문하면 할인이 더 많이 되는 것 같아요.,"[-0.00025392  0.04260254 -0.01974487 ... -0.03149414 -0.04180908
 -0.0111084 ]",2,"['온라인', '주문', '할인']",온라인 주문 할인,1
2120,"품목 많으면 매장, 적으면 온라인이 저렴한 것 같아요!","[ 0.00800323  0.01542664 -0.03289795 ... -0.02931213 -0.04095459
  0.0092392 ]",2,"['품목', '많다', '매장', '적다', '온라인']",품목 많다 매장 적다 온라인,0
2121,묶어서구매하면 매장이고 단품은인터넷이 싼거같더라구요,"[ 0.00808716  0.02702332 -0.02955627 ... -0.01947021 -0.03640747
  0.02011108]",2,"['묶다', '구매', '매장', '인터넷', '싸다']",묶다 구매 매장 인터넷 싸다,2
2122,온라인이 무조건 저렴해요 저희도 온라인에서 다 장만했는데 넘 만족했어요,"[ 0.00017798  0.03842163 -0.04104614 ... -0.02151489 -0.03948975
  0.003088  ]",2,"['온라인', '저렴하다', '온라인', '장만', '만족']",온라인 저렴하다 온라인 장만 만족,1
2123,온라인 쇼핑라이브로도 특가 올라온데요!,"[ 0.00509644  0.03460693 -0.00782013 ... -0.03105164 -0.02966309
 -0.02268982]",2,"['온라인', '쇼핑', '라이브', '특가', '올라오다']",온라인 쇼핑 라이브 특가 올라오다,1
2124,묶어서 구매하는거면 오프라인 매장에서 손품발품 파는게 좋다고 하더라고요,"[ 0.01296234  0.03347778 -0.04833984 ... -0.02307129 -0.04614258
  0.00918579]",2,"['묶다', '구매', '오프라인', '매장', '발품', '파', '좋다']",묶다 구매 오프라인 매장 발품 파 좋다,0
2125,다품목 할인 아니라면 온라인 최저가가 싸요~,"[ 0.00674057  0.01924133 -0.02763367 ... -0.02345276 -0.03500366
 -0.00718689]",2,"['품목', '할인', '온라인', '최저', '싸다']",품목 할인 온라인 최저 싸다,2
2126,품목 많이 묶어서 사는거 아니면 온라인이요!,"[ 0.00261497  0.02029419 -0.02256775 ... -0.03186035 -0.0362854
 -0.00505066]",2,"['품목', '묶다', '사다', '온라인']",품목 묶다 사다 온라인,1
2127,단품이면 온라인이 싸요!ㅎㅎ 패키지는 또 다르겠지만요 ㅎ,"[-0.00666428  0.02915955 -0.02989197 ... -0.03140259 -0.0329895
  0.00485992]",2,"['온라인', '싸다', '패키지', '다르다']",온라인 싸다 패키지 다르다,1
2128,단품이면 온라인이 더 싼거 같아요! 근데 많이 사면 오프라인이 할인 혜택이 좋은거 같더라구요 ㅎㅎ,"[-0.00370979  0.02740479 -0.03512573 ... -0.02516174 -0.02958679
  0.0085144 ]",2,"['온라인', '싸다', '사다', '오프라인', '할인', '혜택', '좋다']",온라인 싸다 사다 오프라인 할인 혜택 좋다,2
2129,묶어서 사서 오프라인이 더 쌌던거 같아요~ 단품이면 온라인!,"[ 0.00184536  0.03111267 -0.03430176 ... -0.01531219 -0.03268433
  0.00613785]",2,"['묶다', '사다', '오프라인', '싸다', '온라인']",묶다 사다 오프라인 싸다 온라인,1
2130,오프라인 행사가도 많이 저렴헤서 견적 비교해볼듯 싶어요,"[ 0.00880432  0.03018188 -0.03509521 ... -0.03161621 -0.04119873
 -0.00011855]",2,"['오프라인', '행사', '헤다', '견적', '비교']",오프라인 행사 헤다 견적 비교,0
2131,"묶어서 사면 오프라인, 개별 구매면 온라인이 더 싼 것 같더라구요! ㅎㅎ","[-0.00470352  0.03189087 -0.02674866 ... -0.01194763 -0.03726196
  0.00785065]",2,"['묶다', '사다', '오프라인', '개별', '구매', '온라인', '싸다']",묶다 사다 오프라인 개별 구매 온라인 싸다,1
2132,저는 온라인 매장에서 샀는데 만족합니다!,"[ 0.01170349  0.02401733 -0.04229736 ... -0.02809143 -0.05834961
 -0.01557159]",2,"['온라인', '매장', '사다', '만족']",온라인 매장 사다 만족,1
2133,"저도 동의하는내용이에요 묶어서 사면 오프라인, 개별 구매 온라인!","[ 0.00595856  0.02334595 -0.02890015 ... -0.00988007 -0.03738403
  0.00080299]",2,"['동의', '내용', '묶다', '사다', '오프라인', '개별', '구매', '온라인']",동의 내용 묶다 사다 오프라인 개별 구매 온라인,1
2134,온라인이 더 싸더라구요! 직접 보고 온라인으로 샀어요,"[-0.00847626  0.03671265 -0.02947998 ... -0.0287323  -0.02650452
 -0.00960541]",2,"['온라인', '싸다', '온라인', '사다']",온라인 싸다 온라인 사다,1
2135,한꺼번에 살거면 오프라인! 하나씩 필요한것만 사면 온라인 할거같아요,"[-0.00157356  0.03540039 -0.02127075 ... -0.01863098 -0.03555298
 -0.00679779]",2,"['살다', '오프라인', '필요', '사다', '온라인']",살다 오프라인 필요 사다 온라인,1
2136,한번에 다 사는거라 오프라인으로 구매했습니다 ㅎㅎ,"[ 0.0038147   0.03564453 -0.02346802 ... -0.00839996 -0.04092407
  0.0075798 ]",2,"['사다', '오프라인', '구매']",사다 오프라인 구매,1
2137,"견적 받아보기 나름인 거 같은데, 되도록 오프라인 매장 가보려 해요","[ 0.01094818  0.03050232 -0.02508545 ... -0.03683472 -0.04827881
  0.0103302 ]",2,"['견적', '오프라인', '매장']",견적 오프라인 매장,0
2138,저도 온라인 구매가 더 저렴하다고 들었어요,"[-0.00027561  0.03778076 -0.02264404 ... -0.02536011 -0.04125977
 -0.01187897]",2,"['온라인', '구매', '저렴하다']",온라인 구매 저렴하다,1
2139,"온라인으로도 좋은 가격에 구매할 수 있군요, 저도 그런 생각을 하고 있었습니다","[ 0.02030945  0.03048706 -0.04125977 ... -0.01794434 -0.03845215
  0.00095177]",2,"['온라인', '좋다', '가격', '구매', '생각']",온라인 좋다 가격 구매 생각,0
2140,품목 묶어서 오프라인매장 견적받아보고 온라인비교해보려합니다!,"[ 0.0111618   0.03353882 -0.0271759  ... -0.02140808 -0.04226685
 -0.01287079]",2,"['품목', '묶다', '오프라인', '매장', '견적', '온라인', '비교']",품목 묶다 오프라인 매장 견적 온라인 비교,0
2141,전 오프라인으로 샀는데 제 친구는 온라인으로 사더라구요~,"[ 0.00266266  0.0242157  -0.03070068 ... -0.02171326 -0.03384399
 -0.01716614]",2,"['오프라인', '사다', '친구', '온라인', '사다']",오프라인 사다 친구 온라인 사다,1
2142,오프라인으로 묶어서 한번에 결제 할래요,"[ 0.00494003  0.04821777 -0.00997162 ... -0.01332092 -0.0368042
 -0.00810242]",2,"['오프라인', '묶다', '결제']",오프라인 묶다 결제,0
2143,오프라인 매장이랑 온라인 비교해보면서 패키지로 하려구요,"[ 0.01322937  0.0177002  -0.02380371 ... -0.03149414 -0.04342651
 -0.00767517]",2,"['오프라인', '매장', '온라인', '비교', '패키지']",오프라인 매장 온라인 비교 패키지,1
2144,저는 온오프라인 비교견적 알아보고있어요! 매장마다 다르고 해서 쉽게 결정은 아직 못내리겠네요 ㅎㅎ,"[-0.00426483  0.0256958  -0.02407837 ... -0.03970337 -0.02635193
  0.01055908]",2,"['오프라인', '비교', '견적', '알아보다', '매장', '다르다', '결정', '내리다']",오프라인 비교 견적 알아보다 매장 다르다 결정 내리다,0
2145,오 온라인몰 넘 좋네요? 저도 참고해야겟어용!,"[ 0.00668335  0.02438354 -0.03152466 ... -0.0479126  -0.03601074
 -0.00362396]",2,"['온라인', '좋다', '참고']",온라인 좋다 참고,1
2146,"오프라인과 온라인 비교해보니, 확실히 온라인이 제일 싸더라구요~ 그래서 온라인 구매로 진행 완료했어요!","[ 0.00371933  0.0279541  -0.02827454 ... -0.01506042 -0.03448486
 -0.00952148]",2,"['오프라인', '온라인', '비교', '온라인', '싸다', '온라인', '구매', '진행', '완료']",오프라인 온라인 비교 온라인 싸다 온라인 구매 진행 완료,0
2147,매장방문하기전에 온라인으로 금액이나 스펙 맘에드는거 몇개 추려두고 오프라인가서 혜택있나 비교해보고 결정해도 좋을 것같아요 ! ㅎㅎ 요즘 온라인도 공식인증 사이트는 배송일자도 정해지고 서비스도 좋더라구요 ㅎ,"[-0.0015316   0.02096558 -0.03424072 ... -0.04385376 -0.02146912
 -0.00116062]",2,"['매장', '방문', '온라인', '금액', '스펙', '추리', '오프라인', '혜택', '비교', '결정', '좋다', '요즘', '온라인', '공식', '인증', '사이트', '배송', '일자', '정하다', '서비스', '좋다']",매장 방문 온라인 금액 스펙 추리 오프라인 혜택 비교 결정 좋다 요즘 온라인 공식 인증 사이트 배송 일자 정하다 서비스 좋다,0
2148,"매장 방문해서 어느정도 스캔? 하고 온라인으로 혜택 비교 후 결정하려구요 ㅎㅎ 온라인이 좋을때도, 오프라인이 좋을떄도 있는거같아서요 ㅎㅎ","[-0.00313568  0.02386475 -0.02799988 ... -0.03979492 -0.02101135
 -0.00038648]",2,"['매장', '방문', '스캔', '온라인', '혜택', '비교', '결정', '온라인', '좋다', '오프라인', '좋다']",매장 방문 스캔 온라인 혜택 비교 결정 온라인 좋다 오프라인 좋다,0
2149,온라인과 오프라인 두 곳 다 견적비교해보고 결정할거같아요,"[ 0.00033855  0.02738953 -0.01716614 ... -0.04217529 -0.02633667
 -0.00109482]",2,"['온라인', '오프라인', '견적', '비교', '결정']",온라인 오프라인 견적 비교 결정,0
2150,매장 방문했는데 생각보다 혜택이 적고 가입해야할게 많아서 온라인으로 구매했어요!,"[-0.0041008   0.03009033 -0.03265381 ... -0.02738953 -0.05032349
 -0.00441742]",2,"['매장', '방문', '생각', '혜택', '적다', '가입', '많다', '온라인', '구매']",매장 방문 생각 혜택 적다 가입 많다 온라인 구매,0
2151,방문해서 보고 온라인으로 비교해서 구매했어요,"[ 0.01389313  0.02015686 -0.01306152 ... -0.0272522  -0.03555298
 -0.01856995]",2,"['방문', '온라인', '비교', '구매']",방문 온라인 비교 구매,0
2152,매장방문 해볼 것 같아요! 그뒤에 맘에 드는 제품명 온라인에서도 찾아 볼 것 같네요,"[ 0.01094055  0.01889038 -0.03674316 ... -0.04852295 -0.02674866
  0.00314903]",2,"['매장', '방문', '제품명', '온라인', '찾다']",매장 방문 제품명 온라인 찾다,0
2153,온라인 오프라인 비교해보고 샀어요 저렴한 쪽으로,"[ 0.00930023  0.02243042 -0.02760315 ... -0.01728821 -0.02705383
 -0.02102661]",2,"['온라인', '오프라인', '비교', '사다', '저렴하다']",온라인 오프라인 비교 사다 저렴하다,1
2154,오프라인으로 직접 경험해보고 온라인/오프라인 견적 비교하고 구매할 거 같아요!,"[ 0.00021219  0.02697754 -0.01439667 ... -0.03659058 -0.04165649
 -0.0139389 ]",2,"['오프라인', '경험', '온라인', '오프라인', '견적', '비교', '구매']",오프라인 경험 온라인 오프라인 견적 비교 구매,0
2155,오프라인 온라인 다양하게 하는게 좋은거 같아요,"[ 0.01293945  0.01834106 -0.01425934 ... -0.02966309 -0.01369476
 -0.01157379]",2,"['오프라인', '온라인', '다양', '좋다']",오프라인 온라인 다양 좋다,0
2156,매장방문해서 카드혜택받으면 온라인보다 더 저렴하대요!,"[ 0.00185966  0.03610229 -0.03271484 ... -0.02140808 -0.04052734
  0.0031414 ]",2,"['매장', '방문', '카드', '혜택', '온라인', '저렴하다']",매장 방문 카드 혜택 온라인 저렴하다,2
2157,매장방문했었으나 갔다와서 온라인 구매했어요,"[ 0.01448059  0.02690125 -0.0275116  ... -0.0266571  -0.05187988
 -0.00697708]",2,"['매장', '방문', '온라인', '구매']",매장 방문 온라인 구매,0
2158,저는 오프라인으로 마음에 드는거 보고 가격비교한다음 집에와서 온라인으로 비교할거같아요 !,"[-0.00450897  0.01651001 -0.02357483 ... -0.02709961 -0.03439331
 -0.01982117]",2,"['오프라인', '마음', '가격', '비교', '다음', '온라인', '비교']",오프라인 마음 가격 비교 다음 온라인 비교,0
2159,저는 오프라인에서 마음에 드는 거 보고 계약했습니다. 다품목 사면 오프라인이 혜택이 많아요! 3개 미만은 온란인으로 구매하는게 좋다더라구요.,"[-0.00061464  0.0013237  -0.04403687 ... -0.02006531 -0.01369476
 -0.00461578]",2,"['오프라인', '마음', '계약', '품목', '사다', '오프라인', '혜택', '많다', '미만', '구매', '좋다']",오프라인 마음 계약 품목 사다 오프라인 혜택 많다 미만 구매 좋다,0
2160,전 매장갔어요 온라인이랑 확실히 달라요 꼭 가보세요~!,"[ 0.01875305  0.0259552  -0.02380371 ... -0.02101135 -0.03295898
 -0.00011635]",2,"['매장', '온라인', '다르다']",매장 온라인 다르다,2
2161,저는 오프라인으로 상담받아보고 온라인으로 구매했어요 !,"[-0.00349426  0.01271057 -0.01893616 ... -0.02330017 -0.03540039
 -0.01930237]",2,"['오프라인', '상담', '온라인', '구매']",오프라인 상담 온라인 구매,0
2162,오프라인에서 실물 확인하고 온라인 구매했어용,"[ 0.00438309  0.02342224 -0.02093506 ... -0.0176239  -0.03146362
 -0.03182983]",2,"['오프라인', '실물', '확인', '온라인', '구매']",오프라인 실물 확인 온라인 구매,1
2163,사는 제품이 많이 없어서 그냥 온라인에서 구매해요,"[ 0.00796509  0.0380249  -0.012146   ... -0.01832581 -0.03674316
 -0.01628113]",2,"['사다', '제품', '온라인', '구매']",사다 제품 온라인 구매,1
2164,오프라인에서 구경 후 온라인에서 살 것 같아요~!,"[-0.0042572   0.02687073 -0.01422882 ... -0.02459717 -0.03317261
 -0.02824402]",2,"['오프라인', '구경', '온라인', '살다']",오프라인 구경 온라인 살다,1
2165,저희는 오프라인에서 구경하고 온라인에서 샀어요: 구매 품목에 몇 안되서요,"[ 0.01486969  0.02629089 -0.03353882 ... -0.0112381  -0.04400635
 -0.02166748]",2,"['오프라인', '구경', '온라인', '사다', '구매', '품목']",오프라인 구경 온라인 사다 구매 품목,1
2166,전 백화점이랑 온라인몰 발품팔아서 구매했어요~!,"[-0.00586319  0.01721191 -0.01832581 ... -0.03329468 -0.05874634
 -0.01626587]",2,"['백화점', '온라인', '발품', '팔다', '구매']",백화점 온라인 발품 팔다 구매,0
2167,소량이면 온라인이 더 저렴할꺼같아요 :,"[ 0.00056076  0.03857422 -0.0255127  ... -0.02815247 -0.02424622
 -0.00122643]",2,"['소량', '온라인', '저렴하다']",소량 온라인 저렴하다,1
2168,소량이라면 온라인 구매가 더 경제적일 것 같아요,"[-0.00185776  0.04553223 -0.02182007 ... -0.03268433 -0.04721069
 -0.00522995]",2,"['소량', '온라인', '구매', '경제']",소량 온라인 구매 경제,1
2169,"소량이면 온라인 구매가 좋은 것 같아요, 저도 그렇게 들었어요ㅠㅠ","[ 0.00130463  0.02931213 -0.03717041 ... -0.03500366 -0.040802
 -0.00508118]",2,"['소량', '온라인', '구매', '좋다']",소량 온라인 구매 좋다,1
2170,저는 소량이라면 온라인 구매 대량이라면 묶어서 사는 것 추천드려용ㅎㅎ,"[-0.00193214  0.02476501 -0.02120972 ... -0.02398682 -0.03598022
  0.01161957]",2,"['소량', '온라인', '구매', '대량', '묶다', '사다', '추천', '드리다']",소량 온라인 구매 대량 묶다 사다 추천 드리다,1
2171,저희도 소량이여서 온라인으로 구매했습니다.,"[-0.00878143  0.04528809 -0.02285767 ... -0.02224731 -0.056427
 -0.0196228 ]",2,"['소량', '온라인', '구매']",소량 온라인 구매,1
2172,소량은 온라인이 싸다고 들었어요 대신 품질은 복불복이요ㅜ,"[-0.01451874  0.03656006 -0.03024292 ... -0.02888489 -0.03494263
  0.0002656 ]",2,"['소량', '온라인', '싸다', '대신', '품질', '복불복']",소량 온라인 싸다 대신 품질 복불복,2
2173,저도 소량 구매라 오프라인도 다녀봤지만 온라인이 제일 싸더라고요~,"[-0.00146103  0.03396606 -0.03536987 ... -0.01156616 -0.03674316
 -0.00649643]",2,"['소량', '구매', '오프라인', '다니다', '온라인', '싸다']",소량 구매 오프라인 다니다 온라인 싸다,1
2174,5개이상이면 백화점 추천인데 소량이셔서 발품파는게 더좋으실거같아요~,"[-0.00071001  0.01398468 -0.04129028 ... -0.04483032 -0.03213501
  0.02236938]",2,"['이상', '백화점', '추천', '소량', '발품', '파', '좋다']",이상 백화점 추천 소량 발품 파 좋다,0
2175,소량이면 온라인 구매요! 저도 소량이라 온라인구매했는데 나름 저렴하게 잘 산 것 같아요,"[-0.01254272  0.02857971 -0.03735352 ... -0.02703857 -0.03588867
  0.0018549 ]",2,"['소량', '온라인', '구매', '소량', '온라인', '구매', '저렴하다', '살다']",소량 온라인 구매 소량 온라인 구매 저렴하다 살다,1
2176,한두개 구매는 그냥 온라인에서 기획전할때 구매하시는게 싸요!,"[-0.002388    0.02929688 -0.02671814 ... -0.00860596 -0.03384399
 -0.0103302 ]",2,"['구매', '온라인', '기획전', '구매', '싸다']",구매 온라인 기획전 구매 싸다,1
2177,저는 온라인으로 구매햇어요!소량씩!,"[-0.00533676  0.02307129 -0.02359009 ... -0.02572632 -0.04379272
 -0.00885773]",2,"['온라인', '구매', '소량']",온라인 구매 소량,1
2178,저는 소량 아닌데도 온라인 최저가로 가성비 있게 구입했어요!,"[-0.00174046  0.02165222 -0.03390503 ... -0.01283264 -0.0484314
 -0.01516724]",2,"['소량', '온라인', '최저', '가성비', '구입']",소량 온라인 최저 가성비 구입,1
2179,온라인이랑 홈쇼핑 보세요! 홈쇼핑 진짜 저렴해요 ㅋㅋ,"[ 0.0014534   0.04272461 -0.01103973 ... -0.04559326 -0.03753662
 -0.0173645 ]",2,"['온라인', '홈', '쇼핑', '쇼핑', '저렴하다']",온라인 홈 쇼핑 쇼핑 저렴하다,0
2180,소량이면 온라인 구매도 괜찮다고 봐요.,"[ 4.95314598e-05  3.14331055e-02 -2.86102295e-02 ... -3.01513672e-02
 -4.58984375e-02 -1.11160278e-02]",2,"['소량', '온라인', '구매', '괜찮다']",소량 온라인 구매 괜찮다,1
2181,온라인 보다 오프라인이 더 혜택이 좋은거 같아요! 여러군데 비교해보세요!,"[ 0.00572968  0.01779175 -0.03997803 ... -0.04312134 -0.03305054
 -0.01136017]",2,"['온라인', '오프라인', '혜택', '좋다', '비교']",온라인 오프라인 혜택 좋다 비교,0
2182,인터넷보다 오프라인으로 은밀하게 상담받는 수가 더 좋을거 같아요,"[-0.00066137  0.03469849 -0.01611328 ... -0.02964783 -0.01908875
  0.00389481]",2,"['인터넷', '오프라인', '상담', '좋다']",인터넷 오프라인 상담 좋다,0
2183,다 알아보구 최종적으론 온라인으로 삽니당,"[ 0.01655579  0.02754211 -0.01861572 ... -0.03509521 -0.02490234
 -0.00784302]",2,"['최종', '온라인', '살다']",최종 온라인 살다,1
2184,저는 오프라인에서 최저가 비교해보고 구매했어요~~,"[ 0.00795746  0.01425171 -0.02377319 ... -0.01942444 -0.03527832
 -0.01847839]",2,"['오프라인', '최저', '비교', '구매']",오프라인 최저 비교 구매,0
2185,견적은 둘 다 보셔야할 것 같아요! 온라인 보시고 오프라인 보세요!,"[-0.00797272  0.02539062 -0.02816772 ... -0.03924561 -0.03713989
  0.0019722 ]",2,"['견적', '온라인', '오프라인']",견적 온라인 오프라인,0
2186,일단 견적도 받아보고 온라인도 봐보려구용! 일단 해가 지난상품도 괜찮으면 구매의향이 있어서요!,"[ 0.00649261  0.01719666 -0.04266357 ... -0.04714966 -0.026474
 -0.00595093]",2,"['견적', '온라인', '지나다', '상품', '괜찮다', '구매', '의향']",견적 온라인 지나다 상품 괜찮다 구매 의향,1
2187,한 두 개면 온라인이 더 싸실 수도 있는데 3개시면 오프도 쌀 수 있어서 오프도 견적 받아보시는걸 추천드려요!,"[ 0.00766373  0.03225708 -0.04330444 ... -0.02244568 -0.01719666
  0.00847626]",2,"['온라인', '싸다', '오프', '싸다', '오프', '견적', '추천', '드리다']",온라인 싸다 오프 싸다 오프 견적 추천 드리다,1
2188,온라인이 싸다고 생각드는데 혹시 모르니 오프라인 매장도 가보세요!,"[-0.00485992  0.0357666  -0.03533936 ... -0.02308655 -0.03695679
  0.00356865]",2,"['온라인', '싸다', '생각', '오프라인', '매장']",온라인 싸다 생각 오프라인 매장,1
2189,오프라인으로 견적 3군데는 최소로 돌아보시고 견적 받으신거랑 온라인도 비교해보세용!,"[-0.00974274  0.0282135  -0.02340698 ... -0.03909302 -0.02238464
 -0.01073456]",2,"['오프라인', '견적', '최소', '돌아보다', '견적', '온라인', '비교']",오프라인 견적 최소 돌아보다 견적 온라인 비교,0
2190,"비교해보는 게 좋을 것 같은데, 저는 온라인이 더 싸서 온라인에서 구매했어요!","[ 0.00274277  0.01889038 -0.04248047 ... -0.03125    -0.04193115
 -0.00866699]",2,"['비교', '좋다', '온라인', '싸다', '온라인', '구매']",비교 좋다 온라인 싸다 온라인 구매,1
2191,요새 온라인 할인도 많이 하더라구요 온라인으로 추천드릴게요!,"[-0.00208282  0.03842163 -0.02574158 ... -0.0302124  -0.0340271
 -0.00649643]",2,"['온라인', '할인', '온라인', '추천', '드리다']",온라인 할인 온라인 추천 드리다,0
2192,오프라인에서 최대한 구매 할 예정이에요,"[ 0.02069092  0.04122925 -0.02313232 ... -0.01097107 -0.04016113
 -0.00764847]",2,"['오프라인', '최대한', '구매', '예정']",오프라인 최대한 구매 예정,1
2193,온라인구매해도 아무 문제없더라구요 잘쓰고있어요ㅋㅋ 편하신대로 하는게 최곱니다,"[ 0.01219177  0.01972961 -0.03439331 ... -0.03881836 -0.03114319
  0.00630569]",2,"['온라인', '구매', '문제', '쓰다', '편하다', '최고']",온라인 구매 문제 쓰다 편하다 최고,1
2194,직접가서 크기랑 성능 등 여러개 보고나서 온라인이랑 금액 비교해서 구매할거같아요~!,"[ 0.00496674  0.03240967 -0.0305481  ... -0.03411865 -0.02580261
 -0.00772858]",2,"['크기', '성능', '온라인', '금액', '비교', '구매']",크기 성능 온라인 금액 비교 구매,0
2195,후기 많은 제품은 온라인도 괜찮을거 같아요~,"[ 0.01387024  0.01233673 -0.03170776 ... -0.03674316 -0.01963806
 -0.00118828]",2,"['후기', '많다', '제품', '온라인', '괜찮다']",후기 많다 제품 온라인 괜찮다,1
2196,직접가서 보고 온라인이랑 비교해보고 저렴한곳에서 살까싶습니다,"[ 0.0016346   0.02671814 -0.02430725 ... -0.0425415  -0.0255127
 -0.00495148]",2,"['온라인', '비교', '저렴하다', '살다']",온라인 비교 저렴하다 살다,1
2197,실물을 직접 보는게 중요하더라구요 온라인으로는 색상도 좀 다르고요 ㅠ그러고 가격비교할것 같아요,"[-0.00271225  0.02175903 -0.03146362 ... -0.03123474 -0.02088928
 -0.01283264]",2,"['실물', '중요', '온라인', '색상', '다르다', '그러다', '가격', '비교']",실물 중요 온라인 색상 다르다 그러다 가격 비교,0
2198,직접보고 온라인도 비교하고 그럴려고하는데 아마 직접라는걸로하게될거같아요,"[ 0.00849915  0.02433777 -0.0135498  ... -0.04534912 -0.01350403
 -0.00169563]",2,"['온라인', '비교', '그러다']",온라인 비교 그러다,0
2199,직접 가서 보고! 온라인으로 찾아서 저렴한걸로! 힣,"[-0.01299286  0.02867126 -0.00849915 ... -0.03909302 -0.02432251
  0.00203323]",2,"['온라인', '찾다', '저렴하다']",온라인 찾다 저렴하다,1
2200,온라인이 더싸면 보고 온라인으로 구매해요,"[ 0.00239182  0.02561951 -0.01525879 ... -0.02967834 -0.02568054
 -0.01196289]",2,"['온라인', '싸다', '온라인', '구매']",온라인 싸다 온라인 구매,1
2201,저는 오프라인으로 설명같은거 듣고 온라인으로 싸게 구매해야지~ 하고 가선 오프라인으로 사서 옵니다 ㅋㅋ ㅠㅠ,"[-0.00782013  0.02616882 -0.02764893 ... -0.01707458 -0.02412415
 -0.01693726]",2,"['오프라인', '설명', '온라인', '싸다', '구매', '오프라인', '사다']",오프라인 설명 온라인 싸다 구매 오프라인 사다,1
2202,전 온라인으로 스펙보고 구매했어요 ㅎㅎ,"[ 0.00295067  0.02474976 -0.01931763 ... -0.03637695 -0.02272034
 -0.0044899 ]",2,"['온라인', '스펙', '구매']",온라인 스펙 구매,1
2203,저두요 직접 가서 둘러보고 온라인으로 가격비교 더 해보고 나서 결정할꺼 같아용ㅎ,"[-0.00725937  0.02894592 -0.01712036 ... -0.05773926 -0.02140808
  0.00232315]",2,"['둘러보다', '온라인', '가격', '비교', '결정']",둘러보다 온라인 가격 비교 결정,0
2204,직접 보고 온라인으로 가격 비교 할 것 같아요,"[ 0.0089035   0.02944946 -0.01225281 ... -0.0362854  -0.02577209
 -0.00961304]",2,"['온라인', '가격', '비교']",온라인 가격 비교,0
2205,오프라인 매장에서 여기저기 비교해보고 구매했어요~,"[ 0.0168457   0.01797485 -0.02603149 ... -0.01858521 -0.04034424
 -0.01756287]",2,"['오프라인', '매장', '여기저기', '비교', '구매']",오프라인 매장 여기저기 비교 구매,0
2206,놀러간다 생각하고 직접 보고 구매하려구요! 온라인이랑 가격 비교 필수,"[ 0.00922394  0.03118896 -0.02217102 ... -0.03353882 -0.0425415
 -0.00842285]",2,"['놀다', '생각', '구매', '온라인', '가격', '비교', '필수']",놀다 생각 구매 온라인 가격 비교 필수,0
2207,저는 직접 보고 품목을 온라인과 비교했어요~,"[ 0.01347351  0.01586914 -0.014328   ... -0.02827454 -0.0319519
 -0.01451111]",2,"['보다', '품목', '온라인', '비교']",보다 품목 온라인 비교,0
2208,오프라인 온라인 섞어서 구매했어요~ 브랜드는 LG 하나로,"[-0.00444412  0.03057861 -0.02835083 ... -0.02287292 -0.03469849
 -0.01596069]",2,"['오프라인', '온라인', '섞다', '구매', '브랜드']",오프라인 온라인 섞다 구매 브랜드,1
2209,온라인으로 알아보다가 오프라인에서 한꺼번에 혜택 많이 받고 했습니다~,"[ 0.00892639  0.03378296 -0.02330017 ... -0.01420593 -0.02738953
 -0.01904297]",2,"['온라인', '알아보다', '오프라인', '혜택']",온라인 알아보다 오프라인 혜택,0
2210,오프라인이랑 온라인 둘 다 섞어서 구매했어요! 오프라인도 가끔 행사 걸리면 온라인보다 저렴해요!,"[-0.00968933  0.01387024 -0.04141235 ... -0.01571655 -0.02987671
 -0.02085876]",2,"['오프라인', '온라인', '섞다', '구매', '오프라인', '행사', '걸리다', '온라인', '저렴하다']",오프라인 온라인 섞다 구매 오프라인 행사 걸리다 온라인 저렴하다,1
2211,전 열심히 오프라인 발품 팔아서 했어요! 삼성 임직원도 가능해서 비교해보고요~,"[-0.01430511  0.01641846 -0.02670288 ... -0.03123474 -0.03659058
 -0.01464844]",2,"['오프라인', '발품', '팔다', '삼성', '임직원', '가능', '비교']",오프라인 발품 팔다 삼성 임직원 가능 비교,0
2212,전 오프라인으로 돌아다녀보고 구매하였습니당,"[ 0.00733185  0.0259552  -0.01861572 ... -0.02201843 -0.02842712
 -0.0174408 ]",2,"['오프라인', '돌아다니다', '구매']",오프라인 돌아다니다 구매,0
2213,저는 삼성제품은 오프라인으로 쿠쿠는 공식몰에서 구매했어요,"[-0.01281738  0.01715088 -0.02822876 ... -0.02772522 -0.02427673
 -0.03253174]",2,"['삼성', '제품', '오프라인', '쿠쿠', '공식', '구매']",삼성 제품 오프라인 쿠쿠 공식 구매,1
2214,오프라인으로 충분히 알아보고 온라인 가격비교할것같아요,"[ 0.00812531  0.02427673 -0.02651978 ... -0.03115845 -0.02575684
 -0.01737976]",2,"['오프라인', '알아보다', '온라인', '가격', '비교']",오프라인 알아보다 온라인 가격 비교,0
2215,오프라인 방문해서 할인혜택 볼것 같아요 베스트 가야죠,"[ 0.02127075  0.02368164 -0.03121948 ... -0.02709961 -0.03549194
 -0.00211716]",2,"['오프라인', '방문', '할인', '혜택', '베스트']",오프라인 방문 할인 혜택 베스트,2
2216,저는 온오프라인 다 알아보다가 오프라인이 할인혜택이 더 좋아서 오프라인으로 구매했어요!,"[ 0.00608826  0.02227783 -0.03948975 ... -0.02056885 -0.03372192
 -0.02197266]",2,"['오프라인', '오프라인', '할인', '혜택', '좋다', '오프라인', '구매']",오프라인 오프라인 할인 혜택 좋다 오프라인 구매,0
2217,"오프라인, 온라인 둘 다 견적받아보고 살 것 같아용 ㅎㅎ","[-0.00793457  0.03115845 -0.01777649 ... -0.04275513 -0.03244019
 -0.0018549 ]",2,"['오프라인', '온라인', '견적', '살다']",오프라인 온라인 견적 살다,1
2218,오프라인에서 디자인이랑 사이즈 보구 온라인으로 가격비교하고 구매하려구요!,"[-0.0151062   0.02767944 -0.03842163 ... -0.0073204  -0.03634644
 -0.0151062 ]",2,"['오프라인', '디자인', '사이즈', '온라인', '가격', '비교', '구매']",오프라인 디자인 사이즈 온라인 가격 비교 구매,0
2219,직접보고 온라인도 보고 결정할 것 같아요,"[ 0.00579834  0.02981567  0.00169373 ... -0.03637695 -0.0118103
 -0.00580597]",2,"['온라인', '결정']",온라인 결정,0
2220,혼수가전 구매는 직접 가서 비교해보는 게 좋더라고요. 가격과 혜택이 매장마다 다르니 잘 살펴보세요,"[ 0.04324341  0.02342224 -0.02511597 ... -0.0304718  -0.03790283
  0.00785828]",2,"['혼수', '가전', '구매', '비교', '좋다', '가격', '혜택', '매장', '다르다', '살피다']",혼수 가전 구매 비교 좋다 가격 혜택 매장 다르다 살피다,2
2221,오프라인으로 다녀보면서 직접 보고 결정했어요,"[ 0.01363373  0.02964783 -0.00788879 ... -0.01651001 -0.01950073
 -0.00192833]",2,"['오프라인', '다니다', '결정']",오프라인 다니다 결정,0
2222,전 할인혜택이 있어 온라인으로 끝냈는데 일반적으론 오프라인이요!,"[ 0.00401306  0.01537323 -0.03515625 ... -0.03268433 -0.04354858
 -0.00907898]",2,"['할인', '혜택', '온라인', '끝내다', '일반', '오프라인']",할인 혜택 온라인 끝내다 일반 오프라인,0
2223,가격비교해봤는데 온라인으로 거의 다 했어요,"[ 0.01493073  0.02497864 -0.02752686 ... -0.02812195 -0.0329895
  0.00076485]",2,"['가격', '비교', '온라인']",가격 비교 온라인,0
2224,오프라인으로 다녀보고 최종구매는 온라인할거같아요,"[ 0.00784302  0.02687073 -0.02142334 ... -0.02053833 -0.03445435
 -0.00584793]",2,"['오프라인', '다니다', '최종', '구매', '온라인']",오프라인 다니다 최종 구매 온라인,0
2225,오프라인도 보긴했는데 퀄차이가 크지 않은거 같아서 온라인으로 했어요! 만족합니다!,"[-0.00082064  0.02101135 -0.02197266 ... -0.01934814 -0.021698
 -0.01721191]",2,"['오프라인', '차이', '크다', '온라인', '만족']",오프라인 차이 크다 온라인 만족,1
2226,오프라인으로 가서 구경하고 온라인으로 살것같아요!,"[-0.00689316  0.02775574 -0.01085663 ... -0.02319336 -0.03567505
 -0.02047729]",2,"['오프라인', '구경', '온라인', '사다']",오프라인 구경 온라인 사다,1
2227,저는 오프라인에서 직접 보고 구매했습니다. 아무래도 실물과 다를 것 같아서요,"[-0.0020752   0.01370239 -0.02603149 ... -0.02455139 -0.03042603
 -0.02883911]",2,"['오프라인', '구매', '실물', '다르다']",오프라인 구매 실물 다르다,1
2228,"오프라인으로 다녀보고, 구매는 온라인으로 했어요~","[ 0.00988007  0.01991272 -0.01683044 ... -0.01635742 -0.03918457
 -0.01520538]",2,"['오프라인', '다니다', '구매', '온라인']",오프라인 다니다 구매 온라인,0
2229,저는 오프라인으로 할 생각이에요! 근데 저번달에 구매한 지인은 품목이 몇개 안되서 오프라인에서 보고 온라인에서 구매했는데 더 저렴했다고 했어요! 약간 상황에 따라 다른거 같아요!,"[-0.00653076  0.02560425 -0.03549194 ... -0.02593994 -0.02560425
  0.00222206]",2,"['오프라인', '생각', '구매', '지인', '품목', '오프라인', '온라인', '구매', '저렴하다', '상황', '따르다', '다르다']",오프라인 생각 구매 지인 품목 오프라인 온라인 구매 저렴하다 상황 따르다 다르다,0
2230,오프라인 매장이 있다면 오프라인으로 보고 온라인 결제 혜택이 더 크다면 온라인으로 결제 할거 같아요!,"[-0.0061264   0.02700806 -0.02116394 ... -0.02748108 -0.04788208
  0.0026474 ]",2,"['오프라인', '매장', '오프라인', '온라인', '결제', '혜택', '크다', '온라인', '결제']",오프라인 매장 오프라인 온라인 결제 혜택 크다 온라인 결제,0
2231,"전 오프라인으로 구입하려고해요~ㅎㅎ 백화점이 비싸보이지만, 포인트, 혜택 등을 생각하면 훨씬 더 이득이라고 하더라구용!","[ 0.01020813  0.0350647  -0.02908325 ... -0.02835083 -0.04226685
 -0.00773621]",2,"['오프라인', '구입', '백화점', '비싸다', '보이다', '포인트', '혜택', '생각', '이득']",오프라인 구입 백화점 비싸다 보이다 포인트 혜택 생각 이득,1
2232,오프라인으로 일단 다 둘러뵜는데 온라인이 훨 저렴해서 온라인으로했어용,"[-0.00437164  0.02908325 -0.01705933 ... -0.02139282 -0.01103973
 -0.01273346]",2,"['오프라인', '두르다', '온라인', '저렴하다', '온라인']",오프라인 두르다 온라인 저렴하다 온라인,1
2233,오프라인으로 둘러보고 온라인에서 살듯요,"[ 0.00292587  0.02844238 -0.0014658  ... -0.0302124  -0.0269165
 -0.02780151]",2,"['오프라인', '둘러보다', '온라인', '살다']",오프라인 둘러보다 온라인 살다,1
2234,귀차니즘이 심해서 온라인으로 다 주문할 거 같아요!,"[-0.00748825  0.03546143 -0.01139832 ... -0.02503967 -0.04879761
  0.01119232]",2,"['귀차니즘', '심하다', '온라인', '주문']",귀차니즘 심하다 온라인 주문,1
2235,저는 오프라인으로 보고 인터넷 한번 찾아볼거같아요 ㅠㅠ,"[-0.01133728  0.02426147 -0.00453568 ... -0.03799438 -0.01977539
 -0.00789642]",2,"['오프라인', '인터넷', '찾아보다']",오프라인 인터넷 찾아보다,2
2236,저도 온라인과 오프라인 섞어서 구매할 예정이에요 ㅎㅎ,"[-0.00396347  0.02879333 -0.01342773 ... -0.0164032  -0.040802
 -0.00603485]",2,"['온라인', '오프라인', '섞다', '구매', '예정']",온라인 오프라인 섞다 구매 예정,1
2237,오프라인으로 샀어요~ 괜찮은구성이엿어요,"[ 0.01852417  0.02302551 -0.03619385 ... -0.01554108 -0.03173828
 -0.02920532]",2,"['오프라인', '사다', '괜찮다', '구성', '이다']",오프라인 사다 괜찮다 구성 이다,1
2238,"저 오프라인 매장가서 상담 받고, 그 모델 적어와서 임직원몰에서 구매했어요!","[-0.00222588  0.00481796 -0.03068542 ... -0.01751709 -0.04846191
 -0.0003953 ]",2,"['오프라인', '매장', '상담', '모델', '적다', '임직원', '구매']",오프라인 매장 상담 모델 적다 임직원 구매,0
2239,비교한벙해보세여! 오프라인매장은 이것저것 껴주고 묶어사면 할인폭이 크더라구용,"[ 0.01011658  0.02389526 -0.04421997 ... -0.01780701 -0.0319519
 -0.00682831]",2,"['비교', '오프라인', '매장', '이것저것', '끼', '묶다', '사다', '할인', '크다']",비교 오프라인 매장 이것저것 끼 묶다 사다 할인 크다,2
2240,온라인으로도 오프라인으로도 알아보고 더 싼걸로 하는게 어떄요,"[ 0.00058889  0.0335083  -0.02026367 ... -0.02999878 -0.01357269
 -0.01838684]",2,"['온라인', '오프라인', '알아보다', '싸다', '어떄']",온라인 오프라인 알아보다 싸다 어떄,0
2241,여러 견적 받아서 최저가로 구매하시는게 가장 이득이라고 해요! 오프라인도 한 곳 말고 두 세군데 받아보세용!,"[ 0.00298309  0.02659607 -0.04147339 ... -0.02474976 -0.02963257
  0.00265884]",2,"['견적', '최저', '구매', '이득', '오프라인', '말']",견적 최저 구매 이득 오프라인 말,0
2242,별로 신경 안 썼는데 엄마가 같이 가보자고 하셔서 오프라인으로 구매했어용 보들보들한 건 모달 재질로 된 거 사시면 거의 다 보들해용 따뜻하고 털느낌으로 하고싶으시면 극세사로 하시구여! 두 개가 양면으로 된 것도 있을거에용,"[ 0.00378227  0.02088928 -0.0428772  ... -0.03323364 -0.01172638
  0.01922607]",2,"['신경', '쓰다', '엄마', '오프라인', '구매', '모달', '재질', '사다', '느낌', '세사', '양면']",신경 쓰다 엄마 오프라인 구매 모달 재질 사다 느낌 세사 양면,2
2243,저는 만져보고 구매하는걸 좋아해서 오프라인으로 구매합니다,"[ 0.0079422   0.0223999  -0.02371216 ... -0.03277588 -0.03216553
 -0.01783752]",2,"['만지다', '구매', '좋아하다', '오프라인', '구매']",만지다 구매 좋아하다 오프라인 구매,1
2244,저는 디자인이나 재질 직접 보고 만져보고 싶어서 오프라인에서 구매할 예정입니다!,"[-0.00142574  0.02787781 -0.02818298 ... -0.01980591 -0.03952026
 -0.00495529]",2,"['디자인', '재질', '만지다', '오프라인', '구매', '예정']",디자인 재질 만지다 오프라인 구매 예정,1
2245,저는 이불 좋아하는 스타일이 있어서 직접 만져보고 오프라인으로 구매 할거 같아요!,"[-0.00076389  0.02047729 -0.02806091 ... -0.04547119 -0.03372192
 -0.00614548]",2,"['좋아하다', '스타일', '만지다', '오프라인', '구매']",좋아하다 스타일 만지다 오프라인 구매,1
2246,온라인 구매하려고 합니다. 근데 예랑이가 촉감 중요하게 봐서 오프에서도 구매해야 될거같아요 ㅠ,"[-0.01071167  0.03646851 -0.0329895  ... -0.01783752 -0.04864502
  0.00598526]",2,"['온라인', '구매', '예랑이', '촉감', '중요', '오프', '구매']",온라인 구매 예랑이 촉감 중요 오프 구매,1
2247,저도 보들보들한거 좋아해서 오프라인에서 만져보고 살 것 같아요!,"[ 0.00753403  0.03240967 -0.01689148 ... -0.0357666  -0.02746582
 -0.00924683]",2,"['좋아하다', '오프라인', '만지다', '살다']",좋아하다 오프라인 만지다 살다,1
2248,그냥 온라인으로 구매합니다! 소모품이라고 생각해요,"[ 0.00014627  0.02809143 -0.03207397 ... -0.02484131 -0.04281616
  0.00447083]",2,"['온라인', '구매', '소모품', '생각']",온라인 구매 소모품 생각,1
2249,저는 만져보고 사려고 오프라인으로 햇어용 ㅎㅎ,"[-0.00067043  0.02868652 -0.0114975  ... -0.03289795 -0.01478577
 -0.00502396]",2,"['만지다', '사다', '오프라인']",만지다 사다 오프라인,1
2250,저는 리부보고 온라인에서 구매했어요 온라인 오프라인 상관없윽거같은데,"[-0.0025959   0.01768494 -0.03436279 ... -0.02635193 -0.03025818
 -0.01759338]",2,"['리부', '온라인', '구매', '온라인', '오프라인', '상관']",리부 온라인 구매 온라인 오프라인 상관,0
2251,저는 오프라인매장 직접 방문해서 만져보고 구매했어요,"[ 0.01573181  0.02360535 -0.01473999 ... -0.02253723 -0.03585815
 -0.01007843]",2,"['오프라인', '매장', '방문', '만지다', '구매']",오프라인 매장 방문 만지다 구매,1
2252,저라면 온라인이용!ㅎㅎ리뷰 확인하고 그냥 살것같아용,"[-0.0074501   0.01924133 -0.02545166 ... -0.03894043 -0.01596069
 -0.00624466]",2,"['온라인', '리뷰', '확인', '살다']",온라인 리뷰 확인 살다,1
2253,가격 차이 많이나서 온라인으로 구매했는데 만족해요!,"[ 0.00932312  0.03108215 -0.03851318 ... -0.02398682 -0.05276489
 -0.0166626 ]",2,"['가격', '차이', '온라인', '구매', '만족']",가격 차이 온라인 구매 만족,0
2254,저는 온라인으로 구매했는데 상관없었어요! 후회 없어요!,"[ 0.00624466  0.01258087 -0.04760742 ... -0.02452087 -0.05316162
 -0.00340462]",2,"['온라인', '구매', '상관없다', '후회']",온라인 구매 상관없다 후회,1
2255,촉감이 중요해서 오프라인으로 직접보고구매요,"[ 0.00466537  0.0395813  -0.02177429 ... -0.02606201 -0.03979492
  0.00382233]",2,"['촉감', '중요', '오프라인', '구매']",촉감 중요 오프라인 구매,1
2256,온라인이랑 오프라인이랑 비교해보고 저렴한 걸로 할 거 같아요,"[ 0.00485992  0.02024841 -0.01913452 ... -0.04040527 -0.022995
 -0.01631165]",2,"['온라인', '오프라인', '비교', '저렴하다']",온라인 오프라인 비교 저렴하다,0
2257,오프라인가서 체험후 온라인구매요! 별차이없으면 오프라인도 좋을거같아요,"[-0.00226402  0.00581741 -0.02616882 ... -0.0418396  -0.03356934
 -0.00497818]",2,"['오프라인', '체험', '온라인', '구매', '차이', '오프라인', '좋다']",오프라인 체험 온라인 구매 차이 오프라인 좋다,0
2258,"구매 양이 작고 특정 제품 선호하는 게 있어서 브랜드 일괄로 하실 거 아니면 온라인이 싸다고 하네요~ 다만, 브랜드 일괄로 하고 종류 다양하게 구매하면 오프라인이 더 싸다네요.","[ 0.00199509  0.02822876 -0.03765869 ... -0.02304077 -0.02371216
 -0.00174236]",2,"['구매', '작다', '특정', '제품', '선호', '브랜드', '일괄', '온라인', '싸다', '브랜드', '일괄', '종류', '다양', '구매', '오프라인', '싸다']",구매 작다 특정 제품 선호 브랜드 일괄 온라인 싸다 브랜드 일괄 종류 다양 구매 오프라인 싸다,0
2259,품목이 많으면 오프라인에서 할인이 많이 됩니다.,"[ 0.01942444  0.01914978 -0.04244995 ... -0.01950073 -0.03274536
 -0.00016451]",2,"['품목', '많다', '오프라인', '할인']",품목 많다 오프라인 할인,2
2260,오프라인이 할인 더 잘되고 다품목 할인등 온라인은 갑자기 내가 사고싶던거 품절 또는 말도 안되는 배송비 또는 사다리차 추가료 등등 불편함이 있어요,"[ 0.01821899  0.0134964  -0.02722168 ... -0.04248047 -0.0324707
 -0.01355743]",2,"['오프라인', '할인', '품목', '할인', '온라인', '사다', '품절', '배송비', '사다리차', '추가', '불편']",오프라인 할인 품목 할인 온라인 사다 품절 배송비 사다리차 추가 불편,2
2261,저흰 신제품 보고있는데 한두개만 필요해 인터넷보니 가서 받은 견적이랑 100이상 차이가 나더라구요ㅜ 온라인으로 사야겠어요,"[-0.00486755  0.02345276 -0.03204346 ... -0.03363037 -0.02400208
  0.00032401]",2,"['제품', '필요', '인터넷', '견적', '이상', '차이', '온라인', '사다']",제품 필요 인터넷 견적 이상 차이 온라인 사다,1
2262,실제로 가전 여러개해서 온라인이랑 오프라인이랑 비교하니까 가격 비슷했어요 ㅎㅎ,"[ 0.01553345  0.03091431 -0.03103638 ... -0.02571106 -0.02745056
 -0.02359009]",2,"['가전', '온라인', '오프라인', '비교', '가격']",가전 온라인 오프라인 비교 가격,0
2263,같은 브랜드로 품목이 많으면 오프라인도 괜찮은 거 같아요,"[ 0.01476288  0.01844788 -0.04147339 ... -0.01428986 -0.02308655
 -0.00101948]",2,"['브랜드', '품목', '많다', '오프라인', '괜찮다']",브랜드 품목 많다 오프라인 괜찮다,0
2264,"오프라인 한군데서 여러개를 구매하면 다품목 할인이나 신혼가전할인 백화점의경우 백화점등급, 백화점프로모션 이런것때문에 하는게 아닐까요","[ 0.01070404  0.02220154 -0.03329468 ... -0.03268433 -0.0280304
 -0.01450348]",2,"['오프라인', '구매', '품목', '할인', '신혼', '가전', '할인', '백화점', '백화점', '등급', '백화점', '프로모션']",오프라인 구매 품목 할인 신혼 가전 할인 백화점 백화점 등급 백화점 프로모션,2
2265,많이사서 묶음할인?받으면 오프라인이 더 혜택이 많고 1~2개사는건 무조건 인터넷이 더 싸더라구요,"[-0.00352097  0.02574158 -0.03536987 ... -0.02861023 -0.0259552
  0.01303864]",2,"['사다', '묶음', '할인', '오프라인', '혜택', '많다', '사다', '인터넷', '싸다']",사다 묶음 할인 오프라인 혜택 많다 사다 인터넷 싸다,2
2266,"솔직히 기능많이 필요없고하면 온라인이 더 싼거같아요. 묶음할인하는 백화점이나 매장이랑 같은 상품살거면 오프라인이 더 싸구요. 온라인에서 싸게사려면 온라인전용모델이나 가성비모델, 좀 출시된지 지난 모델을 사야해요","[ 0.00499344  0.02113342 -0.04672241 ... -0.01950073 -0.02314758
  0.00314331]",2,"['기능', '필요', '온라인', '싸다', '묶음', '할인', '백화점', '매장', '상품', '사다', '오프라인', '싸다', '온라인', '싸다', '사다', '온라인', '전용', '모델', '가성비', '모델', '출시', '지나다', '모델', '사다']",기능 필요 온라인 싸다 묶음 할인 백화점 매장 상품 사다 오프라인 싸다 온라인 싸다 사다 온라인 전용 모델 가성비 모델 출시 지나다 모델 사다,1
2267,오프라인에서 묶음 할인하면 할인 폭이 크기도 해요! 근데 1-2개만 사는거면 온라인이 더 싼것 같습니닷. 그리고 온오프라인에 따라서 모델이 조금씩 다르기도 해서요. 원하는 모델이 있는 방향으로 정하게 되는 것 같아요.,"[ 0.0013876   0.01968384 -0.03451538 ... -0.00745773 -0.02336121
 -0.00400162]",2,"['오프라인', '묶음', '할인', '할인', '크다', '사다', '온라인', '싸다', '오프라인', '따르다', '모델', '다르다', '원하다', '모델', '방향', '정하다']",오프라인 묶음 할인 할인 크다 사다 온라인 싸다 오프라인 따르다 모델 다르다 원하다 모델 방향 정하다,2
2268,여러개 구매할거라면 무조건 오프라인에서 구매해야 총금액 낮아집니다 ㅎㅎ 그리고 오픈매장가야 젤 싸요,"[-0.00788116  0.02500916 -0.0390625  ... -0.01629639 -0.01989746
  0.01080322]",2,"['구매', '오프라인', '구매', '금액', '낮다', '오픈', '매장', '싸다']",구매 오프라인 구매 금액 낮다 오픈 매장 싸다,2
2269,오 그렇군요 온라인에서 사려고 했느데 댓글에서 정보얻어가네요,"[ 0.00743866  0.0242157  -0.02714539 ... -0.02296448 -0.01948547
 -0.0134964 ]",2,"['온라인', '사다', '댓글', '정보']",온라인 사다 댓글 정보,0
2270,저는 온라인으로 싸게 구매하려고 해요 !,"[-0.00998688  0.03424072 -0.01557922 ... -0.02632141 -0.04211426
 -0.01797485]",2,"['온라인', '싸다', '구매']",온라인 싸다 구매,1
2271,오프라인으로 디자인들은 직접 봐야 좋을거같아요 ~,"[-0.00104427  0.02336121 -0.0122757  ... -0.03115845 -0.01786804
 -0.01971436]",2,"['오프라인', '디자인', '좋다']",오프라인 디자인 좋다,0
2272,오프라인으로 돌아다녀서 견적 받아보고 비교해서 샀어요 !,"[-0.00310707  0.03369141 -0.01838684 ... -0.02131653 -0.03390503
 -0.01107788]",2,"['오프라인', '돌아다니다', '견적', '비교', '사다']",오프라인 돌아다니다 견적 비교 사다,0
2273,오프라인으로 보고 구매는 온라인으로 하려고요!,"[-0.00269127  0.03320312 -0.01875305 ... -0.02032471 -0.04165649
 -0.01335907]",2,"['오프라인', '구매', '온라인']",오프라인 구매 온라인,1
2274,저는 오프라인으로 발품팔아서 졸업했어요~ 한번에 같이 견적받아서 하는게 낫더라고요.,"[-0.01824951  0.03274536 -0.02105713 ... -0.04223633 -0.04272461
 -0.00362206]",2,"['오프라인', '발품', '팔다', '졸업', '견적']",오프라인 발품 팔다 졸업 견적,0
2275,"오프라인 매장가서 크기, 색상 등 실물로 보고 구매는 온라인에서 했어요","[ 0.00458145  0.02359009 -0.02877808 ... -0.00865936 -0.0463562
 -0.02055359]",2,"['오프라인', '매장', '크기', '색상', '실물', '구매', '온라인']",오프라인 매장 크기 색상 실물 구매 온라인,0
2276,오프라인으로 한꺼번에 구매할까 합니다 가격이 큰 제품이라 직접 보고 사고 싶더라구요,"[ 0.01320648  0.04437256 -0.02589417 ... -0.02189636 -0.03759766
  0.00127125]",2,"['오프라인', '구매', '가격', '크다', '제품', '사다']",오프라인 구매 가격 크다 제품 사다,2
2277,전 오프라인으로 실제로 구경한다음에 견적 받아보고 온라인이랑 구분할거에요!,"[-0.0128479   0.03158569 -0.01279449 ... -0.03292847 -0.03140259
 -0.01750183]",2,"['오프라인', '구경', '다음', '견적', '온라인', '구분']",오프라인 구경 다음 견적 온라인 구분,0
2278,오프라인은 한꺼번에 다 살때는 싸더라구요 온라인이랑 비교해서 사야할듯요,"[ 0.01029205  0.02342224 -0.03912354 ... -0.01933289 -0.03567505
  0.00327873]",2,"['오프라인', '사다', '싸다', '온라인', '비교', '사다']",오프라인 사다 싸다 온라인 비교 사다,1
2279,저는 오프라인으로 이것저것 이벤트 묶어서 샀어요,"[ 0.00330544  0.01404572 -0.02183533 ... -0.01056671 -0.03997803
 -0.02365112]",2,"['오프라인', '이것저것', '이벤트', '묶다', '사다']",오프라인 이것저것 이벤트 묶다 사다,1
2280,온라인보단 직접 발품팔고 알아보면서 오프라인으로 견적받고 구매할 거 같아요!,"[-0.01131439  0.03585815 -0.01517487 ... -0.03894043 -0.03683472
 -0.01385498]",2,"['온라인', '발품', '팔다', '알아보다', '오프라인', '견적', '구매']",온라인 발품 팔다 알아보다 오프라인 견적 구매,0
2281,저는 오프라인으로 여러품목 사니까 할인폭도 크더라구요!,"[ 0.00755692  0.0280304  -0.0362854  ... -0.01913452 -0.04040527
 -0.01698303]",2,"['오프라인', '품목', '사다', '할인', '크다']",오프라인 품목 사다 할인 크다,2
2282,오프라인가보고 온라인이랑 비교해보고 구매할 생각이에요!,"[ 0.00520706  0.02198792 -0.02737427 ... -0.03460693 -0.04238892
 -0.0129776 ]",2,"['오프라인', '온라인', '비교', '구매', '생각']",오프라인 온라인 비교 구매 생각,0
2283,전 온라인으로요~ 리뷰 많은 걸로 모듀 골랐습니다,"[-0.00082302  0.00883484 -0.01818848 ... -0.03778076 -0.02537537
 -0.00619125]",2,"['온라인', '리뷰', '많다', '모듀', '고르다']",온라인 리뷰 많다 모듀 고르다,1
2284,저희는 오프라인으로 발품 팔아서 좋은 가격에 구매했어요 ~,"[ 0.01568604  0.03924561 -0.02268982 ... -0.01631165 -0.0526123
 -0.02410889]",2,"['오프라인', '발품', '팔다', '좋다', '가격', '구매']",오프라인 발품 팔다 좋다 가격 구매,0
2285,다이렉트 오프라인쪽으로 알아보려고 하고있어요!,"[-0.00348282  0.02893066 -0.01251221 ... -0.02445984 -0.01507568
 -0.00978851]",2,"['다이렉트', '오프라인', '알아보다']",다이렉트 오프라인 알아보다,0
2286,저는 오프라인을 추천해요~ 직접둘러보고 설명도 들을 수 있고 제품 수에 따라 할인 폭도 달라서 오프라인으로 구매했습니다.,"[ 0.00640488  0.02023315 -0.03692627 ... -0.02864075 -0.02253723
 -0.01172638]",2,"['오프라인', '추천', '둘러보다', '설명', '제품', '따르다', '할인', '다르다', '오프라인', '구매']",오프라인 추천 둘러보다 설명 제품 따르다 할인 다르다 오프라인 구매,0
2287,오프라인이 좋다고 생각해요 온라인은 최대한 단품 위주로 연초에 하는게 저렴히 구매할 수 있는 장점은 있습니당,"[ 0.00714493  0.01331329 -0.03881836 ... -0.04171753 -0.0329895
 -0.00295639]",2,"['오프라인', '좋다', '생각', '온라인', '위주', '연초', '구매', '장점']",오프라인 좋다 생각 온라인 위주 연초 구매 장점,1
2288,일단 오프라인 견적 받아보세요! 품목 여러개면 할인 엄청 많이 되더라구요~,"[-0.00180912  0.02375793 -0.03799438 ... -0.03845215 -0.02731323
  0.00326347]",2,"['오프라인', '견적', '품목', '할인']",오프라인 견적 품목 할인,0
2289,저는 오프라인으로 구매했어요! 직접봐야 맘이 놓여서요ㅠㅠ,"[-0.0047226   0.01930237 -0.01306915 ... -0.02967834 -0.04031372
 -0.00572205]",2,"['오프라인', '구매', '놓이다']",오프라인 구매 놓이다,2
2290,저희는 오프라인에서 견적받고 진행하기로 했어요! 직접 둘러보는것도 하나의 재미였답니다 ㅎㅎ,"[-0.00601959  0.0447998  -0.0125885  ... -0.04000854 -0.04156494
 -0.00453186]",2,"['오프라인', '견적', '진행', '둘러보다', '재미']",오프라인 견적 진행 둘러보다 재미,0
2291,오프라인이로 보고 설명 듣고 구매했는데 가격 비교해보고 인터넷이 저렴하면 인터넷도 좋을거같아여,"[ 0.00335693  0.02262878 -0.03643799 ... -0.02896118 -0.02462769
 -0.0057869 ]",2,"['오프라인', '설명', '구매', '가격', '비교', '인터넷', '인터넷', '좋다']",오프라인 설명 구매 가격 비교 인터넷 인터넷 좋다,0
2292,오프라인으로 구매하는게 안전할 것 같긴한데! 가성비는 무조건 인터넷!,"[-0.00482178  0.02931213 -0.04129028 ... -0.02400208 -0.03024292
 -0.00279427]",2,"['오프라인', '구매', '안전', '가성비', '인터넷']",오프라인 구매 안전 가성비 인터넷,1
2293,저는 오프라인으로 발품팔고 제품품명 적어서 비교후 구매하였습니다!,"[-0.01895142  0.01448822 -0.02586365 ... -0.02900696 -0.04299927
 -0.02409363]",2,"['오프라인', '발품', '팔다', '제품', '적다', '비교', '구매']",오프라인 발품 팔다 제품 적다 비교 구매,0
2294,많이 살 거면 오프라인 개별적으로 필요한 것만 몇 개 살거면 온라인 추천합니다,"[ 0.00627136  0.02429199 -0.03619385 ... -0.01829529 -0.02812195
 -0.00333214]",2,"['사다', '오프라인', '개별', '필요', '사다', '온라인', '추천']",사다 오프라인 개별 필요 사다 온라인 추천,1
2295,온라인으로 필요한것만 사면 저렴하게 잘 산것 같아요,"[ 0.00939941  0.03759766 -0.02940369 ... -0.01470947 -0.0302124
 -0.02323914]",2,"['온라인', '필요', '사다', '살다']",온라인 필요 사다 살다,1
2296,필요에따라 가서 직접 보고 살꺼같아요~ 온라인도 같이 알아보긴 할거에요,"[ 0.00789642  0.02101135 -0.01821899 ... -0.04864502 -0.01248169
 -0.00899506]",2,"['필요', '따르다', '살다', '온라인', '알아보다']",필요 따르다 살다 온라인 알아보다,1
2297,저렴한건 온라인이고 확인하고 사려면 전 오프라인으로 다니려구요,"[-0.00588226  0.02778625 -0.02204895 ... -0.02557373 -0.01934814
 -0.01120758]",2,"['저렴하다', '온라인', '확인', '사다', '오프라인', '다니다']",저렴하다 온라인 확인 사다 오프라인 다니다,1
2298,오프라인으로 직접보고 견적확인하고 주문은 온라인 최저가로 했어요~,"[ 0.0032692   0.0418396  -0.00940704 ... -0.0191803  -0.03637695
 -0.00569534]",2,"['오프라인', '견적', '확인', '주문', '온라인', '최저']",오프라인 견적 확인 주문 온라인 최저,1
2299,오프라인으로 한번 돌고 온라인으로 계약할거같아요~,"[-0.01052094  0.0300293  -0.0077858  ... -0.03091431 -0.0198822
 -0.02000427]",2,"['오프라인', '돌다', '온라인', '계약']",오프라인 돌다 온라인 계약,0
2300,"오프라인으로 파악한 후, 온라인과 비교해서 구매할 것 같아요 ㅎㅎ","[ 0.00534439  0.02316284 -0.02241516 ... -0.02113342 -0.03359985
 -0.02578735]",2,"['오프라인', '파악', '온라인', '비교', '구매']",오프라인 파악 온라인 비교 구매,0
2301,"한꺼번에 살거면 오프라인, 아니면 온라인이요","[ 0.00277138  0.02532959 -0.01074982 ... -0.02772522 -0.03549194
 -0.00324059]",2,"['살다', '오프라인', '온라인']",살다 오프라인 온라인,1
2302,저희는 온라인으로도 많이 구매해 봐서 편견은 없는 편인데 풀로 구매하시는 거면 오프라인 방문해 보시는 게 어떤가요 행사가 있을 수도 있으니,"[-0.00728989  0.00940704 -0.03765869 ... -0.02430725 -0.04672241
  0.01445007]",2,"['온라인', '구매', '편견', '구매', '오프라인', '방문', '행사']",온라인 구매 편견 구매 오프라인 방문 행사,0
2303,많이 구매하시려면 매장에 한번 방문해보세요! 저도 발품팔아서 오프라인 많이 가봤능데 많이 사는거면 오프라인이 더 싸더라구여! 결국 욕심 버리고 한두개만 온라인으로 샀지만요 ㅎㅎ,"[-0.01131439  0.02171326 -0.02989197 ... -0.02548218 -0.02427673
  0.01560211]",2,"['구매', '매장', '방문', '발품', '팔다', '오프라인', '사다', '오프라인', '싸다', '결국', '욕심', '버리다', '온라인', '사다']",구매 매장 방문 발품 팔다 오프라인 사다 오프라인 싸다 결국 욕심 버리다 온라인 사다,1
2304,저는 별로 구매안하는데도 오프라인으로 샀어요 뭔가 온라인 못믿겠더라구용,"[-0.00365257  0.02418518 -0.03546143 ... -0.02494812 -0.0355835
 -0.02403259]",2,"['구매', '오프라인', '사다', '온라인']",구매 오프라인 사다 온라인,1
2305,온라인이 싸긴한데 오프라인도 이것저것 혜택보는게 많아서 오프라인으로 샀네용 ㄹㅎㅎ,"[-0.00577927  0.03546143 -0.03341675 ... -0.01515961 -0.03083801
 -0.00753784]",2,"['온라인', '싸다', '오프라인', '이것저것', '혜택', '많다', '오프라인', '사다']",온라인 싸다 오프라인 이것저것 혜택 많다 오프라인 사다,0
2306,저희는 온라인 특가들로 드래곤볼처럼 모으고있는데 생각보다 가성비 있게 구매해서 온라인 추천드려요,"[ 0.00770569  0.02738953 -0.03363037 ... -0.01095581 -0.02114868
 -0.00492096]",2,"['온라인', '특가', '드래곤', '모으다', '생각', '가성비', '구매', '온라인', '추천', '드리다']",온라인 특가 드래곤 모으다 생각 가성비 구매 온라인 추천 드리다,1
2307,온라인이랑 오프라인 비교해서 구매할 예정이에요!,"[ 0.00468826  0.0267334  -0.01960754 ... -0.02203369 -0.04327393
 -0.02989197]",2,"['온라인', '오프라인', '비교', '구매', '예정']",온라인 오프라인 비교 구매 예정,1
2308,저도 오프라인으로 계약해서 다품목 할인 받았어요,"[-0.00211906  0.0224762  -0.02748108 ... -0.01528931 -0.04486084
 -0.01573181]",2,"['오프라인', '계약', '품목', '할인']",오프라인 계약 품목 할인,0
2309,저 오프라인 구매하고 홈페이지에서 봤는데도 홈페이지가 더 싸던데요 ㅋㅋ 시무룩,"[-0.02168274  0.03674316 -0.02903748 ... -0.02552795 -0.03210449
  0.00583649]",2,"['오프라인', '구매', '홈페이지', '홈페이지', '싸다']",오프라인 구매 홈페이지 홈페이지 싸다,1
2310,저는 품목이 많지않아서 온라인으로 하나씩 구매했어요,"[ 0.00212288  0.01925659 -0.02174377 ... -0.02124023 -0.04421997
 -0.01345062]",2,"['품목', '많다', '온라인', '구매']",품목 많다 온라인 구매,0
2311,오프라인에서 견적받아보고 같은 제품인지도 한번더 확인해보고 살것 같아요,"[-0.00320816  0.02816772 -0.02687073 ... -0.03808594 -0.0194397
 -0.00372124]",2,"['오프라인', '견적', '제품', '확인', '살다']",오프라인 견적 제품 확인 살다,1
2312,3개 이시면 온라인 최저가 추천드려요!,"[ 0.01153564  0.02850342 -0.02593994 ... -0.02410889 -0.02516174
 -0.00664139]",2,"['온라인', '최저', '추천', '드리다']",온라인 최저 추천 드리다,0
2313,카드발급받고 하면 오프라인이 나을 수도 잇고 기간 잘 맞추면 온라인이 나을 수도 있어서 비교해보셔야 할 것 같아요,"[ 0.00170326  0.01328278 -0.04067993 ... -0.04763794 -0.02970886
 -0.0065918 ]",2,"['카드', '발급', '오프라인', '기간', '맞추다', '온라인', '비교']",카드 발급 오프라인 기간 맞추다 온라인 비교,2
2314,"온라인, 오프라인 각각 비교해 보는데 저는 온라인이 더 싸게 먹히더라구요. 오프라인은 아무래도 마진 남기려고 가격이 그렇게 싸지 않았어요ㅠㅠ","[ 0.00192165  0.01574707 -0.01451111 ... -0.01927185 -0.02656555
 -0.00511551]",2,"['온라인', '오프라인', '비교', '온라인', '싸다', '먹히다', '오프라인', '마진', '남기다', '가격', '싸다']",온라인 오프라인 비교 온라인 싸다 먹히다 오프라인 마진 남기다 가격 싸다,0
2315,구매 항목이 적을때는 온라인으로 최저가 찾아보는게 제일 저렴했던거 같아요,"[ 0.00724411  0.03826904 -0.01724243 ... -0.02172852 -0.03692627
 -0.01896667]",2,"['구매', '항목', '적다', '온라인', '최저', '찾아보다', '저렴하다']",구매 항목 적다 온라인 최저 찾아보다 저렴하다,1
2316,저는 쿠팡에서 구매했고 폴센트어플 설치해서 원하는 가격떨어질때까지 존버했습니다 한개당 2~30씩 세이브한것같아요,"[-0.00538635  0.00431824 -0.03071594 ... -0.02784729 -0.03616333
  0.01000214]",2,"['쿠팡', '구매', '센트', '어플', '설치', '원하다', '가격', '떨어지다', '존버', '세이브']",쿠팡 구매 센트 어플 설치 원하다 가격 떨어지다 존버 세이브,0
2317,한두개 품목이면 인터넷으로 사는게 좋고 여러개면 그냥 오프라인으로여,"[ 0.00512314  0.01792908 -0.03158569 ... -0.02896118 -0.02947998
 -0.00167084]",2,"['품목', '인터넷', '사다', '좋다', '오프라인']",품목 인터넷 사다 좋다 오프라인,2
2318,직접 저는 매장가서 한꺼번에 사니까 인터넷 최저가 보다 훨씬 싸게 구입했습니다 많이 사시는거라면 인터넷말고 현장이 더 싸요 훨씬 몇백 정도요 제 블로그 가보시면 나와있어요 ㅋㅋ,"[-0.00330925  0.0145874  -0.02520752 ... -0.03381348 -0.03341675
  0.02891541]",2,"['매장', '사다', '인터넷', '최저', '싸다', '구입', '사다', '인터넷', '말', '현장', '싸다', '블로그', '나오다']",매장 사다 인터넷 최저 싸다 구입 사다 인터넷 말 현장 싸다 블로그 나오다,2
2319,"혼수가전 패키지로 견적 받아보시고 인터넷 가격이랑 비교해보세요 구성, 구매시기에 따라서 오프라인이 쌀 수도 있다보니 필수로 비교하시길 추천드립니다. 온라인 구매시는 배송일정을 따로 잡아야 할거고, 오프구매시는 배송일정을 대리점 직원분에게 요청하면 됩니다","[ 0.02859497  0.01434326 -0.03674316 ... -0.0335083  -0.03778076
  0.00268173]",2,"['혼수', '가전', '패키지', '견적', '인터넷', '가격', '비교', '구성', '구매', '시기', '따르다', '오프라인', '싸다', '필수', '비교', '추천', '드리다', '온라인', '구매', '배송', '일정', '오프', '구매', '배송', '일정', '대리점', '직원', '요청']",혼수 가전 패키지 견적 인터넷 가격 비교 구성 구매 시기 따르다 오프라인 싸다 필수 비교 추천 드리다 온라인 구매 배송 일정 오프 구매 배송 일정 대리점 직원 요청,0
2320,한꺼번에 여러개 사면 오프라인이 더 저렴해하니까 매장에서 견적 받아보시길 추천드려요,"[ 0.00325775  0.03295898 -0.04290771 ... -0.03048706 -0.0247345
  0.02958679]",2,"['사다', '오프라인', '매장', '견적', '추천', '드리다']",사다 오프라인 매장 견적 추천 드리다,0
2321,"인터넷은 좀 그렇더라구요, 한번에 오프라인 매장중에 저렴한 곳 찾아서 하시는거 추천이요","[-0.00169754  0.02456665 -0.01907349 ... -0.03179932 -0.02301025
  0.00585556]",2,"['인터넷', '오프라인', '매장', '저렴하다', '찾다', '추천']",인터넷 오프라인 매장 저렴하다 찾다 추천,2
2322,오픈매장이 저렴하단말있어서 오픈매장도가보고..백화점두가봤어요 발품이 최고같더라구요!,"[ 0.02374268  0.00856781 -0.02957153 ... -0.03042603 -0.04251099
  0.00538635]",2,"['오픈', '매장', '저렴하다', '오픈', '매장', '백화점', '발품', '최고']",오픈 매장 저렴하다 오픈 매장 백화점 발품 최고,2
2323,"인터넷이 개별로 보면 저렴하긴 한데, 모델 사양도 약간은 상이해요. 5~6품목 이상이시라면 직접 매장 구매 추천드립니다! 혼수, 다품목 할인이 꽤 됩니당","[ 0.00669098  0.02183533 -0.03536987 ... -0.02897644 -0.03259277
  0.01821899]",2,"['인터넷', '모델', '사양', '품목', '이상', '매장', '구매', '추천', '드리다', '혼수', '품목', '할인']",인터넷 모델 사양 품목 이상 매장 구매 추천 드리다 혼수 품목 할인,2
2324,한두개 사는거면 인터넷이 낫고 세개 그 이상으로 살경우 백화점이나 브랜드 매장가서 다품목 할인 받는게 좋을거 같긴 해요 매방에서 사면 A/S는 확실히 보장도 되고 다만 제품마다 가격이 달라서 아예 싸게 할인해서 인터넷에서 판매하는거면 바로 구매를 해도 좋을거 같네요,"[ 0.00537872  0.00558472 -0.04669189 ... -0.03356934 -0.02934265
  0.01450348]",2,"['사다', '인터넷', '이상', '살다', '백화점', '브랜드', '매장', '품목', '할인', '좋다', '사다', '보장', '제품', '가격', '다르다', '싸다', '할인', '인터넷', '판매', '구매', '좋다']",사다 인터넷 이상 살다 백화점 브랜드 매장 품목 할인 좋다 사다 보장 제품 가격 다르다 싸다 할인 인터넷 판매 구매 좋다,2
2325,"저도 온라인으로 구매했는데, 확실히 오프라인으로 다같이 사면 싸더라구요~","[-0.00694275  0.03146362 -0.0430603  ... -0.00383186 -0.03863525
 -0.00453186]",2,"['온라인', '구매', '오프라인', '사다', '싸다']",온라인 구매 오프라인 사다 싸다,1
2326,베스트샵이랑 온라인 섞어서 사려구요 세일하는 기간 찾아서요ㅠㅠ,"[ 0.01272583  0.0137558  -0.03277588 ... -0.0279541  -0.03869629
 -0.00728989]",2,"['베스트', '온라인', '섞다', '사다', '세일', '기간', '찾다']",베스트 온라인 섞다 사다 세일 기간 찾다,1
2327,저는 베스트샵에서 구매 했어요 나름 만족이용,"[ 0.02308655 -0.00029683 -0.04388428 ... -0.03942871 -0.0463562
  0.00048494]",2,"['베스트', '구매', '만족']",베스트 구매 만족,1
2328,저는 발품팔거같은데 많치는 않은거같아서 온라인생각중이에영,"[-0.00513458  0.02996826 -0.0202179  ... -0.03637695 -0.0345459
 -0.01184082]",2,"['발품', '팔다', '많다', '온라인', '생각']",발품 팔다 많다 온라인 생각,0
2329,온라인에서 가격할인 받을거 다받고 정말 필요한거 아니면 안살래요~~,"[ 0.0073967   0.02738953 -0.03820801 ... -0.02716064 -0.03503418
 -0.02146912]",2,"['온라인', '가격', '할인', '필요', '사다']",온라인 가격 할인 필요 사다,1
2330,발품팔아서 결정하려구요! 백화점 먼저 돌아볼 생각이에요,"[-0.00113297  0.02955627 -0.02674866 ... -0.05279541 -0.04852295
  0.01435089]",2,"['발품', '팔다', '결정', '백화점', '돌아보다', '생각']",발품 팔다 결정 백화점 돌아보다 생각,0
2331,구매 품목이 많으시면 오프라인 추천드리고 품목이 적으면 온라인 추천드려용!,"[-0.00402069  0.0171814  -0.03274536 ... -0.02685547 -0.0246582
 -0.02297974]",2,"['구매', '품목', '많다', '오프라인', '추천', '드리다', '품목', '적다', '온라인', '추천', '드리다']",구매 품목 많다 오프라인 추천 드리다 품목 적다 온라인 추천 드리다,0
2332,품목이 몇 안되면 공홈에서 사시는게 낫고 5품목 이상이면 오프라인 상담 받아보세요,"[-0.00120735  0.00232887 -0.02919006 ... -0.04107666 -0.02438354
 -0.00306892]",2,"['품목', '사다', '품목', '이상', '오프라인', '상담']",품목 사다 품목 이상 오프라인 상담,0
2333,백화점 추천이요! 한두개면 인터넷이요 ㅎㅎ,"[-0.00557709  0.02416992 -0.0294342  ... -0.04165649 -0.03567505
  0.00512314]",2,"['백화점', '추천', '인터넷']",백화점 추천 인터넷,2
2334,친구 말로는 오프라인에서도 할인 적용되고 묶어서 사면 싸다네요~,"[-0.00076389  0.03500366 -0.0406189  ... -0.00454712 -0.0317688
  0.00048089]",2,"['친구', '오프라인', '할인', '적용', '묶다', '사다', '싸다']",친구 오프라인 할인 적용 묶다 사다 싸다,1
2335,저는 인터넷 추천 가격 차이 커서요 오프라인 묶어서 사도 인터넷만큼 안싸요,"[-0.00430679  0.02687073 -0.04101562 ... -0.01858521 -0.02906799
 -0.00554657]",2,"['인터넷', '추천', '가격', '차이', '크다', '오프라인', '묶다', '사다', '인터넷', '싸다']",인터넷 추천 가격 차이 크다 오프라인 묶다 사다 인터넷 싸다,2
2336,온라인 오프라인 가격 비교해보고 구매할거같아요,"[ 0.01455688  0.02891541 -0.02958679 ... -0.02285767 -0.02845764
 -0.02351379]",2,"['온라인', '오프라인', '가격', '비교', '구매']",온라인 오프라인 가격 비교 구매,0
2337,여러개 구매할거면 백화점에서 한번에 구매하는 게 좋고 단품은 인터넷이 낫다고 들었어요,"[ 0.00581741  0.02583313 -0.03375244 ... -0.03530884 -0.03649902
  0.01597595]",2,"['구매', '백화점', '구매', '좋다', '인터넷']",구매 백화점 구매 좋다 인터넷,2
2338,한꺼번에 준비할거면 백화점도 나쁘지 않은데.. 백화점은 다 최신모델이라고하더라구요! 전 그래서 발품팔 것 같아요ㅠ,"[ 0.00739288  0.02674866 -0.02746582 ... -0.03582764 -0.04592896
  0.0160675 ]",2,"['준비', '백화점', '나쁘다', '백화점', '최신', '모델', '발품', '팔다']",준비 백화점 나쁘다 백화점 최신 모델 발품 팔다,2
2339,오프라인/온라인 다 상담받아볼 것 같아요,"[ 0.00445557  0.01309967 -0.00511169 ... -0.03387451 -0.01564026
 -0.00227928]",2,"['오프라인', '온라인', '상담']",오프라인 온라인 상담,0
2340,한번에 다사면 인터넷 최저가보다 백화점이 낫다고 하더라고요!,"[ 0.00336266  0.02433777 -0.02670288 ... -0.03570557 -0.04241943
 -0.00886536]",2,"['사다', '인터넷', '최저', '백화점']",사다 인터넷 최저 백화점,2
2341,여러개 사면 백화점이 훨 저렴한거같아요! 전 그래서 백화점에서 샀습니다.,"[ 0.00370407  0.02583313 -0.04858398 ... -0.03036499 -0.03872681
  0.01707458]",2,"['사다', '백화점', '저렴하다', '백화점', '사다']",사다 백화점 저렴하다 백화점 사다,2
2342,저도 고민 중인데 백화점 가보구 가격차이 많이나면 공홈에서 하려구여!,"[-0.00299835  0.01829529 -0.03588867 ... -0.04437256 -0.04733276
  0.01802063]",2,"['고민', '백화점', '가격', '차이']",고민 백화점 가격 차이,2
2343,인테넷이요..! 백화점 둘러봤는데 ㅎㅎ제품이 별로 없더라구요,"[-0.0042038   0.01311493 -0.02729797 ... -0.03881836 -0.02604675
  0.01225281]",2,"['백화점', '둘러보다', '제품']",백화점 둘러보다 제품,2
2344,우선 백화점 상담받아보고 그래도 인터넷이 저렴한거같다 하면 저는 인터넷으로 살것같아요! 어차피 백화점이나 인터넷이나 비슷비슷하더라구요,"[-0.00217819  0.01837158 -0.03059387 ... -0.0368042  -0.03549194
 -0.00188923]",2,"['백화점', '상담', '인터넷', '인터넷', '사다', '백화점', '인터넷']",백화점 상담 인터넷 인터넷 사다 백화점 인터넷,2
2345,지인이 최근에 오프라인 보고 온라인으로 구매했는데 더 저렴했데요! 아마 품목이 적으면 이게 더 나은거 같더라구용,"[-0.00261116  0.03222656 -0.04299927 ... -0.02767944 -0.03068542
 -0.01010132]",2,"['지인', '최근', '오프라인', '온라인', '구매', '저렴하다', '품목', '적다']",지인 최근 오프라인 온라인 구매 저렴하다 품목 적다,0
2346,백화점까진 아니지만 저는 다 오프라인견적 받아보고 했어용 다품목할인들어가면 온라인보다 싸더라구용,"[ 0.0035305   0.01068115 -0.03820801 ... -0.03128052 -0.04498291
 -0.00804901]",2,"['백화점', '오프라인', '견적', '품목', '할인', '들어가다', '온라인', '싸다']",백화점 오프라인 견적 품목 할인 들어가다 온라인 싸다,2
2347,관심있는 물건 인터넷으로 혜택 및 가격숙지하고 백화점 가서 쭉 비교할 것 같아요 주로 오프라인이 각종 혜택이 많이 주어질테니 꼭 방문해보세요,"[ 0.0166626   0.01264191 -0.037323   ... -0.0413208  -0.03948975
 -0.01487732]",2,"['관심', '물건', '인터넷', '혜택', '가격', '숙지', '백화점', '비교', '오프라인', '각종', '혜택', '주어지다', '방문']",관심 물건 인터넷 혜택 가격 숙지 백화점 비교 오프라인 각종 혜택 주어지다 방문,2
2348,오프라인으로 직접보고 온라인이 더 저렴하면 온라인으로 구매할거같아요!,"[-0.01179504  0.02825928 -0.02661133 ... -0.02653503 -0.03128052
 -0.00904846]",2,"['오프라인', '온라인', '저렴하다', '온라인', '구매']",오프라인 온라인 저렴하다 온라인 구매,1
2349,하나만사면 온라인이싼데 세트면 오프라인,"[ 0.01438904  0.03009033 -0.0305481  ... -0.00461578 -0.02702332
  0.00547791]",2,"['사다', '온라인', '싸다', '세트', '오프라인']",사다 온라인 싸다 세트 오프라인,1
2350,적게 산다면 온라인이고 많이 살거면 오프라인이요,"[ 0.00273895  0.01187134 -0.02230835 ... -0.03643799 -0.03460693
 -0.00537491]",2,"['적다', '사다', '온라인', '사다', '오프라인']",적다 사다 온라인 사다 오프라인,1
2351,오프라인으로 발품팔아서 살 것 같습니다,"[-0.00219345  0.03143311 -0.01829529 ... -0.02571106 -0.040802
 -0.01373291]",2,"['오프라인', '발품', '팔다', '살다']",오프라인 발품 팔다 살다,0
2352,"온라인,오프라인 둘다 비교해서 더 저렴한곳에서 구매했어용","[ 0.0008564   0.01741028 -0.02975464 ... -0.02038574 -0.0322876
 -0.03283691]",2,"['온라인', '오프라인', '비교', '저렴하다', '구매']",온라인 오프라인 비교 저렴하다 구매,1
2353,이제 막 돌아다니기 시작했는데 한꺼번에 사면 오프라인이 저렴하다는 이야기가 있어서 오프라인으로 할까해요!,"[-0.00637817  0.03762817 -0.03213501 ... -0.01430511 -0.02720642
 -0.00306702]",2,"['돌아다니다', '시작', '사다', '오프라인', '저렴하다', '이야기', '오프라인']",돌아다니다 시작 사다 오프라인 저렴하다 이야기 오프라인,2
2354,오프라인으로 맞췄어요 아무래도 특가같은거 있더라구요,"[ 0.01747131  0.0300293  -0.03344727 ... -0.01887512 -0.01705933
 -0.01044464]",2,"['오프라인', '맞추다', '특가']",오프라인 맞추다 특가,1
2355,저희도 온라인 오프라인 가격비교했는데 오프라인이 괜찮았어요,"[ 0.01343536  0.02371216 -0.04266357 ... -0.02264404 -0.03665161
 -0.01589966]",2,"['온라인', '오프라인', '가격', '비교', '오프라인', '괜찮다']",온라인 오프라인 가격 비교 오프라인 괜찮다,0
2356,둘다 비교하겠지만 직접 보는게 좋을거 같아서 오프라인으로 보려구요~,"[ 0.00769424  0.02371216 -0.01829529 ... -0.03857422 -0.02308655
 -0.00843048]",2,"['비교', '좋다', '오프라인']",비교 좋다 오프라인,0
2357,저는 여기저기 비교해보고 할건데 둘다 알아보려구영! 일단 온라인생각중이에영,"[-0.00759125  0.01160431 -0.01867676 ... -0.03637695 -0.01713562
 -0.01029968]",2,"['여기저기', '비교', '알아보다', '온라인', '생각']",여기저기 비교 알아보다 온라인 생각,0
2358,온라인으로 주로 규매했어요 보러다닐 시간이없어서요ㅠ,"[-0.00665283  0.02400208 -0.00148869 ... -0.02973938 -0.02780151
 -0.00842285]",2,"['온라인', '규매', '다니다', '시간']",온라인 규매 다니다 시간,1
2359,오프라인매장에서 견적 받아보는게 훨씬 저렴해서 오프라인으로 했어용,"[ 0.00415421  0.04760742 -0.02934265 ... -0.02507019 -0.03359985
 -0.00282478]",2,"['오프라인', '매장', '견적', '오프라인']",오프라인 매장 견적 오프라인,0
2360,몇가지 구매하시는거에 따라서 다를꺼에요 2~3개만 사야되는거면 인터넷이 더 싸겠지만 7~9개 이렇게 사야되는거면 오프라인이 더 쌀꺼에요,"[ 0.00014532  0.01885986 -0.02902222 ... -0.03096008 -0.02493286
  0.01103973]",2,"['구매', '따르다', '다르다', '사다', '인터넷', '싸다', '사다', '오프라인', '싸다']",구매 따르다 다르다 사다 인터넷 싸다 사다 오프라인 싸다,2
2361,가격 비교해보고 살거에요 온라인보다 막 오픈한 오프라인이 더 쌀때가 있대서요,"[ 0.00887299  0.01298523 -0.03234863 ... -0.03692627 -0.01855469
 -0.02027893]",2,"['가격', '비교', '살다', '온라인', '오픈', '오프라인', '싸다']",가격 비교 살다 온라인 오픈 오프라인 싸다,0
2362,"인터넷이 가성비는 좋긴한데,, 저는 혹시나 해서 매장에서 가서 살 생각입니당","[ 0.00803375  0.02589417 -0.04986572 ... -0.03448486 -0.04742432
  0.01974487]",2,"['인터넷', '가성비', '좋다', '매장', '살다', '생각']",인터넷 가성비 좋다 매장 살다 생각,1
2363,인터넷으로 사는게 저렴하긴 하대요! 신모델은 백화점! 저렴하게는 인터넷이요!,"[-0.00483322  0.02192688 -0.03244019 ... -0.03161621 -0.05334473
  0.00256538]",2,"['인터넷', '사다', '모델', '백화점', '저렴하다', '인터넷']",인터넷 사다 모델 백화점 저렴하다 인터넷,2
2364,저는 신상을 고집하는 편이라 백화점 가서 샀는데 그게 아니라면 인터넷도 괜찮은 것 같아요!,"[ 0.00152779 -0.00075722 -0.04833984 ... -0.03106689 -0.05221558
 -0.00621414]",2,"['신상', '고집', '백화점', '사다', '인터넷', '괜찮다']",신상 고집 백화점 사다 인터넷 괜찮다,1
2365,저두 오프라인에서 제품 보고 온라인에서 제품명으로 주문했는데 똑같아용,"[ 0.00192451  0.02285767 -0.03344727 ... -0.02433777 -0.02609253
 -0.01164246]",2,"['오프라인', '제품', '보다', '온라인', '제품명', '주문', '똑같다']",오프라인 제품 보다 온라인 제품명 주문 똑같다,1
2366,구매가 나으실 것 같아요. 오프라인 구매 추천드립니다.,"[ 0.00429153  0.01820374 -0.03625488 ... -0.03656006 -0.04046631
 -0.01498413]",2,"['구매', '오프라인', '구매', '추천', '드리다']",구매 오프라인 구매 추천 드리다,0
2367,매장에 안가면 견적서 따로 안주더라구요ㅠㅠ 발품팔아야 비교 가능 한 것 같아요!,"[-0.00314903  0.01783752 -0.02389526 ... -0.04937744 -0.05001831
  0.01015472]",2,"['매장', '견적서', '발품', '팔다', '비교', '가능']",매장 견적서 발품 팔다 비교 가능,0
2368,매장 방문하면 견적이 다른데 저는 검색하는거 좋아해서.. 모델같은거 고른 다음에 검색해서 구매해요 ㅎㅎ,"[-0.00367165  0.0044899  -0.02296448 ... -0.04141235 -0.02983093
 -0.00016606]",2,"['매장', '방문', '견적', '다르다', '검색', '좋다', '모델', '고르다', '다음', '검색', '구매']",매장 방문 견적 다르다 검색 좋다 모델 고르다 다음 검색 구매,0
2369,저희는 온라인 오프라인 다 상담받아보고 백화점안에 입점되잇는곳에서 진행햇어요,"[ 0.01574707  0.00940704 -0.02268982 ... -0.04388428 -0.03625488
  0.00351715]",2,"['온라인', '오프라인', '상담', '백화점', '입점', '진행']",온라인 오프라인 상담 백화점 입점 진행,0
2370,온라인으로 간편하게 볼 수 있어서 좋더라고요~,"[ 0.01406097  0.03314209 -0.00792694 ... -0.03396606 -0.03259277
 -0.00413132]",2,"['온라인', '간편하다', '좋다']",온라인 간편하다 좋다,1
2371,저희는 오프라인으로 구매했어요! 오프라인도 발품팔면 혜택 좋더라구용,"[-0.01314545  0.03347778 -0.03320312 ... -0.02755737 -0.05596924
 -0.00829315]",2,"['오프라인', '구매', '오프라인', '발품', '팔다', '혜택', '좋다']",오프라인 구매 오프라인 발품 팔다 혜택 좋다,0
2372,오프라인으로 발품팔아서 사는게 더 좋을거같아요~,"[-0.00829315  0.03421021 -0.02487183 ... -0.03674316 -0.04248047
 -0.01529694]",2,"['오프라인', '발품', '팔다', '사다', '좋다']",오프라인 발품 팔다 사다 좋다,0
2373,저는 발품팔아서 오프라인으로 사는걸 추천해요!,"[-0.02165222  0.03070068 -0.01631165 ... -0.03372192 -0.04415894
 -0.01860046]",2,"['발품', '팔다', '오프라인', '사다', '추천']",발품 팔다 오프라인 사다 추천,0
2374,저는 오프라인인데 리퍼브 마켓에서 살거 같아요!,"[-0.00544739  0.01911926 -0.0255127  ... -0.02482605 -0.03884888
 -0.00130749]",2,"['오프라인', '리퍼브', '마켓', '사다']",오프라인 리퍼브 마켓 사다,1
2375,저는 온라인 최저가 기준으로 비교해보고 결정하려구요,"[ 0.01200867  0.02467346 -0.02255249 ... -0.0345459  -0.03381348
 -0.01290894]",2,"['온라인', '최저', '기준', '비교', '결정']",온라인 최저 기준 비교 결정,0
2376,오프가 더 저렴하군용! 저도 오프라인생각했어요,"[-0.00614929  0.03820801 -0.0328064  ... -0.01937866 -0.02032471
 -0.00471115]",2,"['오프', '저렴하다', '오프라인', '생각']",오프 저렴하다 오프라인 생각,1
2377,항목이 적어서 세트구매에 별 메리트는 없어보여요! 온라인이나 매장 최저가 알아볼듯요?ㅎㅎ,"[ 0.01963806  0.02166748 -0.04122925 ... -0.03094482 -0.02966309
  0.00408173]",2,"['항목', '적다', '세트', '구매', '메리트', '보이다', '온라인', '매장', '최저', '알아보다']",항목 적다 세트 구매 메리트 보이다 온라인 매장 최저 알아보다,0
2378,"가젼 한 브랜드로 맞춰서 풀세트로 구매하고싶으면 오픈매장, 그리고 종류 몇개 안된다 하시면 공식몰 추천이요!","[ 0.02742004 -0.00870514 -0.03323364 ... -0.02156067 -0.03436279
 -0.00383949]",2,"['가지다', '브랜드', '맞추다', '세트', '구매', '오픈', '매장', '종류', '공식', '추천']",가지다 브랜드 맞추다 세트 구매 오픈 매장 종류 공식 추천,1
2379,오프라인 매장에서 한꺼번에 구매 하는것으로 견적 여러곳 받아봤어요~ 행사들어갈때가 제일 저렴했던거같긴해요!,"[ 0.0082016   0.02380371 -0.04296875 ... -0.01543427 -0.03463745
  0.00576019]",2,"['오프라인', '매장', '구매', '견적', '행사', '들어가다', '저렴하다']",오프라인 매장 구매 견적 행사 들어가다 저렴하다,2
2380,오프라인매장에서 한꺼번에 구매하시면 사은품 마니 챙겨준다고 하더라구요!,"[-0.00615692  0.02737427 -0.02258301 ... -0.01774597 -0.04031372
 -0.0008831 ]",2,"['오프라인', '매장', '구매', '사은품', '말', '챙기다']",오프라인 매장 구매 사은품 말 챙기다,0
2381,한 브랜드로 맞출꺼면 오프라인에서 견적받아서용 ㅎㅎ,"[-0.00306892  0.03381348 -0.02627563 ... -0.03433228 -0.02998352
  0.00382423]",2,"['브랜드', '맞추다', '오프라인', '견적']",브랜드 맞추다 오프라인 견적,0
2382,저는 오프라인 매장에서 견적받고 품목 그대로 온라인으로 한번 더 받으려고요!,"[-0.00656891  0.03062439 -0.02635193 ... -0.02529907 -0.05541992
 -0.00790405]",2,"['오프라인', '매장', '견적', '품목', '온라인']",오프라인 매장 견적 품목 온라인,0
2383,"저는 오프라인으로 어느정도 품목 정하고, 온라인으로 견적 받았어요~","[-0.00448227  0.02449036 -0.02639771 ... -0.02249146 -0.03689575
 -0.0271759 ]",2,"['오프라인', '품목', '정하다', '온라인', '견적']",오프라인 품목 정하다 온라인 견적,0
2384,여기저기 발품팔다보면 마음맞는 판매자 만나고 백화점에서 사는게 제일 좋은것 같아요!,"[ 0.00661469  0.02664185 -0.02601624 ... -0.03573608 -0.0579834
  0.00763702]",2,"['여기저기', '발품', '팔다', '마음', '맞다', '판매자', '만나다', '백화점', '사다', '좋다']",여기저기 발품 팔다 마음 맞다 판매자 만나다 백화점 사다 좋다,2
2385,"1~2개는 온라인, 2~3개는 마트. 4개 이상은 백화점에서 사라고 하더라구요","[ 0.00425339  0.01815796 -0.02467346 ... -0.03717041 -0.02920532
  0.00923157]",2,"['온라인', '마트', '이상', '백화점', '사다']",온라인 마트 이상 백화점 사다,2
2386,오프라인 매장에서 견적받을 예정입니당~,"[ 0.01221466  0.04177856 -0.02490234 ... -0.02555847 -0.04138184
 -0.00276184]",2,"['오프라인', '매장', '견적', '예정']",오프라인 매장 견적 예정,0
2387,오프매장으로 세군데 견적받고 비교해서 구입했어요~,"[ 0.0194397   0.02494812 -0.03369141 ... -0.01742554 -0.03759766
 -0.02108765]",2,"['오프', '매장', '견적', '비교', '구입']",오프 매장 견적 비교 구입,0
2388,저도 손품팔고 저희지역매장가보고 백화점에서 구매했어용,"[-0.00118446  0.02035522 -0.02529907 ... -0.02677917 -0.05621338
  0.00159836]",2,"['팔다', '지역', '매장', '백화점', '구매']",팔다 지역 매장 백화점 구매,2
2389,온라인이랑 오프라인 둘다 비교해보고 결정하려고 합니다!,"[-0.00020278  0.014534   -0.01904297 ... -0.02720642 -0.02442932
 -0.01785278]",2,"['온라인', '오프라인', '비교', '결정']",온라인 오프라인 비교 결정,0
2390,오프라인매장에서 보고 필요한것만 구매했어요~~,"[ 0.01832581  0.0297699  -0.02386475 ...  0.00397491 -0.04040527
 -0.02044678]",2,"['오프라인', '매장', '필요', '구매']",오프라인 매장 필요 구매,1
2391,시간이 많이 남았으니 오프라인 매장에서 전체견적 한번 받아보세요!ㅎㅎ,"[-0.00045228  0.03674316 -0.01911926 ... -0.04064941 -0.04327393
 -0.00688553]",2,"['시간', '남다', '오프라인', '매장', '전체', '견적']",시간 남다 오프라인 매장 전체 견적,0
2392,오프라인 견적 받아보시면 다품목 종합견적은 오프라인이 압도적인거 같더라구요. 5군데 정도 견적 받아보고 제일 합리적인곳에서 했어요!,"[ 0.00710297  0.01730347 -0.03588867 ... -0.03112793 -0.02998352
  0.01102448]",2,"['오프라인', '견적', '품목', '종합', '견적', '오프라인', '압도', '견적', '합리']",오프라인 견적 품목 종합 견적 오프라인 압도 견적 합리,0
2393,여러군데 비교해봐야 할거 같아요! 저흰 품목이 몇개 안되서 온라인으로 살거 같아요,"[ 0.00571823  0.00922394 -0.03268433 ... -0.04083252 -0.02830505
 -0.01054382]",2,"['비교', '품목', '온라인', '사다']",비교 품목 온라인 사다,0
2394,저도 품목이 그리 많지 않아서 온라인을 고려하게 되는 것 같아용 ㅎㅎ,"[-0.00977325  0.02774048 -0.01618958 ... -0.02626038 -0.03173828
 -0.01023865]",2,"['품목', '많다', '온라인', '고려']",품목 많다 온라인 고려,0
2395,저는 오프라인에서 구매했는데 ! 이제 와서 보니까 세일기간 노리면 온라인이 더 저렴하더라구요! 정말 확실히!,"[-0.00867462  0.02108765 -0.0447998  ... -0.01036072 -0.03086853
 -0.0194397 ]",2,"['오프라인', '구매', '세일', '기간', '노리다', '온라인', '저렴하다']",오프라인 구매 세일 기간 노리다 온라인 저렴하다,1
2396,오프라인은 ! 신제품만 매장에 내놓구 파니까 더 비싼감도 있어요 ! 신제품으로만 해두 세일기간에 온라인이랑 별반 차이가 없더라구요 ㅠㅠ 괜히 카드 만들어야하고 나눠결제하고 해야하기 때문에 온라인 추천드립니다 ㅠ ! 온라인에서 신제품 아닌거로 하면 더더욱 저렴하고요!,"[-0.00143814  0.0140686  -0.0447998  ... -0.01422119 -0.01809692
  0.00082731]",2,"['오프라인', '제품', '매장', '내놓다', '팔다', '비싸다', '제품', '세일', '기간', '온라인', '차이', '카드', '만들다', '나누다', '결제', '온라인', '추천', '드리다', '온라인', '제품']",오프라인 제품 매장 내놓다 팔다 비싸다 제품 세일 기간 온라인 차이 카드 만들다 나누다 결제 온라인 추천 드리다 온라인 제품,0
2397,저희는 오프라인 4군데 상담받고 그중에서 가장 저렴한 견적으로 구매했습니다.,"[ 0.01246643  0.03353882 -0.02337646 ... -0.02268982 -0.03839111
  0.00021815]",2,"['오프라인', '상담', '견적', '구매']",오프라인 상담 견적 구매,0
2398,온라인 오프라인 모두 발품 손품 팔아야 저렴하네요 ㅠㅠ,"[-0.01037598  0.03579712 -0.01210022 ... -0.02830505 -0.04104614
 -0.00058651]",2,"['온라인', '오프라인', '발품', '팔다', '저렴하다']",온라인 오프라인 발품 팔다 저렴하다,0
2399,오프라인 발품팔아서 볼 예정이에요! 온라인은 나중에 문제생겼을때 처리하기 힘들거같아서요,"[-0.01472473  0.02993774 -0.01292419 ... -0.02986145 -0.03817749
 -0.00548553]",2,"['오프라인', '발품', '팔다', '예정', '온라인', '문제', '생기다', '처리', '힘들다']",오프라인 발품 팔다 예정 온라인 문제 생기다 처리 힘들다,0
2400,오프라인으로 발품팔고 행사할 때 싸게 구매했었어요~,"[ 0.00097752  0.02655029 -0.03329468 ... -0.01441193 -0.0453186
 -0.02423096]",2,"['오프라인', '발품', '팔다', '행사', '싸다', '구매']",오프라인 발품 팔다 행사 싸다 구매,0
2401,"오프라인에 가서 견적을 받고, 받으면서 모델명을 받아뒀다고 온라인 견적으로 받으면 확실히 저렴해 지더라구요!","[-0.00723648  0.03253174 -0.03140259 ... -0.02351379 -0.02774048
  0.00537109]",2,"['오프라인', '견적', '모델명', '온라인', '견적', '저렴하다']",오프라인 견적 모델명 온라인 견적 저렴하다,0
2402,온라인으로 했는데 후회 없이 잘 했어요 핫딜행사때 잘 맞춘거 같아요,"[ 9.09423828e-03  1.41906738e-02 -3.64379883e-02 ... -2.62298584e-02
 -3.68652344e-02 -7.21216202e-05]",2,"['온라인', '후회', '행사', '맞추다']",온라인 후회 행사 맞추다,1
2403,저는 온라인으로 가격비교하고 온라인인증점에서 구매햇어요,"[ 0.00630951  0.01753235 -0.02467346 ... -0.02633667 -0.02911377
 -0.01620483]",2,"['온라인', '가격', '비교', '온라인', '인증', '구매']",온라인 가격 비교 온라인 인증 구매,0
2404,직접 방문해서 오프라인으로 구매했습니다,"[ 0.01248932  0.02845764 -0.00987244 ... -0.02113342 -0.0453186
 -0.01785278]",2,"['방문', '오프라인', '구매']",방문 오프라인 구매,0
2405,오프라인으로 발품 엄청 팔아서 알아보고 온라인 최저가 찾아서 구매했어요ㅋㅋ큐ㅠ,"[-0.00675964  0.03204346 -0.02302551 ... -0.0196991  -0.0284729
 -0.00914764]",2,"['오프라인', '발품', '팔다', '알아보다', '온라인', '최저', '찾다', '구매']",오프라인 발품 팔다 알아보다 온라인 최저 찾다 구매,0
2406,온라인 특히 쿠팡같은데서는 사는거 아니라고해서.. 직접 가서 상담하고 계약했어요,"[ 0.0047226   0.02207947 -0.01187134 ... -0.03601074 -0.03097534
 -0.01837158]",2,"['온라인', '쿠팡', '사다', '상담', '계약']",온라인 쿠팡 사다 상담 계약,1
2407,시간날때마다 오프라인 매장 발품 팔고 있어요!,"[-0.00173092  0.03485107 -0.01557159 ... -0.02983093 -0.05670166
 -0.01776123]",2,"['시간', '오프라인', '매장', '발품', '팔다']",시간 오프라인 매장 발품 팔다,0
2408,네 저두 정말 필요한것만 사자주의라서ㅠ 온라인도 고려해보겠습니다!,"[ 0.00029087  0.02243042 -0.0305481  ... -0.01516724 -0.03089905
  0.00863647]",2,"['필요', '사다', '주의', '온라인', '고려']",필요 사다 주의 온라인 고려,1
2409,오프라인 견적받고 묶음으로 할인받으시면 혜택이 좋더라구용!,"[-0.00952148  0.04284668 -0.03125    ... -0.02581787 -0.04452515
  0.00313759]",2,"['오프라인', '견적', '묶음', '할인', '혜택', '좋다']",오프라인 견적 묶음 할인 혜택 좋다,0
2410,"일단 오프라인에서 실제로 스펙 한번 보고 , 온라인도 동일 스펙 보고 더 저렴 한곳 할거 같아요 !","[-0.00767136  0.02555847 -0.03466797 ... -0.03219604 -0.01119995
 -0.01013184]",2,"['오프라인', '스펙', '온라인', '동일', '스펙']",오프라인 스펙 온라인 동일 스펙,0
2411,오프라인으로 상담받아서 끝냈어요 또 온라인 상품이랑 오프라인이랑 다른것 같더라구요!,"[-0.00135517  0.00978851 -0.02430725 ... -0.03668213 -0.02479553
 -0.02082825]",2,"['오프라인', '상담', '끝내다', '온라인', '상품', '오프라인', '다르다']",오프라인 상담 끝내다 온라인 상품 오프라인 다르다,0
2412,오프라인매장에서 실물 보고 온라인에서 주문해도 좋을 것 같아요~,"[ 0.00365257  0.02958679 -0.02233887 ... -0.03089905 -0.03686523
 -0.01785278]",2,"['오프라인', '매장', '실물', '온라인', '주문', '좋다']",오프라인 매장 실물 온라인 주문 좋다,1
2413,저두 인터넷에서 맘에드는거 보고 오프라인매장에서 보고 괜찮아서 인터넷으로 주문했어요!,"[-0.00672531  0.02349854 -0.02679443 ... -0.0134964  -0.0395813
 -0.01568604]",2,"['인터넷', '오프라인', '매장', '괜찮다', '인터넷', '주문']",인터넷 오프라인 매장 괜찮다 인터넷 주문,2
2414,오프라인에서 먼저 확인하구 인터넷으로 확인 잘 하시구 사면 될것같아요!,"[-0.01546478  0.01026154 -0.02507019 ... -0.03530884 -0.01921082
 -0.00805664]",2,"['오프라인', '확인', '인터넷', '확인', '사다']",오프라인 확인 인터넷 확인 사다,1
2415,온라인으로 가격비교하고 괜찮은거 있음 오프라인으로 실물 보고 구매하는 편이예요!,"[-0.00383186  0.01625061 -0.03268433 ... -0.02973938 -0.02961731
 -0.0254364 ]",2,"['온라인', '가격', '비교', '괜찮다', '오프라인', '실물', '구매']",온라인 가격 비교 괜찮다 오프라인 실물 구매,1
2416,오프라인으로 싹 둘러본 다음 온라인이요 ㅎㅎ,"[ 0.0051384   0.02696228  0.00243378 ... -0.02586365 -0.00827789
 -0.00731659]",2,"['오프라인', '둘러보다', '다음', '온라인']",오프라인 둘러보다 다음 온라인,1
2417,오프라인 온라인 모두비교해봐야아는데종종오프가더싸더라구요?,"[ 0.00649261  0.02716064 -0.03317261 ... -0.0246582  -0.02275085
 -0.00934601]",2,"['오프라인', '온라인', '비교', '오프', '싸다']",오프라인 온라인 비교 오프 싸다,1
2418,오프라인으로 직접 보고 온라인 하고 가격 비교해 본 후 구매 할 것 같아요!,"[ 0.00043392  0.02659607 -0.01876831 ... -0.02610779 -0.03149414
 -0.01652527]",2,"['오프라인', '온라인', '가격', '비교', '구매']",오프라인 온라인 가격 비교 구매,0
2419,오프라인으로 직접보고 샀는데 온라인보다 더 저렴햇어용,"[ 0.00341606  0.03237915 -0.0345459  ... -0.01727295 -0.02813721
 -0.01303101]",2,"['오프라인', '사다', '온라인', '저렴하다']",오프라인 사다 온라인 저렴하다,1
2420,"가성비 따져서 온,오프라인 비교해서 준비할 것 같아요","[ 0.01039886  0.02604675 -0.0242157  ... -0.02507019 -0.01501465
 -0.01464081]",2,"['가성비', '따지다', '오프라인', '비교', '준비']",가성비 따지다 오프라인 비교 준비,1
2421,온라인이 더 저렴하게 구매가능한거같아요!,"[-0.00331879  0.03598022 -0.02177429 ... -0.0275116  -0.03082275
 -0.01300049]",2,"['온라인', '저렴하다', '구매', '가능']",온라인 저렴하다 구매 가능,1
2422,저는 오프라인에서 보고 온라인 구매를 선호해요,"[ 0.00271416  0.02368164 -0.02830505 ... -0.02032471 -0.04309082
 -0.02268982]",2,"['오프라인', '온라인', '구매', '선호']",오프라인 온라인 구매 선호,1
2423,저희는 최대한 발품팔아 여기저기 견적받고 오프라인으로 했어요!,"[-0.0076561   0.04110718 -0.01534271 ... -0.02563477 -0.05319214
 -0.00337982]",2,"['발품', '팔다', '여기저기', '견적', '오프라인']",발품 팔다 여기저기 견적 오프라인,0
2424,오프라인에서 가격좀보고 온라인에서 구매할려구요!,"[-0.00064564  0.03515625 -0.03726196 ... -0.01991272 -0.03102112
 -0.014328  ]",2,"['오프라인', '가격', '온라인', '구매']",오프라인 가격 온라인 구매,0
2425,저는 직접 보고 온라인이랑 비교해서 살 것 같아용,"[ 0.00824738  0.01860046 -0.01441956 ... -0.04251099 -0.03158569
 -0.01132202]",2,"['온라인', '비교', '사다']",온라인 비교 사다,1
2426,저희는 온라인으로 저렴하게 구입했습니다!,"[-0.00426483  0.03439331 -0.01420593 ... -0.01971436 -0.05093384
 -0.01751709]",2,"['온라인', '저렴하다', '구입']",온라인 저렴하다 구입,1
2427,온라인은 개인사업자가 판매하는 경우가 많아서 공식협력사아님 거르세요ㅜㅜ 저는 백화점 웨딩마일리지껴서 구매하는거랑 그랜드오픈하는 공식매장이랑 비교하면 좋을거같아요,"[-0.00096226  0.00683212 -0.03417969 ... -0.02890015 -0.0244751
 -0.00455475]",2,"['온라인', '개인', '사업자', '판매', '많다', '공식', '협력사', '거르다', '백화점', '웨딩', '마일리지', '끼', '구매', '그랜드', '오픈', '공식', '매장', '비교', '좋다']",온라인 개인 사업자 판매 많다 공식 협력사 거르다 백화점 웨딩 마일리지 끼 구매 그랜드 오픈 공식 매장 비교 좋다,2
2428,온라인 견적 받고 잘쳐주는데 연락해서 샀어용,"[ 0.00447083  0.0309906  -0.02738953 ... -0.02540588 -0.03253174
 -0.01082611]",2,"['온라인', '견적', '쳐주다', '연락', '사다']",온라인 견적 쳐주다 연락 사다,0
2429,몇개 안사시면 온라인이 괜찮은데 가끔 일정 딜레이가 많이 되더라구요,"[ 0.00018835  0.00307465 -0.03250122 ... -0.03735352 -0.01760864
 -0.00271225]",2,"['사다', '온라인', '괜찮다', '일정', '딜레이']",사다 온라인 괜찮다 일정 딜레이,1
2430,품목이 여러개시면 오프라인에서 사시는게 좋을 것 같아요!,"[ 0.00304031  0.02328491 -0.04083252 ... -0.02418518 -0.03335571
 -0.01172638]",2,"['품목', '오프라인', '사다', '좋다']",품목 오프라인 사다 좋다,0
2431,온라인계약은 진짜 편한거같아용 축하드려요!,"[ 0.00032282  0.04312134 -0.00811005 ... -0.03564453 -0.04101562
 -0.0114975 ]",2,"['온라인', '계약', '편하다', '축하', '드리다']",온라인 계약 편하다 축하 드리다,0
2432,온라인계약이 있는줄 몰랐어요~ 저는 직접 가서 계약하고 왔는데 넘 좋은 방법으로 계약하셨네요!,"[ 0.00513077  0.02374268 -0.02587891 ... -0.037323   -0.03067017
 -0.00396347]",2,"['온라인', '계약', '계약', '좋다', '방법', '계약']",온라인 계약 계약 좋다 방법 계약,0
2433,"보통 묶어서 패키지로 사면 오프라인이, 개별 구매시 온라인이 싼걸루 알아용","[ 0.0035553   0.02151489 -0.03225708 ... -0.02268982 -0.03167725
  0.00534058]",2,"['묶다', '패키지', '사다', '오프라인', '개별', '구매', '온라인', '싸다']",묶다 패키지 사다 오프라인 개별 구매 온라인 싸다,1
2434,온라인 오프라인 섞어서 산 것 같아요ㅎㅎ,"[ 0.0074501   0.01213074 -0.01811218 ... -0.02120972 -0.03019714
 -0.01594543]",2,"['온라인', '오프라인', '섞다', '사다']",온라인 오프라인 섞다 사다,1
2435,"발품팔기 나름이라곤 하지만 1,2개살거면 온라인이 낫구요 좀 품목이 많으면 오프라인이 낫지않을까요","[ 0.00128841  0.01795959 -0.04376221 ... -0.04376221 -0.03062439
  0.00272369]",2,"['발품', '팔다', '살다', '온라인', '품목', '많다', '오프라인']",발품 팔다 살다 온라인 품목 많다 오프라인,0
2436,오프라인으로 주로 사기는 했었어요 한곳에서 하면 할인이 좋더라구요,"[ 0.01374054  0.02630615 -0.03948975 ... -0.02244568 -0.03369141
 -0.01472473]",2,"['오프라인', '사다', '할인', '좋다']",오프라인 사다 할인 좋다,2
2437,오프라인으로 발품팔았어요~ 온라인으로 살면서 사도괜찮을듯해요,"[-0.00651169  0.03016663 -0.02108765 ... -0.02755737 -0.04934692
 -0.02351379]",2,"['오프라인', '발품', '팔다', '온라인', '살다', '사다', '괜찮다']",오프라인 발품 팔다 온라인 살다 사다 괜찮다,1
2438,저는 온라인이 더 저렴해서 온라인으로 최종 구매했습니다,"[ 0.00556946  0.03396606 -0.02923584 ... -0.02366638 -0.03988647
 -0.02539062]",2,"['온라인', '저렴하다', '온라인', '최종', '구매']",온라인 저렴하다 온라인 최종 구매,1
2439,"온라인은 따로 살 때 유용한 것 같고, 오프라인은 여러품목 묶어서 살 때 좋은 것 같더라구요","[ 0.01539612  0.01834106 -0.03536987 ... -0.02923584 -0.03555298
 -0.01356506]",2,"['온라인', '살다', '유용', '오프라인', '품목', '묶다', '사다', '좋다']",온라인 살다 유용 오프라인 품목 묶다 사다 좋다,1
2440,여러품목 한번에 사니까 오프라인으로 진행하니 견적받기 ㅎ편했어요,"[ 0.00839233  0.04348755 -0.02722168 ... -0.0196991  -0.03305054
 -0.00930786]",2,"['품목', '사다', '오프라인', '진행', '견적', '편하다']",품목 사다 오프라인 진행 견적 편하다,0
2441,그래도 오프라인에서 실물 보는게 좋지 않을까요?,"[-0.00245094  0.03179932 -0.02304077 ... -0.03567505 -0.03186035
 -0.01235199]",2,"['오프라인', '실물', '좋다']",오프라인 실물 좋다,1
2442,여러품목 맞추면 오프가 낫고 몇개만 하면 온라인이 나은거 같아요,"[ 0.01071167  0.0141449  -0.03271484 ... -0.02818298 -0.01280975
 -0.00995636]",2,"['품목', '맞추다', '오프', '온라인']",품목 맞추다 오프 온라인,1
2443,온라인 오프라인 반반 섞어서 구매햇어요!,"[ 0.00837708  0.02792358 -0.01457977 ... -0.01576233 -0.03289795
 -0.01204681]",2,"['온라인', '오프라인', '반반', '섞다', '구매']",온라인 오프라인 반반 섞다 구매,1
2444,오프라인 발품 팔고 온라인으로 샀어요!,"[-0.01127625  0.03277588 -0.01460266 ... -0.0199585  -0.04992676
 -0.01875305]",2,"['오프라인', '발품', '팔다', '온라인', '사다']",오프라인 발품 팔다 온라인 사다,0
2445,"한번에 오프라인으로 할인 받아서 사긴했는데, 온라인도 그만큼 저렴한 곳도 꽤 많더라구요","[ 0.00509262  0.03366089 -0.0302887  ... -0.01759338 -0.03256226
 -0.0067749 ]",2,"['오프라인', '할인', '사다', '온라인', '저렴하다', '많다']",오프라인 할인 사다 온라인 저렴하다 많다,1
2446,오프라인에서 살 생각이었는데 여기 댓글보니 오프에서보고 온라인에서 사는것도 좋아보이네요!,"[-0.0063324   0.02770996 -0.03089905 ... -0.01554108 -0.03210449
 -0.01210022]",2,"['오프라인', '사다', '생각', '댓글', '오프', '온라인', '사다', '좋다', '보이다']",오프라인 사다 생각 댓글 오프 온라인 사다 좋다 보이다,1
2447,온라인 오프라인 전부 가격 비교해봐야겠어요,"[ 0.01580811  0.02255249 -0.0249176  ... -0.02629089 -0.03408813
 -0.00811005]",2,"['온라인', '오프라인', '전부', '가격', '비교']",온라인 오프라인 전부 가격 비교,0
2448,"온라인이 더 저렴한거도 있고, 딱 필요한거만 사려고 하다보니 온라인으로만 구매했어요 저희는","[ 0.00820923  0.03985596 -0.03128052 ... -0.00691986 -0.03253174
 -0.01509857]",2,"['온라인', '저렴하다', '필요', '사다', '온라인', '구매']",온라인 저렴하다 필요 사다 온라인 구매,1
2449,저도 고민중인데 확실히 많이 사면 오프라인 몇개 안사면 온라인이 좋을거 같아요,"[-0.00772858  0.02302551 -0.03451538 ... -0.02851868 -0.02656555
  0.00978088]",2,"['고민', '사다', '오프라인', '사다', '온라인', '좋다']",고민 사다 오프라인 사다 온라인 좋다,1
2450,몇개 안사면 온라인 개별로 사는게 싸고 여러개 묶어서 사면 발품파는게 훨 싸요,"[-0.00475311  0.03353882 -0.03143311 ... -0.02391052 -0.03555298
  0.01446533]",2,"['사다', '온라인', '개별', '사다', '싸다', '묶다', '사다', '발품', '파', '싸다']",사다 온라인 개별 사다 싸다 묶다 사다 발품 파 싸다,1
2451,백화점에서 한번에사니 전체 혜택금액이 온라인과 엇비슷했어요!,"[ 0.00041723  0.02581787 -0.03189087 ... -0.00818634 -0.05078125
 -0.00196075]",2,"['백화점', '사다', '전체', '혜택', '금액', '온라인']",백화점 사다 전체 혜택 금액 온라인,2
2452,일단 오프라인으로 견적받아보고 온라인가전으로 동일하게 받아서 비교할것같아요,"[ 0.00104618  0.02632141 -0.02220154 ... -0.04278564 -0.03030396
 -0.01568604]",2,"['오프라인', '견적', '온라인', '가전', '동일', '비교']",오프라인 견적 온라인 가전 동일 비교,0
2453,오프라인에서 실물과 견적보고 온라인으로 구매했어요!,"[-0.00097084  0.03384399 -0.02331543 ... -0.01820374 -0.04711914
 -0.02598572]",2,"['오프라인', '실물', '견적', '보다', '온라인', '구매']",오프라인 실물 견적 보다 온라인 구매,1
2454,오프라인으로 대부분사고 나머지는 온라인으로 구매할거같아요!,"[-0.00310707  0.01739502 -0.0295105  ... -0.01850891 -0.0355835
 -0.0103302 ]",2,"['오프라인', '부분', '사다', '나머지', '온라인', '구매']",오프라인 부분 사다 나머지 온라인 구매,1
2455,"많이 안사는거면 온라인, 여러개사는거면 패키지로 오프라인 사는게 좋을거같아요!","[-0.00194359  0.01948547 -0.03384399 ... -0.02876282 -0.03417969
 -0.00214005]",2,"['사다', '온라인', '사다', '패키지', '오프라인', '사다', '좋다']",사다 온라인 사다 패키지 오프라인 사다 좋다,1
2456,온라인으로 견적받고 오프라인 매장에서 주문하는거요~ 그게 제일 저렴했어요,"[-0.0045433   0.03189087 -0.01719666 ... -0.02838135 -0.03329468
  0.00151062]",2,"['온라인', '견적', '오프라인', '매장', '주문', '저렴하다']",온라인 견적 오프라인 매장 주문 저렴하다,1
2457,오프라인에서 구매 하면 딱 정해지는 카드가 있던데 온라인 견적도 보고 오프라인 견적 보고 카드 알아 보시는 게 좋지 않을까요?! 👀,"[-0.00847626  0.03149414 -0.04003906 ... -0.02981567 -0.02944946
 -0.00214386]",2,"['오프라인', '구매', '정하다', '카드', '온라인', '견적', '오프라인', '견적', '보다', '카드', '좋다']",오프라인 구매 정하다 카드 온라인 견적 오프라인 견적 보다 카드 좋다,0
2458,여러개 묶어서 살땐 확실히 인터넷 최저가보다 오프라인스토어가 싸더라고요,"[ 0.00955963  0.03533936 -0.03619385 ... -0.00402451 -0.03448486
  0.00214005]",2,"['묶다', '사다', '인터넷', '최저', '오프라인', '스토어', '싸다']",묶다 사다 인터넷 최저 오프라인 스토어 싸다,1
2459,저희는 매장에서 샀어요 ㅎㅎ인터넷보다 저렴했어요,"[ 0.01196289  0.02572632 -0.03485107 ... -0.02836609 -0.04241943
 -0.00453186]",2,"['매장', '사다', '인터넷']",매장 사다 인터넷,2
2460,전 백화점에서 샀어요 발품팔았는데 결제가 제일 깔끔해서요,"[ 0.0140152   0.02235413 -0.03561401 ... -0.03857422 -0.05065918
  0.00586319]",2,"['백화점', '사다', '발품', '팔다', '결제', '깔끔']",백화점 사다 발품 팔다 결제 깔끔,0
2461,"온라인 견적, 직접 방문 견적 모두 비교해보고 결정할 예정입니다!","[-0.00138187  0.04611206 -0.00679016 ... -0.03536987 -0.04403687
  0.00704575]",2,"['온라인', '견적', '방문', '견적', '비교', '결정', '예정']",온라인 견적 방문 견적 비교 결정 예정,0
2462,저도 온라인으로샀습니다 ㅋㅋ 매장 가보고 가격비교해봤는데 온라인이 나았어용,"[ 0.00347328  0.02536011 -0.03170776 ... -0.03469849 -0.03102112
 -0.00366211]",2,"['온라인', '사다', '매장', '가격', '비교', '온라인']",온라인 사다 매장 가격 비교 온라인,0
2463,맞아요 오프라인은 최신형에 비싼것만 추천하는 부분때문에 저도 온라인에서 구매하려구요:,"[-0.00228691  0.0276947  -0.03344727 ... -0.01353455 -0.0350647
 -0.00751495]",2,"['맞다', '오프라인', '최신', '비싸다', '추천', '온라인', '구매']",맞다 오프라인 최신 비싸다 추천 온라인 구매,1
2464,제품명만 잘 알면 온라인 좋아요! 저도 그렇게 주문햇어용,"[ 0.01158905  0.0211792  -0.04779053 ... -0.03041077 -0.01872253
 -0.00738144]",2,"['제품명', '온라인', '좋다', '주문']",제품명 온라인 좋다 주문,0
2465,"맞아요 집 크기랑 이런거에 맞추고 집에 있던 거 가져갈 거 생각하면, 품목이 많지 않으면 그냥 온라인으로 따로 따로 사는 게 나은 거 같아요!","[ 0.00657654  0.03005981 -0.02935791 ... -0.02568054 -0.04806519
  0.00974274]",2,"['맞다', '크기', '맞추다', '가져가다', '생각', '품목', '많다', '온라인', '사다']",맞다 크기 맞추다 가져가다 생각 품목 많다 온라인 사다,1
2466,저도 온라인으로 주문 할까 고민 하고 있어요! 오프라인으로 상담 받기 시간도 없고 해서요 ㅠㅠ,"[-0.02597046  0.03408813 -0.00632477 ... -0.03448486 -0.03759766
 -0.00767517]",2,"['온라인', '주문', '고민', '오프라인', '상담', '시간']",온라인 주문 고민 오프라인 상담 시간,1
2467,"당장 딱 저 2개만 사신다면 인터넷으로 구매가 낫고, 만약 자잘헌 애들도 같이 산다면품목이 늘어나면 무조건 오프라인이요!","[-0.00393677  0.01664734 -0.04214478 ... -0.02311707 -0.02354431
  0.02209473]",2,"['당장', '사다', '인터넷', '구매', '만약', '살다', '품목', '늘어나다', '오프라인']",당장 사다 인터넷 구매 만약 살다 품목 늘어나다 오프라인,2
2468,말씀하신 항목으로는 오프라임보다 온라인 할인이 더 좋을 거에요. 그래도 모르니 발품 한 번 팔아보세요,"[ 0.00064135  0.01358032 -0.04168701 ... -0.0473938  -0.03833008
 -0.00812531]",2,"['말씀', '항목', '오프라', '온라인', '할인', '좋다', '발품', '팔다']",말씀 항목 오프라 온라인 할인 좋다 발품 팔다,0
2469,"저는 양쪽 다 비교해보고샀고, 인터넷은 하나씩 배송이 와야하는 번거로움이 있어서 한번에 오는걸로 오프라인 매장을 선택했습니다!","[-0.00541306  0.01530457 -0.02775574 ... -0.01802063 -0.04910278
  0.0013485 ]",2,"['양쪽', '비교', '사다', '인터넷', '배송', '오프라인', '매장', '선택']",양쪽 비교 사다 인터넷 배송 오프라인 매장 선택,2
2470,우선 오프라인으로 견적받고 온라인으로 비교해봣는데 혜택이 오프라인이 더 좋아서 오프라인으로 구매하려구요,"[ 0.0057373   0.03479004 -0.03448486 ... -0.02708435 -0.03924561
 -0.01786804]",2,"['오프라인', '견적', '온라인', '비교', '혜택', '오프라인', '좋다', '오프라인', '구매']",오프라인 견적 온라인 비교 혜택 오프라인 좋다 오프라인 구매,0
2471,오프라인에서 보고 인터넷으로 가성비잇게 살래요,"[-0.00546265  0.04003906 -0.01436615 ... -0.02565002 -0.02903748
 -0.01675415]",2,"['오프라인', '인터넷', '가성비', '살다']",오프라인 인터넷 가성비 살다,1
2472,다품목으로 하게되면 혜택이 많아서 저희는 오프라인으로 구매했어요,"[ 0.01773071  0.02593994 -0.0378418  ... -0.01719666 -0.04760742
 -0.00803375]",2,"['품목', '혜택', '많다', '오프라인', '구매']",품목 혜택 많다 오프라인 구매,0
2473,저희도 가격 비교해보고 온라인으로 구매했어요! 더 싸게 ㅎㅎ,"[-0.00392914  0.03753662 -0.02423096 ... -0.02330017 -0.04159546
 -0.01030731]",2,"['가격', '비교', '온라인', '구매', '싸다']",가격 비교 온라인 구매 싸다,0
2474,오프라인에서 제품보고 온라인으로 싸게 산다면 나쁘지않은거 같아요!,"[-0.0098114   0.02381897 -0.03457642 ... -0.02325439 -0.03552246
 -0.02441406]",2,"['오프라인', '제품', '보다', '온라인', '싸다', '사다', '나쁘다']",오프라인 제품 보다 온라인 싸다 사다 나쁘다,1
2475,몇 개 안 되면 인터넷으로 4개이상이면 백화점에서 사는게 이득이 크다 들었습니다,"[ 0.00837708  0.02154541 -0.03317261 ... -0.03826904 -0.04534912
  0.01719666]",2,"['인터넷', '이상', '백화점', '사다', '이득', '크다']",인터넷 이상 백화점 사다 이득 크다,2
2476,Tv 하나만 사시는거면 인터넷이 저렴하죠~ 오프라인은 다품목해야 동시구매포인트 등 받아서 할인받는형태더라고요,"[-0.00145721  0.021698   -0.03161621 ... -0.05029297 -0.02256775
  0.00056124]",2,"['사다', '인터넷', '저렴하다', '오프라인', '품목', '동시', '구매', '포인트', '할인', '형태']",사다 인터넷 저렴하다 오프라인 품목 동시 구매 포인트 할인 형태,2
2477,온라인으로 견적 봐서 더 저렴하면 온라인 구매도 괜찮다고 생각합니다! 다품목 아니면 굳이 오프라인에서 살 필요 없는것 같아요,"[-8.04901123e-03  3.01208496e-02 -3.70178223e-02 ... -2.65808105e-02
 -3.81469727e-02 -4.85181808e-05]",2,"['온라인', '견적', '저렴하다', '온라인', '구매', '괜찮다', '생각', '품목', '오프라인', '살다', '필요']",온라인 견적 저렴하다 온라인 구매 괜찮다 생각 품목 오프라인 살다 필요,1
2478,오프라인에서 보고 제품명 알아보고 온라인주문이요!,"[-0.00147724  0.02430725 -0.02430725 ... -0.02593994 -0.02853394
 -0.01771545]",2,"['오프라인', '제품명', '알아보다', '온라인', '주문']",오프라인 제품명 알아보다 온라인 주문,0
2479,저도 온라인에서 구매하려구하는데 혹시 어디서 구매하셨는지 공유부탁드려두될까요 ㅠㅠ,"[-0.00271225  0.02474976 -0.03616333 ... -0.0329895  -0.03164673
 -0.00550842]",2,"['온라인', '구매', '구매', '공유', '부탁', '드리다']",온라인 구매 구매 공유 부탁 드리다,0
2480,온라인도 베스트샵이상으로 할인이가능한건가요?,"[ 0.01663208  0.0186615  -0.03668213 ... -0.03588867 -0.03594971
 -0.01340485]",2,"['온라인', '베스트', '이상', '할인', '가능']",온라인 베스트 이상 할인 가능,2
2481,온라인이면 공식홈페이지에서 주문하시는걸까요?ㅠㅠ,"[ 0.00213051  0.02781677 -0.01664734 ... -0.03695679 -0.03521729
 -0.00051832]",2,"['온라인', '공식', '홈페이지', '주문']",온라인 공식 홈페이지 주문,1
2482,온라인이면 삼성전자 공홈에서 구매하신걸까요?,"[-0.00181007  0.01359558 -0.04067993 ... -0.04556274 -0.03671265
 -0.01325989]",2,"['온라인', '삼성전자', '구매']",온라인 삼성전자 구매,1
2483,오프라인 백화점 온라인 다 봤는데 저희는 온라인에서 구매 했습니당,"[ 0.00989532  0.02105713 -0.04284668 ... -0.01933289 -0.05700684
 -0.01098633]",2,"['오프라인', '백화점', '온라인', '온라인', '구매']",오프라인 백화점 온라인 온라인 구매,1
2484,와 후기 너무 감사드리려요~ 온라인 박람회도 넘 괜찮은 것 같아요,"[-0.00724792  0.00665283 -0.02482605 ... -0.04211426 -0.03912354
  0.00035381]",2,"['후기', '감사', '드리다', '온라인', '박람회', '괜찮다']",후기 감사 드리다 온라인 박람회 괜찮다,1
2485,저는 굳이 신형 필요없어서 온라인으로 구매했어요,"[ 0.00514221  0.01196289 -0.03363037 ... -0.01132202 -0.04974365
 -0.00475693]",2,"['신형', '필요', '없다', '온라인', '구매']",신형 필요 없다 온라인 구매,1
2486,전 많이 사서 오프로 샀는데 두개 사면 온라인도 고려할 거 같아여,"[ 0.00230789  0.02372742 -0.03598022 ... -0.02824402 -0.02708435
  0.00683212]",2,"['사다', '사다', '사다', '온라인', '고려']",사다 사다 사다 온라인 고려,1
2487,저는 싹다해서 오프라인으로 샀는데 품목 적으면 온라인도 좋을거 같아여,"[-0.00416565  0.01963806 -0.03622437 ... -0.02677917 -0.02885437
 -0.0134964 ]",2,"['오프라인', '사다', '품목', '적다', '온라인', '좋다']",오프라인 사다 품목 적다 온라인 좋다,0
2488,저희는 임직원 제휴몰에서 온라인으로 구매했어요!,"[-0.00274086  0.02258301 -0.02580261 ... -0.01211548 -0.06414795
 -0.00123119]",2,"['임직원', '제휴', '온라인', '구매']",임직원 제휴 온라인 구매,1
2489,3개 이하면 온라인으로 따로사는게 더 낫다고 하더라구요,"[ 0.01156616  0.02583313 -0.03121948 ... -0.02635193 -0.01994324
 -0.00098228]",2,"['이하', '온라인', '사다']",이하 온라인 사다,1
2490,온라인이 저렴해서 온라인으로도 사려구용ㅎㅎ,"[-0.00290298  0.03375244 -0.01831055 ... -0.02667236 -0.02482605
 -0.00988007]",2,"['온라인', '온라인', '사다']",온라인 온라인 사다,1
2491,오히려 오프라인으로 함께 구매하시는게 할인혜택은 좋더라고요,"[ 0.00840759  0.03915405 -0.04293823 ... -0.01649475 -0.04406738
 -0.01305389]",2,"['오프라인', '구매', '할인', '혜택', '좋다']",오프라인 구매 할인 혜택 좋다,0
2492,살거 많으면 오프라인에서 한번에 사는게 나은 것 같아용,"[ 0.01080322  0.02650452 -0.01924133 ... -0.029953   -0.03363037
 -0.00636673]",2,"['사다', '많다', '오프라인', '사다']",사다 많다 오프라인 사다,2
2493,오프라인 혜택도 보고 직접 보고 정하는것도 좋을거같아요,"[ 0.01002502  0.03115845 -0.02624512 ... -0.03439331 -0.01750183
 -0.01195526]",2,"['오프라인', '혜택', '정하다', '좋다']",오프라인 혜택 정하다 좋다,0
2494,2개만 하는거면 가성비로 중저가형 모델도 괜찮다고 하면 온라인이 더 저렴할겁니다!,"[ 0.0018034   0.02095032 -0.04782104 ... -0.02572632 -0.01931763
  0.00767517]",2,"['가성비', '중저가', '모델', '괜찮다', '온라인', '저렴하다']",가성비 중저가 모델 괜찮다 온라인 저렴하다,1
2495,저도 옵션으로 들어간 게 많아서 개별로 온라인 구매했어요,"[ 0.0092392   0.02156067 -0.02572632 ... -0.02903748 -0.03781128
  0.00753784]",2,"['옵션', '들어가다', '많다', '온라인', '구매']",옵션 들어가다 많다 온라인 구매,1
2496,오프라인에서 맘에드는거 찾구 온라인으로 결제할 것같아용!,"[-0.00404739  0.03271484 -0.02206421 ... -0.01528931 -0.03848267
 -0.02374268]",2,"['오프라인', '찾다', '온라인', '결제']",오프라인 찾다 온라인 결제,0
2497,저는 온라인에서 샀어요! 실결제 금액이 어찌됐던 오프라인이 더 비쌌거든요..,"[-0.00780487  0.01600647 -0.03863525 ... -0.02128601 -0.04058838
 -0.01206207]",2,"['온라인', '사다', '결제', '금액', '오프라인', '비싸다']",온라인 사다 결제 금액 오프라인 비싸다,0
2498,품목이 적으면 온라인 구매가 이득이라고 하더라구여,"[ 0.00295067  0.02885437 -0.03237915 ... -0.02641296 -0.02975464
 -0.0116806 ]",2,"['품목', '적다', '온라인', '구매', '이득']",품목 적다 온라인 구매 이득,0
2499,오프라인 백화점으로 가려구요 여러개 한꺼번에 살게아니면 온라인이 저렴하다고 하더라구용,"[-0.00168133  0.0383606  -0.03344727 ... -0.02011108 -0.0368042
 -0.00220108]",2,"['오프라인', '백화점', '살다', '온라인', '저렴하다']",오프라인 백화점 살다 온라인 저렴하다,1
2500,오프라인 견적이 훨 좋다고 해서 오프라인이요,"[ 0.00660324  0.02864075 -0.03302002 ... -0.02984619 -0.02479553
 -0.00935364]",2,"['오프라인', '견적', '좋다', '오프라인']",오프라인 견적 좋다 오프라인,0
2501,온라인이 아무래도 가격적 메리트가 크지 않을까 싶어요,"[ 0.01139832  0.0345459  -0.01678467 ... -0.03155518 -0.03158569
  0.00626755]",2,"['온라인', '가격', '메리트', '크다']",온라인 가격 메리트 크다,0
2502,오프라인에서 많이 사던데 혜택을 한번 비교해보시는게 좋을거같아요,"[ 0.0040741   0.02568054 -0.03799438 ... -0.03295898 -0.03050232
 -0.00689316]",2,"['오프라인', '사다', '혜택', '비교', '좋다']",오프라인 사다 혜택 비교 좋다,0
2503,두가지 사신다면 온라인으로 합리적으로 구매하면 좋을 것 같아요!,"[ 0.00728226  0.03283691 -0.0272522  ... -0.03022766 -0.03717041
 -0.00598145]",2,"['사다', '온라인', '합리', '구매', '좋다']",사다 온라인 합리 구매 좋다,1
2504,오프라인에서 더 나은 가격으로 살수있어요,"[ 0.01231384  0.03314209 -0.0304718  ... -0.02062988 -0.0255127
 -0.02401733]",2,"['오프라인', '가격', '사다']",오프라인 가격 사다,0
2505,저는 온라인으로 저렴한곳 찾아서 구매했어요,"[ 0.00460434  0.02217102 -0.02403259 ... -0.02146912 -0.03448486
 -0.02114868]",2,"['온라인', '저렴하다', '찾다', '구매']",온라인 저렴하다 찾다 구매,1
2506,확실히 오프라인보단 온라인이 더 싼거같아여,"[ 0.00775909  0.03179932 -0.01673889 ... -0.01626587 -0.01332855
 -0.01303101]",2,"['오프라인', '온라인', '싸다']",오프라인 온라인 싸다,1
2507,온라인 오프라인 다 알아보고 오프라인에서 구매했어요~,"[ 0.01280975  0.02488708 -0.02653503 ... -0.01649475 -0.03500366
 -0.02754211]",2,"['온라인', '오프라인', '오프라인', '구매']",온라인 오프라인 오프라인 구매,1
2508,두개만 사시는거면 오프라인도 나쁘지 않겠네용!,"[-0.00234604  0.02656555 -0.03683472 ... -0.01027679 -0.03369141
 -0.00113392]",2,"['사다', '오프라인', '나쁘다']",사다 오프라인 나쁘다,1
2509,저 정도 사시는거면 오프라인견적받아보세요 ㅎㅎ 저희도 품목 5개정도샀는데 온라인보다 오프라인이 더 가격괜찮았어요,"[-0.00962067  0.02671814 -0.0446167  ... -0.03225708 -0.02392578
  0.01038361]",2,"['사다', '오프라인', '견적', '품목', '사다', '온라인', '오프라인', '가격', '괜찮다']",사다 오프라인 견적 품목 사다 온라인 오프라인 가격 괜찮다,0
2510,댓글 모두 감사합니다~! 오프라인도 견적 한 번 받아봐야겠어요!,"[-0.01218414  0.02786255 -0.01791382 ... -0.04165649 -0.02864075
  0.01989746]",2,"['댓글', '감사', '오프라인', '견적']",댓글 감사 오프라인 견적,0
2511,오프랑 온라인 가격차이 많이나서..사이즈 잘 재서 온라인 주문해서 달았어요.,"[ 0.00154877  0.03143311 -0.04013062 ... -0.01535797 -0.03289795
 -0.01750183]",2,"['온라인', '가격', '차이', '사이즈', '재', '온라인', '주문', '달다']",온라인 가격 차이 사이즈 재 온라인 주문 달다,1
2512,둘다요ㅎㅎ 온라인에서 사면 오프라인보다 저렴하게 살수있어요,"[-0.01062012  0.02001953 -0.02191162 ... -0.03494263 -0.0292511
 -0.01585388]",2,"['온라인', '사다', '오프라인', '저렴하다', '사다']",온라인 사다 오프라인 저렴하다 사다,1
2513,"저도 구매할 품목이 정말 별로 없었음에도 백화점이나 대리점 갔었는데, 결국 인터넷으로 구매했는데~ 훨씬 할인율이랑 잘 한거 같더라구용ㅎㅎ","[ 0.01088715  0.02093506 -0.02731323 ... -0.03796387 -0.04345703
 -0.00371552]",2,"['구매', '품목', '백화점', '대리점', '결국', '인터넷', '구매', '할인']",구매 품목 백화점 대리점 결국 인터넷 구매 할인,2
2514,구매할 품목이 많으면 백화점 많이 추천하더라구요! 종류가 많지 않으면 인터넷 비교해보는게 좋을 거 같아요,"[ 0.00522232  0.00703049 -0.03244019 ... -0.04486084 -0.03222656
 -0.00040674]",2,"['구매', '품목', '많다', '백화점', '추천', '종류', '많다', '인터넷', '비교', '좋다']",구매 품목 많다 백화점 추천 종류 많다 인터넷 비교 좋다,0
2515,백화점 생각했는데 댓글 보니까 품목 별루 없으면 인터넷이 나은가부네요,"[ 0.00516891  0.0141449  -0.0350647  ... -0.04632568 -0.0368042
 -0.00068378]",2,"['백화점', '생각', '댓글', '품목', '인터넷']",백화점 생각 댓글 품목 인터넷,0
2516,"큼직한것들은 백화점에서 사고, 자잘한것들은 인터넷으로 구매하려구요!","[ 0.0011301   0.02401733 -0.03353882 ... -0.03717041 -0.05337524
  0.00304031]",2,"['백화점', '사다', '인터넷', '구매']",백화점 사다 인터넷 구매,2
2517,비교해보고 구매할 것 같긴한데 묶음 할인이 많이 되면 오프라인에서 구매할 것 같아요,"[ 0.00443649  0.01313019 -0.03683472 ... -0.02859497 -0.04016113
  0.00256729]",2,"['비교', '구매', '묶음', '할인', '오프라인', '구매']",비교 구매 묶음 할인 오프라인 구매,0
2518,중요한 것들은 백화점. 자잘한 것들은 인터넷 해서 효율적인 게 나은 것 같습니다-!,"[ 0.01618958  0.01605225 -0.03619385 ... -0.03811646 -0.04992676
 -0.00624084]",2,"['중요', '백화점', '인터넷', '효율']",중요 백화점 인터넷 효율,2
2519,저도 이거 토론방에 올렸었는데 ㅋㅋ 대부분 오프라인으로 가서 구매하시는거 같더라구요,"[ 0.00103569  0.00988007 -0.01994324 ... -0.03305054 -0.02270508
  0.00448608]",2,"['토론방', '올리다', '부분', '오프라인', '구매']",토론방 올리다 부분 오프라인 구매,1
2520,좀 중요한건 백화점 가서 보고 나머지는 인터넷이요!,"[ 0.00069237  0.01612854 -0.02780151 ... -0.02973938 -0.03817749
 -0.00847626]",2,"['중요', '백화점', '나머지', '인터넷']",중요 백화점 나머지 인터넷,2
2521,저는 백화점에서 구매했는데 품목이 별로 없으시면 인터넷 구매가 가장 저렴할 것 같아요!,"[-0.00773621  0.01713562 -0.04241943 ... -0.02694702 -0.04797363
  0.0051651 ]",2,"['백화점', '구매', '품목', '인터넷', '구매', '저렴하다']",백화점 구매 품목 인터넷 구매 저렴하다,2
2522,백화점이 이거저거 챙겨주고 배송도 몰아줘서 편하긴한데 프리미엄라인말고 기본에 꼼꼼하게 챙기면 오프라인이 이득일거같아요,"[ 0.01031494  0.00697327 -0.03393555 ... -0.03579712 -0.03607178
  0.00559235]",2,"['백화점', '챙기다', '배송', '몰다', '편하다', '프리미엄', '라인', '말', '기본', '챙기다', '오프라인', '이득']",백화점 챙기다 배송 몰다 편하다 프리미엄 라인 말 기본 챙기다 오프라인 이득,2
2523,아에 전부다 오프라인으로 견적받아보는게 다품목할인으로 더 저렴할거같아요,"[ 0.0063591   0.03417969 -0.02244568 ... -0.02478027 -0.04559326
  0.00531769]",2,"['오프라인', '견적', '품목', '할인', '저렴하다']",오프라인 견적 품목 할인 저렴하다,0
2524,오프라인에서 묶어서 사는게 이득이엇어요,"[ 0.0221405   0.03741455 -0.03170776 ... -0.01302338 -0.03604126
 -0.01009369]",2,"['오프라인', '묶다', '사다', '이득']",오프라인 묶다 사다 이득,1
2525,오프라인으로 묶어서 구매하려구요 ! 근데 별로 안사면 인터넷이 더 싸다고 하더라구요 !,"[-0.00904083  0.03424072 -0.03713989 ... -0.01565552 -0.0380249
 -0.00656128]",2,"['오프라인', '묶다', '구매', '사다', '인터넷', '싸다']",오프라인 묶다 구매 사다 인터넷 싸다,1
2526,전 우선 오프라인 상담 받고 고민해볼듯용,"[-0.00252914  0.02478027 -0.0038662  ... -0.03356934  0.00203896
 -0.00583267]",2,"['오프라인', '상담', '고민']",오프라인 상담 고민,0
2527,공홈보다는 오프라인으로 직접 매장 직원과 얘기하면서 할인 팍팍 받을 것 같아요,"[ 0.00422668  0.01803589 -0.0206604  ... -0.02287292 -0.04232788
 -0.00121593]",2,"['오프라인', '매장', '직원', '얘기', '할인']",오프라인 매장 직원 얘기 할인,2
2528,저희는 오프라인매장가서 상담받고 진행햇어요,"[ 0.02043152  0.01991272 -0.01381683 ... -0.02813721 -0.02566528
 -0.0078125 ]",2,"['오프라인', '매장', '상담', '진행']",오프라인 매장 상담 진행,0
2529,오프라인 가서 상담 받고 괜찮으면 온라인으로 할래요,"[ 0.00231743  0.0234375  -0.00902557 ... -0.03408813 -0.01277924
 -0.00286674]",2,"['오프라인', '상담', '괜찮다', '온라인']",오프라인 상담 괜찮다 온라인,1
2530,오프라인 매장에서 한번에 사는게 더 저렴했어요,"[ 0.01325226  0.04144287 -0.02453613 ... -0.01287842 -0.04229736
 -0.00462341]",2,"['오프라인', '매장', '사다', '저렴하다']",오프라인 매장 사다 저렴하다,1
2531,오프라인 매장이 혜택 많이 주는 거 같아서 오프라인 매장이요!,"[ 0.01913452  0.02719116 -0.03240967 ... -0.02166748 -0.04885864
  0.0013628 ]",2,"['오프라인', '매장', '혜택', '오프라인', '매장']",오프라인 매장 혜택 오프라인 매장,2
2532,오프라인 묶어사기요! 800이상깎아주더라고요,"[ 0.00231552  0.02612305 -0.03530884 ... -0.01344299 -0.03009033
 -0.00531769]",2,"['오프라인', '묶다', '사기', '이상', '깎다']",오프라인 묶다 사기 이상 깎다,1
2533,일단 오프라인 가서 상담 받아보고 견적 비교해보시면 어떨까요?!,"[-0.00632477  0.02503967 -0.02038574 ... -0.04348755 -0.02098083
  0.00845337]",2,"['오프라인', '상담', '견적', '비교']",오프라인 상담 견적 비교,0
2534,저는 온라인으로 그냥 따로 샀어용 한꺼번에 못사서ㅠㅠ,"[ 0.00030398  0.02253723 -0.01139832 ... -0.0300293  -0.03701782
  0.00662231]",2,"['온라인', '사다', '사다']",온라인 사다 사다,1
2535,저는 우선 오프라인 매장에서 직접 보고 견적 뽑아본다음 온라인 혜택 두개 비교해서 결정할 것같네요,"[-0.00407028  0.02313232 -0.02264404 ... -0.03652954 -0.03271484
 -0.00341415]",2,"['오프라인', '매장', '견적', '다음', '온라인', '혜택', '비교', '결정']",오프라인 매장 견적 다음 온라인 혜택 비교 결정,0
2536,저는 오프라인 매장에서 풀세트로 맞췄어요!,"[ 0.01483154  0.01602173 -0.03585815 ... -0.01246643 -0.05935669
 -0.0028038 ]",2,"['오프라인', '매장', '세트', '맞추다']",오프라인 매장 세트 맞추다,2
2537,오프라인으로 가서 직접보는게중요한거같아여,"[ 0.01522064  0.02737427 -0.01091003 ... -0.02650452 -0.01223755
 -0.00098705]",2,"['오프라인', '중요']",오프라인 중요,1
2538,오프라인 매장이랑 백화점 가보려고합니다 ㅎ,"[ 0.01134491  0.02719116 -0.01330566 ... -0.0395813  -0.04348755
 -0.0111084 ]",2,"['오프라인', '매장', '백화점']",오프라인 매장 백화점,2
2539,전 브랜드 안따져서 온라인으로 구매후기좋은 중고브랜드로 많이 했어요ㅋㅋ,"[-0.00810242  0.00481033 -0.029953   ... -0.02880859 -0.03887939
 -0.01319122]",2,"['브랜드', '따지다', '온라인', '구매', '후기', '좋다', '중', '고', '브랜드']",브랜드 따지다 온라인 구매 후기 좋다 중 고 브랜드,1
2540,저는 온라인에서 따로따로 사는게 더 싼 거 같아서 온라인에서 구매했어용 ㅎㅎ,"[-0.00476456  0.0369873  -0.02172852 ... -0.01782227 -0.04223633
  0.00178528]",2,"['온라인', '사다', '싸다', '온라인', '구매']",온라인 사다 싸다 온라인 구매,1
2541,오프라인 매장에서 한번에 사는게 더 저럄하대요!,"[-1.52587891e-05  4.25720215e-02 -2.59552002e-02 ... -2.18048096e-02
 -4.64477539e-02 -3.73268127e-03]",2,"['오프라인', '매장', '사다', '저럄']",오프라인 매장 사다 저럄,2
2542,그런 과정이 피곤하지 않으시면 일단 돌면서 실물 보고 온라인가격비교해서 더 저렴한쪽이요!,"[-0.00654984  0.01826477 -0.02331543 ... -0.04266357 -0.02398682
 -0.00685501]",2,"['과정', '피곤', '돌다', '실물', '온라인', '가격', '비교', '저렴하다']",과정 피곤 돌다 실물 온라인 가격 비교 저렴하다,1
2543,품목이 많지 않다면 온라인매장! 다품목예정이면 오프라인 추천드립니다!,"[ 0.00118256  0.01147461 -0.03286743 ... -0.03253174 -0.03111267
 -0.00990295]",2,"['품목', '많다', '온라인', '매장', '품목', '예정', '오프라인', '추천', '드리다']",품목 많다 온라인 매장 품목 예정 오프라인 추천 드리다,0
2544,저는 조금씩 채울 생각이라 오프라인 보고 온라인에서 살려고요!,"[-0.00423813  0.03921509 -0.01374054 ... -0.03118896 -0.03259277
 -0.0113678 ]",2,"['채우다', '생각', '오프라인', '온라인', '살다']",채우다 생각 오프라인 온라인 살다,1
2545,온라인구매로 알아보는게 더 가성비있을듯 합니다 ㅎㅎ,"[-0.00105476  0.03625488 -0.0279541  ... -0.04229736 -0.02314758
 -0.00026393]",2,"['온라인', '구매', '알아보다', '가성비']",온라인 구매 알아보다 가성비,1
2546,"저라면, 온라인으로 알아보고, 구매할거 같아요~","[ 0.01293945  0.02598572 -0.02934265 ... -0.04144287 -0.03053284
 -0.00339317]",2,"['온라인', '알아보다', '구매']",온라인 알아보다 구매,0
2547,온라인이 좀 더 가성비있는거 같더라구요!,"[-2.49743462e-05  3.39050293e-02 -1.92108154e-02 ... -3.09753418e-02
 -2.01568604e-02 -1.10778809e-02]",2,"['온라인', '가성비']",온라인 가성비,1
2548,저 세 품목 다 온라인으로 구매했어요! 온라인 가격 무시 못하겠더라구요..ㅎㅎ,"[ 0.00489426  0.02842712 -0.03448486 ... -0.01318359 -0.04568481
 -0.02053833]",2,"['품목', '온라인', '구매', '온라인', '가격', '무시']",품목 온라인 구매 온라인 가격 무시,0
2549,온라인이 제일 싼 거 같아요 ㅎㅎ 손품은 팔아야겟지만요,"[-0.00482941  0.02615356 -0.03182983 ... -0.02883911 -0.03250122
  0.0131073 ]",2,"['온라인', '싸다', '팔다']",온라인 싸다 팔다,0
2550,온라인이 더 가성비 좋은 것 같아용! 온라인 추천이용,"[ 0.00046039  0.0369873  -0.03347778 ... -0.03451538 -0.0164032
 -0.00891113]",2,"['온라인', '가성비', '좋다', '온라인', '추천']",온라인 가성비 좋다 온라인 추천,1
2551,패키지로 구매하는게 아니라면 온라인이 훨씬 싸더라고요,"[ 0.00511932  0.03872681 -0.03347778 ... -0.0259552  -0.03131104
 -0.00634766]",2,"['패키지', '구매', '온라인', '싸다']",패키지 구매 온라인 싸다,1
2552,온라인으로 사는 거 추천이요! 사고 싶은 제품 오프라인에서 슬쩍 보구요 ㅎㅎ,"[-0.01644897  0.02496338 -0.0224762  ... -0.03146362 -0.03076172
 -0.02011108]",2,"['온라인', '사다', '추천', '사다', '제품', '오프라인']",온라인 사다 추천 사다 제품 오프라인,1
2553,가성비로 결정했다면 온라인이 나을 거 같아요~!,"[-0.00157356  0.02700806 -0.02835083 ... -0.03915405 -0.02308655
 -0.00812531]",2,"['가성비', '결정', '온라인']",가성비 결정 온라인,1
2554,품목 안많으시면 무조건 온라인이 나을거같아요,"[-0.00148201  0.01314545 -0.0227356  ... -0.03948975 -0.02482605
 -0.00104141]",2,"['품목', '많다', '온라인']",품목 많다 온라인,0
2555,아마 온라인이 더 저렴하지 않을까 싶어요 저도 아직 알아보진 않았지만 ㅠㅠ,"[-0.00651169  0.02345276 -0.0300293  ... -0.03967285 -0.01960754
  0.00150013]",2,"['온라인', '저렴하다', '알아보다']",온라인 저렴하다 알아보다,1
2556,오프라인 프로모션 있는거 확인해보고 비교 할 것 같아요!,"[ 0.00580978  0.01174927 -0.02130127 ... -0.03695679 -0.03152466
 -0.01878357]",2,"['오프라인', '프로모션', '확인', '비교']",오프라인 프로모션 확인 비교,0
2557,풀세트 아니시면 온라인이 나을거 같아요,"[ 0.01075745  0.00750732 -0.02519226 ... -0.04190063 -0.02842712
  0.00868225]",2,"['세트', '온라인']",세트 온라인,1
2558,저는 매장에서 직접 보고 온라인이랑 비교해서 온라인 구매하고는 했어요!,"[ 0.00839233  0.01520538 -0.02322388 ... -0.02677917 -0.03903198
 -0.01011658]",2,"['매장', '온라인', '비교', '온라인', '구매']",매장 온라인 비교 온라인 구매,0
2559,가성비로 할 생각이면 온라인이 더 저렴할듯합니당,"[ 0.00555801  0.03887939 -0.0302887  ... -0.04199219 -0.02130127
  0.0039978 ]",2,"['가성비', '생각', '온라인', '저렴하다']",가성비 생각 온라인 저렴하다,1
2560,저렇게 몇 개만 구매하시는거면 온라인 최저가 알아볼 것 같아요~,"[ 0.00315475  0.03448486 -0.03283691 ... -0.03527832 -0.01856995
  0.00363159]",2,"['구매', '온라인', '최저', '알아보다']",구매 온라인 최저 알아보다,0
2561,가성비로 온라인에서 따로 핫딜뜨는거찾아 구매하면 저렴하다더라구요~,"[ 0.00087118  0.02644348 -0.0275116  ... -0.02870178 -0.02792358
  0.00339317]",2,"['가성비', '온라인', '뜨다', '찾다', '구매', '저렴하다']",가성비 온라인 뜨다 찾다 구매 저렴하다,1
2562,3가지 품목이라면 저는 온라인으로 구매할 것 같습니당~!,"[ 0.01264954  0.02401733 -0.0402832  ... -0.03027344 -0.03857422
 -0.02037048]",2,"['품목', '온라인', '구매']",품목 온라인 구매,0
2563,풀세트 아니라서 온라인이 좋을 것 같아요 ㅎ,"[ 1.37634277e-02  1.31835938e-02 -2.38647461e-02 ... -3.76892090e-02
 -3.23791504e-02  6.78300858e-05]",2,"['세트', '온라인', '좋다']",세트 온라인 좋다,1
2564,매장 가서 직접 비교해 보시고 몇 개 안 사시면 언라인이영,"[ 0.00632477  0.01696777 -0.0280304  ... -0.02983093 -0.01500702
  0.00133228]",2,"['매장', '비교', '사다', '얼다', '라인']",매장 비교 사다 얼다 라인,2
2565,저는 오프라인에서 한번에 살 생각입니다 !,"[-0.00295067  0.03022766 -0.01561737 ... -0.01861572 -0.04055786
 -0.01914978]",2,"['오프라인', '사다', '생각']",오프라인 사다 생각,1
2566,저는 발품 팔나서 오프라인에서 합니다!,"[-0.00953674  0.02653503 -0.01853943 ... -0.02613831 -0.0463562
 -0.01127625]",2,"['발품', '팔다', '나서다', '오프라인']",발품 팔다 나서다 오프라인,0
2567,오프라인으로 견적내고 온라인도 한번 쓱 둘러볼래요,"[-0.00292397  0.04284668 -0.00885773 ... -0.03610229 -0.0289917
 -0.00720978]",2,"['오프라인', '견적', '내다', '온라인', '둘러보다']",오프라인 견적 내다 온라인 둘러보다,0
2568,온라인으로 먼저 알아보고 오프라인도 보러가려구요!,"[-0.00225067  0.02912903 -0.00691986 ... -0.03091431 -0.01485443
 -0.0189209 ]",2,"['온라인', '알아보다', '오프라인']",온라인 알아보다 오프라인,0
2569,저는 모두 온라인으로 구매했어요. 온라인이 저렴하더라구요,"[ 0.00216866  0.02252197 -0.03640747 ... -0.02285767 -0.03674316
 -0.0005188 ]",2,"['온라인', '구매', '온라인']",온라인 구매 온라인,1
2570,같은 제품에 온라인이 싸면 온라인에서 할 것 같아요 ㅎ,"[ 0.00873566  0.03546143 -0.02455139 ... -0.03607178 -0.02149963
 -0.00551605]",2,"['제품', '온라인', '싸다', '온라인']",제품 온라인 싸다 온라인,1
2571,오프라인에서 보고 마음에 드는 게 있으면 온라인으로 가격비교하고 샀어요!,"[-7.00950623e-05  2.08892822e-02 -2.19116211e-02 ... -9.56726074e-03
 -3.34777832e-02 -2.20642090e-02]",2,"['오프라인', '마음', '온라인', '가격', '비교', '사다']",오프라인 마음 온라인 가격 비교 사다,0
2572,풀 세트로 사신다면 오프라인으로 묶어서 할인 많이 받아서 사세요!,"[ 0.00632858  0.03515625 -0.03839111 ... -0.01615906 -0.04849243
  0.0109787 ]",2,"['세트', '사다', '오프라인', '묶다', '할인', '사다']",세트 사다 오프라인 묶다 할인 사다,1
2573,오프라인으로 봤는데 저희는 여러가지안사서그런지? 할인폭도크지않고 그래서 인터넷으로 저렴히주문했어여~,"[ 0.00578308  0.02404785 -0.03695679 ... -0.01966858 -0.04290771
 -0.01280212]",2,"['오프라인', '사다', '할인', '크다', '인터넷', '주문']",오프라인 사다 할인 크다 인터넷 주문,2
2574,할인 많이 되는 쪽으로요! 오프라인에서 한번 보고 온라인 주문도 추천이요,"[-0.00154591  0.01541138 -0.02142334 ... -0.02545166 -0.0213623
  0.00557709]",2,"['할인', '오프라인', '온라인', '주문', '추천']",할인 오프라인 온라인 주문 추천,1
2575,기가인터넷 속도 500메가 덕분에 온라인 회의도 끊김 없이 잘 돼서 만족합니다.,"[ 0.01244354  0.04104614 -0.0098877  ... -0.01895142 -0.04217529
  0.01675415]",2,"['기', '인터넷', '속도', '덕분', '온라인', '회의', '끊기다', '만족']",기 인터넷 속도 덕분 온라인 회의 끊기다 만족,2
2576,5품목이면 오프라인 견적이랑 온라인 가격이랑 비교해볼꺼 같아요,"[ 0.01082611  0.01803589 -0.03077698 ... -0.03543091 -0.02758789
 -0.00627899]",2,"['품목', '오프라인', '견적', '온라인', '가격', '비교']",품목 오프라인 견적 온라인 가격 비교,0
2577,큼직한 몇가지만 사면 인터넷이 저렴하고 여러개 다 장만하면 오프라인이 낫다고해요!,"[-0.0107193   0.03945923 -0.03781128 ... -0.0375061  -0.02441406
  0.00970459]",2,"['사다', '인터넷', '장만', '오프라인']",사다 인터넷 장만 오프라인,1
2578,"묶어서 캐시백, 할인 받아서 오프라인에서 했습니당","[ 0.01922607  0.0267334  -0.01843262 ... -0.01193237 -0.027771
 -0.00909424]",2,"['묶다', '캐시백', '할인', '오프라인']",묶다 캐시백 할인 오프라인,1
2579,"한방에 구매하면 오프라인요! 배송도 한방에 되니까여,,","[-0.00276566  0.02908325 -0.02348328 ... -0.01500702 -0.04467773
 -0.01534271]",2,"['구매', '오프라인', '배송']",구매 오프라인 배송,1
2580,품목마다 인터넷가와 오프라인 한번에 견적받은거 비교해봤는데 한번에 오프라인으로 사는게 배송도 편하고 저렴해서 매장에서샀어유,"[ 0.00430679  0.03729248 -0.02711487 ... -0.02981567 -0.03466797
 -0.00099754]",2,"['품목', '인터넷', '오프라인', '견적', '비교', '오프라인', '사다', '배송', '편하다', '매장', '사다']",품목 인터넷 오프라인 견적 비교 오프라인 사다 배송 편하다 매장 사다,2
2581,오프라인으로 발품팔아서 구매했어요! 발품 파니깐 가격차이 꽤 나더라구요,"[-0.00644302  0.03234863 -0.02667236 ... -0.02189636 -0.03527832
 -0.01313019]",2,"['오프라인', '발품', '팔다', '구매', '발품', '팔다', '가격', '차이']",오프라인 발품 팔다 구매 발품 팔다 가격 차이,0
2582,저는 오프라인에서 직접 본 다음 설명듣고 구매했습니다!,"[ 0.01646423  0.02462769 -0.0252533  ... -0.0107193  -0.03189087
 -0.01869202]",2,"['오프라인', '다음', '설명', '구매']",오프라인 다음 설명 구매,0
2583,오프라인에서 발품팔아 구매했어요! 여러군데 가보는게 좋겟더라구요...정말 가격이 천차만별...,"[-0.00424194  0.02644348 -0.03240967 ... -0.02325439 -0.03894043
 -0.00991058]",2,"['오프라인', '발품', '팔다', '구매', '좋다', '가격', '천차만별']",오프라인 발품 팔다 구매 좋다 가격 천차만별,0
2584,구매하실 게 많으면 오프라인으로 할인 받고 살 거 같아요,"[ 0.00983429  0.02215576 -0.03105164 ... -0.02629089 -0.03631592
 -0.01058197]",2,"['구매', '많다', '오프라인', '할인', '살다']",구매 많다 오프라인 할인 살다,2
2585,저는 구매할게 많았어서 오프라인으로 한번에 쫙 샀습니당 ㅎㅎ,"[ 0.00197601  0.03323364 -0.01679993 ... -0.02183533 -0.03756714
 -0.00344276]",2,"['구매', '많다', '오프라인', '사다']",구매 많다 오프라인 사다,1
2586,요즘앤 오프라인으로 몰아서 사는게 더 싸지 않아융?!,"[-0.00096846  0.03738403 -0.01351166 ... -0.02120972 -0.04620361
 -0.01326752]",2,"['요즘', '오프라인', '몰다', '사다', '싸다']",요즘 오프라인 몰다 사다 싸다,1
2587,프로모션 같은거 따져봐도 인터넷이 저렴하더라구요. 저흰 인터넷이요~ 당연 제품은 오프라인 매장에서 확인 필수구요!,"[-0.00482941  0.01708984 -0.02929688 ... -0.03131104 -0.02171326
 -0.00414658]",2,"['프로모션', '따지다', '인터넷', '인터넷', '제품', '오프라인', '매장', '확인', '필수']",프로모션 따지다 인터넷 인터넷 제품 오프라인 매장 확인 필수,2
2588,오프라인이랑 온라인 둘 다 비교할 것 같은데 실제로 보고 사는 게 제일 좋을 것 같아요,"[ 0.00914764  0.01529694 -0.02679443 ... -0.03842163 -0.02639771
 -0.01110077]",2,"['오프라인', '온라인', '비교', '사다', '좋다']",오프라인 온라인 비교 사다 좋다,0
2589,저희는 오프라인에서 견적받으면서 발품팔고 비교해보고 샀었어요 !,"[-0.0043869   0.03173828 -0.01792908 ... -0.02546692 -0.05056763
 -0.01734924]",2,"['오프라인', '견적', '발품', '팔다', '비교', '사다']",오프라인 견적 발품 팔다 비교 사다,0
2590,저는 오프라인에서 구매하려구요! 보통 연말에 오프라인매장 세일 많이하고 혼수이벤트 하는곳도 많아서 잘 찾아보시면 좋을것같아요,"[ 0.00469589  0.01223755 -0.03735352 ... -0.01977539 -0.03591919
  0.01046753]",2,"['오프라인', '구매', '연말', '오프라인', '매장', '세일', '혼수', '이벤트', '많다', '찾아보다', '좋다']",오프라인 구매 연말 오프라인 매장 세일 혼수 이벤트 많다 찾아보다 좋다,2
2591,저희는 오프라인매장에서 견적받아보려구요~,"[ 0.01381683  0.04196167 -0.02372742 ... -0.03356934 -0.04602051
 -0.01364899]",2,"['오프라인', '매장', '견적']",오프라인 매장 견적,0
2592,단품이라면 인터넷이고 아니라면 매장가서 살거같아요,"[ 0.01042175  0.01037598 -0.01649475 ... -0.03253174 -0.04248047
  0.00274849]",2,"['인터넷', '매장', '살다']",인터넷 매장 살다,2
2593,각개격파 낱개사면 인터넷 많이사면 오프라인이좋아요 저도2100구매후 구도없이 체감가1360으로구매했어요,"[-0.00058222  0.01747131 -0.05062866 ... -0.03924561 -0.0324707
  0.0322876 ]",2,"['개', '격파', '낱개', '사다', '인터넷', '사다', '오프라인', '좋다', '구매', '구도', '체감', '구매']",개 격파 낱개 사다 인터넷 사다 오프라인 좋다 구매 구도 체감 구매,1
2594,인터넷보다 오프라인이 저렴해서 오프라인 구매했습니다~!,"[ 0.00403214  0.03059387 -0.03582764 ... -0.01558685 -0.04052734
 -0.02430725]",2,"['인터넷', '오프라인', '오프라인', '구매']",인터넷 오프라인 오프라인 구매,0
2595,손품 발품 다 팔아봤는데 저는 구매할때 온라인이 더 저렴해서 온라인으로 주문햇어요!,"[-0.01103973  0.0328064  -0.03607178 ... -0.02714539 -0.04504395
 -0.00269127]",2,"['발품', '팔다', '구매', '온라인', '저렴하다', '온라인', '주문']",발품 팔다 구매 온라인 저렴하다 온라인 주문,1
2596,다품목이면 오프라인이 싸대요 저흰 오프에서 샀습니다,"[ 0.01143646  0.00687027 -0.04403687 ... -0.0308075  -0.03256226
 -0.00688934]",2,"['품목', '오프라인', '싸다', '오프', '사다']",품목 오프라인 싸다 오프 사다,1
2597,같은 브랜드로 하실거면 오프라인 상담받으시는데 훨씬 혜택 좋으실거에요~!,"[-0.01316071  0.02183533 -0.03125    ... -0.04507446 -0.01693726
 -0.00236511]",2,"['브랜드', '오프라인', '상담', '혜택', '좋다']",브랜드 오프라인 상담 혜택 좋다,0
2598,우선 인터넷으로 알아보고 매장가서 견젹받아볼것같아요,"[ 0.00472641  0.01011658 -0.02381897 ... -0.06304932 -0.02285767
  0.00531006]",2,"['인터넷', '알아보다', '매장', '견젹']",인터넷 알아보다 매장 견젹,2
2599,여기저기 매장에 직접 가서 발품 팔아보고 오프라인 온라인견적 비교후에 결정할 것 같아용!,"[-0.00470352  0.03823853 -0.02500916 ... -0.04064941 -0.03356934
 -0.00415039]",2,"['여기저기', '매장', '발품', '팔다', '오프라인', '온라인', '견적', '비교', '결정']",여기저기 매장 발품 팔다 오프라인 온라인 견적 비교 결정,0
2600,직접 가서 보고 맘에 들면 온 오프라인 가격 비교해서 더 싼 곳에서 살 것 같아요,"[ 0.00361061  0.02203369 -0.0206604  ... -0.03189087 -0.0194397
 -0.00971985]",2,"['들다', '오프라인', '가격', '비교', '싸다', '살다']",들다 오프라인 가격 비교 싸다 살다,0
2601,매장에서 견적 여러개 받아서 비교해서 사니까 더 저렴햇어요!,"[ 0.00887299  0.02998352 -0.03302002 ... -0.0269165  -0.04043579
  0.00034046]",2,"['매장', '견적', '비교', '살다', '저렴하다']",매장 견적 비교 살다 저렴하다,0
2602,비교해봐야할것 같은데 아무래도 여러가지를 사면 오프라인도 저렴해지더라구요 ㅎㅎ,"[ 0.00090218  0.02644348 -0.03601074 ... -0.02349854 -0.02668762
 -0.00733185]",2,"['비교', '사다', '오프라인', '저렴하다']",비교 사다 오프라인 저렴하다,1
2603,오프라인 방문해서 견적 받아보고 구매하려구요!,"[ 0.00199127  0.04159546 -0.01911926 ... -0.03305054 -0.04400635
  0.00025439]",2,"['오프라인', '방문', '견적', '구매']",오프라인 방문 견적 구매,0
2604,"저는 오늘의 집, 백화점, 지인 등 통해서 알아보는데 실제로 봤을 때의 느낌은 많이 다르더라구요 직접 봐야해요","[ 0.00370789  0.01887512 -0.01773071 ... -0.0458374  -0.03283691
 -0.02046204]",2,"['오늘', '백화점', '지인', '통하다', '느낌', '다르다']",오늘 백화점 지인 통하다 느낌 다르다,2
2605,여러군데 발품 팔고 비교해서 샀어용~~~ 오프라인이 확실히 내가 원하는 디자인 찾기가 어렵긴 한 것 같아용 ㅍ,"[-0.00092983  0.01939392 -0.02433777 ... -0.03289795 -0.03359985
 -0.00493622]",2,"['발품', '팔다', '비교', '사다', '오프라인', '원하다', '디자인', '찾다']",발품 팔다 비교 사다 오프라인 원하다 디자인 찾다,0
2606,여기저기 오프라인이던 온라인이던 가격비교해보고 저렴한거 살거같아요,"[ 0.00199318  0.02140808 -0.02696228 ... -0.02931213 -0.02464294
 -0.0125351 ]",2,"['여기저기', '오프라인', '온라인', '가격', '비교', '저렴하다', '사다']",여기저기 오프라인 온라인 가격 비교 저렴하다 사다,0
2607,저희는 최신모델로하려고 오프라인으로 진행해요,"[ 0.01420593  0.0305481  -0.0094986  ... -0.01433563 -0.01838684
 -0.02180481]",2,"['최신', '모델', '오프라인', '진행']",최신 모델 오프라인 진행,0
2608,온라인은 해본적이 없지만 오프라인으로 하면 상품권이나 혜택들이 좋아서 오프라인으로 많이 발품 팔아요~,"[-0.00032377  0.01271057 -0.02459717 ... -0.03811646 -0.01959229
 -0.01548767]",2,"['온라인', '오프라인', '상품', '혜택', '좋다', '오프라인', '발품', '팔다']",온라인 오프라인 상품 혜택 좋다 오프라인 발품 팔다,0
2609,저도 오프라인 다녀보고 결국 온라인으로 해서 엄청 저렴하게 구했어요 꼭 신상일 필요가 없으니 온라인으로 구매하는게 현명할수 있어요,"[-0.00524902  0.01974487 -0.0435791  ... -0.00962067 -0.03137207
  0.00387001]",2,"['오프라인', '다니다', '온라인', '저렴하다', '구하다', '신상', '필요', '온라인', '구매', '현명']",오프라인 다니다 온라인 저렴하다 구하다 신상 필요 온라인 구매 현명,1
2610,오프라인 몇군대 돌아보고 구매했어요! 결제금액이랑 최종 금액 이것저것 환급받으면 차이나는데 천차만별이더라고요ㅠㅠ,"[-0.00541687  0.02767944 -0.03192139 ... -0.02558899 -0.02552795
 -0.01509857]",2,"['오프라인', '군대', '돌다', '구매', '결제', '금액', '최종', '금액', '이것저것', '환급', '차이', '천차만별']",오프라인 군대 돌다 구매 결제 금액 최종 금액 이것저것 환급 차이 천차만별,0
2611,그래도 오프라인으로 한번 보고 온라인이싸면 온라인으로 할거같아용,"[ 0.00234222  0.02865601 -0.0121994  ... -0.02922058 -0.01313019
  0.00043893]",2,"['오프라인', '온라인', '싸다', '온라인']",오프라인 온라인 싸다 온라인,1
2612,"오프라인으로 갈려고 했는데 온라인 손품도 팔아야겠군여 ,,!","[-0.02230835  0.03396606 -0.02262878 ... -0.01468658 -0.04125977
 -0.00255394]",2,"['오프라인', '온라인', '팔다']",오프라인 온라인 팔다,0
2613,온라인이나 오프라인 가격은 비슷해요. 단 오프라인은 상품권이나 캐시백 등의 혜택을 적용해야 저렴한 가격이 되어서.. 그런게 번거로우시면 온라인이 좋은거 같아요. 온라인의 단점은 직접 볼수없고 배송일 맞추기도 어려운거 같아여,"[ 0.00430298  0.01998901 -0.03216553 ... -0.02258301 -0.02259827
 -0.00827026]",2,"['온라인', '오프라인', '가격', '비슷하다', '오프라인', '상품', '캐시백', '혜택', '적용', '가격', '온라인', '좋다', '온라인', '단점', '배송', '맞추다']",온라인 오프라인 가격 비슷하다 오프라인 상품 캐시백 혜택 적용 가격 온라인 좋다 온라인 단점 배송 맞추다,0
2614,2-3개만 구입하면 온라인 5개이상이면 오프라인 추천드려요! 오프라인도 할인 혜택 많아서 괜찮습니다,"[ 0.00306892  0.02101135 -0.04440308 ... -0.02111816 -0.01998901
  0.00737381]",2,"['구입', '온라인', '이상', '오프라인', '추천', '드리다', '오프라인', '할인', '혜택', '많다', '괜찮다']",구입 온라인 이상 오프라인 추천 드리다 오프라인 할인 혜택 많다 괜찮다,0
2615,한번에 많이 구입하면 오프라인이 할인되고 하는것같아서 오프라인으로 생각중인데 견적 비교해보긴하려구요,"[ 0.00826263  0.02610779 -0.0440979  ... -0.02870178 -0.03601074
  0.01010132]",2,"['구입', '오프라인', '할인', '오프라인', '생각', '견적', '비교']",구입 오프라인 할인 오프라인 생각 견적 비교,0
2616,오프라인에서 스펙확인하고 온라인으로 살것같아요. 근데 금액이 높거나 갯수가많으면 오프라인이 좀 더 혜택이좋을수도있다고들었어요,"[-0.00418472  0.01087952 -0.03991699 ... -0.03262329 -0.01905823
 -0.01139832]",2,"['오프라인', '스펙', '확인', '온라인', '사다', '금액', '높다', '갯수', '많다', '오프라인', '혜택', '좋다']",오프라인 스펙 확인 온라인 사다 금액 높다 갯수 많다 오프라인 혜택 좋다,0
2617,저는 온라인으로 구매했어요. 은근 이것저것 혜택들이 많더라구요,"[ 0.00569916  0.02365112 -0.02993774 ... -0.0335083  -0.03939819
 -0.00142765]",2,"['온라인', '구매', '은근', '이것저것', '혜택', '많다']",온라인 구매 은근 이것저것 혜택 많다,0
2618,오프라인몇곳이랑 온라인 가격비교해보고 결정할것같아요!,"[ 0.00219727  0.03256226 -0.03086853 ... -0.03442383 -0.02947998
 -0.00810242]",2,"['오프라인', '온라인', '가격', '비교', '결정']",오프라인 온라인 가격 비교 결정,0
2619,전 오프라인으로 구매했어요! 실물보고 고르고싶어서요!,"[-0.00260544  0.02165222 -0.0297699  ... -0.02731323 -0.03634644
 -0.01672363]",2,"['오프라인', '구매', '실물', '고르다']",오프라인 구매 실물 고르다,1
2620,여러개 묶어서 사는거면 오프라인이요! 묶는것보다 온라인견적이 싸면 온라인이구요~,"[ 0.00253677  0.02116394 -0.03967285 ... -0.03001404 -0.02905273
 -0.00115585]",2,"['묶다', '사다', '오프라인', '묶다', '온라인', '견적', '싸다', '온라인']",묶다 사다 오프라인 묶다 온라인 견적 싸다 온라인,1
2621,오프라인으로 견적 받아보고 온라인이랑 비교하고 더 싼곳으로 하려구요!,"[-0.0107193   0.04257202 -0.02174377 ... -0.03515625 -0.02870178
 -0.00824738]",2,"['오프라인', '견적', '온라인', '비교', '싸다']",오프라인 견적 온라인 비교 싸다,0
2622,저는 모두 온라인구매했습니다! 장기 무이자할부가 필요해서요 ㅎㅎ,"[-0.0024395   0.02311707 -0.02891541 ... -0.03460693 -0.07421875
 -0.00445175]",2,"['온라인', '구매', '장기', '이자', '할부', '필요']",온라인 구매 장기 이자 할부 필요,1
2623,온라인 오프라인 비교해서 더 괜찮은곳을 정할꺼같습니다~,"[ 0.007164    0.01925659 -0.0188446  ... -0.04238892 -0.0184021
 -0.03231812]",2,"['온라인', '오프라인', '비교', '괜찮다', '정하다']",온라인 오프라인 비교 괜찮다 정하다,0
2624,온라인에서 보고 오프라인도 찾아가보려구요!,"[-0.00182056  0.02044678 -0.00819397 ... -0.02954102 -0.02287292
 -0.01481628]",2,"['온라인', '오프라인', '찾아가다']",온라인 오프라인 찾아가다,1
2625,둘 다 비교해보고 최저가로 할 것 같아요~ 온라인으로 서치후 오프라인 비교할 것 같아요,"[-0.00365257  0.0128479  -0.02479553 ... -0.04510498 -0.02677917
 -0.00908661]",2,"['비교', '최저', '온라인', '서치', '오프라인', '비교']",비교 최저 온라인 서치 오프라인 비교,0
2626,오프라인가서 직접보고 그 코드명찍어오시고 그러고 온라인에 검색해서 사시는게 젤 저렴하긴해요 ㅋㅋ,"[-0.01174164  0.02003479 -0.0345459  ... -0.03009033 -0.01882935
  0.00543213]",2,"['오프라인', '코드', '찍다', '그러다', '온라인', '검색', '사다']",오프라인 코드 찍다 그러다 온라인 검색 사다,1
2627,오프라인으로 보고 온라인으로 살까시퍼요 ㅎㅎ,"[-0.0005908   0.02867126 -0.01121521 ... -0.03140259 -0.03089905
 -0.01485443]",2,"['오프라인', '온라인', '살까시퍼']",오프라인 온라인 살까시퍼,1
2628,"전 오프라인으로 백화점 가서 구매했어요. 일반 대리점은 카드며, 상조며 영업하려고 해서 그냥 백화점갔습니다.","[ 0.02160645  0.01911926 -0.02461243 ... -0.03134155 -0.04608154
 -0.00943756]",2,"['오프라인', '백화점', '구매', '일반', '대리점', '카드', '상조', '영업', '백화점']",오프라인 백화점 구매 일반 대리점 카드 상조 영업 백화점,2
2629,저는 오프라인도 보고 온라인도 봤는데 인터넷 최저가로 한 품목 씩 구매했어요,"[-0.00524521  0.01476288 -0.0335083  ... -0.01498413 -0.03219604
 -0.00959015]",2,"['오프라인', '온라인', '인터넷', '최저', '품목', '구매']",오프라인 온라인 인터넷 최저 품목 구매,0
2630,한번에 여러개 구매할 예정이라 오프라인으로 구매할거같아요!,"[ 0.0055542   0.04223633 -0.0345459  ... -0.01113892 -0.03973389
 -0.00490189]",2,"['구매', '예정', '오프라인', '구매']",구매 예정 오프라인 구매,1
2631,저는 온라인에서 좀 더 저렴하게 구매할 거 같아요,"[-0.00251007  0.03646851 -0.02688599 ... -0.02737427 -0.03518677
 -0.02713013]",2,"['온라인', '저렴하다', '구매']",온라인 저렴하다 구매,1
2632,저희는 오프라인으로 구경하고 특가로 온라인 구매 했습니다,"[ 0.01174164  0.04003906 -0.01591492 ... -0.01106262 -0.0447998
 -0.02932739]",2,"['오프라인', '구경', '특가', '온라인', '구매']",오프라인 구경 특가 온라인 구매,1
2633,발품 팔아보시는거 추천이여! 은근 백화점이 할인 많이 될 때가 있어서 베샵만 가기엔 아쉬우실거에여ㅠ,"[ 0.00105667  0.02639771 -0.01765442 ... -0.05056763 -0.04614258
  0.01502991]",2,"['발품', '팔다', '추천', '은근', '백화점', '할인']",발품 팔다 추천 은근 백화점 할인,0
2634,저 거의 대부분 인터넷으로 샀는데 8개월째 아주 잘쓰고있어요! 인터넷으로 사도 품질이 떨어지거나 그런건 전혀없구 같은 제품이면 저렴하게 구입하는게 훨씬 합리적이죵 보통 혼수를 여자가하니까 좀 질이 안좋으면 신부님 욕먹을까봐 걱정하시는것같은데 ㅠㅠ 좋은 제품도 많아용 부모님이 계속 걱정하시면 저는 그냥 매장에서 사는것처럼 말씀만 드리고 인터넷 구매 할것같아요~! 신랑도 동의한다묜요!,"[ 0.01248169  0.03701782 -0.04785156 ... -0.04055786 -0.02418518
  0.01583862]",2,"['부분', '인터넷', '사다', '쓰다', '인터넷', '사다', '품질', '떨어지다', '제품', '저렴하다', '구입', '합리', '혼수', '여자', '좋다', '신부', '욕먹다', '걱정', '좋다', '제품', '많다', '부모', '걱정', '매장', '사다', '말씀', '드리다', '인터넷', '구매', '신랑', '동의']",부분 인터넷 사다 쓰다 인터넷 사다 품질 떨어지다 제품 저렴하다 구입 합리 혼수 여자 좋다 신부 욕먹다 걱정 좋다 제품 많다 부모 걱정 매장 사다 말씀 드리다 인터넷 구매 신랑 동의,2
2635,인터넷이 훨씬 싸요! 매장가서 앉아 보고 누워보고 보고와서 똑같은 제품으로 인터넷 사시는걸 추천힙니다!,"[-0.00481796  0.02728271 -0.03869629 ... -0.0406189  -0.02297974
  0.00761414]",2,"['인터넷', '싸다', '매장', '앉다', '똑같다', '제품', '인터넷', '사다', '추천']",인터넷 싸다 매장 앉다 똑같다 제품 인터넷 사다 추천,2
2636,백화점가서할인받아서 구매하는게 온라인보다더저렴할때두많아용,"[ 0.01507568  0.03347778 -0.03030396 ... -0.02998352 -0.04125977
 -0.01594543]",2,"['백화점', '할인', '구매', '온라인', '저렴하다', '많다']",백화점 할인 구매 온라인 저렴하다 많다,2
2637,백화점이 아니더라도 오프라인에서 구매하는 게 혜택이 더 좋더라고요. 다품목이면,"[ 0.00789642  0.01800537 -0.04785156 ... -0.03216553 -0.05178833
 -0.01151276]",2,"['백화점', '오프라인', '구매', '혜택', '좋다', '품목']",백화점 오프라인 구매 혜택 좋다 품목,0
2638,개수가 많지 않으니 온라인이 가격적인 면에서 낫더라고요,"[ 0.00411987  0.02714539 -0.0271759  ... -0.02587891 -0.03012085
 -0.00618744]",2,"['개수', '많다', '온라인', '가격']",개수 많다 온라인 가격,0
2639,저는 가격 경쟁력 때문에 온라인을 더 선호하는 편입니다. 온라인에 한표요!,"[-0.0038662   0.02099609 -0.02919006 ... -0.03005981 -0.04425049
 -0.00547409]",2,"['가격', '경쟁력', '온라인', '선호', '온라인']",가격 경쟁력 온라인 선호 온라인,1
2640,온라인이랑 금액이 상이해서 결제 수단같은거 확인해보고 비교해보세요!,"[ 0.00716782  0.02893066 -0.02127075 ... -0.02920532 -0.03781128
 -0.01318359]",2,"['온라인', '금액', '결제', '수단', '확인', '비교']",온라인 금액 결제 수단 확인 비교,0
2641,오프라인에서 발품 팔아서 하는 게 좋은 거 같아요,"[ 0.00306702  0.03149414 -0.02032471 ... -0.03225708 -0.03829956
 -0.01200867]",2,"['오프라인', '발품', '팔다', '좋다']",오프라인 발품 팔다 좋다,0
2642,품목 몇개안되면 필요한것만 온라인으로 하는게 낫더라구요,"[ 0.00928497  0.02964783 -0.02667236 ... -0.02888489 -0.02461243
 -0.00796509]",2,"['품목', '필요', '온라인']",품목 필요 온라인,1
2643,온라인 오프라인 둘다 견적 받아서 더 큰쪽으로 할거같아요!,"[-0.00950623  0.03512573 -0.02191162 ... -0.02954102 -0.02822876
 -0.00283623]",2,"['온라인', '오프라인', '견적', '크다']",온라인 오프라인 견적 크다,0
2644,한번에 구매할거면 오프라인 혜택 받는게 나은거 같아요..,"[ 0.00618744  0.03076172 -0.03042603 ... -0.02386475 -0.04187012
 -0.00976562]",2,"['구매', '오프라인', '혜택']",구매 오프라인 혜택,0
2645,저라면 무조건 온라인이요ㅋㅋ 백화점 비싸기만해용,"[ 0.00182152  0.02618408 -0.02160645 ... -0.03918457 -0.04067993
  0.01064301]",2,"['온라인', '백화점', '비싸다']",온라인 백화점 비싸다,2
2646,여러개면 아묻따 오프라인입니다 발품 팔아보세요 ㅎㅎ,"[-0.00817871  0.02879333 -0.01876831 ... -0.02861023 -0.02505493
 -0.00306702]",2,"['아묻따', '오프라인', '발품', '팔다']",아묻따 오프라인 발품 팔다,0
2647,저도 온라인에서 필요한 것만 주문하려고 생각중입니다.,"[-0.00559616  0.04806519 -0.01247406 ... -0.01044464 -0.03991699
 -0.01096344]",2,"['온라인', '필요', '주문', '생각']",온라인 필요 주문 생각,1
2648,저는 오프라인에서 가격비교해보고 인터넷최저가로 구입할거같아요~!,"[-0.01169586  0.02735901 -0.03286743 ... -0.02333069 -0.04016113
 -0.01196289]",2,"['오프라인', '가격', '비교', '인터넷', '최저', '구입']",오프라인 가격 비교 인터넷 최저 구입,0
2649,오프라인에서 한번에 해야 최신형 할인도 커요,"[ 0.01130676  0.03552246 -0.0259552  ... -0.01530457 -0.02546692
 -0.0044632 ]",2,"['오프라인', '최신', '할인', '크다']",오프라인 최신 할인 크다,2
2650,오프라인으로 혜택받아서 한번에 사는게 나아요!,"[-0.00023472  0.03726196 -0.02125549 ... -0.01902771 -0.04406738
 -0.01594543]",2,"['오프라인', '혜택', '사다']",오프라인 혜택 사다,2
2651,많이 구매하시면 매장이 훨싸고 몇개 안사시면 단품으로 구매하는게 싸요! 저는 임직원가로 살 수 있어서 인터넷 최저가보다 싸게 살 수 있음에도 불구하고 매장 상담 받아보니.. 여러개 묶어서 살 때 거의 임직원가 뺨치게 싸더라구요?! 단 물건 많이 살 때 한정입니다! 발품 많이 파세용,"[-0.0013752   0.02952576 -0.03829956 ... -0.01721191 -0.02690125
  0.02932739]",2,"['구매', '매장', '싸다', '사다', '구매', '싸다', '임직원', '살다', '인터넷', '최저', '싸다', '사다', '매장', '상담', '묶다', '사다', '임직원', '뺨', '치다', '싸다', '물건', '사다', '한정', '발품', '파']",구매 매장 싸다 사다 구매 싸다 임직원 살다 인터넷 최저 싸다 사다 매장 상담 묶다 사다 임직원 뺨 치다 싸다 물건 사다 한정 발품 파,1
2652,두개 세개 사는건 온라인 좋고 8개 10개이면 오프라인이 좋아요,"[ 0.01924133  0.01546478 -0.03488159 ... -0.02478027 -0.0271759
  0.0139389 ]",2,"['사다', '온라인', '좋다', '오프라인', '좋다']",사다 온라인 좋다 오프라인 좋다,1
2653,조금 힘들어도 오프라인 상담해보고 가격비교해서 온라인으로 사볼거같아요!,"[-0.00968933  0.02322388 -0.0236969  ... -0.03491211 -0.03146362
 -0.00596619]",2,"['힘들다', '오프라인', '상담', '가격', '비교', '온라인', '사다']",힘들다 오프라인 상담 가격 비교 온라인 사다,0
2654,꼭 필요한것만살거라서 가격비교해보고 온라인으로살것같아요,"[ 0.01470184  0.03848267 -0.02806091 ... -0.01818848 -0.03268433
 -0.02740479]",2,"['필요', '사다', '가격', '비교', '온라인', '사다']",필요 사다 가격 비교 온라인 사다,1
2655,오프라인에서 한번에 구매하는게 할인율이커서 좋을꺼같아요!,"[-0.0009017   0.03536987 -0.0362854  ... -0.02194214 -0.03848267
 -0.00515366]",2,"['오프라인', '구매', '할인', '크다', '좋다']",오프라인 구매 할인 크다 좋다,2
2656,품목수가 적어서 온라인으로 싸게 사려구여,"[-0.00155067  0.03900146 -0.02281189 ... -0.02046204 -0.02639771
 -0.01288605]",2,"['품목', '적다', '온라인', '싸다', '사다']",품목 적다 온라인 싸다 사다,0
2657,저도 일단 오프라인에서 견적 받고 온라인 가격이랑도 열심히 비교 중입니다 동일한 모델이면 가격 저렴한 곳에서 구매하려고요,"[-0.00125217  0.02880859 -0.03210449 ... -0.01837158 -0.03314209
  0.0023365 ]",2,"['오프라인', '견적', '온라인', '가격', '비교', '동일', '모델', '가격', '저렴하다', '구매']",오프라인 견적 온라인 가격 비교 동일 모델 가격 저렴하다 구매,0
2658,저는 백화점에서 다품목할인 받았더니 인터넷보다 싸더라구요. 여러개 사셔야하면 백화점도 가보세요,"[ 0.00423431  0.01468658 -0.04345703 ... -0.02908325 -0.0451355
  0.00359344]",2,"['백화점', '품목', '할인', '인터넷', '싸다', '사다', '백화점']",백화점 품목 할인 인터넷 싸다 사다 백화점,2
2659,저는 온라인이 좋은데 남친이 무조건 실물 봐야한대용,"[-0.00769424  0.02095032 -0.02655029 ... -0.03265381 -0.03016663
  0.00150585]",2,"['온라인', '좋다', '남친', '실물']",온라인 좋다 남친 실물,1
2660,오프라인으로 여러군데 다녀보고 골랐어용,"[ 0.01203156  0.02281189 -0.01994324 ... -0.01599121 -0.01528168
 -0.02175903]",2,"['오프라인', '다니다', '고르다']",오프라인 다니다 고르다,0
2661,실물로 보고 괜찮으면 온라인으로 사도 될거 같아요!,"[ 0.00382423  0.02282715 -0.02433777 ... -0.03488159 -0.03579712
 -0.00015068]",2,"['실물', '괜찮다', '온라인', '사다']",실물 괜찮다 온라인 사다,1
2662,저는 온라인에서 하나씩 줍줍했습니다 ㅎㅎ 잘쓰고잇어요,"[-0.0012722   0.02210999 -0.01183319 ... -0.03079224 -0.0328064
 -0.00366592]",2,"['온라인', '쓰다']",온라인 쓰다,1
2663,"오프라인도 돌긴 했지만, 임직원몰에서 샀어용","[-0.00835419  0.01850891 -0.03482056 ... -0.01102448 -0.0534668
  0.00027895]",2,"['오프라인', '돌다', '임직원', '사다']",오프라인 돌다 임직원 사다,1
2664,그래도 직접보는 오프라인으로 보고 온라인이랑 겸할거 같아요,"[ 0.00552368  0.03320312 -0.00508118 ... -0.03543091 -0.01968384
  0.00859833]",2,"['오프라인', '온라인', '겸하다']",오프라인 온라인 겸하다,1
2665,오프라인으로 보고 저렴한건 온라인으로 사고 ㅋㅋ 섞어샀어요,"[-0.00497437  0.02815247 -0.01280975 ... -0.01276398 -0.02575684
 -0.01329803]",2,"['오프라인', '저렴하다', '온라인', '사고', '섞다', '사다']",오프라인 저렴하다 온라인 사고 섞다 사다,1
2666,오프라인으로 보고 온라인 섞어서 살 예정입니다 ㅎㅎ,"[-0.00502014  0.03108215 -0.00905609 ... -0.0188446  -0.03292847
 -0.00471115]",2,"['오프라인', '온라인', '섞다', '사다', '예정']",오프라인 온라인 섞다 사다 예정,1
2667,저렴하긴 온라인인데 직접 보고 고르는 게 좋아서 오프라인이여!,"[-0.00585938  0.02587891 -0.0291748  ... -0.03656006 -0.02522278
 -0.00268364]",2,"['저렴하다', '온라인', '고르다', '좋다', '오프라인']",저렴하다 온라인 고르다 좋다 오프라인,1
2668,저는 오프라인으로 혼수할인 받아서 샀어요ㅎㅎ,"[ 0.00537872  0.01860046 -0.01565552 ... -0.01422119 -0.0397644
 -0.00148296]",2,"['오프라인', '혼수', '할인', '사다']",오프라인 혼수 할인 사다,2
2669,오프라인으로 보고 가격비교해서 온라인에서 살거 같아요 ㅎㅎ,"[-0.00148964  0.02523804 -0.01977539 ... -0.02185059 -0.02770996
 -0.02015686]",2,"['오프라인', '가격', '비교', '온라인', '살다']",오프라인 가격 비교 온라인 살다,0
2670,저는 온오프라인 적절하게 섞어서 구매하려구요!,"[ 0.01463318  0.03375244 -0.0165863  ... -0.01669312 -0.04031372
 -0.0100708 ]",2,"['오프라인', '섞다', '구매']",오프라인 섞다 구매,1
2671,저는 오프라인으로 구매했는데 꼼꼼히 상담받아서 좋았어요!,"[ 0.00585556  0.02479553 -0.03536987 ... -0.02410889 -0.04232788
 -0.01476288]",2,"['오프라인', '구매', '상담', '좋다']",오프라인 구매 상담 좋다,0
2672,저희경우엔 오프라인으로 견적이 온라인보다 저렴했었어요!,"[-0.00685883  0.0350647  -0.02177429 ... -0.0184021  -0.03775024
 -0.02171326]",2,"['오프라인', '견적', '온라인', '저렴하다']",오프라인 견적 온라인 저렴하다,0
2673,견적 부분에서 오프라인으로 발품 팔고 있네용 ㅜㅜ,"[-0.01438904  0.03192139 -0.01589966 ... -0.02668762 -0.03585815
 -0.01546478]",2,"['견적', '오프라인', '발품', '팔다']",견적 오프라인 발품 팔다,0
2674,온라인도 괜찮긴한데 첫구매는 많이 구매하니까 오프라인에서 하려구요!,"[ 0.00302124  0.01244354 -0.03997803 ... -0.02258301 -0.02914429
  0.00063133]",2,"['온라인', '괜찮다', '구매', '구매', '오프라인']",온라인 괜찮다 구매 구매 오프라인,1
2675,가서 실물봐야해서 오프라인구매할거같아여,"[ 0.0069809   0.02862549 -0.01646423 ... -0.02500916 -0.02615356
 -0.01570129]",2,"['실물', '오프라인', '구매']",실물 오프라인 구매,1
2676,저는 사는갯수가 적어서 온라인으로 구매했어요,"[ 0.00555038  0.02600098 -0.01739502 ... -0.02394104 -0.04510498
 -0.01649475]",2,"['갯수', '적다', '온라인', '구매']",갯수 적다 온라인 구매,0
2677,저는 많이 안사서 온라인으로 그냥 구매했어요~!,"[-0.00597382  0.01596069 -0.02146912 ... -0.02740479 -0.04397583
 -0.00883484]",2,"['사다', '온라인', '구매']",사다 온라인 구매,1
2678,온오프라인 다 비교해보고 구매할 예정입니다. ㅎㅎ,"[ 0.0019455   0.0292511  -0.01977539 ... -0.03115845 -0.02980042
 -0.00456238]",2,"['오프라인', '비교', '구매', '예정']",오프라인 비교 구매 예정,1
2679,"백화점, 스토어 둘 다 가봤는데 가격은 크게 차이 안나더라구요ㅠㅠ온라인으로 구매하는 방법도 고려 중이에요","[ 0.00667953  0.01120758 -0.03143311 ... -0.02755737 -0.03884888
  0.00587845]",2,"['백화점', '스토어', '가격', '크다', '차이', '온라인', '구매', '방법', '고려']",백화점 스토어 가격 크다 차이 온라인 구매 방법 고려,0
2680,일단 온라인가격확인후 오프라인 가볼예정입니다,"[ 0.00284195  0.03053284 -0.01858521 ... -0.0181427  -0.0178833
 -0.02058411]",2,"['온라인', '가격', '확인', '오프라인', '예정']",온라인 가격 확인 오프라인 예정,1
2681,온오프라인 다 둘러봣는데 결국엔 온라인이 더 싸더라구용,"[-0.00134754  0.03729248 -0.02500916 ... -0.02275085 -0.01747131
 -0.0025425 ]",2,"['오프라인', '둘러보다', '결국', '온라인', '싸다']",오프라인 둘러보다 결국 온라인 싸다,1
2682,저는 오프라인 주로 발품팔아보고 비대면 견적도 한두군데? 받았어요!,"[-0.02084351  0.02110291 -0.02383423 ... -0.02876282 -0.03451538
 -0.016922  ]",2,"['오프라인', '발품', '팔다', '대면', '견적']",오프라인 발품 팔다 대면 견적,0
2683,저는 오프라인으로보고 가구매장가서 직접삮어요!,"[-0.00566101  0.0247345  -0.00923157 ... -0.02578735 -0.03668213
 -0.00366974]",2,"['오프라인', '가구', '매장']",오프라인 가구 매장,1
2684,온오프라인 다 손품발품 팔았어요! 확실히 인터넷으로 보는것보다 직접 눈으로 보는게 정확하더라구여~,"[ 0.00044942  0.04104614 -0.03363037 ... -0.02885437 -0.02871704
 -0.00327301]",2,"['오프라인', '발품', '팔다', '인터넷', '정확']",오프라인 발품 팔다 인터넷 정확,0
2685,하나씩 구매해서 개별로 온라인으로 최저가뜰때 샀어요,"[ 0.01180267  0.03219604 -0.02598572 ... -0.01393127 -0.03778076
  0.00424194]",2,"['구매', '온라인', '최저', '뜨다', '사다']",구매 온라인 최저 뜨다 사다,1
2686,오프라인 발품 중이에요. 가성비생각하시면 온라인도 괜찮을것 같은데... 저희는 가성비보다 퀄리티 위주로 보고 있어서... 온라인제품은 퀄리티를 못 믿겠더라구요...,"[-0.00655746  0.02714539 -0.03366089 ... -0.03204346 -0.01512909
 -0.01481628]",2,"['오프라인', '발품', '가성비', '생각', '온라인', '괜찮다', '가성비', '퀄리티', '위주', '온라인', '제품', '퀄리티']",오프라인 발품 가성비 생각 온라인 괜찮다 가성비 퀄리티 위주 온라인 제품 퀄리티,1
2687,온라인 오프라인 다 발품 팔아야죵 ㅠㅠ,"[-0.00896454  0.03146362 -0.0045929  ... -0.0328064  -0.03826904
 -0.00167465]",2,"['온라인', '오프라인', '발품', '팔다']",온라인 오프라인 발품 팔다,0
2688,오프라인 4군데 갔고 두군데중엑 고민하다가 선택했어요!,"[ 0.00472641  0.006073   -0.01637268 ... -0.0202179  -0.0116806
 -0.00092173]",2,"['오프라인', '고민', '선택']",오프라인 고민 선택,0
2689,온라인 오프라인 둘다요! 스타필드같은곳도 열심히 다니구오,"[ 0.00110531  0.00996399 -0.01963806 ... -0.04544067 -0.02183533
  0.01016998]",2,"['온라인', '오프라인', '스타', '필드', '다니다']",온라인 오프라인 스타 필드 다니다,1
2690,저는 살 게 많지 않아서 온라인손품으로 해결했어요!,"[-0.00817871  0.01596069 -0.01290894 ... -0.02565002 -0.04922485
 -0.0141983 ]",2,"['살다', '많다', '온라인', '해결']",살다 많다 온라인 해결,0
2691,온라인으로 보고 실물보러 오프라인 가고 둘 가격 비교하려규요!,"[-0.01099396  0.02633667 -0.02261353 ... -0.0284729  -0.03204346
 -0.02087402]",2,"['온라인', '실물', '오프라인', '가격', '비교']",온라인 실물 오프라인 가격 비교,0
2692,온라인 박람회 너무 잘 되어 있더라고요,"[ 0.01263428  0.01155853 -0.02290344 ... -0.03634644 -0.02590942
 -0.00509644]",2,"['온라인', '박람회']",온라인 박람회,1
2693,가격차이 많이 나면 온라인으로 할고 같아요,"[ 0.02102661  0.02522278 -0.01702881 ... -0.03390503 -0.03201294
 -0.00508881]",2,"['가격', '차이', '온라인']",가격 차이 온라인,0
2694,저희도 여러곳 견적보다가 결국 온라인이 가장 싸서 온라인으로 진행했어요! 종종 공식몰 대할인들어갈때 있는 것을 운좋게 잘활용했어요!,"[ 0.0141983   0.02438354 -0.03222656 ... -0.02449036 -0.04846191
  0.00274849]",2,"['견적', '결국', '온라인', '싸다', '온라인', '진행', '공식', '할인', '들어가다', '좋다', '활용']",견적 결국 온라인 싸다 온라인 진행 공식 할인 들어가다 좋다 활용,0
2695,차이 많이나면 온라인이여 ㅎㅎ 근데 다품목 할인이랑 뭐랑 해서 묶으면 오프라인이 더 싼거같긴 했어요 ㅠ,"[ 0.00260735  0.01589966 -0.02796936 ... -0.0287323  -0.03244019
  0.0010519 ]",2,"['차이', '온라인', '품목', '할인', '묶다', '오프라인', '싸다']",차이 온라인 품목 할인 묶다 오프라인 싸다,2
2696,가격 차이 많이 나면 온라인으로 진행할 거 같아요 ㅠㅠ 차이가 꽤 나네용...!,"[-6.55055046e-05  2.19268799e-02 -2.06604004e-02 ... -4.03137207e-02
 -2.73437500e-02  2.80761719e-03]",2,"['가격', '차이', '온라인', '진행', '차이']",가격 차이 온라인 진행 차이,0
2697,똑같은 스펙인데 가격차이 심하면 온라인으로 할거같아요,"[ 0.00540161  0.02619934 -0.02851868 ... -0.03140259 -0.02229309
  0.01105499]",2,"['똑같다', '스펙', '가격', '차이', '심하다', '온라인']",똑같다 스펙 가격 차이 심하다 온라인,0
2698,각개로 하나하나 단품으로 자신있으시면 온라인해야합니다 하지만 난이도가 높습니다,"[ 0.00811768  0.01186371 -0.01835632 ... -0.0252533  -0.01979065
  0.02235413]",2,"['자신', '온라인', '난이도', '높다']",자신 온라인 난이도 높다,2
2699,저는 직접 만져보고 약간 질감 그런것도 중요시해서 직접 오프라인 갔어용! ㅎㅎ,"[ 0.00117016  0.0193634  -0.01792908 ... -0.02967834 -0.01530457
  0.00228119]",2,"['만지다', '질감', '중요', '오프라인']",만지다 질감 중요 오프라인,1
2700,오프라인으로 발품 다녀보시는거 추천 !,"[-0.00855255  0.02851868 -0.00237846 ... -0.03848267 -0.02845764
 -0.00103092]",2,"['오프라인', '발품', '다니다', '추천']",오프라인 발품 다니다 추천,0
2701,오프 발품후에 온라인 구매도 괜찮을거같아요ㅎㅎ,"[ 0.00967407  0.03439331 -0.02027893 ... -0.04119873 -0.03970337
 -0.00137329]",2,"['오프', '온라인', '구매', '괜찮다']",오프 온라인 구매 괜찮다,1
2702,엘지전자 사이트에서 온라인으로 구매했어요~,"[ 0.00231743  0.02192688 -0.02244568 ... -0.0266571  -0.03939819
 -0.01257324]",2,"['엘지전자', '사이트', '온라인', '구매']",엘지전자 사이트 온라인 구매,0
2703,할인 잘 받아서 온라인으로 싸게 잘 구매했어용,"[ 0.01905823  0.02957153 -0.03118896 ... -0.0227356  -0.04623413
 -0.0137558 ]",2,"['할인', '온라인', '싸다', '구매']",할인 온라인 싸다 구매,1
2704,하나 브랜드로 통일할거면 오프라인 오픈점매장가셔서 견적받는게 훨싸요!,"[ 0.01034546  0.0324707  -0.03625488 ... -0.02354431 -0.03607178
  0.02359009]",2,"['브랜드', '통일', '오프라인', '오픈', '매장', '견적', '싸다']",브랜드 통일 오프라인 오픈 매장 견적 싸다,2
2705,이건 오프라인 추천이요! 생각보다 할인 많이 돼용,"[ 0.01206207  0.02993774 -0.02902222 ... -0.02664185 -0.01487732
 -0.00585556]",2,"['오프라인', '추천', '생각', '할인']",오프라인 추천 생각 할인,0
2706,저는 품목이 많이 안되서 온라인으로 구매할 예정입니다,"[ 0.01279449  0.04241943 -0.02336121 ... -0.02349854 -0.04467773
 -0.0137558 ]",2,"['품목', '온라인', '구매', '예정']",품목 온라인 구매 예정,1
2707,저는 온라인으로 구매했어요! 온라인이 제일 저렴하더라구요~,"[-0.00099564  0.0213623  -0.0383606  ... -0.02761841 -0.03295898
 -0.0037384 ]",2,"['온라인', '구매', '온라인', '저렴하다']",온라인 구매 온라인 저렴하다,1
2708,저는 온라인으로 가성비 좋게 하려구요!,"[-0.00211334  0.03314209 -0.02420044 ... -0.02684021 -0.02236938
 -0.01223755]",2,"['온라인', '가성비', '좋다']",온라인 가성비 좋다,1
2709,한꺼번에 구매하는건 백화점이나 매장 가서 발품 팔고 견적 내는게 제일 좋아용!,"[ 0.00887299  0.03292847 -0.01914978 ... -0.04364014 -0.0461731
  0.02050781]",2,"['구매', '백화점', '매장', '발품', '팔다', '견적', '내다', '좋다']",구매 백화점 매장 발품 팔다 견적 내다 좋다,0
2710,신규 오픈하는 오프라인 매장에서 한꺼번에 사면 할인폭이 크다고 들었어요,"[ 0.01634216  0.02978516 -0.03469849 ... -0.020401   -0.03897095
  0.00980377]",2,"['신규', '오픈', '오프라인', '매장', '사다', '할인', '크다']",신규 오픈 오프라인 매장 사다 할인 크다,2
2711,저희는 믿을만한 온라인 사이트에서 저렴할때 구매했어요 ~,"[ 0.00804901  0.03793335 -0.0267334  ... -0.02310181 -0.04678345
 -0.03277588]",2,"['온라인', '사이트', '저렴하다', '구매']",온라인 사이트 저렴하다 구매,1
2712,가성비 따져서 온라인 구매 할거 같아요,"[ 0.00667572  0.03158569 -0.02478027 ... -0.02914429 -0.0328064
 -0.00835419]",2,"['가성비', '따지다', '온라인', '구매']",가성비 따지다 온라인 구매,1
2713,한번에 견적내서하면 온라인보다 싸서요! 개별로 사는건 무조건 인터넷이겠디만요 ㅎㅎ,"[-0.01316071  0.04257202 -0.02323914 ... -0.03686523 -0.03677368
  0.01879883]",2,"['견적', '내다', '온라인', '싸다', '사다', '인터넷']",견적 내다 온라인 싸다 사다 인터넷,0
2714,오프라인에서요. 저흰 주차장으로 업체들이 와서 상주했어서 편했어요,"[ 0.01522064  0.01357269 -0.01345062 ... -0.02815247 -0.02622986
 -0.01225281]",2,"['오프라인', '주차장', '업체', '상주', '편하다']",오프라인 주차장 업체 상주 편하다,1
2715,인터넷으로요! 오프라인이랑 가격차이많이나요,"[-0.00263786  0.02079773 -0.02812195 ... -0.04269409 -0.03616333
 -0.00041986]",2,"['인터넷', '오프라인', '가격', '차이']",인터넷 오프라인 가격 차이,0
2716,그죠? 그래서 구냥 온라인으로 해야하나 생각중이예요 잡아놓은 예산에서 오버될 것 같아서요,"[-0.01705933  0.0308075  -0.01326752 ... -0.04104614 -0.02389526
 -0.004673  ]",2,"['그다', '온라인', '생각', '예산', '오버']",그다 온라인 생각 예산 오버,1
2717,전 온라인으로 샀고 콘크리트 벽 뚫고 하는거 그렇게까지 돈주고 할만큼 힘든 작업은 아닌것같아요ㅠ 온라인으로 산거치고 퀄리티도 좋아요!,"[-0.00624084  0.03631592 -0.02256775 ... -0.02911377 -0.04397583
 -0.00155354]",2,"['온라인', '사다', '콘크리트', '뚫다', '힘들다', '작업', '온라인', '사다', '퀄리티', '좋다']",온라인 사다 콘크리트 뚫다 힘들다 작업 온라인 사다 퀄리티 좋다,2
2718,오프라인에서 했어요 아주 깔끔하더라고요,"[ 0.02456665  0.03863525 -0.02238464 ... -0.02738953 -0.01681519
 -0.0166626 ]",2,"['오프라인', '깔끔']",오프라인 깔끔,0
2719,맞아요 오프라인 확실히 깔끔하긴 해요!,"[ 0.01828003  0.0282135  -0.01956177 ... -0.02072144 -0.01750183
 -0.00575256]",2,"['맞다', '오프라인']",맞다 오프라인,1
2720,오프라인이 가성비 좋아서 오프라인으로 하려구요,"[ 0.00976562  0.03074646 -0.03903198 ... -0.02032471 -0.0221405
 -0.00477219]",2,"['오프라인', '가성비', '좋다', '오프라인']",오프라인 가성비 좋다 오프라인,1
2721,오 가성비 좋은 오프라인이면 저도 오프라인을 하겠어요!ㅎㅎ,"[-0.0013485   0.03039551 -0.02069092 ... -0.03308105 -0.02275085
  0.00841522]",2,"['가성비', '좋다', '오프라인', '오프라인']",가성비 좋다 오프라인 오프라인,1
2722,오프라인에서 전체적인 느낌 보고 사는게 좋더라구요,"[ 0.0114212   0.03155518 -0.01583862 ... -0.02207947 -0.03445435
 -0.02349854]",2,"['오프라인', '전체', '느낌', '사다', '좋다']",오프라인 전체 느낌 사다 좋다,0
2723,온라인에서 구매했습니다 요즘은 온라인이 짱인거같아요 ㅋㅋ,"[ 0.00548553  0.03216553 -0.02935791 ... -0.03044128 -0.03720093
 -0.02749634]",2,"['온라인', '구매', '요즘', '온라인', '최고']",온라인 구매 요즘 온라인 최고,1
2724,오프라인 매장에서 둘러보고 비교해서 싼거만 인터넷으로 샀어요.,"[-0.00765991  0.03158569 -0.02146912 ... -0.00853729 -0.04159546
 -0.02388   ]",2,"['오프라인', '매장', '둘러보다', '비교', '싸다', '인터넷', '사다']",오프라인 매장 둘러보다 비교 싸다 인터넷 사다,2
2725,저는 백화점에서 발품팔아 진행했어요~ 베스트샵이랑 백화점이랑 많이 비교해 보고 ㅎ,"[ 0.01112366 -0.00065851 -0.01934814 ... -0.0489502  -0.06060791
 -0.00320053]",2,"['백화점', '발품', '팔다', '진행', '베스트', '백화점', '비교']",백화점 발품 팔다 진행 베스트 백화점 비교,0
2726,저는 발품 팔아보려는데 백화점이랑 대리점 많이가서 견적 내보려구요,"[ 0.00950623  0.02427673 -0.02334595 ... -0.05462646 -0.05673218
  0.01802063]",2,"['발품', '팔다', '백화점', '대리점', '견적', '내다']",발품 팔다 백화점 대리점 견적 내다,0
2727,가전매장 상담해보고 공홈이 혜택이나 가격측면에서 더 좋아서 공홈에서 구매했습니당,"[ 0.02137756  0.0174408  -0.02592468 ... -0.0451355  -0.04354858
 -0.01076508]",2,"['가전', '매장', '상담', '혜택', '가격', '측면', '좋다', '구매']",가전 매장 상담 혜택 가격 측면 좋다 구매,2
2728,한두개 사는거면 인터넷이 훨씬 싸고 여러개 구매하는 건 오프라인 혜택이 훨씬 크다고 들었어요!,"[-0.00510025  0.03460693 -0.03839111 ... -0.0153656  -0.0345459
  0.00276756]",2,"['사다', '인터넷', '싸다', '구매', '오프라인', '혜택', '크다']",사다 인터넷 싸다 구매 오프라인 혜택 크다,2
2729,온라인으로 견적 내보시고 오프매장도 가까운데 방문해서 견적받아보세요! 많이 안사시면 온라인이 나으실거같긴해용,"[-0.00509262  0.02990723 -0.03543091 ... -0.03915405 -0.03161621
  0.00748825]",2,"['온라인', '견적', '내다', '오프', '매장', '방문', '견적', '사다', '온라인']",온라인 견적 내다 오프 매장 방문 견적 사다 온라인,0
2730,저는 다품목으로 오프라인에서 할인받아 구매 했어요,"[ 0.01652527  0.01290131 -0.0378418  ... -0.01274872 -0.04818726
 -0.02287292]",2,"['품목', '오프라인', '할인', '구매']",품목 오프라인 할인 구매,0
2731,저희는 5~6개정도 구매했고 오프라인 견적 받아보고 온라인이랑 비교해봤는데 온라인이 훨씬 저렴해서 온라인으로 샀어요!,"[ 0.00059843  0.03381348 -0.04141235 ... -0.0244751  -0.02926636
  0.00351143]",2,"['구매', '오프라인', '견적', '온라인', '비교', '온라인', '온라인', '사다']",구매 오프라인 견적 온라인 비교 온라인 온라인 사다,1
2732,여러개면 매장이 나아요 근데 매장은 진짜 최신모델만있어서 확실히 비쌉니다 예를들면 식세기 12인용 인터넷가는 80-100인데 매장가는 12인용 200이에요ㅠㅠ,"[ 0.01779175  0.01367188 -0.02947998 ... -0.04632568 -0.02877808
  0.03347778]",2,"['매장', '매장', '최신', '모델', '비싸다', '들다', '세기', '인터넷', '매장']",매장 매장 최신 모델 비싸다 들다 세기 인터넷 매장,2
2733,"주변에 물어보니 특정 품목만 몇개 사는거면 인터넷에서 비교해보고 사는게 싼데, 혼수로 여러가지 한꺼번에 구매하고 설치해야하는 경우에는 오프라인이 낫다고 하더라구요~","[ 0.01733398  0.02186584 -0.03771973 ... -0.04077148 -0.03268433
  0.01152039]",2,"['주변', '물어보다', '특정', '품목', '사다', '인터넷', '비교', '사다', '싸다', '혼수', '구매', '설치', '오프라인']",주변 물어보다 특정 품목 사다 인터넷 비교 사다 싸다 혼수 구매 설치 오프라인,2
2734,저희는 오프라인 온라인 섞어서 샀어요 ㅋㅋ,"[ 0.00504303  0.03625488 -0.01244354 ... -0.01673889 -0.0446167
 -0.01413727]",2,"['오프라인', '온라인', '섞다', '사다']",오프라인 온라인 섞다 사다,1
2735,저도공유부탁드려요ㅠㅠ오프라인으로만보고잇어서ㅠㅠㅠㅠ,"[-0.00681686  0.02127075  0.0026741  ... -0.01947021 -0.02055359
 -0.0029335 ]",2,"['공유', '부탁드리다', '오프라인']",공유 부탁드리다 오프라인,0
2736,네 저도 온라인몰보다 제가 연락한분이 더 싸서 여기서 했슴다,"[ 1.35803223e-02  2.55889893e-02 -3.24707031e-02 ... -2.34222412e-02
 -3.08837891e-02 -4.73856926e-05]",2,"['온라인', '연락', '싸다']",온라인 연락 싸다,0
2737,매장 가격이랑 차이가 많이나서 저희도 인터넷으로 하려고요.,"[ 9.25064087e-05  4.24499512e-02 -2.18200684e-02 ... -3.17382812e-02
 -4.67834473e-02 -5.01632690e-03]",2,"['매장', '가격', '차이', '인터넷']",매장 가격 차이 인터넷,2
2738,오프라인 견적 받아보시고 인터넷 구매도 괜찮을꺼 같아요~~,"[ 0.00156212  0.03234863 -0.03007507 ... -0.04437256 -0.04055786
  0.00639343]",2,"['오프라인', '견적', '인터넷', '구매', '괜찮다']",오프라인 견적 인터넷 구매 괜찮다,1
2739,"품목이 몇개 안되면 온라인이 낫구, 여러개면 백화점이요!","[ 0.0024929   0.00936127 -0.04086304 ... -0.0375061  -0.04296875
 -0.00595093]",2,"['품목', '온라인', '백화점']",품목 온라인 백화점,0
2740,백화점에서 하면 포인트 등이 쌓이구요 온라인이나 이마트 등 발품팔면 가격대가 저렴해져요 ㅎ,"[-0.00303459  0.02384949 -0.01489258 ... -0.04406738 -0.03518677
  0.00018656]",2,"['백화점', '포인트', '쌓이다', '온라인', '이마트', '발품', '팔다', '가격대', '저렴하다']",백화점 포인트 쌓이다 온라인 이마트 발품 팔다 가격대 저렴하다,2
2741,구매 품목이 많으면 오프라인 적으면 온라인이 낫더라구요 ㅎㅎ,"[-2.17556953e-05  2.33154297e-02 -2.42462158e-02 ... -2.98767090e-02
 -3.24096680e-02 -9.71221924e-03]",2,"['구매', '품목', '많다', '오프라인', '적다', '온라인']",구매 품목 많다 오프라인 적다 온라인,0
2742,다시 돌아간다면 전 온라인도 좋을거같아요 ㅎㅎ,"[ 0.00732803  0.02314758 -0.01174927 ... -0.03314209 -0.01122284
  0.0057373 ]",2,"['돌아가다', '온라인', '좋다']",돌아가다 온라인 좋다,2
2743,상춤권받고싶음 백화점 하시는데 온라인 최저가가 젤 저렴한 것 같긴해용,"[ 0.02137756  0.01869202 -0.04510498 ... -0.03887939 -0.02584839
  0.00469589]",2,"['백화점', '온라인', '최저', '저렴하다']",백화점 온라인 최저 저렴하다,1
2744,한꺼번에 사는거면 발품팔거같고 조금만 사몬 온라인이용,"[ 0.00165749  0.02912903 -0.02186584 ... -0.03704834 -0.03353882
 -0.0012188 ]",2,"['사다', '발품', '팔다', '사다', '온라인']",사다 발품 팔다 사다 온라인,1
2745,직접가서 보고나서 가격 비교해서 온라인이 더 싸면 온라인으로 사는게 좋은거같아요 대부분 온라인이 싸니까~,"[ 0.00076008  0.02787781 -0.02793884 ... -0.03479004 -0.02357483
 -0.00828552]",2,"['가격', '비교', '온라인', '싸다', '온라인', '사다', '좋다', '부분', '온라인', '싸다']",가격 비교 온라인 싸다 온라인 사다 좋다 부분 온라인 싸다,1
2746,몇개 안되면 온라인으로 사도 괜찮을것같아용,"[ 0.00754929  0.02145386 -0.03182983 ... -0.03704834 -0.03610229
  0.00668335]",2,"['온라인', '사다', '괜찮다']",온라인 사다 괜찮다,1
2747,발품팔아서 하려고 온라인 말고 오프라인으로 할거 같습니다.,"[-0.00590515  0.02598572 -0.01812744 ... -0.02801514 -0.03216553
 -0.01930237]",2,"['발품', '팔다', '온라인', '말', '오프라인']",발품 팔다 온라인 말 오프라인,0
2748,풀셋으로 맞출 거면은 백화점에서 한 번에 사는 게 더 저렴 하다고 해서 오프라인에서 살 것 같아요,"[ 0.01168823  0.03460693 -0.03031921 ... -0.01855469 -0.03909302
  0.0032959 ]",2,"['맞추다', '백화점', '사다', '오프라인', '살다']",맞추다 백화점 사다 오프라인 살다,2
2749,몇개안되면 온라인 품목많르면 오프라잉이요!,"[ 0.00432205  0.01407623 -0.02177429 ... -0.03686523 -0.01907349
 -0.00508881]",2,"['온라인', '품목', '많다', '오프라']",온라인 품목 많다 오프라,0
2750,백화점에서 구매하긴 했는데 가성비라인에 수량이 적으면 온라인 아니면 백화점이 낫긴 하더라구요~,"[-9.09566879e-05  1.74865723e-02 -4.53796387e-02 ... -3.16772461e-02
 -3.56140137e-02  2.67028809e-04]",2,"['백화점', '구매', '가성비', '라인', '수량', '적다', '온라인', '백화점']",백화점 구매 가성비 라인 수량 적다 온라인 백화점,2
2751,저도 유튜브 이런걸 찾아보니깐 한두개사려면 온라인에서 사고 다량 구입하려면 백화점 가라고 하더라고요 그래서 알아보려고요 ㅎㅎ,"[-0.00087452  0.02410889 -0.02629089 ... -0.02989197 -0.02844238
  0.00319672]",2,"['유튜브', '찾아보다', '사다', '온라인', '사다', '다량', '구입', '백화점', '알아보다']",유튜브 찾아보다 사다 온라인 사다 다량 구입 백화점 알아보다,1
2752,"저희는 이케아, 오프라인 매장 많이 둘러봤어요","[ 0.02479553  0.03198242 -0.01120758 ... -0.04608154 -0.04837036
 -0.00490189]",2,"['이케아', '오프라인', '매장', '둘러보다']",이케아 오프라인 매장 둘러보다,2
2753,백화점 온라인 싼 품목이 다 다르더라고요!,"[ 0.00468445  0.03656006 -0.02716064 ... -0.02125549 -0.03588867
 -0.02713013]",2,"['백화점', '온라인', '싸다', '품목', '다르다']",백화점 온라인 싸다 품목 다르다,2
2754,온라인이 무조건 싸다고 들었는데 혜택받으면 오프라인이 더 싼가요?,"[-0.00710297  0.02787781 -0.03283691 ... -0.02868652 -0.03579712
  0.00072813]",2,"['온라인', '싸다', '혜택', '오프라인', '싸다']",온라인 싸다 혜택 오프라인 싸다,1
2755,저는 둘다 비교해보고 혜택도 다 살펴볼것같아요 할인매장이나 온라인도 좋은것들 많아서 놓치면 아쉬울것같아여,"[ 0.01737976  0.01544952 -0.03948975 ... -0.04650879 -0.03823853
 -0.00250626]",2,"['비교', '혜택', '살펴보다', '할인', '매장', '온라인', '좋다', '많다', '놓치다']",비교 혜택 살펴보다 할인 매장 온라인 좋다 많다 놓치다,2
2756,백화점이나 할인매장 모두 발품팔아야 싸게살수있더라고요...,"[ 0.01133728  0.026474   -0.01789856 ... -0.03729248 -0.05804443
  0.00213814]",2,"['백화점', '할인', '매장', '발품', '팔다', '싸다', '사다']",백화점 할인 매장 발품 팔다 싸다 사다,2
2757,오프라인 온라인 다 비교하고 오프라인으로 구매했어요,"[ 0.01461029  0.02470398 -0.0274353  ... -0.01329041 -0.03952026
 -0.01850891]",2,"['오프라인', '온라인', '비교', '오프라인', '구매']",오프라인 온라인 비교 오프라인 구매,0
2758,오프라인에서 견적을 받아보시는게 좋을 것 같아요 할인이나 상품권 혜택 비교해보세요!,"[ 0.00115871  0.02864075 -0.03292847 ... -0.04275513 -0.04211426
 -0.00611496]",2,"['오프라인', '견적', '좋다', '할인', '상품', '혜택', '비교']",오프라인 견적 좋다 할인 상품 혜택 비교,0
2759,저는 오프라인으로 하려구요~ 오픈매장 같이 뿌셔봐요,"[ 0.00533295  0.02088928 -0.01898193 ... -0.03071594 -0.02441406
 -0.00440979]",2,"['오프라인', '오픈', '매장', '뿌시다']",오프라인 오픈 매장 뿌시다,2
2760,견적 다니면서 비교해보니 온라인이 저는 무조건 더 싸더라구요. 온라인으로 구입하려구요,"[-0.00344467  0.04232788 -0.03192139 ... -0.03543091 -0.04159546
 -0.0038929 ]",2,"['견적', '다니다', '비교', '온라인', '싸다', '온라인', '구입']",견적 다니다 비교 온라인 싸다 온라인 구입,0
2761,종류가 적으면 온라인이 쌀수있는데 그래도 비교견적내보세요,"[ 0.00205803  0.02375793 -0.02864075 ... -0.03210449 -0.01085663
 -0.0051651 ]",2,"['종류', '적다', '온라인', '싸다', '비교', '견적', '내다']",종류 적다 온라인 싸다 비교 견적 내다,0
2762,저는 세트로 구매할 예정이라 오프라인에서 견적받아보려구요 ~ ㅎㅎ,"[ 0.00596619  0.03692627 -0.03356934 ... -0.0368042  -0.04452515
  0.00557327]",2,"['세트', '구매', '예정', '오프라인', '견적']",세트 구매 예정 오프라인 견적,1
2763,저도 딱 그렇게만 샀는데 오프라인은 카드 혜택 신규발급 포인트 등등 복잡한게 많아서 온라인으로 저렴하게 구매했어용,"[ 0.00093317  0.01580811 -0.0423584  ... -0.02494812 -0.02558899
 -0.00639343]",2,"['사다', '오프라인', '카드', '혜택', '신규', '발급', '포인트', '많다', '온라인', '저렴하다', '구매']",사다 오프라인 카드 혜택 신규 발급 포인트 많다 온라인 저렴하다 구매,2
2764,저희는 그냥 발품팔아서 오프라인으로 할 생각이에요,"[-0.00243759  0.04150391 -0.01092529 ... -0.02168274 -0.04772949
 -0.00790405]",2,"['발품', '팔다', '오프라인', '생각']",발품 팔다 오프라인 생각,0
2765,저는 오프라인 오픈매장 상담받고 가격대비 좋은 데서 진행했어요,"[ 0.01820374  0.00891113 -0.03286743 ... -0.0333252  -0.02627563
 -0.00081301]",2,"['오프라인', '오픈', '매장', '상담', '가격', '대비', '좋다', '진행']",오프라인 오픈 매장 상담 가격 대비 좋다 진행,0
2766,오프라인 발품팔아서 제일 좋은 견적에 했습니당,"[ 0.00766754  0.03250122 -0.02888489 ... -0.02069092 -0.03973389
 -0.00923157]",2,"['오프라인', '발품', '팔다', '제일', '좋다', '견적']",오프라인 발품 팔다 제일 좋다 견적,0
2767,오프라인으로 하려구 합니다ㅎㅎ 오픈매장 노려야죠ㅎㅎ,"[ 0.00662231  0.02131653 -0.02124023 ... -0.03399658 -0.02526855
 -0.0049324 ]",2,"['오프라인', '오픈', '매장', '노리다']",오프라인 오픈 매장 노리다,2
2768,품목이 많이 안되면 온라인도 괜찮을거같은데 그래도 여기저기 견적받아보시길!,"[-0.00303078  0.02381897 -0.03201294 ... -0.04330444 -0.0328064
  0.00690079]",2,"['품목', '온라인', '괜찮다', '여기저기', '견적']",품목 온라인 괜찮다 여기저기 견적,0
2769,오프라인에서 발품 팔아보시고 해당 모델로 온라인 견적내서 비교해보시면 가장 저렴하게 구매하실 수 있을 것 같아요!,"[-0.0049057   0.02613831 -0.02764893 ... -0.02963257 -0.03710938
 -0.00251389]",2,"['오프라인', '발품', '팔다', '해당', '모델', '온라인', '견적', '내다', '비교', '저렴하다', '구매']",오프라인 발품 팔다 해당 모델 온라인 견적 내다 비교 저렴하다 구매,0
2770,"싼걸로 온라인으로 사되, 꼭 한국에서 AS하려고요","[ 0.00631332  0.02331543 -0.03903198 ... -0.02246094 -0.03622437
 -0.00326538]",2,"['싸다', '온라인', '사다', '한국']",싸다 온라인 사다 한국,1
2771,오프라인 발품파는게 더나은거가타여 ㅎㅎ,"[-0.00516891  0.03479004 -0.02073669 ... -0.03518677 -0.02449036
 -0.00822449]",2,"['오프라인', '발품', '파', '타다']",오프라인 발품 파 타다,0
2772,오프라인 견적도 보고 다녔어요 보는거랑 또 다른게 많더라구요,"[-0.00136948  0.03533936 -0.01669312 ... -0.03042603 -0.02301025
 -0.00600815]",2,"['오프라인', '견적', '다니다', '많다']",오프라인 견적 다니다 많다,0
2773,저는 온라인 오프라인 견적 비교 다 해보고 결정하는게 가장 좋을것 같아용,"[ 0.00199509  0.03094482 -0.02182007 ... -0.03945923 -0.02642822
  0.00299454]",2,"['온라인', '오프라인', '견적', '비교', '결정', '좋다']",온라인 오프라인 견적 비교 결정 좋다,0
2774,온라인으로 필요한것만 구매하려해요 필요없는게 너무 껴서 금액만올라가요ㅠ,"[ 0.00402069  0.03793335 -0.02636719 ... -0.020401   -0.02648926
 -0.01555634]",2,"['온라인', '필요', '구매', '필요', '끼', '금액', '올라가다']",온라인 필요 구매 필요 끼 금액 올라가다,1
2775,저희는 혼수할인으로 오프라인 매장에서 구입했어요,"[ 0.02563477  0.02658081 -0.02032471 ... -0.01118469 -0.05737305
 -0.01052094]",2,"['혼수', '할인', '오프라인', '매장', '구입']",혼수 할인 오프라인 매장 구입,2
2776,저도 고밍중인데 온라인으로 한 개씩 할 거 같네요,"[-4.22716141e-04  2.17437744e-02 -1.77307129e-02 ... -2.03094482e-02
 -1.33361816e-02 -2.96831131e-05]",2,"['고밍', '온라인']",고밍 온라인,1
2777,묶어서 하는게 저렴하다고 해서 오프라인에서 할인받아서 하려구요!,"[ 0.00403214  0.03942871 -0.02685547 ... -0.01258087 -0.02093506
  0.00638962]",2,"['묶다', '저렴하다', '오프라인', '할인']",묶다 저렴하다 오프라인 할인,1
2778,필요한 게 많지 않으면 온라인으로 해도 좋을 것 같아요,"[ 0.01222229  0.0254364  -0.02107239 ... -0.03204346 -0.03707886
 -0.00933838]",2,"['필요', '많다', '온라인', '좋다']",필요 많다 온라인 좋다,0
2779,한번에 사면 더 좋은걸 싸게 살수있고 온라인으로 따로사면 가성비있는 제품들로 살 수 있는거같아요,"[ 0.0098877   0.03341675 -0.03503418 ... -0.02392578 -0.02113342
 -0.01186371]",2,"['사다', '좋다', '싸다', '사다', '온라인', '사다', '가성비', '제품', '살다']",사다 좋다 싸다 사다 온라인 사다 가성비 제품 살다,1
2780,품목이 많으면 다품목할인이 있어서 같이하는게 저렴해요~ 그게 아니면 온라인이죠!,"[ 0.01108551  0.01611328 -0.02328491 ... -0.022995   -0.03536987
  0.00777435]",2,"['품목', '많다', '품목', '할인', '온라인']",품목 많다 품목 할인 온라인,0
2781,혼수상담과 온라인으로 1개씩 사는걸로 비교했을때 같은 상품으로 온라인으로 구매한게 200만원 가량 세이브됐어요!,"[ 0.0176239   0.02870178 -0.0279541  ... -0.01716614 -0.03521729
  0.00735855]",2,"['혼수', '상담', '온라인', '사다', '비교', '상품', '온라인', '구매', '가량', '세이브']",혼수 상담 온라인 사다 비교 상품 온라인 구매 가량 세이브,1
2782,저희는 구매할게 별로 없어서 온라인으로 따로 구매했어용,"[ 0.01030731  0.03729248 -0.0227356  ... -0.02003479 -0.04818726
 -0.02323914]",2,"['구매', '온라인', '구매']",구매 온라인 구매,1
2783,저는 필요한 것들만 온라인으로 주문했어요!,"[-0.00019109  0.03567505 -0.01302338 ... -0.00650787 -0.04263306
 -0.01707458]",2,"['필요', '온라인', '주문']",필요 온라인 주문,1
2784,온라인이용! 오프라인 할인이 더 많이 된다해도 필요한 거만 사는게 사실 상 더 할인일꺼 같아요🤣,"[ 0.00351334  0.02888489 -0.03096008 ... -0.02449036 -0.03244019
 -0.01292419]",2,"['온라인', '오프라인', '할인', '필요', '사다', '할인']",온라인 오프라인 할인 필요 사다 할인,1
2785,저는 온오프라인 비교해서 온라인으로 주문했어용,"[ 0.00400925  0.02719116 -0.00998688 ... -0.01731873 -0.03701782
 -0.02581787]",2,"['오프라인', '비교', '온라인', '주문']",오프라인 비교 온라인 주문,1
2786,저는 항목이 적어서 온라인으로 사려고요,"[ 0.00370598  0.03469849 -0.027771   ... -0.02963257 -0.0272522
 -0.02700806]",2,"['항목', '적다', '온라인', '사다']",항목 적다 온라인 사다,2
2787,저희는 구매품목이 많아서 오프라인상담후 계약했어요!,"[ 0.01236725  0.03268433 -0.02194214 ... -0.03118896 -0.04147339
 -0.01435089]",2,"['구매', '품목', '많다', '오프라인', '상담', '계약']",구매 품목 많다 오프라인 상담 계약,0
2788,온라인으로 일단 상담먼저 받아볼거같아요,"[ 0.00217056  0.02575684  0.0009551  ... -0.0440979  -0.00707245
 -0.00873566]",2,"['온라인', '상담']",온라인 상담,0
2789,오프라인으로 먼저 구경하고 결정할거 같아요,"[ 0.0010376   0.02714539 -0.007164   ... -0.03338623 -0.00862122
 -0.0142746 ]",2,"['오프라인', '구경', '결정']",오프라인 구경 결정,0
2790,온라인으로 먼저 상담받고 오프라인으로 혜택 비교했어요,"[ 0.00486755  0.0276947  -0.01047516 ... -0.02145386 -0.02166748
 -0.02210999]",2,"['온라인', '상담', '오프라인', '혜택', '비교']",온라인 상담 오프라인 혜택 비교,0
2791,오프라인으로 보고 비교해서 온라인이 저렴하면 온라인으로 하려구요!,"[-0.00957489  0.0247345  -0.02203369 ... -0.02813721 -0.02252197
 -0.01500702]",2,"['오프라인', '비교', '온라인', '온라인']",오프라인 비교 온라인 온라인,0
2792,저는 아는 분이 있어서 오프라인 매장으로 방문할 것 같아요,"[ 0.01480865  0.03677368 -0.02287292 ... -0.01945496 -0.04653931
 -0.00745392]",2,"['오프라인', '매장', '방문']",오프라인 매장 방문,0
2793,오프라인과 온라인을 적절하게 섞어서 했는데 구매하기 전에 길이 실측을 꼭 해보고 구매하시는 걸 권해드립니다:,"[-0.00059938  0.01271057 -0.0484314  ... -0.0279541  -0.01756287
 -0.00846863]",2,"['오프라인', '온라인', '섞다', '구매', '실측', '구매', '권하다']",오프라인 온라인 섞다 구매 실측 구매 권하다,1
2794,오프라인으로 알아보고 온라인으로 구매예정입낟ㅅ,"[ 0.01600647  0.03108215 -0.01837158 ... -0.02102661 -0.02828979
 -0.0154953 ]",2,"['오프라인', '알아보다', '온라인', '구매', '예정']",오프라인 알아보다 온라인 구매 예정,1
2795,저는 온라인으로 알아보고 있는데 오프라인도 한 번 비교 견적 받아볼까해옹,"[-0.008255    0.03369141 -0.02151489 ... -0.04052734 -0.03567505
  0.00424957]",2,"['온라인', '알아보다', '오프라인', '비교', '견적']",온라인 알아보다 오프라인 비교 견적,0
2796,오프라인 견적이랑 온라인 최저가 비교요!,"[ 0.00094128  0.03366089 -0.01927185 ... -0.0319519  -0.03768921
 -0.00934601]",2,"['오프라인', '견적', '온라인', '최저', '비교']",오프라인 견적 온라인 최저 비교,0
2797,살게 많이 없어서 거의다 온라인으로했어요. 그리고 로청도 온라인에서만 가능해서살려는게온라인으로거의다 햇어요,"[ 0.00921631  0.02250671 -0.00420761 ... -0.03044128 -0.01687622
 -0.01724243]",2,"['살다', '온라인', '로', '청', '온라인', '가능', '살다', '온라인']",살다 온라인 로 청 온라인 가능 살다 온라인,1
2798,오프라인 일괄 진행했는데 가격 괜찮았어요,"[ 0.01757812  0.02058411 -0.04489136 ... -0.0160675  -0.02786255
  0.00599289]",2,"['오프라인', '일괄', '진행', '가격', '괜찮다']",오프라인 일괄 진행 가격 괜찮다,0
2799,저희는 직접 보고 결정하고 싶어서 오프라인으로 돌아보고 결정하려구요!,"[ 0.00697327  0.03353882 -0.01776123 ... -0.03833008 -0.01808167
 -0.00413132]",2,"['결정', '오프라인', '돌다', '결정']",결정 오프라인 돌다 결정,0
2800,살것이 많으시다면 오프라인 견적 여기저기 받아보고 비교하시는게 좋을거같은데 살게 몇개 없다면 온라인이 싼거각타요!,"[-0.00823975  0.03041077 -0.03466797 ... -0.0385437  -0.02549744
 -0.00880432]",2,"['살다', '많다', '오프라인', '견적', '여기저기', '비교', '좋다', '살다', '온라인', '싸다', '타다']",살다 많다 오프라인 견적 여기저기 비교 좋다 살다 온라인 싸다 타다,0
2801,여러개 한꺼번에 사실거면 오프라인 매장이 할인이나 혜택이 많더라구여~ 그런거 아니고 몇개만 구입하실거면 그냥 인터넷가가 저렴하구여!,"[-0.00307274  0.03677368 -0.03530884 ... -0.02212524 -0.02436829
  0.00529099]",2,"['사다', '오프라인', '매장', '할인', '혜택', '많다', '구입', '인터넷', '저렴하다']",사다 오프라인 매장 할인 혜택 많다 구입 인터넷 저렴하다,2
2802,제 친구는 온라인으로 엄청 싸게 잘 구하더라구요 ..,"[ 0.00356674  0.03787231 -0.02026367 ... -0.02204895 -0.03991699
 -0.00069284]",2,"['친구', '온라인', '싸다', '구하다']",친구 온라인 싸다 구하다,1
2803,전 오프라인으로했어요 하나하나알아보기도 귀찮고...ㅎㅎ,"[ 0.0033474   0.02044678 -0.00966644 ... -0.02522278 -0.01500702
  0.00527191]",2,"['오프라인', '알아보다', '귀찮다']",오프라인 알아보다 귀찮다,0
2804,오프라인 상담받고 온라인 비교해볼거같아여,"[ 0.00044346  0.01525116 -0.01093292 ... -0.03955078 -0.01246643
 -0.01009369]",2,"['오프라인', '상담', '온라인', '비교']",오프라인 상담 온라인 비교,0
2805,다품목이시면 아마 오프라인이 저렴하실거에요! 저도 오프라인에서 여러곳에서 견적받고 샀어요~,"[-0.00563812  0.01856995 -0.04089355 ... -0.03457642 -0.03158569
  0.00068569]",2,"['품목', '오프라인', '오프라인', '견적', '사다']",품목 오프라인 오프라인 견적 사다,0
2806,저희는 오프라인으로 거의 사고 부족한건 온라인 구매 했어요!,"[ 0.00707245  0.04281616 -0.019104   ... -0.01404572 -0.04910278
 -0.03613281]",2,"['오프라인', '사고', '부족', '온라인', '구매']",오프라인 사고 부족 온라인 구매,1
2807,"온라인은 가격대가 가벼운 것들이나 짜잘한 것들만 구매할 것 같고, 가격대가 무거운 것들은 오프라인으로 발품 팔아서 견적 받을 예정이에요","[ 0.01055145  0.03555298 -0.02183533 ... -0.01576233 -0.03570557
 -0.01293945]",2,"['온라인', '가격대', '짜다', '구매', '가격대', '오프라인', '발품', '팔다', '견적', '예정']",온라인 가격대 짜다 구매 가격대 오프라인 발품 팔다 견적 예정,0
2808,구매할 항목이 많다면 오프라인으로 하구 적다면 온라인이 좋을거 같아용,"[ 0.0117569   0.0227356  -0.02812195 ... -0.03173828 -0.02548218
 -0.00927734]",2,"['구매', '항목', '많다', '오프라인', '적다', '온라인', '좋다']",구매 항목 많다 오프라인 적다 온라인 좋다,0
2809,오프라인으로 직접 보고 비교하는게 좋은거같아요,"[ 0.00975037  0.02456665 -0.01707458 ... -0.03851318 -0.01702881
 -0.00933838]",2,"['오프라인', '비교', '좋다']",오프라인 비교 좋다,0
2810,오프라인에서 직접 보면서 비교하고 사려구요,"[ 0.01055145  0.03007507 -0.0184021  ... -0.03140259 -0.02476501
 -0.01913452]",2,"['오프라인', '비교', '사다']",오프라인 비교 사다,0
2811,항목 많으면 오프라인에서 할인 많이 받을 수 있다고 하더라구여.! 저흰 항목이 몇개 없어서 온라인으로 샀습니당:,"[ 0.01021576  0.01190186 -0.04751587 ... -0.0272522  -0.02084351
 -0.01570129]",2,"['항목', '많다', '오프라인', '할인', '항목', '온라인', '사다']",항목 많다 오프라인 할인 항목 온라인 사다,2
2812,백화점은 가격대 좀 있는것만 진열하는거 같고 인터넷제품은 아예 품번이 다르고 온라인도 괜찮다고 하던데용,"[ 0.01243591  0.00176811 -0.02687073 ... -0.0300293  -0.02349854
 -0.00481033]",2,"['백화점', '가격대', '진열', '인터넷', '제품', '다르다', '온라인', '괜찮다']",백화점 가격대 진열 인터넷 제품 다르다 온라인 괜찮다,2
2813,"저도 곧 구매해야해서 꿀팁 많이 얻어갑니다! 우선 오프라인으로 갔다가, 온라인이랑 비교해보려구여!","[-0.00301933  0.01637268 -0.02505493 ... -0.02731323 -0.03424072
 -0.01398468]",2,"['구매', '오프라인', '온라인', '비교']",구매 오프라인 온라인 비교,0
2814,구매 품목이 4개 이상이라면 매장 구매가 좋을 것 같아요! 저도 구매 물품별로 모델 리스트 뽑아서 오픈샵 위주로 돌아볼 예정입니다ㅎㅎ,"[ 0.0160675  -0.00645828 -0.03131104 ... -0.03579712 -0.0397644
  0.01901245]",2,"['구매', '품목', '이상', '매장', '구매', '좋다', '구매', '물품', '모델', '리스트', '오픈', '위주', '돌아보다', '예정']",구매 품목 이상 매장 구매 좋다 구매 물품 모델 리스트 오픈 위주 돌아보다 예정,2
2815,"의정부인터넷가입하고 나서 온라인 강의 듣기도 끊김없이 잘 되고, 집에서 일할 때도 문제 없이 작업할 수 있어서 너무 좋아요.","[ 0.00553513  0.02862549 -0.01690674 ... -0.02972412 -0.03149414
  0.01205444]",2,"['의정부', '인터넷', '가입', '온라인', '강의', '끊기다', '문제', '작업', '좋다']",의정부 인터넷 가입 온라인 강의 끊기다 문제 작업 좋다,2
2816,의정부인터넷가입하고 나서 집에서 영상통화나 온라인 쇼핑도 편하게 할 수 있어서 너무 편리해요. 추천합니다!,"[ 0.01111603  0.04211426 -0.00698853 ... -0.03973389 -0.03225708
  0.00392914]",2,"['의정부', '인터넷', '가입', '영상', '통화', '온라인', '쇼핑', '편하다', '편리', '추천']",의정부 인터넷 가입 영상 통화 온라인 쇼핑 편하다 편리 추천,2
2817,많이 살꺼면 백화점 작게 살꺼면 인터넷이용 ㅎㅎ전 백화점서 풀로햇어요,"[ 0.00850677  0.01123047 -0.01985168 ... -0.03884888 -0.05163574
  0.00147343]",2,"['사다', '백화점', '작다', '살다', '인터넷', '백화점']",사다 백화점 작다 살다 인터넷 백화점,2
2818,몇개 안되면 인터넷이 괜찮고 여러개 사는거면 백화점이 괜찮은것 같습니다.,"[ 0.00199699  0.00563431 -0.03466797 ... -0.04458618 -0.04669189
 -0.00223351]",2,"['인터넷', '괜찮다', '사다', '백화점', '괜찮다']",인터넷 괜찮다 사다 백화점 괜찮다,1
2819,"많이 살꺼면 오프라인, 몇개만 사면 온라인이 진리라고 하드라구용","[-0.00114727  0.02340698 -0.03216553 ... -0.01629639 -0.01730347
 -0.00525284]",2,"['사다', '오프라인', '사다', '온라인', '진리']",사다 오프라인 사다 온라인 진리,1
2820,5개 이상 구입 예정이면 백화점 2~3개 구입 예정이면 인터넷이 더 저렴하다고 하더라구요 !,"[-0.00117111  0.0333252  -0.03497314 ... -0.03521729 -0.03329468
  0.01696777]",2,"['이상', '구입', '예정', '백화점', '구입', '예정', '인터넷', '저렴하다']",이상 구입 예정 백화점 구입 예정 인터넷 저렴하다,1
2821,많이구매하시는거면 백화점 아니면 인터넷이요,"[ 0.01265717  0.00766373 -0.02784729 ... -0.04196167 -0.04492188
  0.00667572]",2,"['구매', '백화점', '인터넷']",구매 백화점 인터넷,2
2822,갯수가 많으면 오프라인에서 구매하시는게 좋고 한두개면 인터넷이요~,"[-0.00164986  0.01901245 -0.03295898 ... -0.02359009 -0.02455139
  0.00644684]",2,"['갯수', '많다', '오프라인', '구매', '좋다', '인터넷']",갯수 많다 오프라인 구매 좋다 인터넷,0
2823,품목많으면 백화점 아니먄 인터넷으로 가격비교하면 좋을거같아요,"[ 0.01190186  0.01315308 -0.0345459  ... -0.04437256 -0.03289795
  0.00700378]",2,"['품목', '많다', '백화점', '아니먄', '인터넷', '가격', '비교', '좋다']",품목 많다 백화점 아니먄 인터넷 가격 비교 좋다,2
2824,저는 오프라인에서 샀어요 여러개를 사서요! 만약 적은 갯수면 인터넷도 좋을거같네요!,"[-0.00965881  0.01399231 -0.03604126 ... -0.02645874 -0.02789307
  0.00120926]",2,"['오프라인', '사다', '사다', '적다', '갯수', '인터넷', '좋다']",오프라인 사다 사다 적다 갯수 인터넷 좋다,2
2825,"3개 이하는 인터넷, 4~5개 이상은 백화점 견적이 좋은거 같아요!","[ 0.00584412  0.01500702 -0.03500366 ... -0.04840088 -0.03546143
  0.01690674]",2,"['이하', '인터넷', '이상', '백화점', '견적', '좋다']",이하 인터넷 이상 백화점 견적 좋다,2
2826,한두개만 사시면 인터넷이좋은데 많이사시면 무조건 백화점,"[-0.00549316  0.02064514 -0.03820801 ... -0.03729248 -0.03497314
  0.01629639]",2,"['사다', '인터넷', '좋다', '사다', '백화점']",사다 인터넷 좋다 사다 백화점,2
2827,저희는 온라인으로 각각 최저가로구입했는데 만족해요,"[ 0.01797485  0.02789307 -0.03839111 ... -0.02113342 -0.04776001
 -0.00909424]",2,"['온라인', '최저', '구입', '만족']",온라인 최저 구입 만족,1
2828,금액대에 따라 다르게 결정할거같은데 저희는 오프라인보단 온라인에서 구매할거같아요~,"[ 0.00055265  0.02740479 -0.03140259 ... -0.02523804 -0.03860474
 -0.01289368]",2,"['금액', '따르다', '다르다', '결정', '오프라인', '온라인', '구매']",금액 따르다 다르다 결정 오프라인 온라인 구매,0
2829,오프라인으로 가격비교하고 인터넷으로 구매하는 방법도 있겠네요,"[ 0.00690842  0.02729797 -0.02348328 ... -0.02993774 -0.03338623
 -0.01464844]",2,"['오프라인', '가격', '비교', '인터넷', '구매', '방법']",오프라인 가격 비교 인터넷 구매 방법,0
2830,"견적받아보고 오프라인, 온라인 결정해보고자합니다","[ 0.00663757  0.03390503 -0.01806641 ... -0.03964233 -0.02941895
 -0.00376511]",2,"['견적', '오프라인', '온라인', '결정']",견적 오프라인 온라인 결정,0
2831,대부분 오프라인으로 구매할 것 같아요 ㅎㅎ,"[ 0.0028038   0.02366638 -0.01974487 ... -0.03045654 -0.03686523
 -0.00476837]",2,"['부분', '오프라인', '구매']",부분 오프라인 구매,1
2832,2품목이면 인터넷이 오프라인보단 저렴해요!,"[-0.00383949  0.02850342 -0.02488708 ... -0.02287292 -0.02459717
 -0.02151489]",2,"['품목', '인터넷', '오프라인', '저렴하다']",품목 인터넷 오프라인 저렴하다,2
2833,구경은 오프라인에서 하고 가격 인터넷에서 따져볼거 같아요,"[-0.00624847  0.02192688 -0.01898193 ... -0.03323364 -0.02131653
 -0.01327515]",2,"['구경', '오프라인', '가격', '인터넷', '따지다']",구경 오프라인 가격 인터넷 따지다,1
2834,오프라인으로 매장 다니면서 제품설명이라던지 할인행사라던지 한번 들어보시고 인터넷고 비교해서 사시는건 어떠세용,"[ 0.00335693  0.01480865 -0.03076172 ... -0.03707886 -0.02336121
 -0.00999451]",2,"['오프라인', '매장', '다니다', '제품', '설명', '할인', '행사', '인터넷', '비교', '사다']",오프라인 매장 다니다 제품 설명 할인 행사 인터넷 비교 사다,2
2835,"많이 살거면 오프라인, 적게 살거면 온라인이 좋아요!","[-0.00320625  0.02326965 -0.02189636 ... -0.02394104 -0.03198242
 -0.00611115]",2,"['사다', '오프라인', '적다', '살다', '온라인', '좋다']",사다 오프라인 적다 살다 온라인 좋다,1
2836,단품은 온라인이 좋고 많이 사시면 오프라인이 좋을 것 같아요~,"[ 0.00348663  0.01930237 -0.03573608 ... -0.03469849 -0.0317688
  0.00248528]",2,"['온라인', '좋다', '사다', '오프라인', '좋다']",온라인 좋다 사다 오프라인 좋다,1
2837,저도 많이 구입을 한 편이 아니라서 온라인으로 주로 구입했어요!,"[-0.00588608  0.01318359 -0.02371216 ... -0.02258301 -0.04849243
 -0.00925446]",2,"['구입', '온라인', '구입']",구입 온라인 구입,1
2838,비교해보고 같은제품인 경우에 더 저렴한곳에서 할것같아요 한꺼번에 사는거아니면 오프라인 할인이 별로 안들어가요ㅠㅠ,"[ 0.00292969  0.02558899 -0.026474   ... -0.03585815 -0.01951599
 -0.0088501 ]",2,"['비교', '제품', '저렴하다', '사다', '오프라인', '할인', '들어가다']",비교 제품 저렴하다 사다 오프라인 할인 들어가다,2
2839,저는 오프라인에서 한번에 견적내고 구매해썽요~,"[-0.00638199  0.03414917 -0.01885986 ... -0.03146362 -0.03915405
 -0.01512909]",2,"['오프라인', '견적', '내다', '구매']",오프라인 견적 내다 구매,0
2840,온라인으로 구매했는데 원하는 모델 저렴하게 잘 구매해서 만족해요!,"[ 0.01182556  0.02859497 -0.03588867 ... -0.01922607 -0.04464722
 -0.01147461]",2,"['온라인', '구매', '원하다', '모델', '저렴하다', '구매', '만족']",온라인 구매 원하다 모델 저렴하다 구매 만족,1
2841,상담은 일단 오프라인에서 발품팔고 온라인이랑 가격비교 해볼거같아요,"[-0.00465393  0.00917053 -0.01554871 ... -0.04180908 -0.02516174
 -0.00914764]",2,"['상담', '오프라인', '발품', '팔다', '온라인', '가격', '비교']",상담 오프라인 발품 팔다 온라인 가격 비교,0
2842,오프라인으로 보다가 올해 신제품으로 살게 아니여서 인터넷으로 가성비로 샀어요,"[-0.00469971  0.02566528 -0.03643799 ... -0.00311089 -0.04348755
 -0.0226593 ]",2,"['오프라인', '올해', '제품', '사다', '인터넷', '가성비', '사다']",오프라인 올해 제품 사다 인터넷 가성비 사다,1
2843,저는 오프라인에서 보고 온라인에서 구매하는게 좋을것 같아용,"[ 0.0019083   0.01748657 -0.03083801 ... -0.03016663 -0.0369873
 -0.01594543]",2,"['오프라인', '온라인', '구매', '좋다']",오프라인 온라인 구매 좋다,0
2844,기가인터넷 속도 알아보고 설치하여 정말 만족스럽네요. 온라인 강의를 끊김 없이 수월하게 들을 수 있습니다~!,"[ 0.01477051  0.03573608 -0.01213074 ... -0.03775024 -0.03034973
  0.00699615]",2,"['기', '인터넷', '속도', '알아보다', '설치', '만족', '온라인', '강의', '끊기다']",기 인터넷 속도 알아보다 설치 만족 온라인 강의 끊기다,2
2845,온라인도 묶음 상품 할인있던데 저도 고민이네요 ㅠㅠ,"[-0.0085144   0.03096008 -0.03573608 ... -0.02728271 -0.04275513
  0.00994873]",2,"['온라인', '묶음', '상품', '할인', '고민']",온라인 묶음 상품 할인 고민,2
2846,저는 오프라인 오픈 점 방문해서 상담 받고 구매했어요~,"[ 0.01309967  0.01013184 -0.01757812 ... -0.0335083  -0.03292847
 -0.0174408 ]",2,"['오프라인', '오픈', '방문', '상담', '구매']",오프라인 오픈 방문 상담 구매,0
2847,"저희는 그냥 온라인에서 주문했어요~ 돌아다니는 시간 세이브하는거 생각하면 그게 그거더라구요,.","[ 0.00209618  0.02153015 -0.01939392 ... -0.0297699  -0.03344727
  0.0023632 ]",2,"['온라인', '주문', '돌아다니다', '시간', '세이브', '생각']",온라인 주문 돌아다니다 시간 세이브 생각,0
2848,커뮤니티에 글 올려서 매장별 견적 싹 받고 오프라인하고 비교해서 구매했어요,"[ 0.00639343  0.01428223 -0.02110291 ... -0.02027893 -0.04190063
 -0.00997162]",2,"['커뮤니티', '올리다', '매장', '견적', '오프라인', '비교', '구매']",커뮤니티 올리다 매장 견적 오프라인 비교 구매,0
2849,해보니 온라인보다 오프라인이 좀 더 저렴하긴 하더라고요,"[ 0.00650787  0.02696228 -0.02713013 ... -0.03613281 -0.02236938
 -0.01055145]",2,"['온라인', '오프라인', '저렴하다']",온라인 오프라인 저렴하다,1
2850,온라인이 더 싸긴한거같아서 필요할때 하나씩 사고있어요,"[ 1.90830231e-03  3.80249023e-02 -2.82135010e-02 ... -1.71661377e-02
 -3.09295654e-02  3.33189964e-05]",2,"['온라인', '싸다', '필요', '사다']",온라인 싸다 필요 사다,1
2851,자세히보면 백화점 급이랑 온라인은 기능에 조금씩 차이가 있다고 하더라구요!,"[ 0.00974274  0.0222168  -0.02046204 ... -0.0340271  -0.03799438
 -0.02229309]",2,"['백화점', '온라인', '기능', '차이']",백화점 온라인 기능 차이,2
2852,저는 내눈으로 보는게 맘 편해서 매장 엄청 발품팔고 갔어요 그만큼 견적도 좋았구요,"[ 0.00888824  0.02484131 -0.01869202 ... -0.03451538 -0.04827881
  0.02467346]",2,"['편하다', '매장', '발품', '팔다', '견적', '좋다']",편하다 매장 발품 팔다 견적 좋다,0
2853,오프라인으로 여러군데 견적 비교해보고 진행하는게 좋을것같아용,"[ 0.00136757  0.02963257 -0.02398682 ... -0.04211426 -0.02001953
  0.00476074]",2,"['오프라인', '견적', '비교', '진행', '좋다']",오프라인 견적 비교 진행 좋다,0
2854,저도 풀로 채울 생각은 없다보니 할인율이 별로라 온라인으로 진행하기로 했어용!,"[-0.01397705  0.02130127 -0.02548218 ... -0.03167725 -0.04364014
  0.00506973]",2,"['채우다', '생각', '할인', '온라인', '진행']",채우다 생각 할인 온라인 진행,0
2855,저는 오프라인 온라인 다 비교해서 살 예정입니다 ㅎㅎ,"[ 0.00100994  0.02107239 -0.01637268 ... -0.0275116  -0.03695679
 -0.01971436]",2,"['오프라인', '온라인', '비교', '사다', '예정']",오프라인 온라인 비교 사다 예정,1
2856,오프라인 온라인 둘다 비교 예정입니다.,"[ 0.00873566  0.01580811 -0.01625061 ... -0.01922607 -0.02311707
 -0.02124023]",2,"['오프라인', '온라인', '비교', '예정']",오프라인 온라인 비교 예정,1
2857,그냥 매장에서 해버렸어요 ㅎㅎ 비교 잘 해보시고 선택하세용,"[ 0.01515961  0.00579834 -0.02146912 ... -0.04647827 -0.02468872
  0.01185608]",2,"['매장', '비교', '선택']",매장 비교 선택,0
2858,묶어서 여러개 사지 않으신다면 온라인도 괜찮을 것같아요~,"[ 0.00832367  0.02597046 -0.03720093 ... -0.02952576 -0.04086304
  0.00695419]",2,"['묶다', '사다', '온라인', '괜찮다']",묶다 사다 온라인 괜찮다,1
2859,저는 온라인에서 구매하는게 좋을것 같더라구용,"[ 0.0125351   0.0243988  -0.03540039 ... -0.04101562 -0.03408813
 -0.01016998]",2,"['온라인', '구매', '좋다']",온라인 구매 좋다,1
2860,오프라인 상담받고 온라인으로 비교 후 구매했습니당,"[ 0.00542068  0.01763916 -0.02560425 ... -0.02572632 -0.02676392
 -0.01985168]",2,"['오프라인', '상담', '온라인', '비교', '구매']",오프라인 상담 온라인 비교 구매,0
2861,저는 딱 필요한것만 살꺼라 온라인으로 구매하려구요!,"[ 0.01168823  0.03918457 -0.0272522  ... -0.01293945 -0.04681396
 -0.01989746]",2,"['필요', '사다', '온라인', '구매']",필요 사다 온라인 구매,1
2862,저는 일단 모든 견적 다 받아보고 사려구용! 온라인이 더 저렴하면 온라인으로! 하려구요!,"[-0.00660706  0.03289795 -0.03044128 ... -0.04626465 -0.03137207
  0.01052856]",2,"['견적', '사다', '온라인', '저렴하다', '온라인']",견적 사다 온라인 저렴하다 온라인,1
2863,누워서 편하게 알아보는걸 좋아해서 아마 온라인이 많을 것 같은데 그래도 중요한건 직접 발품팔면서 많이 샀을때 가장 합리적인 곳이 오프라인에있다면 한번에 지를거같아요:,"[ 0.00417709  0.00783539 -0.03656006 ... -0.04745483 -0.02433777
  0.00369072]",2,"['편하다', '알아보다', '좋아하다', '온라인', '많다', '중요', '발품', '팔다', '사다', '합리', '오프라인', '지르다']",편하다 알아보다 좋아하다 온라인 많다 중요 발품 팔다 사다 합리 오프라인 지르다,0
2864,한번에 많이 사실거면 오프라인도 알아보고 비교하시는게 좋을 것 같아요,"[ 0.00419998  0.01806641 -0.01483917 ... -0.02720642 -0.01073456
  0.00196266]",2,"['사다', '오프라인', '알아보다', '비교', '좋다']",사다 오프라인 알아보다 비교 좋다,0
2865,우선 오프라인으로 가서 직접 보고 가격대 많이 차이나면 온라인도 고려해볼것같아요!,"[-0.00362206  0.02812195 -0.02345276 ... -0.03042603 -0.02330017
  0.00038743]",2,"['오프라인', '가격대', '차이', '온라인', '고려']",오프라인 가격대 차이 온라인 고려,1
2866,오프라인에서 견적 받고 저희는 많이 안살 것 같아서 몇개만 온라인으로 구매했어요,"[-0.00379753  0.03887939 -0.03271484 ... -0.01766968 -0.04260254
 -0.02090454]",2,"['오프라인', '견적', '사다', '온라인', '구매']",오프라인 견적 사다 온라인 구매,1
2867,발품 팔아서 싼 곳에 좋지만 저희는 온라인으로 구매했습니다,"[ 0.00496292  0.02883911 -0.04321289 ... -0.03259277 -0.04504395
 -0.01644897]",2,"['발품', '팔다', '싸다', '좋다', '온라인', '구매']",발품 팔다 싸다 좋다 온라인 구매,0
2868,저는 어느정도 있는 상태여서 온라인르로 샀어요 ㅎㅎ,"[-0.00314713  0.02313232 -0.01678467 ... -0.03433228 -0.04147339
 -0.01443481]",2,"['상태', '온라인', '사다']",상태 온라인 사다,1
2869,저는 온라인 오프라인 견적 받아보고 더 싼걸로 하려구요!,"[-0.01408386  0.03933716 -0.02424622 ... -0.03411865 -0.03182983
 -0.00168991]",2,"['온라인', '오프라인', '견적', '싸다']",온라인 오프라인 견적 싸다,0
2870,최신형 사실거 아니면 온라인도 견적 괜찮아요 ㅎㅎ,"[-0.00381851  0.03167725 -0.02856445 ... -0.03314209 -0.04043579
  0.00170708]",2,"['최신', '사다', '온라인', '견적', '괜찮다']",최신 사다 온라인 견적 괜찮다,1
2871,저는 오프라인에서 셋트로 구매했어요 ㅎㅎ,"[ 0.00478745  0.01730347 -0.02366638 ... -0.01704407 -0.03341675
 -0.00393295]",2,"['오프라인', '셋트', '구매']",오프라인 셋트 구매,0
2872,저는 오프라인으로 가서 직접 보고 설명 듣고 구매 하려구요,"[ 0.01531219  0.02523804 -0.02253723 ... -0.02642822 -0.02911377
 -0.00994873]",2,"['오프라인', '설명', '구매']",오프라인 설명 구매,0
2873,5개이상은 오프가 훨씬 싸고 4개정도까지는 온라인이 싸더라구요,"[ 0.01446533  0.03106689 -0.02954102 ... -0.02185059 -0.01150513
  0.01841736]",2,"['이상', '오프', '싸다', '온라인', '싸다']",이상 오프 싸다 온라인 싸다,1
2874,직접 보고 사는 게 좋아서 오프라인에서 사려구요!,"[ 0.00459671  0.03219604 -0.02200317 ... -0.03417969 -0.04119873
 -0.00803375]",2,"['사다', '좋다', '오프라인', '사다']",사다 좋다 오프라인 사다,1
2875,오프라인으로 가서 직접 보고 견적 내보시고 대충 어떤 흐름이신지 아신다음에 온라인이랑 비교해보시는 것 추천이요!,"[-0.01208496  0.02687073 -0.01979065 ... -0.03762817 -0.01158905
 -0.00351524]",2,"['오프라인', '견적', '내다', '흐름', '다음', '온라인', '비교', '추천']",오프라인 견적 내다 흐름 다음 온라인 비교 추천,0
2876,저는 귀찮아서 오프라인 한곳가서 계약했어여,"[ 0.00054741  0.02676392 -0.02203369 ... -0.03656006 -0.03967285
 -0.01371765]",2,"['귀찮다', '오프라인', '계약']",귀찮다 오프라인 계약,0
2877,일단 오프라인 매장 가서 할인되는거 먼저 알아보는게 좋긴 해요 혜택이나 이런거 받으려면! 금액이 금액이다보니 어떻게든 싸게 구해야하니까요ㅠ,"[-0.00086784  0.02566528 -0.03823853 ... -0.02830505 -0.02362061
 -0.01443481]",2,"['오프라인', '매장', '할인', '알아보다', '좋다', '혜택', '금액', '금액', '싸다', '구하다']",오프라인 매장 할인 알아보다 좋다 혜택 금액 금액 싸다 구하다,0
2878,"오프라인 온라인 격적비교는 필수고, 디자인이나 실물은 오프라인으로 꼭 봐야할거 같아요","[-0.01030731  0.01858521 -0.01278687 ... -0.0206604  -0.02142334
 -0.00894928]",2,"['오프라인', '온라인', '비교', '필수', '디자인', '실물', '오프라인']",오프라인 온라인 비교 필수 디자인 실물 오프라인,0
2879,오프라인 ㅠㅠ 발품 ㅠㅠ 쉬운게 하나도 없네여 ㅠ,"[ 0.00450516  0.03970337  0.00251961 ... -0.02209473 -0.01290894
  0.00045991]",2,"['오프라인', '발품']",오프라인 발품,0
2880,품목이 적으면 온라인에서 따로 비교해서 하나씩 사고하더라구용,"[ 0.00173664  0.02453613 -0.02209473 ... -0.03308105 -0.02575684
  0.000157  ]",2,"['품목', '적다', '온라인', '비교', '사다']",품목 적다 온라인 비교 사다,0
2881,오프라인 구매로 발품 좀 팔아보려고요😁,"[-0.00075006  0.03738403 -0.00710678 ... -0.03372192 -0.04309082
 -0.01948547]",2,"['오프라인', '구매', '발품', '팔다']",오프라인 구매 발품 팔다,0
2882,"오프라인으로 3-4곳 견적받고, 온라인도 찾아봤는데 품종이 많으면 오프라인이 저렴하긴하더라구요~","[-0.0041008   0.02516174 -0.03137207 ... -0.04034424 -0.02095032
  0.01417542]",2,"['오프라인', '견적', '온라인', '찾아보다', '품종', '많다', '오프라인']",오프라인 견적 온라인 찾아보다 품종 많다 오프라인,0
2883,한번에 다 맞추시는거면 오프라인이 더 싸요! 저 백화점에서 구매했는데도 실 결제가로 보면 오프라인 최저가보다 훨 쌌어요,"[ 0.002985    0.02554321 -0.04690552 ... -0.02326965 -0.0241394
  0.00439453]",2,"['맞추다', '오프라인', '싸다', '백화점', '구매', '결제', '오프라인', '최저', '싸다']",맞추다 오프라인 싸다 백화점 구매 결제 오프라인 최저 싸다,1
2884,온라인으로 사려했는데 오프라인가서 설명 들어보니 오프라인이 더 나은거같아서 오프라인에서 샀었어요,"[ 0.01485443  0.0254364  -0.04452515 ... -0.02157593 -0.02146912
 -0.02189636]",2,"['온라인', '사다', '오프라인', '설명', '오프라인', '오프라인', '사다']",온라인 사다 오프라인 설명 오프라인 오프라인 사다,1
2885,오프라인으로 직접 보고 구매하시는거 추천이요!,"[-0.0093689   0.02752686 -0.02201843 ... -0.02998352 -0.02818298
 -0.00905609]",2,"['오프라인', '구매', '추천']",오프라인 구매 추천,0
2886,"인터넷설치현금을 받아서 정말 좋았어요,,, 인터넷 속도가 현저히 빨라져서 온라인 게임을 즐기기에 최적이에요","[ 0.01660156  0.02844238 -0.01441193 ... -0.04397583 -0.03463745
  0.00042415]",2,"['인터넷', '설치', '현금', '좋다', '인터넷', '속도', '빠르다', '온라인', '게임', '즐기다', '최적']",인터넷 설치 현금 좋다 인터넷 속도 빠르다 온라인 게임 즐기다 최적,2
2887,인터넷 설치 후 인터넷 속도가 확연히 빨라져서 온라인 게임하기에 적합하네요! 인터넷TV추천합니다~,"[ 0.02076721  0.03857422 -0.01406097 ... -0.04882812 -0.00672531
 -0.0054245 ]",2,"['인터넷', '설치', '인터넷', '속도', '빠르다', '온라인', '게임', '적합', '인터넷', '추천']",인터넷 설치 인터넷 속도 빠르다 온라인 게임 적합 인터넷 추천,2
2888,인터넷 설치 후 인터넷 속도가 확연히 빨라져서 온라인 게임하기에 적합하네요! 인터넷설치현금 좋아요,"[ 0.02261353  0.03366089 -0.01190948 ... -0.0385437  -0.01826477
 -0.01016235]",2,"['인터넷', '설치', '인터넷', '속도', '빠르다', '온라인', '게임', '적합', '인터넷', '설치', '현금', '좋다']",인터넷 설치 인터넷 속도 빠르다 온라인 게임 적합 인터넷 설치 현금 좋다,2
2889,"인터넷설치현금을 받았더니 정말 기뻐요,,, 인터넷 속도가 확실히 빨라져서 온라인 게임하기가 최고군요~","[ 0.01583862  0.03326416 -0.00888824 ... -0.04446411 -0.0352478
 -0.00539398]",2,"['인터넷', '설치', '현금', '기쁘다', '인터넷', '속도', '빠르다', '온라인', '게임', '최고']",인터넷 설치 현금 기쁘다 인터넷 속도 빠르다 온라인 게임 최고,2
2890,살거 정하고 온라인 오프라인 견적 뽑고 계속 발품 비교요!,"[-0.0027504   0.04730225 -0.01290131 ... -0.03671265 -0.0413208
 -0.00927734]",2,"['사다', '정하다', '온라인', '오프라인', '견적', '발품', '비교']",사다 정하다 온라인 오프라인 견적 발품 비교,0
2891,4개이상 사면 백화점 그랜드오픈하는돗 가보셔요 가격 넘 좋앗어요,"[ 0.0249939   0.02337646 -0.03308105 ... -0.03768921 -0.03173828
  0.0125351 ]",2,"['이상', '사다', '백화점', '그랜드', '오픈', '가격', '좋다']",이상 사다 백화점 그랜드 오픈 가격 좋다,2
2892,저희는 오픈 매장 위주로 발품 팔아서 구매했어요!,"[ 0.02224731  0.02337646 -0.02561951 ... -0.02177429 -0.06170654
 -0.00110054]",2,"['오픈', '매장', '위주', '발품', '팔다', '구매']",오픈 매장 위주 발품 팔다 구매,0
2893,저는 온라인으로 훑어보고 제가 브랜드 몇개 정해서 찾아갔어요,"[ 0.0051651   0.01948547 -0.03022766 ... -0.02854919 -0.02450562
 -0.0163269 ]",2,"['온라인', '훑어보다', '브랜드', '정하다', '찾아가다']",온라인 훑어보다 브랜드 정하다 찾아가다,1
2894,발품 파는 게 제일 좋아요 그랜드 오픈이나 백화점 비교해 보세요,"[ 0.01754761  0.00540543 -0.02993774 ... -0.04550171 -0.04016113
  0.00237083]",2,"['발품', '파', '좋다', '그랜드', '오픈', '백화점', '비교']",발품 파 좋다 그랜드 오픈 백화점 비교,0
2895,저는 매장 온라인 다양하게 비교해보고 견적 받아서 구매 결정했어용,"[ 0.01618958  0.02787781 -0.02227783 ... -0.0324707  -0.04663086
 -0.00849915]",2,"['매장', '온라인', '다양', '비교', '견적', '구매', '결정']",매장 온라인 다양 비교 견적 구매 결정,0
2896,몇개만 사실꺼면 온라인을 추천드려요 혹시 주변에 임직원 분 있으면 더 도움 될거에요!,"[-0.01424408  0.01651001 -0.02215576 ... -0.03533936 -0.02050781
 -0.00476074]",2,"['사다', '온라인', '추천', '드리다', '주변', '임직원', '도움']",사다 온라인 추천 드리다 주변 임직원 도움,0
2897,저도 온라인 알아보려구요! 더 저렴할 것 같기도..ㅋㅋ,"[-0.01167297  0.03289795 -0.02052307 ... -0.0430603  -0.01913452
 -0.002491  ]",2,"['온라인', '알아보다', '저렴하다']",온라인 알아보다 저렴하다,1
2898,오프라인매장에서 대부분사고 일부품목은 온라인으로 구매했어요,"[ 0.00782776  0.01893616 -0.03433228 ... -0.01305389 -0.04309082
 -0.01477814]",2,"['오프라인', '매장', '부분', '사고', '일부', '품목', '온라인', '구매']",오프라인 매장 부분 사고 일부 품목 온라인 구매,1
2899,갯수가 적다면 온라인이 확실히 더 낫다고 하더라구요,"[ 0.00497437  0.0304718  -0.016922   ... -0.03042603 -0.00663376
  0.00182343]",2,"['갯수', '적다', '온라인']",갯수 적다 온라인,0
2900,저는 이미 쫌쫌따리 채워둬서 얼마 필요 없거든요ㅎㅎ 그래서 온라인으 로 구매 중에 있슴니다,"[ 0.00629807  0.03302002 -0.02052307 ... -0.02580261 -0.0369873
 -0.01184845]",2,"['따리다', '채우다', '얼마', '필요', '온라인', '구매']",따리다 채우다 얼마 필요 온라인 구매,1
2901,백화점이요! 물건 자체가 백화점 제품과 온라인 제품. 서로 품질이 다르지 않나요?!,"[ 0.00469208  0.01725769 -0.0317688  ... -0.05151367 -0.04534912
 -0.02410889]",2,"['백화점', '물건', '자체', '백화점', '제품', '온라인', '제품', '품질', '다르다']",백화점 물건 자체 백화점 제품 온라인 제품 품질 다르다,2
2902,3개 품목만 구입하신다면 온라인이 더 나을것 같아요!,"[ 0.00606537  0.02033997 -0.04153442 ... -0.02452087 -0.03149414
 -0.0188446 ]",2,"['품목', '구입', '온라인']",품목 구입 온라인,1
2903,백회점은 진열도 상위라인만 있더라구요.. 적당한 가격으로 온라인 알아보려고 해요,"[ 0.02583313  0.02030945 -0.04281616 ... -0.0202179  -0.00272369
  0.00697327]",2,"['진열', '상위', '라인', '적당하다', '가격', '온라인', '알아보다']",진열 상위 라인 적당하다 가격 온라인 알아보다,0
2904,저희는 저렴하게 온라인으로 할 생각이에용,"[ 0.00161648  0.04342651 -0.01054382 ... -0.03381348 -0.02720642
 -0.0116806 ]",2,"['저렴하다', '온라인', '생각']",저렴하다 온라인 생각,1
2905,직접 매장가셔서 비교해보시는게 좋을거같아요! 백화점아닌 다른곳도요..ㅎㅎ 온라인이라고 해서 무조건 저렴한것도 아닌거 같더라구용 ㅎㅎ,"[ 0.00229073  0.02046204 -0.03631592 ... -0.03384399 -0.02563477
 -0.00674438]",2,"['매장', '비교', '좋다', '백화점', '온라인', '저렴하다']",매장 비교 좋다 백화점 온라인 저렴하다,2
2906,저는 온라인으로 한두개면 무조건 온라인으로 할예정입니다!,"[-0.00556183  0.02796936 -0.01380157 ... -0.01683044 -0.02467346
 -0.00346565]",2,"['온라인', '온라인', '예정']",온라인 온라인 예정,1
2907,발품 팔아서 가성비 있는 곳으로 갈거 같아요 오픈 매장 이런데에서 할인도 많이 하더라구요,"[ 1.30691528e-02  1.91192627e-02 -2.41394043e-02 ... -3.94287109e-02
 -2.30560303e-02  4.19020653e-05]",2,"['발품', '팔다', '가성비', '오픈', '매장', '할인']",발품 팔다 가성비 오픈 매장 할인,2
2908,전문브랜드가서 사려규요 백화점은 몽땅 사야 할인이 되는거같아요ㅠ 근데 전세집이라 다 구비하고 들어가기가 부담스러워서리ㅜㅜ,"[ 0.00943756  0.02787781 -0.02893066 ... -0.04953003 -0.04595947
  0.02363586]",2,"['전문', '브랜드', '사려규', '백화점', '사다', '할인', '전세', '구비', '들어가다', '부담']",전문 브랜드 사려규 백화점 사다 할인 전세 구비 들어가다 부담,2
2909,인터넷가입 후로 온라인 게임할 때 렉이 확연히 줄어들었어요. 진짜 만족입니다! 인터넷설치현금 좋네요,"[ 0.01212311  0.02516174 -0.01722717 ... -0.04541016 -0.02807617
 -0.00761795]",2,"['인터넷', '가입', '온라인', '게임', '줄어들다', '만족', '인터넷', '설치', '현금', '좋다']",인터넷 가입 온라인 게임 줄어들다 만족 인터넷 설치 현금 좋다,2
2910,기가인터넷을 설치하여 완전 만족스럽습니다~ 온라인 강의도 끊김 없이 수월하게 들을 수 있습니다~!,"[ 0.00978088  0.03692627 -0.00391769 ... -0.03573608 -0.03656006
  0.00653458]",2,"['기', '인터넷', '설치', '만족', '온라인', '강의', '끊기다']",기 인터넷 설치 만족 온라인 강의 끊기다,2
2911,"인터넷설치현금을 받았는데 진짜 너무 좋아요,,, 인터넷 속도가 확실히 빨라져서 온라인 게임하기에 최고의 환경입니다~","[ 0.01826477  0.02102661 -0.01716614 ... -0.04641724 -0.01519775
 -0.00501633]",2,"['인터넷', '설치', '현금', '좋다', '인터넷', '속도', '빠르다', '온라인', '게임', '최고', '환경']",인터넷 설치 현금 좋다 인터넷 속도 빠르다 온라인 게임 최고 환경,2
2912,저희는 필요한 것만 비교해서 온라인으로 구입했어요!,"[ 0.01159668  0.03717041 -0.02337646 ... -0.01196289 -0.04827881
 -0.02740479]",2,"['필요', '비교', '온라인', '구입']",필요 비교 온라인 구입,1
2913,오프라인에서 구매해야 더 할인 되는 것 같아서 최소 세트로요,"[ 0.0099411   0.02708435 -0.04782104 ... -0.02272034 -0.03817749
 -0.00465012]",2,"['오프라인', '구매', '할인', '최소', '세트']",오프라인 구매 할인 최소 세트,1
2914,온라인하고 오프라인 세트로 견적받아보고 비교해서 살거같아요,"[ 0.00720978  0.03019714 -0.02508545 ... -0.04031372 -0.03610229
 -0.01600647]",2,"['온라인', '오프라인', '세트', '견적', '비교', '사다']",온라인 오프라인 세트 견적 비교 사다,1
2915,저라면 오프라인매장에서 살것같아요! 한다면 세트로!,"[ 0.01357269  0.02503967 -0.0401001  ... -0.03671265 -0.04629517
  0.00468826]",2,"['오프라인', '매장', '살다', '세트']",오프라인 매장 살다 세트,1
2916,두개다 비교해보고 사려는데 세트로 사면 매장이 오히려 싸다고 하더라구요,"[ 0.0216217   0.01974487 -0.04067993 ... -0.04156494 -0.04556274
  0.01634216]",2,"['비교', '사다', '세트', '사다', '매장', '싸다']",비교 사다 세트 사다 매장 싸다,1
2917,저희는 인터넷으로 많이 구매했고 ! 딱히 오프라인 매장은 설명만 듣고 온라인으로 구매했어용,"[ 0.00267982  0.02351379 -0.03207397 ... -0.01377869 -0.04345703
 -0.00738144]",2,"['인터넷', '구매', '오프라인', '매장', '설명', '온라인', '구매']",인터넷 구매 오프라인 매장 설명 온라인 구매,0
2918,발품팔아보세요! 오픈할인이 제일 싸다 하는데 그게 다 싸진 않더라구요 저는 오히려 오픈매장이 더 비쌌어요,"[ 0.0118866   0.01506042 -0.03466797 ... -0.03405762 -0.02980042
  0.00198555]",2,"['발품', '팔다', '오픈', '할인', '싸다', '싸다', '오픈', '매장', '비싸다']",발품 팔다 오픈 할인 싸다 싸다 오픈 매장 비싸다,2
2919,경우에 따라 다르게 했는데 온라인으로 구매한것도 만족도 높았어요! 온라인은 대부분 리바트 같은 브랜드 구매하긴 했습니당,"[ 0.00230408  0.02716064 -0.03878784 ... -0.0395813  -0.02911377
 -0.00039315]",2,"['따르다', '다르다', '온라인', '구매', '만족도', '높다', '온라인', '부분', '리바트', '브랜드', '구매']",따르다 다르다 온라인 구매 만족도 높다 온라인 부분 리바트 브랜드 구매,1
2920,오프라인에서 보고 온라인에서 최저가 구매가 좋은것 같아요,"[ 0.00852203  0.02186584 -0.03131104 ... -0.01937866 -0.03533936
 -0.01486969]",2,"['오프라인', '온라인', '최저', '구매', '좋다']",오프라인 온라인 최저 구매 좋다,1
2921,저는 온라인으로 샀는데 아주 잘 쓰고 있어요 다시 사도 온라인으로 살래요ㅋㅋ,"[ 0.00192642  0.02107239 -0.034729   ... -0.04351807 -0.03262329
 -0.00090599]",2,"['온라인', '사다', '쓰다', '사다', '온라인', '사다']",온라인 사다 쓰다 사다 온라인 사다,1
2922,좀 힘들겠지만 오프라인으로 3군데 이상은 돌아보면 어느정도 각 나오더라구요,"[ 0.01368713  0.01730347 -0.01876831 ... -0.02590942 -0.00140667
  0.0144043 ]",2,"['힘들다', '오프라인', '이상', '돌아보다', '나오다']",힘들다 오프라인 이상 돌아보다 나오다,0
2923,오프라인했는데 온라인 괜찬은 거 같아여,"[ 0.02688599  0.02053833 -0.02029419 ... -0.01971436 -0.00741959
 -0.0109024 ]",2,"['오프라인', '온라인', '괜찬다']",오프라인 온라인 괜찬다,1
2924,저는 온라인에서 후기꼼꼼히 보면서 샀어요 아무래도 오프라인이랑 가격차이가 너무 많이나서 가성비로 온라인주문했습니당,"[-0.00113392  0.01579285 -0.03552246 ... -0.02285767 -0.03271484
 -0.01423645]",2,"['온라인', '후기', '사다', '오프라인', '가격', '차이', '가성비', '온라인', '주문']",온라인 후기 사다 오프라인 가격 차이 가성비 온라인 주문,1
2925,아무래도 온라인최저가가 제일싸긴하더라구요,"[ 0.01196289  0.03591919 -0.02259827 ... -0.02168274 -0.02697754
 -0.00601578]",2,"['온라인', '최저', '싸다']",온라인 최저 싸다,1
2926,큰거는 오프라인에서 사긴했어요 직접 앞에앉아보고 그런게 중요할거같아서요,"[ 0.01792908  0.03092957 -0.02839661 ... -0.01623535 -0.03083801
 -0.00506592]",2,"['크다', '오프라인', '사다', '앉다', '중요']",크다 오프라인 사다 앉다 중요,2
2927,저는 오프라인에서 보고 샀어요! 재질이랑 이런거때매ㅠㅠ 다르기는 하더라구요,"[-0.00527191  0.01378632 -0.03421021 ... -0.01887512 -0.01803589
 -0.01398468]",2,"['오프라인', '사다', '재질', '다르다']",오프라인 사다 재질 다르다,2
2928,원하는게 정확히 있으시면 온라인 추천이요!,"[ 0.00842285  0.02914429 -0.02449036 ... -0.0294342  -0.01050568
 -0.02085876]",2,"['원하다', '온라인', '추천']",원하다 온라인 추천,0
2929,저는 비교해보고 온라인최저가로 진행했어요,"[ 0.00154591  0.01409912 -0.01777649 ... -0.02891541 -0.02822876
 -0.0068512 ]",2,"['비교', '온라인', '최저', '진행']",비교 온라인 최저 진행,0
2930,4품목 이하면 온라인이 더 저렴한거같아요,"[ 0.01513672  0.02813721 -0.02348328 ... -0.03451538 -0.01959229
 -0.00643921]",2,"['품목', '이하', '온라인', '저렴하다']",품목 이하 온라인 저렴하다,1
2931,필요한 것들만 살 계획이라 온라인으로 사려구요,"[ 0.01356506  0.046875   -0.0300293  ... -0.01457977 -0.03378296
 -0.02024841]",2,"['필요', '사다', '계획', '온라인', '사다']",필요 사다 계획 온라인 사다,1
2932,오프라인이 더 저렴할줄 알았는데 의외로 온라인 추천 많이들 하시네요!,"[-0.00596237  0.029953   -0.0383606  ... -0.03292847 -0.02006531
  0.00039268]",2,"['오프라인', '저렴하다', '온라인', '추천']",오프라인 저렴하다 온라인 추천,0
2933,온라인도 여기저기 찾아보는데 엄청나게 많네요 ㅜㅜ,"[ 0.00155067  0.02297974 -0.01670837 ... -0.02151489 -0.02349854
  0.02005005]",2,"['온라인', '여기저기', '찾아보다', '엄청나다', '많다']",온라인 여기저기 찾아보다 엄청나다 많다,0
2934,그 정도면 온라인도 괜찮을 거 같아요 저는 9개 이상이라 오픈매장ㅅ ㅓ구매했어요,"[ 0.00941467 -0.00278091 -0.03521729 ... -0.02966309 -0.02432251
  0.0178833 ]",2,"['온라인', '괜찮다', '이상', '오픈', '매장', '구매']",온라인 괜찮다 이상 오픈 매장 구매,1
2935,저는 오프라인가서 구경하고 온라인으로 주문했어요,"[ 9.60230827e-05  2.18048096e-02 -1.23596191e-02 ... -2.16674805e-02
 -3.73535156e-02 -1.04217529e-02]",2,"['오프라인', '구경', '온라인', '주문']",오프라인 구경 온라인 주문,1
2936,오프라인으로 직접보고 경품도 받고 하는게 좋을거 같아서 오프라인으로 알아보고 있어요,"[-0.01119232  0.03068542 -0.0118866  ... -0.03756714 -0.02488708
 -0.0102005 ]",2,"['오프라인', '경품', '좋다', '오프라인', '알아보다']",오프라인 경품 좋다 오프라인 알아보다,0
2937,오프라인으로 알아보면 확실해서 편할 거같아용ㅋㅋ,"[ 0.0151062   0.03311157 -0.0160675  ... -0.03231812 -0.00065851
 -0.01097107]",2,"['오프라인', '알아보다', '편하다']",오프라인 알아보다 편하다,0
2938,오프라인으로 직접 본 후 혜택에 맞춰서 주문하려구요!,"[-0.00388718  0.03616333 -0.01023865 ... -0.02503967 -0.04049683
 -0.00679016]",2,"['오프라인', '혜택', '맞추다', '주문']",오프라인 혜택 맞추다 주문,1
2939,오프라인 방문혜택이 좋을 것 같아서 오프라인으로하려고해요 ! 시간괜찮으시면 제글에도 답글부탁드립니다!,"[-0.000741    0.02282715 -0.02696228 ... -0.03219604 -0.04040527
 -0.00492477]",2,"['오프라인', '방문', '혜택', '좋다', '오프라인', '시간', '괜찮다', '부탁', '드리다']",오프라인 방문 혜택 좋다 오프라인 시간 괜찮다 부탁 드리다,0
2940,오프라인 혜탹이 커서 오프라인에서 했어용,"[ 0.00323296  0.03070068 -0.01557922 ... -0.0166626  -0.0164032
 -0.00050974]",2,"['오프라인', '혜탹', '크다', '오프라인']",오프라인 혜탹 크다 오프라인,2
2941,오프라인으로 한번에 구매했는데 사은품 꽤나 받았어요,"[ 0.00696182  0.02438354 -0.02868652 ... -0.01446533 -0.04577637
 -0.01244354]",2,"['오프라인', '구매', '사은품']",오프라인 구매 사은품,0
2942,오프라인으로 보고 온라인 검색하고 저렴한쪽으로 주문하려구요!,"[-0.00937653  0.0352478  -0.02062988 ... -0.02278137 -0.03393555
 -0.014328  ]",2,"['오프라인', '온라인', '검색', '저렴하다', '주문']",오프라인 온라인 검색 저렴하다 주문,1
2943,저희는 오프라인 온라인 다 뽑아보려고 합니다! 온라인은 아무래도 가족찬스가 가능해서요ㅎㅎ,"[-0.00963593  0.04269409 -0.00861359 ... -0.02067566 -0.03038025
 -0.00728226]",2,"['오프라인', '온라인', '온라인', '가족', '찬스', '가능']",오프라인 온라인 온라인 가족 찬스 가능,0
2944,오프라인도 할인 잘 받으면 싸다더라구요,"[ 3.69262695e-03  3.13110352e-02 -2.44750977e-02 ... -1.80816650e-02
 -2.80456543e-02  1.65104866e-05]",2,"['오프라인', '할인', '싸다']",오프라인 할인 싸다,2
2945,오프라인으로 가려구요! 할인 더 많이 들어갈거같아서욤,"[ 0.01121521  0.03044128 -0.02676392 ... -0.02151489 -0.03265381
 -0.00315285]",2,"['오프라인', '할인', '들어가다']",오프라인 할인 들어가다,2
2946,저는 많이 구매해서 오프라인으로 견적 비교하고 구매했어요!,"[ 0.0038681   0.02252197 -0.02827454 ... -0.02238464 -0.04580688
 -0.00802612]",2,"['구매', '오프라인', '견적', '비교', '구매']",구매 오프라인 견적 비교 구매,0
2947,오프라인으로 직접보고 온라인 주문이 좋다하더라구여,"[ 0.00405121  0.03424072 -0.01106262 ... -0.03083801 -0.03250122
 -0.00489044]",2,"['오프라인', '온라인', '주문', '좋다']",오프라인 온라인 주문 좋다,1
2948,저는 품목이 적어서 오프라인에서 보고 온라인으로 주문했어요!,"[-0.01210022  0.02981567 -0.01522827 ... -0.01339722 -0.04147339
 -0.01766968]",2,"['품목', '적다', '오프라인', '온라인', '주문']",품목 적다 오프라인 온라인 주문,0
2949,그래도 발품파는게 젤 저렴할 거 같아서 오프라인이용,"[ 0.00505829  0.03338623 -0.0292511  ... -0.03613281 -0.03128052
  0.01757812]",2,"['발품', '파', '저렴하다', '오프라인']",발품 파 저렴하다 오프라인,0
2950,온라인이 더 싸다고 하는 곳도 있어서 일단 견적 비교해보고 싼 곳이... 좋을듯요 신생매장이 더 싸다더라고요,"[ 0.00982666  0.026474   -0.03982544 ... -0.03723145 -0.01800537
 -0.00442886]",2,"['온라인', '싸다', '견적', '비교', '싸다', '좋다', '신생', '매장', '싸다']",온라인 싸다 견적 비교 싸다 좋다 신생 매장 싸다,0
2951,"온라인이 더 싸다고 하는데 그래도 세트로 하려면 오프라인으로 해야한다고,,","[ 0.00490189  0.02923584 -0.03375244 ... -0.01966858 -0.01933289
  0.00343513]",2,"['온라인', '싸다', '세트', '오프라인']",온라인 싸다 세트 오프라인,1
2952,오프라인으로 구매할 것 같아요~ 싼것도 아니고 직접보고 구매하는게 좋을 것 같습니다,"[ 0.00048709  0.01844788 -0.03167725 ... -0.03253174 -0.02870178
 -0.00494003]",2,"['오프라인', '구매', '싸다', '구매', '좋다']",오프라인 구매 싸다 구매 좋다,1
2953,저는 직접 상담받고 사고 싶어서 오프라인으로 구매했어요,"[ 0.00863647  0.0189209  -0.02322388 ... -0.03656006 -0.02781677
 -0.01586914]",2,"['상담', '사다', '오프라인', '구매']",상담 사다 오프라인 구매,1
2954,저는 오프라인으로 구경하고 온라인으로 최저가 찾아서 구매했어요! 물론 오프라인 혜택 놓친게 몇개있기는한데 온오프라인 둘다 잘 확인하시고 구매하시는걸 추천드립니다 !,"[-0.01734924  0.01494598 -0.03009033 ... -0.01620483 -0.02630615
 -0.0163269 ]",2,"['오프라인', '구경', '온라인', '최저', '찾다', '구매', '오프라인', '혜택', '놓치다', '오프라인', '확인', '구매', '추천', '드리다']",오프라인 구경 온라인 최저 찾다 구매 오프라인 혜택 놓치다 오프라인 확인 구매 추천 드리다,1
2955,오프라인으로 직접 보고 견적 받아본 다음에 온라인 비교해볼 것 같아용,"[-0.00169563  0.0328064  -0.01364899 ... -0.04089355 -0.02185059
 -0.00489044]",2,"['오프라인', '견적', '다음', '온라인', '비교']",오프라인 견적 다음 온라인 비교,0
2956,손품 발품 파는게 더 좋을거같아요~ 온라인 오프라인 둘다 비교해보세요!,"[-0.01068115  0.02236938 -0.03053284 ... -0.0435791  -0.03488159
 -0.00627136]",2,"['발품', '파', '좋다', '온라인', '오프라인', '비교']",발품 파 좋다 온라인 오프라인 비교,0
2957,"5개 이상이면 무조건 발품, 그 이하면 온라인 저는 식세기랑 밥통빼고는 전부다 한곳에서 했어요","[ 0.00216675  0.00326729 -0.00567245 ... -0.03515625 -0.0380249
  0.0226593 ]",2,"['이상', '발품', '이하', '온라인', '세기', '밥통', '빼다']",이상 발품 이하 온라인 세기 밥통 빼다,1
2958,오프라인 발품이 짱이에요! 여러군데 다녀왔는데..적게는 100만원 많게는 500만원까지 견적차이가 나더라구요! 꼭 오프라인 발품 파세요!,"[-0.00477219  0.0289917  -0.02432251 ... -0.0324707  -0.03210449
 -0.00024891]",2,"['오프라인', '발품', '최고', '다니다', '적다', '많다', '견적', '차이', '오프라인', '발품', '파']",오프라인 발품 최고 다니다 적다 많다 견적 차이 오프라인 발품 파,0
2959,인터넷설치현금 받았는데 진짜 너무 좋은 거 같습니다~ 인터넷 속도가 확실히 빨라져서 온라인 게임하기에 최고네요 ㅎㅎ,"[ 0.01148987  0.03036499 -0.01347351 ... -0.0486145  -0.02131653
 -0.00444031]",2,"['인터넷', '설치', '현금', '좋다', '인터넷', '속도', '빠르다', '온라인', '게임', '최고']",인터넷 설치 현금 좋다 인터넷 속도 빠르다 온라인 게임 최고,2
2960,인터넷 설치해서 완전히 만족합니다! 온라인 강의도 끊김 없이 수월하게 들을 수 있네요 ㅎ,"[ 0.00381279  0.04074097 -0.00982666 ... -0.04348755 -0.03521729
 -0.00200081]",2,"['인터넷', '설치', '만족', '온라인', '강의', '끊기다']",인터넷 설치 만족 온라인 강의 끊기다,2
2961,"온라인 작업하는 데 불편했는데, 인터넷설치 후엔 끊김 없이 빠르게 진행됩니다!","[-0.00182152  0.03747559 -0.00880432 ... -0.03216553 -0.03302002
 -0.00041175]",2,"['온라인', '작업', '불편', '인터넷', '설치', '끊기다', '빠르다', '진행']",온라인 작업 불편 인터넷 설치 끊기다 빠르다 진행,2
2962,"온라인 작업하는 데 불편했는데, 인터넷가입 후엔 끊김 없이 빠르게 진행됩니다!","[ 0.00058222  0.03103638 -0.00086594 ... -0.0317688  -0.03884888
 -0.00081587]",2,"['온라인', '작업', '불편', '인터넷', '가입', '끊기다', '빠르다', '진행']",온라인 작업 불편 인터넷 가입 끊기다 빠르다 진행,2
2963,인터넷가입 완전 만족이에요. 온라인 강의도 끊김 없이 수월하게 들을 수 있어요~,"[ 0.00872803  0.03109741 -0.00633621 ... -0.03952026 -0.03808594
  0.001647  ]",2,"['인터넷', '가입', '만족', '온라인', '강의', '끊기다']",인터넷 가입 만족 온라인 강의 끊기다,2
2964,"온라인 작업하는 데 불편했는데, 기가인터넷 설치 후엔 끊김 없이 빠르게 진행돼요.","[ 0.00640106  0.03833008 -0.00079632 ... -0.02555847 -0.03787231
  0.00836945]",2,"['온라인', '작업', '불편', '기', '인터넷', '설치', '끊기다', '빠르다', '진행']",온라인 작업 불편 기 인터넷 설치 끊기다 빠르다 진행,2
2965,"온라인에서 간편하게 인터넷 가입했는데, 설치까지 빨라서 좋았어요.~ 현금지급도 받고요! ㅎㅎ","[-0.00489426  0.04196167 -0.01091003 ... -0.03747559 -0.03826904
 -0.01104736]",2,"['온라인', '인터넷', '가입', '설치', '빠르다', '좋다', '현금', '지급']",온라인 인터넷 가입 설치 빠르다 좋다 현금 지급,2
2966,저는 인터넷으로요! 카드할인 이런거저런거 하니까 어쩔수없이 온라인이 합리적이었어요!,"[ 3.38935852e-03  2.52685547e-02 -2.54058838e-02 ... -3.37829590e-02
 -3.55529785e-02 -5.03063202e-05]",2,"['인터넷', '카드', '할인', '어쩌다', '온라인', '합리']",인터넷 카드 할인 어쩌다 온라인 합리,2
2967,혹시 오프라인으로도 견적 받아보셨나요? 그럼에도 인터넷이 더 저렴하셨던거에요?,"[-0.02398682  0.04071045 -0.02378845 ... -0.03741455 -0.02954102
  0.01038361]",2,"['오프라인', '견적', '인터넷', '저렴하다']",오프라인 견적 인터넷 저렴하다,0
2968,가성비 중요하면 온라인 좋을 것 같아요! 치수만 잘 측정하시고요~,"[ 0.00601578  0.02935791 -0.0423584  ... -0.03598022 -0.02992249
  0.00839233]",2,"['가성비', '중요', '온라인', '좋다', '치수', '측정']",가성비 중요 온라인 좋다 치수 측정,1
2969,저도 온오프 섞었던 것 같아요 ! 가급적 오프라인에서 실물 보고 온라인 결제했습니다.,"[-0.00270462  0.02841187 -0.0177002  ... -0.01965332 -0.03604126
 -0.0083847 ]",2,"['오프', '섞다', '오프라인', '실물', '온라인', '결제']",오프 섞다 오프라인 실물 온라인 결제,1
2970,임직원이라 오프라인으로 다보고 온라인으로 구입했어요!,"[-0.00735855  0.02453613 -0.03076172 ... -0.01083374 -0.05670166
 -0.00603867]",2,"['임직원', '오프라인', '온라인', '구입']",임직원 오프라인 온라인 구입,1
2971,올 오프라인으로 구매했답니다 ㅎㅎ 가서 살시간이 없었어요 ㅠㅠ,"[ 0.00024295  0.0236969  -0.02203369 ... -0.0191803  -0.05169678
 -0.02035522]",2,"['오프라인', '구매', '살다', '시간']",오프라인 구매 살다 시간,1
2972,저희는 온라인으로 샀는데 후회했어요 ㅋㅋ 무조건 보고 사세요,"[-0.0018692   0.02818298 -0.03363037 ... -0.04568481 -0.04284668
  0.00162697]",2,"['온라인', '사다', '후회', '사다']",온라인 사다 후회 사다,1
2973,오프라인으로 했어요! 전시제품들도 할인 많이하더라고용,"[-0.00388527  0.01942444 -0.02526855 ... -0.03381348 -0.03775024
 -0.0082016 ]",2,"['오프라인', '전시', '제품', '할인']",오프라인 전시 제품 할인,2
2974,전세라서 온라인 가성비 좋은것들로 주문했어요,"[ 0.01495361  0.04718018 -0.02275085 ... -0.03671265 -0.03710938
 -0.02458191]",2,"['전세', '온라인', '가성비', '좋다', '주문']",전세 온라인 가성비 좋다 주문,1
2975,저희도 가성비로 구입하려구 온라인으로 샀는데 만족하고 있어요~,"[ 0.00979614  0.03894043 -0.03942871 ... -0.02001953 -0.04290771
 -0.00968933]",2,"['가성비', '구입', '온라인', '사다', '만족']",가성비 구입 온라인 사다 만족,1
2976,오프라인으로도 돌아다니고 혜택 등 따져보고 괜찮은걸로 살것같아요,"[ 0.00190926  0.02607727 -0.02194214 ... -0.03640747 -0.01502991
 -0.01407623]",2,"['오프라인', '돌아다니다', '혜택', '따지다', '괜찮다', '사다']",오프라인 돌아다니다 혜택 따지다 괜찮다 사다,1
2977,저희도 4-5년 생각중이라... 그냥 온라인으로 사려구요! 오프라인도 보기는 하겠지만요,"[-0.00072765  0.02081299 -0.02645874 ... -0.04193115 -0.03056335
  0.00881958]",2,"['생각', '온라인', '사다', '오프라인']",생각 온라인 사다 오프라인,1
2978,저는 오프라인삼성점으로 가서 다 맞췄어요,"[ 0.02163696  0.02069092 -0.03140259 ... -0.02519226 -0.03253174
 -0.00924683]",2,"['오프라인', '삼성', '맞추다']",오프라인 삼성 맞추다,0
2979,오프라인으로 보고 온라인으로 진행했습니다~~,"[ 0.00976562  0.01899719 -0.00392532 ... -0.02149963 -0.0196228
 -0.00811005]",2,"['오프라인', '온라인', '진행']",오프라인 온라인 진행,0
2980,오프라인으로 보고 가격비교후에 주문할거같아요,"[ 0.00106525  0.03022766 -0.0199585  ... -0.0243988  -0.02787781
 -0.01351166]",2,"['오프라인', '가격', '비교', '주문']",오프라인 가격 비교 주문,0
2981,오프라인에서 확인하고 온라인 최저가로 구매하려구요,"[ 0.00759125  0.02790833 -0.03250122 ... -0.02275085 -0.03320312
 -0.01499939]",2,"['오프라인', '확인', '온라인', '최저', '구매']",오프라인 확인 온라인 최저 구매,1
2982,저느 섞어서 삿어요. 같은제품 온라인이 싼건 오프라인에서보고 온라인에서 구매하구요,"[ 0.00672531  0.02819824 -0.02148438 ... -0.02529907 -0.01565552
 -0.01675415]",2,"['저느', '섞다', '사다', '제품', '온라인', '싸다', '오프라인', '온라인', '구매']",저느 섞다 사다 제품 온라인 싸다 오프라인 온라인 구매,1
2983,저희는 온라인 오프라인 둘다 비교해보고 적절한 가격선에서 둘다 병행해서 살려고 합니다!,"[ 0.00680542  0.02557373 -0.02612305 ... -0.02719116 -0.03997803
 -0.01512909]",2,"['온라인', '오프라인', '비교', '가격', '병행', '살다']",온라인 오프라인 비교 가격 병행 살다,0
2984,온라인도 괜찮은거 같아요! 후기 잘 보고 구매하세요,"[ 0.01261902  0.01177216 -0.0375061  ... -0.0362854  -0.02780151
 -0.00201988]",2,"['온라인', '괜찮다', '후기', '구매']",온라인 괜찮다 후기 구매,1
2985,저는 일단 오프라인 위주로 구매할려구요!,"[-0.00129318  0.03143311 -0.02357483 ... -0.01540375 -0.03744507
 -0.0202179 ]",2,"['오프라인', '위주', '구매']",오프라인 위주 구매,1
2986,몇년잇다가 이사갈거라서 일단 온라인 가성비로 구매하려구요,"[ 0.00925446  0.04736328 -0.03961182 ... -0.0480957  -0.03616333
 -0.02471924]",2,"['이사', '온라인', '가성비', '구매']",이사 온라인 가성비 구매,1
2987,쓰니님같은 상황에선 온라인도 좋을거같아요~,"[-0.0017395   0.03665161 -0.02326965 ... -0.04275513 -0.00764847
 -0.01085663]",2,"['쓰다', '상황', '온라인', '좋다']",쓰다 상황 온라인 좋다,2
2988,저는 오프라인에서보고 온라인과 가격비교해서 샀어요~,"[ 0.00274086  0.01571655 -0.02890015 ... -0.00849915 -0.03564453
 -0.03031921]",2,"['오프라인', '온라인', '가격', '비교', '사다']",오프라인 온라인 가격 비교 사다,0
2989,저는 거의 오프라인으로 보고 온라인으로 구매햤오요 합리적이라는 생각으로 ㅎㅎ,"[-0.00053358  0.0275116  -0.01861572 ... -0.02842712 -0.03167725
 -0.00759888]",2,"['오프라인', '온라인', '구매햤오', '합리', '생각']",오프라인 온라인 구매햤오 합리 생각,0
2990,"As 그렇게 많이 안받게 되지만 혹시 모르니까요!ㅎㅎ한번에 많이 살거면 오프라인, 각각 따로 살거면 온라인이 좋지 않을까요?","[-0.00264359  0.01408386 -0.02865601 ... -0.01771545 -0.03512573
 -0.00163078]",2,"['살다', '오프라인', '살다', '온라인', '좋다']",살다 오프라인 살다 온라인 좋다,1
2991,사실 백화점 라인이나 이런건 일반인이 보기에 차이는 못느끼는 정도일거라 안가리고 알아보시는게 좋을것같아요 비대면 견적도 받아 볼 수 있으니 최대한 여러군데 받아보시는게 좋을 것 같습니다,"[ 0.00965118  0.01548767 -0.0380249  ... -0.0491333  -0.01029968
  0.0259552 ]",2,"['백화점', '라인', '일반인', '차이', '가리다', '알아보다', '좋다', '대면', '견적', '좋다']",백화점 라인 일반인 차이 가리다 알아보다 좋다 대면 견적 좋다,0
2992,온라인으로도 가능해요~ 전화해서 문자로 제품코드들 보내주시고 견적 받으면 됩니다~,"[-0.00389671  0.0266571  -0.01713562 ... -0.0428772  -0.02624512
  0.00716019]",2,"['온라인', '가능', '전화', '문자', '제품', '코드', '보내다', '견적']",온라인 가능 전화 문자 제품 코드 보내다 견적,2
2993,일단ㄱ ㅏ격비교해보고 저렴하지 않다면 온라인에서 구매 할것같아요,"[ 0.00071764  0.02664185 -0.02209473 ... -0.03967285 -0.02574158
 -0.00559235]",2,"['비교', '온라인', '구매']",비교 온라인 구매,0
2994,"품목이 많으면 오프라인에서 하는게 좋구, 적다면 인터넷 최저가여!","[-0.0015173   0.02249146 -0.03433228 ... -0.0324707  -0.02886963
  0.00085258]",2,"['품목', '많다', '오프라인', '좋다', '적다', '인터넷', '최저']",품목 많다 오프라인 좋다 적다 인터넷 최저,0
2995,오프라인도 혼수 할인 받으면 온라인이랑 비슷하더라구요! 직접 눈으로 보고 상담도 받으면서 오프라인으로 하는게 좋은 것 같아요,"[ 0.00419235  0.01782227 -0.02632141 ... -0.02563477 -0.01719666
  0.01155853]",2,"['오프라인', '혼수', '할인', '온라인', '비슷하다', '상담', '오프라인', '좋다']",오프라인 혼수 할인 온라인 비슷하다 상담 오프라인 좋다,0
2996,품목이 3가지 이상이면 오프라인 1-2가지면 온라인이 저렴하고 좋아요!,"[ 0.01130676  0.01863098 -0.03588867 ... -0.01661682 -0.01864624
 -0.01722717]",2,"['품목', '이상', '오프라인', '온라인', '좋다']",품목 이상 오프라인 온라인 좋다,0
2997,품목 많이 해서 오프라인으로 구매했는뎅 비쌀 시즌이어가지구 어쩔수 없었네요 ㅠㅠ 잘 알아보시고 하세용 !,"[ 0.00259781  0.02458191 -0.02793884 ... -0.0213623  -0.02845764
 -0.00952148]",2,"['품목', '오프라인', '구매', '비싸다', '시즌', '어쩌다', '알아보다']",품목 오프라인 구매 비싸다 시즌 어쩌다 알아보다,2
2998,오프라인 추천이요 오픈점이 제일 할인 폭이 크긴해요 !,"[ 0.0093689   0.01737976 -0.0368042  ... -0.02450562 -0.03305054
 -0.00460434]",2,"['오프라인', '추천', '오픈', '할인', '크다']",오프라인 추천 오픈 할인 크다,2
2999,한번에 많이 사시면 오프라인 아니면 온라인이 저렴해요,"[-0.00380325  0.03182983 -0.0249939  ... -0.02102661 -0.0282135
  0.00232124]",2,"['사다', '오프라인', '온라인', '저렴하다']",사다 오프라인 온라인 저렴하다,1
3000,저희는 오프라인으로 보고 온라인으로 구매 해싸습니다,"[ 0.01247406  0.03433228 -0.01652527 ... -0.01506042 -0.04055786
 -0.02389526]",2,"['오프라인', '온라인', '구매', '싸다', '슬다']",오프라인 온라인 구매 싸다 슬다,1
3001,"저는 오프라인으로 발품팔면서 알아보고, 온라인으로 검색해서 최저가 구매했어요. 근데 가끔 전시 상품 같은거는 오프라인이 훨씬 쌀때도 있으니까 잘 돌아다녀보셔야 해요","[-0.01420593  0.00722885 -0.03311157 ... -0.03013611 -0.02696228
 -0.00234795]",2,"['오프라인', '발품', '팔다', '알아보다', '온라인', '검색', '저가', '구매', '전시', '상품', '오프라인', '싸다', '돌아다니다']",오프라인 발품 팔다 알아보다 온라인 검색 저가 구매 전시 상품 오프라인 싸다 돌아다니다,0
3002,직접 눈으로 보고 비교해보겠지만 오프라인 할인혜택많으면 오프라인에서 살거 같아용,"[ 0.00934601  0.02139282 -0.03076172 ... -0.02882385 -0.02941895
 -0.01025391]",2,"['비교', '오프라인', '할인', '혜택', '많다', '오프라인', '살다']",비교 오프라인 할인 혜택 많다 오프라인 살다,0
3003,"저는 필수품목들은 오프라인에서 샀고, 나중에 추가로 산거는 온라인으로 했어요!","[-8.21352005e-05  2.21405029e-02 -3.75976562e-02 ... -1.02462769e-02
 -3.93066406e-02 -2.30407715e-02]",2,"['필수', '품목', '오프라인', '사다', '추가', '사다', '온라인']",필수 품목 오프라인 사다 추가 사다 온라인,0
3004,다섯 품목 이상 사시는거면 오프라인에서 할인받는게 더 좋다고 들었어요~,"[ 0.00802612  0.02276611 -0.03771973 ... -0.0296936  -0.02745056
  0.0025692 ]",2,"['품목', '이상', '사다', '오프라인', '할인', '좋다']",품목 이상 사다 오프라인 할인 좋다,2
3005,조금 사시는 분은 인터넷이싸고 많이사는 사람은 오프라인이 싸요,"[ 0.00077963  0.02471924 -0.03001404 ... -0.03579712 -0.03863525
 -0.00143051]",2,"['사다', '인터넷', '싸다', '사다', '사람', '오프라인', '싸다']",사다 인터넷 싸다 사다 사람 오프라인 싸다,2
3006,저희는 오프라인으로 가격 알아보고 온라인으로 사려구요,"[ 0.00899506  0.03665161 -0.02619934 ... -0.01722717 -0.03131104
 -0.02084351]",2,"['오프라인', '가격', '알아보다', '온라인', '사다']",오프라인 가격 알아보다 온라인 사다,0
3007,저희는 오프라인으로 견적 받아보고 인터넷 최저가랑 비교 해서 구매했어요 !,"[-0.00133133  0.03137207 -0.01947021 ... -0.02207947 -0.04772949
 -0.01335144]",2,"['오프라인', '견적', '인터넷', '최저', '비교', '구매']",오프라인 견적 인터넷 최저 비교 구매,0
3008,품목 많이해서 오프라인으로 쓸 것 같아요!,"[ 0.01413727  0.02716064 -0.03649902 ... -0.01512909 -0.03164673
 -0.00377464]",2,"['품목', '오프라인', '쓰다']",품목 오프라인 쓰다,2
3009,오프라인으로 먼저 실물 보고 견적 다 받아보고 인터넷이랑 비교해서 살 것 같아요!,"[-0.01054382  0.03381348 -0.01792908 ... -0.037323   -0.03277588
 -0.01000214]",2,"['오프라인', '실물', '견적', '인터넷', '비교', '사다']",오프라인 실물 견적 인터넷 비교 사다,0
3010,"최근에 집에 인터넷설치했는데, 이렇게 빠르고 안정적인 건 처음입니다. 온라인 수업과 회의도 무리 없이 진행되고 있어요","[ 0.0256958   0.05575562 -0.00095177 ... -0.02679443 -0.03448486
  0.0091629 ]",2,"['최근', '인터넷', '설치', '빠르다', '안정', '온라인', '수업', '회의', '무리', '진행']",최근 인터넷 설치 빠르다 안정 온라인 수업 회의 무리 진행,2
3011,저희는 오프라인에서 보고 오프라인에서 결제했어요,"[ 0.00657654  0.02670288 -0.01111603 ... -0.0141983  -0.04382324
 -0.01870728]",2,"['오프라인', '오프라인', '결제']",오프라인 오프라인 결제,0
3012,정말 맘에들면 온라인도 괜찮을 것 같아요,"[ 0.01464081  0.01750183 -0.01602173 ... -0.03619385 -0.02468872
  0.00120068]",2,"['들다', '온라인', '괜찮다']",들다 온라인 괜찮다,1
3013,오프라인에서 알아보고 온라인이랑 비교해볼 것 같어요!,"[ 0.00272942  0.02127075 -0.01947021 ... -0.02874756 -0.02209473
 -0.0199585 ]",2,"['오프라인', '알아보다', '온라인', '비교']",오프라인 알아보다 온라인 비교,0
3014,저는 여기저기 결국 비교하다가 온라인으로 저렴하게 구매했어요!,"[-0.00930786  0.02137756 -0.0295105  ... -0.02268982 -0.03897095
 -0.01382446]",2,"['여기저기', '비교', '온라인', '저렴하다', '구매']",여기저기 비교 온라인 저렴하다 구매,0
3015,신상품 아니셔도 괜찮으시면 온라인 가성비 엄청나요,"[ 0.01081085  0.02412415 -0.04067993 ... -0.02584839 -0.03149414
 -0.0006628 ]",2,"['상품', '괜찮다', '온라인', '가성비']",상품 괜찮다 온라인 가성비,1
3016,제품을 비교 잘해야할거같아요 저희는 오프라인에서 구매했어요,"[ 0.0173645   0.02436829 -0.04052734 ... -0.03128052 -0.03277588
 -0.0181427 ]",2,"['제품', '비교', '오프라인', '구매']",제품 비교 오프라인 구매,0
3017,우선 한번 보고 가격 같은거 비교해서 온라인 괜찮으면 구매하셔도 될 것 같아요!,"[ 0.00843048  0.02067566 -0.02867126 ... -0.04553223 -0.02336121
 -0.01602173]",2,"['가격', '비교', '온라인', '괜찮다', '구매']",가격 비교 온라인 괜찮다 구매,0
3018,오프라인으로 구매했어요 ! 보고 사고싶어서요,"[ 0.0079422   0.02523804 -0.02619934 ... -0.02378845 -0.03915405
 -0.01561737]",2,"['오프라인', '구매', '사다']",오프라인 구매 사다,1
3019,저는 가전묶음으로 할거라서 오프라인 이용할것 같아요!,"[ 0.00955963  0.03179932 -0.02548218 ... -0.03143311 -0.03436279
 -0.01099396]",2,"['가전', '묶음', '오프라인']",가전 묶음 오프라인,2
3020,믿을 만한 업체면 온라인도 괜찮을거같아요,"[ 0.00605392  0.01940918 -0.03045654 ... -0.04196167 -0.02722168
 -0.0054245 ]",2,"['업체', '온라인', '괜찮다']",업체 온라인 괜찮다,1
3021,여러개사는거변 오프라인에서 같이 살거같아요ㅎㅎ,"[ 0.01104736  0.03427124 -0.01284027 ... -0.021698   -0.01870728
 -0.00728607]",2,"['사다', '오프라인', '살다']",사다 오프라인 살다,1
3022,여러개 한번에 산다면 오프라인이고 개별 구매하실 거면 온라인이요!,"[-0.00034857  0.01753235 -0.03253174 ... -0.02462769 -0.03479004
 -0.00331497]",2,"['사다', '오프라인', '개별', '구매', '온라인']",사다 오프라인 개별 구매 온라인,1
3023,몇개 안 사는거면 온라인이 젤 맘 편하다하더라구요!,"[-0.00408554  0.02799988 -0.03108215 ... -0.0375061  -0.04345703
 -0.01347351]",2,"['사다', '온라인', '편하다']",사다 온라인 편하다,1
3024,일단 돌아다니면서 설명도 들어보고 견적도 받아보고 온라인이랑 비교해볼듯해요,"[ 0.00594711  0.03372192 -0.01573181 ... -0.04696655 -0.0178833
 -0.00587845]",2,"['돌아다니다', '설명', '견적', '온라인', '비교']",돌아다니다 설명 견적 온라인 비교,0
3025,온라인으로 둘러보고 오프라인 구매가 좋을거 같아요,"[ 0.00616074  0.02520752 -0.02088928 ... -0.03515625 -0.03256226
 -0.02685547]",2,"['온라인', '둘러보다', '오프라인', '구매', '좋다']",온라인 둘러보다 오프라인 구매 좋다,1
3026,세트로 구매할꺼면 오프라인이 유리할 것 같아요!,"[ 0.01893616  0.02075195 -0.03430176 ... -0.04397583 -0.04364014
  0.00878906]",2,"['세트', '구매', '오프라인', '유리']",세트 구매 오프라인 유리,1
3027,전 발품 둘다팔아서 결국은 오프라인했어요,"[-0.00522614  0.02763367 -0.02482605 ... -0.01747131 -0.03656006
 -0.01673889]",2,"['발품', '두다', '팔다', '결국', '오프라인']",발품 두다 팔다 결국 오프라인,0
3028,저희는 시간 좀 투자해서 오프라인으로 했어요!,"[ 0.01052094  0.02687073 -0.0109787  ... -0.01983643 -0.03009033
 -0.02030945]",2,"['시간', '투자', '오프라인']",시간 투자 오프라인,0
3029,오픈매장에서 오프라인구매하는게 가장 저렴하다고 하더라구용,"[ 0.00893402  0.03616333 -0.03259277 ... -0.01660156 -0.03222656
 -0.00764847]",2,"['오픈', '매장', '오프라인', '구매', '저렴하다']",오픈 매장 오프라인 구매 저렴하다,2
3030,"한꺼번에 다 장만하실거면 오프라인, 하나씩 장만하시는거면 온라인 추천드려요","[ 0.00923157  0.03237915 -0.03427124 ... -0.02227783 -0.02857971
  0.00439835]",2,"['장만', '오프라인', '장만', '온라인', '추천', '드리다']",장만 오프라인 장만 온라인 추천 드리다,1
3031,저희는 발품팔아서 오프라인으로 진행했어요!,"[-0.00452423  0.02984619 -0.01165771 ... -0.02603149 -0.05059814
 -0.01831055]",2,"['발품', '팔다', '오프라인', '진행']",발품 팔다 오프라인 진행,0
3032,오프라인으로 햇어요 인터넷 너무 정보가많아서 못고르겟더라구요ㅠ,"[-0.00165462  0.02198792 -0.01000977 ... -0.03237915 -0.01509857
 -0.00865936]",2,"['오프라인', '인터넷', '정보', '많다', '고르다']",오프라인 인터넷 정보 많다 고르다,0
3033,오프라인 다녀와서 품목 확정하고 다 온라인견적 받으려구요 ㅎㅎ,"[-0.00400543  0.03729248 -0.02177429 ... -0.0242157  -0.02142334
 -0.00479507]",2,"['오프라인', '다녀오다', '품목', '확정', '온라인', '견적']",오프라인 다녀오다 품목 확정 온라인 견적,0
3034,어차피 한번에 이것저것살거면 연계할인들어가는게 혜택이 좋아서 오프라인 추천해요,"[ 0.0227356   0.02574158 -0.02732849 ... -0.01415253 -0.02371216
 -0.00672913]",2,"['이것저것', '사다', '연계', '할인', '들어가다', '혜택', '좋다', '오프라인', '추천']",이것저것 사다 연계 할인 들어가다 혜택 좋다 오프라인 추천,0
3035,온라인이랑 오프라인 둘 다 비교해보고 결정하는게 좋을것 같더라구용,"[ 0.00178051  0.00984192 -0.02325439 ... -0.03616333 -0.01393127
 -0.01302338]",2,"['온라인', '오프라인', '비교', '결정', '좋다']",온라인 오프라인 비교 결정 좋다,0
3036,오프라인으로 돌아다니면서 온라인쪽도 보시면 좋을거같아용! 실제로 다니는게 진짜 다르다더라규용,"[-0.01284027  0.02371216 -0.0229187  ... -0.02290344 -0.00634766
 -0.00613785]",2,"['오프라인', '돌아다니다', '온라인', '좋다', '다니다', '다르다']",오프라인 돌아다니다 온라인 좋다 다니다 다르다,0
3037,온라인이 더 저렴할거같긴한데 그래도 발품 팔아서 보고 사는게 좋을거같아요!,"[-0.01203918  0.03265381 -0.03131104 ... -0.03604126 -0.03369141
  0.00222778]",2,"['온라인', '저렴하다', '발품', '팔다', '사다', '좋다']",온라인 저렴하다 발품 팔다 사다 좋다,0
3038,전 발품 세곳정도 팔고 매장구입했어요~,"[ 0.02029419  0.01603699 -0.02044678 ... -0.02703857 -0.04800415
  0.0059433 ]",2,"['발품', '팔다', '매장', '구입']",발품 팔다 매장 구입,0
3039,세트바리로 하나부터 열까지 다 맞추는거면 매장이고 몇개 쓰던거 쓰고 모자란거만 구매하시려면 온라인이요!,"[ 0.02307129  0.02485657 -0.03860474 ... -0.02627563 -0.01974487
  0.01557922]",2,"['세트', '맞추다', '매장', '쓰다', '쓰다', '모자라다', '구매', '온라인']",세트 맞추다 매장 쓰다 쓰다 모자라다 구매 온라인,1
3040,그래도 오프라인 몇군데 다니면서 견적받아보는 게 좋은 거 같아요!,"[-0.00798798  0.04312134 -0.01843262 ... -0.04238892 -0.03442383
  0.00047255]",2,"['오프라인', '다니다', '견적', '좋다']",오프라인 다니다 견적 좋다,0
3041,발품팔고 인터넷 최저가도 비교해서 결정했었어요 저는! 결국 매장에서 구매했습니당,"[-0.00487137  0.02716064 -0.02810669 ... -0.02973938 -0.04934692
  0.00416946]",2,"['발품', '팔다', '인터넷', '최저', '비교', '결정', '매장', '구매']",발품 팔다 인터넷 최저 비교 결정 매장 구매,0
3042,전 오프라인으로 몇군데 알아보고 샀어요,"[ 0.01099396  0.02444458 -0.02972412 ... -0.02009583 -0.02485657
 -0.0266571 ]",2,"['오프라인', '알아보다', '사다']",오프라인 알아보다 사다,0
3043,전 인터넷보다는 오프라인으로 구매하려구요!,"[-0.00030613  0.02294922 -0.02897644 ... -0.02241516 -0.03887939
 -0.0122757 ]",2,"['인터넷', '오프라인', '구매']",인터넷 오프라인 구매,2
3044,오프라인으로 견적도 받고 하다가 온라인사려고요 ㅎㅎ,"[-0.01533508  0.04315186 -0.02285767 ... -0.03100586 -0.03302002
 -0.00885773]",2,"['오프라인', '견적', '온라인', '사다']",오프라인 견적 온라인 사다,1
3045,저희는 오프라인으로 구매했어요 보고 구매하고싶어서요,"[ 0.01239014  0.03259277 -0.02644348 ... -0.02319336 -0.04394531
 -0.02114868]",2,"['오프라인', '구매', '구매']",오프라인 구매 구매,1
3046,온오프라인 구분없이 사는 것 같아요ㅎㅎ,"[ 0.01024628  0.01934814 -0.00473404 ... -0.02366638 -0.03573608
 -0.01355743]",2,"['오프라인', '구분', '사다']",오프라인 구분 사다,0
3047,저는 온라인이요! 하지만 오프라인으로 견적은 받아봤어요! 견적 비교는 필수라고 하더라구요~ 저는 살게 많이 없어서 온라인으로 사는데 여러개 사는 경우에 오프라인이 더 낫다고 하더라구여!,"[-0.01313782  0.02488708 -0.03799438 ... -0.03448486 -0.02851868
  0.00669479]",2,"['온라인', '오프라인', '견적', '견적', '비교', '필수', '살다', '온라인', '사다', '사다', '오프라인']",온라인 오프라인 견적 견적 비교 필수 살다 온라인 사다 사다 오프라인,0
3048,오프라인 이벤트 행사 받는게 도 혜택 좋은거 같아요,"[ 0.01321411  0.00596237 -0.03155518 ... -0.02720642 -0.03900146
 -0.01064301]",2,"['오프라인', '이벤트', '행사', '좋다']",오프라인 이벤트 행사 좋다,2
3049,"품목이 많다면 오프라인, 적다면 인터넷이요 ~!","[-0.00345802  0.00924683 -0.02107239 ... -0.0266571  -0.0309906
 -0.00924683]",2,"['품목', '많다', '오프라인', '적다', '인터넷']",품목 많다 오프라인 적다 인터넷,0
3050,구입하는 갯수가 많으면 발품팔아서 오프라인에서 구입하는게 낫더라고요,"[-0.00060415  0.02838135 -0.02839661 ... -0.02651978 -0.03652954
  0.00193214]",2,"['구입', '갯수', '많다', '발품', '팔다', '오프라인', '구입']",구입 갯수 많다 발품 팔다 오프라인 구입,0
3051,여러개사는 거라면 오프라인도 저렴하고 제품명다알고있음 온라인도 괜찮을듯요,"[ 0.00206757  0.02589417 -0.03845215 ... -0.02703857 -0.01220703
  0.00067091]",2,"['사다', '오프라인', '제품명', '온라인', '괜찮다']",사다 오프라인 제품명 온라인 괜찮다,1
3052,"개별로 사는거면 온라인이었겠지만, 혼수는 한꺼번에 사므로 오프라인에서 했어요!","[ 0.01341248  0.02259827 -0.02272034 ... -0.00899506 -0.04943848
 -0.00345612]",2,"['개별', '사다', '온라인', '혼수', '사다', '오프라인']",개별 사다 온라인 혼수 사다 오프라인,1
3053,최저가비교해보고 살거같아요!온라인이더저렴하지않나용,"[ 9.53674316e-07  2.82897949e-02 -3.52783203e-02 ... -3.16162109e-02
 -3.58581543e-02 -5.50079346e-03]",2,"['최저', '비교', '살다', '온라인', '저렴하다']",최저 비교 살다 온라인 저렴하다,1
3054,전 둘다 견적냈는데 오프라인이 더저렴해서 오프라인에서 샀어요!,"[-0.01000214  0.01939392 -0.04473877 ... -0.03393555 -0.04162598
 -0.01216125]",2,"['견적', '내다', '오프라인', '저렴하다', '오프라인', '사다']",견적 내다 오프라인 저렴하다 오프라인 사다,0
3055,원하는 전자제품 타입에 따라 다른것 같아요 최신 기종이나 기술 등 여러가지를 따진다면 오프라인이 맞구 그런거보다 가격 다운이 더 우선이면 인터넷이 훨씬 쌀수도 있구요 케바케 또 만약 구매할 품목 많으면 오프라인이 더 저렴할수도 있어요,"[ 0.01094818  0.0193634  -0.03137207 ... -0.0473938  -0.02404785
  0.00302696]",2,"['원하다', '전자', '제품', '타입', '따르다', '다르다', '최신', '기종', '기술', '따지다', '오프라인', '맞다', '가격', '다운', '우선', '인터넷', '싸다', '케바케', '만약', '구매', '품목', '많다', '오프라인', '저렴하다']",원하다 전자 제품 타입 따르다 다르다 최신 기종 기술 따지다 오프라인 맞다 가격 다운 우선 인터넷 싸다 케바케 만약 구매 품목 많다 오프라인 저렴하다,2
3056,직접 보고사야할거같아요 온라인은 사진이 달라성..,"[-0.01047516  0.0164032  -0.01612854 ... -0.03985596 -0.019104
 -0.00150776]",2,"['사다', '온라인', '사진', '다르다']",사다 온라인 사진 다르다,1
3057,투어한 다음에 온라인으로 보고 그게 싸면 그걸로 하시는게 ㅎㅎ,"[-0.00827026  0.02270508 -0.01248169 ... -0.04327393 -0.01737976
 -0.00254631]",2,"['투어', '다음', '온라인', '싸다']",투어 다음 온라인 싸다,0
3058,"저는 지금 직접 보고 투어 중이에영,, 온라인에서 본 곳도 쇼룸 있는 곳은 방문해보려구여","[ 0.00196457  0.00581741 -0.02690125 ... -0.04568481 -0.03497314
 -0.00463486]",2,"['투어', '온라인', '방문']",투어 온라인 방문,0
3059,큼직한거는 그래도 직접 보고서 구매는 온라인으로요!,"[-0.01457214  0.03469849 -0.01950073 ... -0.03713989 -0.04760742
  0.01127625]",2,"['큼직하다', '구매', '온라인']",큼직하다 구매 온라인,1
3060,직접 투어하고 눈으로 본다음 온라인 구매요 !,"[-0.00042653  0.02928162 -0.00473022 ... -0.04086304 -0.03463745
 -0.00358772]",2,"['투어', '다음', '온라인', '구매']",투어 다음 온라인 구매,0
3061,온라인이 싸다고들하는데... 전 투어하고 직접 가서 구매했음다 !ㅋ,"[-0.00580597  0.02926636 -0.02841187 ... -0.03674316 -0.03041077
 -0.00109386]",2,"['온라인', '싸다', '투어', '구매']",온라인 싸다 투어 구매,1
3062,1~2개 사시는거면 온라인이 싸고 4개이상 사시는거면 투어 다니시는거 추천드려요!,"[-0.01043701  0.02096558 -0.02455139 ... -0.03793335 -0.02838135
  0.01242065]",2,"['사다', '온라인', '싸다', '이상', '사다', '투어', '다니다', '추천', '드리다']",사다 온라인 싸다 이상 사다 투어 다니다 추천 드리다,1
3063,오프라인 매장 방문해서 구매하려고 해요 ㅎㅎ,"[ 0.01141357  0.03689575 -0.01155853 ... -0.02810669 -0.04309082
 -0.00427628]",2,"['오프라인', '매장', '방문', '구매']",오프라인 매장 방문 구매,0
3064,온라인도 괜찮아요. 가격 괜찮은 곳으로요,"[ 0.01765442  0.01593018 -0.04324341 ... -0.03262329 -0.02650452
 -0.00453949]",2,"['온라인', '괜찮다', '가격', '괜찮다']",온라인 괜찮다 가격 괜찮다,1
3065,오프라인에서 견적 받고 할인받으면 좋을것 같아요,"[ 0.00031161  0.0328064  -0.03491211 ... -0.03820801 -0.03341675
  0.00366402]",2,"['오프라인', '견적', '할인', '좋다']",오프라인 견적 할인 좋다,0
3066,오프라인 매장에서 묶어서 구매하면 할인 많이 받더라구요!,"[ 5.48934937e-03  3.46679688e-02 -3.32336426e-02 ... -1.20162964e-02
 -4.28161621e-02 -9.48309898e-05]",2,"['오프라인', '매장', '묶다', '구매', '할인']",오프라인 매장 묶다 구매 할인,2
3067,먼저 오프라인매장에서 둘러보고 인터넷으로 고를 것 같아요 !,"[-0.00084066  0.02896118 -0.01675415 ... -0.03033447 -0.03186035
 -0.02510071]",2,"['오프라인', '매장', '둘러보다', '인터넷', '고르다']",오프라인 매장 둘러보다 인터넷 고르다,2
3068,오프라인 몇곳 돌아다니면서 견적 비교해 볼 것 같아요,"[ 0.00595474  0.03210449 -0.01622009 ... -0.0458374  -0.02537537
 -0.00156212]",2,"['오프라인', '돌아다니다', '견적', '비교']",오프라인 돌아다니다 견적 비교,0
3069,"다품목이시면 오프, 한두개면 온라인이욤","[ 0.00550461  0.01673889 -0.02145386 ... -0.03109741 -0.02542114
  0.00409317]",2,"['품목', '오프', '온라인']",품목 오프 온라인,1
3070,오프라인 매장 가서 직접 보고 골랐어요 전!,"[ 0.00926971  0.02868652 -0.01329041 ... -0.01803589 -0.03591919
 -0.00250053]",2,"['오프라인', '매장', '고르다']",오프라인 매장 고르다,2
3071,오프라인에서 견적 받고 온라인 비교해봤는데 품목 적으면 온라인이쌌어요,"[-0.00392914  0.03167725 -0.03436279 ... -0.02061462 -0.03042603
 -0.00946808]",2,"['오프라인', '견적', '온라인', '비교', '품목', '적다', '온라인', '싸다']",오프라인 견적 온라인 비교 품목 적다 온라인 싸다,0
3072,매장가서 온라인과 비교해보고 살 것 같아요,"[ 0.02537537  0.02096558 -0.02064514 ... -0.03216553 -0.03866577
 -0.00843048]",2,"['매장', '온라인', '비교', '살다']",매장 온라인 비교 살다,1
3073,온라인은 모르겠는데 비대면으로 견적 알려주는 곳 있습니다. 대신 어느정도 무슨 모델 구매하실 건지는 아시는 게 좋아요,"[ 0.0028038   0.01924133 -0.04602051 ... -0.04638672 -0.02275085
 -0.00125599]",2,"['온라인', '대면', '견적', '알리다', '대신', '모델', '구매', '좋다']",온라인 대면 견적 알리다 대신 모델 구매 좋다,0
3074,인터넷설치가 완료되어서 기쁩니다! 앞으로도 더 다양한 온라인 활동을 즐기고 새로운 경험을 해보고 싶어요.~,"[ 0.00701141  0.02844238 -0.00298119 ... -0.04986572 -0.03952026
  0.00208092]",2,"['인터넷', '설치', '완료', '기쁘다', '다양', '온라인', '활동', '즐기다', '경험']",인터넷 설치 완료 기쁘다 다양 온라인 활동 즐기다 경험,2
3075,인터넷설치를 하고 나서 집에서 바로 영화를 스트리밍하고 온라인 게임도 즐겼어요. 정말 간편하고 빠른 서비스에 감사합니다!,"[ 0.0086441   0.04208374 -0.0021553  ... -0.05804443 -0.04196167
  0.00513077]",2,"['인터넷', '설치', '영화', '스트리밍', '온라인', '게임', '즐기다', '간편하다', '빠르다', '서비스', '감사']",인터넷 설치 영화 스트리밍 온라인 게임 즐기다 간편하다 빠르다 서비스 감사,2
3076,많이 살수록 매장별로 혜택이 달라서 발품 파셔야해요ㅜ 정 귀찮으시면 어쩔수없지만..,"[ 0.00356865  0.01408386 -0.01956177 ... -0.04290771 -0.03689575
  0.03013611]",2,"['사다', '매장', '혜택', '다르다', '발품', '파', '귀찮다', '어쩌다']",사다 매장 혜택 다르다 발품 파 귀찮다 어쩌다,2
3077,비대면 견적이나 오프라인 매장방문이 베스트입니다!,"[ 0.0015564   0.03427124 -0.01470947 ... -0.04119873 -0.04434204
  0.00589371]",2,"['대면', '견적', '오프라인', '매장', '방문', '베스트']",대면 견적 오프라인 매장 방문 베스트,0
3078,비대면 견적이나 오프라인 신규매장 프로모션 받는게 젤 싸기는 해요,"[-0.00115585  0.03071594 -0.02220154 ... -0.0362854  -0.03375244
  0.00068188]",2,"['대면', '견적', '오프라인', '신규', '매장', '프로모션', '싸다']",대면 견적 오프라인 신규 매장 프로모션 싸다,2
3079,"저희도 여기저기 다녀봤는데 오프라인은 생각보다 별로,, 저렴하지 않았고 오히려 온라인이 더 쌌던것 같아요!","[ 0.002491    0.01651001 -0.03796387 ... -0.02853394 -0.02661133
 -0.00149155]",2,"['여기저기', '다니다', '오프라인', '생각', '저렴하다', '온라인', '싸다']",여기저기 다니다 오프라인 생각 저렴하다 온라인 싸다,0
3080,싸게 하는게 목적이시면 온라인이 가장 저렴한 거 같아요! 오프라인은 다 신제품밖에 없어서 아무리 싸게 해도 온라인을 이길 수 없더라구요 저희는 신형이 아니어도 괜찮아서 발품 팔면서 오프라인 결제한 거 결제 취소하고 온라인으로 다시 했어요!,"[-0.00793457  0.02142334 -0.03286743 ... -0.02322388 -0.02682495
 -0.00337219]",2,"['싸다', '목적', '온라인', '저렴하다', '오프라인', '제품', '싸다', '온라인', '이기다', '신형', '괜찮다', '발품', '팔다', '오프라인', '결제', '결제', '취소', '온라인']",싸다 목적 온라인 저렴하다 오프라인 제품 싸다 온라인 이기다 신형 괜찮다 발품 팔다 오프라인 결제 결제 취소 온라인,0
3081,오프라인으로 구경하고 보통 온라인이 더 저렴해서 온라인구매요,"[-0.00476074  0.02838135 -0.01832581 ... -0.02500916 -0.02789307
 -0.02497864]",2,"['오프라인', '구경', '온라인', '저렴하다', '온라인', '구매']",오프라인 구경 온라인 저렴하다 온라인 구매,1
3082,인터넷으로 구매하는게 더 저렴하긴해서 저는 오프라인으로 구경하고 적어두고 사려구요~!,"[-0.01756287  0.03713989 -0.02763367 ... -0.02223206 -0.03479004
 -0.00088215]",2,"['인터넷', '구매', '저렴하다', '오프라인', '구경', '적다', '사다']",인터넷 구매 저렴하다 오프라인 구경 적다 사다,1
3083,"오프라인에서 실물보고, 구매는 온라인에서용","[ 0.0044136   0.02011108 -0.02351379 ... -0.01959229 -0.03561401
 -0.00956726]",2,"['오프라인', '실물', '구매', '온라인']",오프라인 실물 구매 온라인,1
3084,아울렛가서 직접 보고 구매는 온라인이 싸길래 온라인으로 거의 산거같아요!,"[-0.00149441  0.02752686 -0.0241394  ... -0.01541138 -0.03515625
 -0.01887512]",2,"['아울렛', '구매', '온라인', '싸다', '온라인', '살다']",아울렛 구매 온라인 싸다 온라인 살다,1
3085,오프라인으로 보고 온라인주문이요! 온라인이 더싼거같아요,"[-0.01725769  0.02830505 -0.02145386 ... -0.02281189 -0.03497314
 -0.00250816]",2,"['오프라인', '온라인', '주문', '온라인', '싸다']",오프라인 온라인 주문 온라인 싸다,1
3086,저도 오프라인에서 정하고 인터넷가격이 더저렴하면 그렇게 구매할것같아요,"[-0.00460434  0.02944946 -0.03775024 ... -0.02064514 -0.0305481
 -0.00455475]",2,"['오프라인', '정하다', '인터넷', '가격', '저렴하다', '구매']",오프라인 정하다 인터넷 가격 저렴하다 구매,0
3087,특별히 싼게 아니면 리뷰 참고해서 온라인으루 사요,"[ 0.00064516  0.02220154 -0.02964783 ... -0.04321289 -0.01831055
 -0.00891876]",2,"['싸다', '리뷰', '참고', '온라인', '사다']",싸다 리뷰 참고 온라인 사다,1
3088,오프라인에서 고르고 온라인에서 구매합니다,"[ 0.01320648  0.02655029 -0.02430725 ... -0.00883484 -0.02983093
 -0.02423096]",2,"['오프라인', '고르다', '온라인', '구매']",오프라인 고르다 온라인 구매,1
3089,이미 혼수가전 사신 상태면 온라인으로 손품팔고 오프라인 매장가서 구경하고 혜택챙겨서 온라인 추천이요!,"[ 0.00348473  0.02006531 -0.02772522 ... -0.02529907 -0.03186035
 -0.00914764]",2,"['혼수', '가전', '사다', '상태', '온라인', '팔다', '오프라인', '매장', '구경', '혜택', '챙기다', '온라인', '추천']",혼수 가전 사다 상태 온라인 팔다 오프라인 매장 구경 혜택 챙기다 온라인 추천,1
3090,저희는 오프라인으로 구매예정이에요.한번에 사야 할인률이 커지는것 같더라구요,"[ 0.00371552  0.03515625 -0.03894043 ... -0.02337646 -0.03512573
 -0.00540924]",2,"['오프라인', '구매', '예정', '사다', '할인', '커지다']",오프라인 구매 예정 사다 할인 커지다,1
3091,주변 지인들 보면 오프라인으로 한번에 구입하더라구요! 저도 그렇게 하려고 합니다ㅎㅎ,"[-0.00115776  0.03063965 -0.01417542 ... -0.03192139 -0.03512573
 -0.00041127]",2,"['주변', '지인', '오프라인', '구입']",주변 지인 오프라인 구입,0
3092,한번에 다 사시면 오프라인 혜택이 생각보다 있더라구요,"[ 0.00602722  0.03945923 -0.03115845 ... -0.01048279 -0.03268433
  0.00238419]",2,"['사다', '오프라인', '혜택', '생각']",사다 오프라인 혜택 생각,1
3093,다품목으로 사는게 더 할인을 많이 받아서 오프라인으로 했어요!,"[ 0.01039124  0.0224762  -0.0317688  ... -0.01444244 -0.04788208
 -0.01145172]",2,"['품목', '사다', '할인', '오프라인']",품목 사다 할인 오프라인,2
3094,오프라인으로 따로따로 사긴 했는데 다품목 할인으로 좀 더 할인 받았으면 더 좋았을 것 같아요,"[ 0.01248169  0.02046204 -0.04998779 ... -0.0302887  -0.0447998
  0.00075293]",2,"['오프라인', '사다', '품목', '할인', '할인', '좋다']",오프라인 사다 품목 할인 할인 좋다,2
3095,저희도 오프라인에서 한번에 구매했어요! 다른 곳이랑 비교해보니까 묶어서 살 경우 혜택이 크더라구요 ㅎㅎ,"[-0.00201607  0.03042603 -0.0246582  ... -0.0098877  -0.03775024
 -0.00382042]",2,"['오프라인', '구매', '비교', '묶다', '사다', '혜택', '크다']",오프라인 구매 비교 묶다 사다 혜택 크다,1
3096,백화점에서 한번에 삿어요~ 온라인으로 사는거보다 한번에 사면 할인이 커요,"[ 0.00863647  0.0317688  -0.03347778 ... -0.03427124 -0.0428772
 -0.00756836]",2,"['백화점', '사다', '온라인', '사다', '사다', '할인', '크다']",백화점 사다 온라인 사다 사다 할인 크다,2
3097,다들 오프라인에서 한번에 구매하시나봐요! 저희도 아직 고민중인데 좋은 글 감사합니다!,"[-0.00299644  0.02546692 -0.02539062 ... -0.02459717 -0.03887939
 -0.00491714]",2,"['오프라인', '구매', '고민', '좋다', '감사']",오프라인 구매 고민 좋다 감사,0
3098,온라인가격 대충 보고 온라인금액이랑 차이 많이 안나면 오프라인에서해요!,"[-0.00774002  0.03030396 -0.0292511  ... -0.0166626  -0.02197266
 -0.01904297]",2,"['온라인', '가격', '온라인', '금액', '차이', '오프라인']",온라인 가격 온라인 금액 차이 오프라인,0
3099,오프라인 매장에서 구매하려고 해요! 품목이 많으면 인터넷 구매보다 오프라인 구매가 저렴하다고 하더라구요!,"[ 0.00118542  0.03225708 -0.03302002 ... -0.01698303 -0.04122925
 -0.00214577]",2,"['오프라인', '매장', '구매', '품목', '많다', '인터넷', '구매', '오프라인', '구매', '저렴하다']",오프라인 매장 구매 품목 많다 인터넷 구매 오프라인 구매 저렴하다,2
3100,저는 오프라인에서 한번에 준비 했어요~,"[ 0.01603699  0.02474976 -0.01369476 ... -0.00935364 -0.01612854
 -0.02375793]",2,"['오프라인', '준비']",오프라인 준비,2
3101,인터넷설치 하고 인터넷 연결이 안정적으로 이루어져서 정말 좋아요. 이제 끊김 없이 온라인 활동을 즐길 수 있어서 너무 편해졌어요.,"[ 0.02947998  0.03775024 -0.00708771 ... -0.03652954 -0.0294342
 -0.00584793]",2,"['인터넷', '설치', '인터넷', '연결', '안정', '이루어지다', '좋다', '끊기다', '온라인', '활동', '즐기다', '편하다']",인터넷 설치 인터넷 연결 안정 이루어지다 좋다 끊기다 온라인 활동 즐기다 편하다,2
3102,인터넷 설치 후에는 인터넷 속도가 빨라져서 정말 좋아요! 파일을 다운로드하거나 온라인 게임을 할 때도 끊김 없이 쾌적하게 이용할 수 있어서 너무 만족스러워요.,"[ 0.01837158  0.03604126 -0.00869751 ... -0.04837036 -0.03179932
  0.00849915]",2,"['인터넷', '설치', '인터넷', '속도', '빠르다', '좋다', '파일', '다운로드', '온라인', '게임', '끊기다', '만족']",인터넷 설치 인터넷 속도 빠르다 좋다 파일 다운로드 온라인 게임 끊기다 만족,2
3103,인터넷 설치를 하면 생활이 너무나도 편해져요! 집에서 쉽게 영화를 시청하거나 웹사이트를 둘러보며 편안한 시간을 보낼 수 있어서 정말 좋아요. 이,"[ 0.01712036  0.04516602  0.00124168 ... -0.05795288 -0.04074097
  0.00794983]",2,"['인터넷', '설치', '생활', '편하다', '영화', '시청', '사이트', '둘러보다', '편안', '시간', '보내다', '좋다']",인터넷 설치 생활 편하다 영화 시청 사이트 둘러보다 편안 시간 보내다 좋다,2
3104,구매하는 제품 가짓수에 따라 다를거같아요~ 저는 가짓수가 많지않구 신제품일 필요가 없어서 온라인구매 생각중이에요,"[ 0.00927734  0.01989746 -0.02882385 ... -0.03567505 -0.03051758
 -0.00297928]",2,"['구매', '제품', '가짓수', '따르다', '다르다', '가짓수', '많다', '제품', '필요', '온라인', '구매', '생각']",구매 제품 가짓수 따르다 다르다 가짓수 많다 제품 필요 온라인 구매 생각,0
3105,"네 유투브로 어느정도 품번 정해가시고 오프라인 온라인, 직영점 등 코드가 다르니 그것도 알아가셔서 범위 내에서 견적 받으심 좋아요~","[-0.01158142 -0.00224113 -0.02912903 ... -0.04083252 -0.02563477
 -0.00014448]",2,"['유투브', '정하다', '오프라인', '온라인', '직영점', '코드', '다르다', '범위', '견적', '좋다']",유투브 정하다 오프라인 온라인 직영점 코드 다르다 범위 견적 좋다,0
3106,여러군데 발품 팔아보시는거 추천인데 백화점이 젤 낫더라고요,"[-0.00121975  0.02163696 -0.03457642 ... -0.05047607 -0.03622437
  0.00118256]",2,"['발품', '팔다', '추천', '백화점']",발품 팔다 추천 백화점,0
3107,저희는 온라인 최저가나 특가 있을때 샀어요,"[ 0.01930237  0.03131104 -0.01780701 ... -0.01875305 -0.03979492
 -0.02928162]",2,"['온라인', '최저', '특가', '사다']",온라인 최저 특가 사다,1
3108,다품목이시면 오프라인 견적이 더 싸다고 하더라구요 사은품으로 주는 것도 꽤 있어서 여기저기 발품 파시는 거 추천드려요,"[-0.01881409  0.02772522 -0.02883911 ... -0.03408813 -0.03051758
  0.0066452 ]",2,"['품목', '오프라인', '견적', '싸다', '사은품', '여기저기', '발품', '파', '추천', '드리다']",품목 오프라인 견적 싸다 사은품 여기저기 발품 파 추천 드리다,0
3109,품목적으면 온라인 많으면 오프라인 오픈매장이 더 싸요,"[ 0.01889038  0.02464294 -0.04147339 ... -0.01838684 -0.02590942
 -0.00165749]",2,"['품목', '적다', '온라인', '많다', '오프라인', '오픈', '매장', '싸다']",품목 적다 온라인 많다 오프라인 오픈 매장 싸다,0
3110,10개품목정도 사실거면 오프라인 추천이요!,"[ 0.00746155  0.01856995 -0.02433777 ... -0.03112793 -0.01463318
 -0.0105896 ]",2,"['품목', '사다', '오프라인', '추천']",품목 사다 오프라인 추천,0
3111,가전은 오프라인이랑 온라인 둘다 비교 추천드립니다 가격 다 달라여,"[ 0.01534271  0.02960205 -0.0300293  ... -0.03726196 -0.02471924
 -0.02755737]",2,"['가전', '오프라인', '온라인', '비교', '추천', '드리다', '가격', '다르다']",가전 오프라인 온라인 비교 추천 드리다 가격 다르다,0
3112,전 오프라인에서보고 지인직원찬스쓰려구요!,"[-0.01220703  0.03469849 -0.01586914 ... -0.01986694 -0.03137207
 -0.00942993]",2,"['오프라인', '지인', '직원', '찬스', '쓰다']",오프라인 지인 직원 찬스 쓰다,0
3113,혼수 맞추시는 거라면 오프라인으로 구매하세요!,"[ 0.01288605  0.03573608 -0.02444458 ... -0.02272034 -0.03900146
 -0.00107288]",2,"['혼수', '맞추다', '오프라인', '구매']",혼수 맞추다 오프라인 구매,1
3114,직접보고 사고 인터넷으로 비교해봐도 어떤건 더싸고 비싼게있어서 오프라인도 괜찮았던거 같아요,"[ 0.01344299  0.02104187 -0.03051758 ... -0.02636719 -0.02108765
 -0.00823212]",2,"['사다', '인터넷', '비교', '싸다', '비싸다', '오프라인', '괜찮다']",사다 인터넷 비교 싸다 비싸다 오프라인 괜찮다,2
3115,저는 오프라인으로 백화점 대리점 다알아봣습니등,"[ 0.01593018  0.01733398 -0.02882385 ... -0.04006958 -0.05056763
 -0.01942444]",2,"['오프라인', '백화점', '대리점']",오프라인 백화점 대리점,2
3116,고액이면 오프가 나은것 같습니당 온라인은 좀 불안해요,"[ 0.00503159  0.0191803  -0.03250122 ... -0.03799438 -0.01603699
 -0.00310326]",2,"['고액', '오프', '온라인', '불안']",고액 오프 온라인 불안,1
3117,저는 오프라인에서 여기저기 견적받아서 했는데 품목이랑 따져서 만족스럽게 사긴 했어요! 온라인 특가를 이길 순 없겠지만요 ㅋㅋ,"[-0.00507355  0.02690125 -0.0418396  ... -0.02648926 -0.03051758
 -0.01657104]",2,"['오프라인', '여기저기', '견적', '품목', '따지다', '만족', '사다', '온라인', '특가', '이기다']",오프라인 여기저기 견적 품목 따지다 만족 사다 온라인 특가 이기다,0
3118,저는 오프라인 온라인 적절히 섞어서 살 것 같아용,"[ 0.01634216  0.02967834 -0.00852203 ... -0.01815796 -0.02967834
 -0.02044678]",2,"['오프라인', '온라인', '섞다', '살다']",오프라인 온라인 섞다 살다,1
3119,오프라인에서 사면 할인혜택이나 캐시백 괜찮다고 들어서 오프라인으로 구매할예정입니다,"[ 0.02261353  0.02618408 -0.04382324 ... -0.01207733 -0.03137207
 -0.01534271]",2,"['오프라인', '사다', '할인', '혜택', '캐시백', '괜찮다', '오프라인', '구매', '예정']",오프라인 사다 할인 혜택 캐시백 괜찮다 오프라인 구매 예정,1
3120,전 온라인이요~ 돌아다니면서 견적받는게 너무 귀찮아요ㅠㅠ,"[-0.01531219  0.03448486 -0.01357269 ... -0.04418945 -0.03756714
  0.00466537]",2,"['온라인', '돌아다니다', '견적', '귀찮다']",온라인 돌아다니다 견적 귀찮다,0
3121,"답변 감사드려요! 온라인 할인가가 너무 저렴하다보니,, 그래서 180을 아껴서 다른걸 사야하나 싶은데 막상 뭘 더 구매해야할지 떠오르는게 없네요 ㅠㅠㅎㅎ","[-0.00016093  0.0272522  -0.03207397 ... -0.03619385 -0.02449036
 -0.00136566]",2,"['답변', '감사', '드리다', '온라인', '할인', '저렴하다', '아끼다', '사다', '구매', '떠오르다']",답변 감사 드리다 온라인 할인 저렴하다 아끼다 사다 구매 떠오르다,1
3122,안녕하세요 캄포 온라인20퍼할인은 그냥 되는것인가용ㅠ?,"[ 0.00044584  0.01248169 -0.02481079 ... -0.03457642 -0.01332855
  0.00996399]",2,"['안녕', '캄포', '온라인', '할인']",안녕 캄포 온라인 할인,2
3123,백화점이 무슨 행사할 때 가면 비슷하다고 듣기도 해서 세군데 다 견적 비교를 하는게 좋을 것 같아요. 카드사 할인도 다 다를 것 같아서 이것저것 따져봐야 할 듯 싶네요.,"[ 0.01713562  0.00765991 -0.05371094 ... -0.03793335 -0.03744507
  0.01376343]",2,"['백화점', '행사', '견적', '비교', '좋다', '카드사', '할인', '다르다', '이것저것', '따지다']",백화점 행사 견적 비교 좋다 카드사 할인 다르다 이것저것 따지다,0
3124,백화점 오프라인 다 돌아다녀봤지만 결국 온라인에서 구매했어요 ㅎㅎ,"[-0.00247383  0.02900696 -0.02772522 ... -0.02714539 -0.05606079
 -0.00254822]",2,"['백화점', '오프라인', '돌아다니다', '온라인', '구매']",백화점 오프라인 돌아다니다 온라인 구매,0
3125,친구가 임직원이라 온라인으로 결제할거같긴해요,"[-0.00017726  0.02635193 -0.02052307 ... -0.02104187 -0.04650879
  0.00123882]",2,"['친구', '임직원', '온라인', '결제']",친구 임직원 온라인 결제,1
3126,한개만 살거면 온라인이 나은데 여러개 구매할거면 백화점 오픈매장 한번 가보세요. 일반매장은 포인트로 주거나 카드얼마쓰면 돌려주고 복잡하고 백화점은 백화점상품권으로 페이백 해주고 MVG도 가능해서 깔끔해요,"[ 0.01094055  0.01151276 -0.03134155 ... -0.03004456 -0.04193115
  0.00265694]",2,"['살다', '온라인', '구매', '백화점', '오픈', '매장', '일반', '매장', '포인트', '카드', '얼마', '쓰다', '돌려주다', '백화점', '백화점', '상품', '페이', '가능']",살다 온라인 구매 백화점 오픈 매장 일반 매장 포인트 카드 얼마 쓰다 돌려주다 백화점 백화점 상품 페이 가능,2
3127,저는 일단 방문견적도 받아보고 같은상품 온라인이 더 싸면 온라인에서 할려구요!,"[-0.00837708  0.03903198 -0.0269165  ... -0.04656982 -0.03582764
 -0.00939178]",2,"['방문', '견적', '상품', '온라인', '싸다', '온라인']",방문 견적 상품 온라인 싸다 온라인,0
3128,온라인보다는 오픈점 돌아다니며 견적받으면 좋을거같아요~!,"[-0.00082684  0.02806091 -0.02897644 ... -0.04425049 -0.03326416
 -0.00495148]",2,"['온라인', '오픈', '돌아다니다', '견적', '좋다']",온라인 오픈 돌아다니다 견적 좋다,0
3129,티비인터넷 신규가입을 하면서 받은 혜택으로 집에서의 온라인 활동이 더욱 편리해졌어요. ~!,"[ 0.00741577  0.03250122 -0.01733398 ... -0.06390381 -0.04034424
 -0.00502014]",2,"['티비', '인터넷', '신규', '가입', '혜택', '온라인', '활동', '편리']",티비 인터넷 신규 가입 혜택 온라인 활동 편리,2
3130,오프라인하고 온라인 차이가 크게 안나면 직접 보고 구매하는게 낫겟네요.!,"[-0.0038681   0.02069092 -0.02272034 ... -0.02754211 -0.03439331
 -0.01322937]",2,"['오프라인', '온라인', '차이', '크다', '구매']",오프라인 온라인 차이 크다 구매,0
3131,신규오픈하는 매장으로 상담 받았는데 품목 정해서 여러군데발품파는게 제일 좋은거 같아요ㅠㅠ,"[ 0.02308655  0.00657654 -0.03515625 ... -0.04418945 -0.02033997
  0.01531982]",2,"['신규', '오픈', '매장', '상담', '품목', '정하다', '발품', '파', '좋다']",신규 오픈 매장 상담 품목 정하다 발품 파 좋다,0
3132,오프라인 구경한 후 온라인 가격비겨해서 사려구요,"[-0.00075579  0.03396606 -0.01628113 ... -0.02278137 -0.02546692
 -0.02171326]",2,"['오프라인', '구경', '온라인', '가격', '비기', '사다']",오프라인 구경 온라인 가격 비기 사다,1
3133,"네 지점마다 조금씩 달라요! 오프라인, 온라인 발품많이 팔수록 좋더라구요~!","[ 0.00066662  0.01156616 -0.01976013 ... -0.03790283 -0.02548218
 -0.00172901]",2,"['지점', '다르다', '오프라인', '온라인', '발품', '팔다', '좋다']",지점 다르다 오프라인 온라인 발품 팔다 좋다,0
3134,한번에 구매할때는 오프라인이 쌀때가 있어요! 카드나 판매점 재량 세일이 들어갈 수 있으니 여러군데 견적받아보셔용,"[ 0.01006317  0.02203369 -0.03466797 ... -0.02877808 -0.03234863
  0.01698303]",2,"['구매', '오프라인', '싸다', '카드', '판매점', '재량', '세일', '들어가다', '견적']",구매 오프라인 싸다 카드 판매점 재량 세일 들어가다 견적,2
3135,오프라인이랑 온라인이랑 짜잘하게 다르다고 알고있어요 ㅎㅎ 가성비로 온라인에서 샀어유 !,"[-0.00031424  0.01586914 -0.03887939 ... -0.02748108 -0.03479004
 -0.02613831]",2,"['오프라인', '온라인', '짜다', '다르다', '가성비', '온라인', '사다']",오프라인 온라인 짜다 다르다 가성비 온라인 사다,1
3136,"품목이 맘ㅎ이 없으면 온라인, 많으면 백화점 추천이요","[ 0.0085144   0.00938416 -0.02772522 ... -0.03887939 -0.03723145
 -0.00402069]",2,"['품목', '온라인', '많다', '백화점', '추천']",품목 온라인 많다 백화점 추천,0
3137,저희는 한 번 비교해보려구요~아마 세트로 한 브랜드에서 다 맞추실 거 아니면 온라인이 더 저렴할 수도 있어요!,"[ 0.01368713  0.02807617 -0.0380249  ... -0.0440979  -0.03820801
 -0.00599289]",2,"['비교', '세트', '브랜드', '맞추다', '온라인', '저렴하다']",비교 세트 브랜드 맞추다 온라인 저렴하다,1
3138,온라인 오프라인 다 돌아보려구해요! 견적도 다 틀리더라구요,"[-0.01123047  0.03671265 -0.02043152 ... -0.03942871 -0.03114319
 -0.00366211]",2,"['온라인', '오프라인', '돌다', '견적', '틀리다']",온라인 오프라인 돌다 견적 틀리다,0
3139,저는 온라인에서 가성비로 필요한거만 샀어요 ㅎㅎ,"[-0.0008378   0.03207397 -0.02685547 ... -0.0164032  -0.03460693
 -0.02227783]",2,"['온라인', '가성비', '필요', '사다']",온라인 가성비 필요 사다,1
3140,다 비교해보고 살거긴한데 오프라인으루 구매할거강긴해야,"[ 0.01882935  0.02513123 -0.03381348 ... -0.02986145 -0.0300293
 -0.00435638]",2,"['비교', '살다', '오프라인', '구매']",비교 살다 오프라인 구매,1
3141,저는 매장 온라인몰 섞어서 샀답니다 둘다 현하고 좋았어요 온라인몰도 요즘 너무 잫되어있어영,"[ 0.01367188  0.01586914 -0.03186035 ... -0.0279541  -0.04553223
 -0.00165749]",2,"['매장', '온라인', '섞다', '사다', '좋다', '온라인', '요즘']",매장 온라인 섞다 사다 좋다 온라인 요즘,1
3142,온라인 오프라인 다 돌아보고 괜찮은곳에서 구매하려구용,"[ 0.01077271  0.02476501 -0.03137207 ... -0.03363037 -0.02938843
 -0.01412964]",2,"['온라인', '오프라인', '돌아보다', '괜찮다', '구매']",온라인 오프라인 돌아보다 괜찮다 구매,1
3143,저희는 실물을 백화점 가서 구경하고 임직원 할인 이용해서 온라인으로 구매했어요! 주변 지인들한테 부탁하기도 하고 남편 회사 자사몰등 최대한 비교하고 같은 품번대비 저렴한거로 구매했습니다!,"[-0.00856018  0.01608276 -0.03112793 ... -0.03079224 -0.03585815
 -0.00072193]",2,"['실물', '백화점', '구경', '임직원', '할인', '온라인', '구매', '주변', '지인', '부탁', '남편', '회사', '자사', '최대한', '비교', '대비', '저렴하다', '구매']",실물 백화점 구경 임직원 할인 온라인 구매 주변 지인 부탁 남편 회사 자사 최대한 비교 대비 저렴하다 구매,1
3144,온라인 오프라인 다 돌아보고 선택할 것 같아요 !,"[ 0.00740433  0.01930237 -0.01035309 ... -0.02770996 -0.01809692
 -0.00775528]",2,"['온라인', '오프라인', '돌아보다', '선택']",온라인 오프라인 돌아보다 선택,0
3145,오프라인도 가보시고 쿠팡도 보시고 유튜브도 잘보시면 가성비 품목이있어서 잘보시는게 좋은거같아요,"[-0.00952911  0.01342773 -0.02661133 ... -0.01852417 -0.02114868
 -0.00956726]",2,"['오프라인', '쿠팡', '유튜브', '가성비', '품목', '좋다']",오프라인 쿠팡 유튜브 가성비 품목 좋다,1
3146,온라인 오프라인 다 비교해보고 선택할 것 같아용,"[ 0.01766968  0.01585388 -0.016922   ... -0.0350647  -0.01815796
 -0.01098633]",2,"['온라인', '오프라인', '비교', '선택']",온라인 오프라인 비교 선택,0
3147,공홈 제외하고는 좀 불안하죠 큰거는 백화점 작은거는 온라인에서 샀어요,"[-0.00167274  0.01418304 -0.03335571 ... -0.0350647  -0.05145264
 -0.00522232]",2,"['제외', '불안', '크다', '백화점', '작다', '온라인', '사다']",제외 불안 크다 백화점 작다 온라인 사다,2
3148,매장이랑 온라인몰 섞어서 필요한것만 가성비로 사볼까해요! ㅎㅎ,"[ 0.01023865  0.03071594 -0.02278137 ... -0.02026367 -0.04568481
 -0.00189114]",2,"['매장', '온라인', '섞다', '필요', '가성비', '사다']",매장 온라인 섞다 필요 가성비 사다,1
3149,여러개 한번애 사시는거면 은근 백화점이 더 저렴할수도 있더라구요! 이것저것 비교해보세요!,"[ 0.00911713  0.03286743 -0.03213501 ... -0.03668213 -0.03125
  0.01295471]",2,"['사다', '은근', '백화점', '저렴하다', '이것저것', '비교']",사다 은근 백화점 저렴하다 이것저것 비교,2
3150,여러개 사면 백화점이 나을수도 잇고 몇개만 사면 온라인이 저렴한것같아요!,"[-0.00014031  0.02989197 -0.04528809 ... -0.03424072 -0.03613281
  0.00372124]",2,"['사다', '백화점', '사다', '온라인']",사다 백화점 사다 온라인,1
3151,풀세트로 맞춰야되면 오프라인 오픈 매장이 가장 좋다고 들었어요!,"[ 0.02610779  0.01340485 -0.03494263 ... -0.02880859 -0.04052734
  0.00668335]",2,"['세트', '맞추다', '오프라인', '오픈', '매장', '좋다']",세트 맞추다 오프라인 오픈 매장 좋다,2
3152,"품목이 많으면 오프, 적으면 온라인이요","[ 0.01417542  0.01163483 -0.0289917  ... -0.02690125 -0.01963806
 -0.0022316 ]",2,"['품목', '많다', '오프', '적다', '온라인']",품목 많다 오프 적다 온라인,0
3153,"온라인,오프라인 몇군데씩 일단 발품 팔아서 비교해볼 것 같아용","[-0.00373268  0.01290131 -0.01853943 ... -0.04855347 -0.02819824
 -0.01480103]",2,"['온라인', '오프라인', '발품', '팔다', '비교']",온라인 오프라인 발품 팔다 비교,0
3154,일단 발품파는게 중요해서 온라인 오프라인 다 가보세요!,"[-0.00471497  0.03265381 -0.01683044 ... -0.03201294 -0.03179932
 -0.01274872]",2,"['발품', '파', '중요', '온라인', '오프라인']",발품 파 중요 온라인 오프라인,0
3155,저는 품목 적어서 온라인 했어용 적으면 온라인도 괜찮아요!,"[-0.00586319  0.0124054  -0.02970886 ... -0.03250122 -0.03302002
 -0.01693726]",2,"['품목', '적다', '온라인', '적다', '온라인', '괜찮다']",품목 적다 온라인 적다 온라인 괜찮다,0
3156,오프라인이 품목이 많아질수록 저렴하긴 하더라구요 여러 군데 알아보는 게 좋습니당,"[ 0.00889587  0.01083374 -0.04211426 ... -0.03588867 -0.01585388
  0.00680542]",2,"['오프라인', '품목', '많다', '알아보다', '좋다']",오프라인 품목 많다 알아보다 좋다,0
3157,다 교체하시는거면 오프라인 추천드려요!,"[ 0.00087833  0.03128052 -0.02598572 ... -0.02584839 -0.02255249
  0.01234436]",2,"['교체', '오프라인', '추천', '드리다']",교체 오프라인 추천 드리다,0
3158,많이 사야하면 베스트샵 가고 1~2개면 인터넷에서 사는게 낫다고 들었어요,"[ 0.01060486  0.01907349 -0.03753662 ... -0.02946472 -0.03289795
  0.02793884]",2,"['사다', '베스트', '인터넷', '사다']",사다 베스트 인터넷 사다,2
3159,매장가서 견적 받으면 또 가격이 다르고 혜택이 있더라구요~~ 저는 비교하다가 매장이 더 나을 것 같아서 매장에서 했었어요!,"[ 0.00754929  0.0294342  -0.0352478  ... -0.0508728  -0.03305054
  0.01644897]",2,"['매장', '견적', '가격', '다르다', '혜택', '비교', '매장', '매장']",매장 견적 가격 다르다 혜택 비교 매장 매장,2
3160,저는 그냥 개별로 인터넷구매했어요!금액 면에서 오프라인이랑 온라인 차이가 크더라구요,"[ 0.00097036  0.01672363 -0.02775574 ... -0.02668762 -0.03598022
  0.00095177]",2,"['개별', '인터넷', '구매', '금액', '오프라인', '온라인', '차이', '크다']",개별 인터넷 구매 금액 오프라인 온라인 차이 크다,2
3161,구입품목이 많다면 오프라인에서 한번에 사는거 추천해요,"[ 0.0042038   0.02334595 -0.02282715 ... -0.02720642 -0.03237915
 -0.00416183]",2,"['구입', '품목', '많다', '오프라인', '사다', '추천']",구입 품목 많다 오프라인 사다 추천,0
3162,여러개 살거면 매장가고 아니면 인터넷 구매요!,"[ 0.00508881  0.02462769 -0.02120972 ... -0.03823853 -0.03970337
  0.0244751 ]",2,"['사다', '매장', '인터넷', '구매']",사다 매장 인터넷 구매,2
3163,저도 다 맞췄는데 6종 이상이시면 베스트샵가셔서 한번에 구매하시는게 좋으실거같아용,"[ 0.0174408   0.00872803 -0.0375061  ... -0.02926636 -0.02992249
  0.03250122]",2,"['맞추다', '이상', '베스트', '구매', '좋다']",맞추다 이상 베스트 구매 좋다,2
3164,돌아다니면 견적내고 하더라구요ㅎㅎ 오프라인과 온라인 제품이 다 똑같다고는 안하더라구요ㅎ,"[-0.00749969  0.02607727 -0.02256775 ... -0.03942871 -0.01879883
  0.00379753]",2,"['돌아다니다', '견적', '내다', '오프라인', '온라인', '제품', '똑같다']",돌아다니다 견적 내다 오프라인 온라인 제품 똑같다,0
3165,직접 가서 오프라인으로 발품 팔아보고 모델명 보구 인터넷으로 살 거 같아요!,"[-0.01183319  0.02166748 -0.02612305 ... -0.02980042 -0.03994751
 -0.00717163]",2,"['오프라인', '발품', '팔다', '모델명', '인터넷', '사다']",오프라인 발품 팔다 모델명 인터넷 사다,0
3166,저눈 몇가지만 필요해서 온라인으로 구매는 했지만 오프라인으론 상담받았어요,"[ 0.01208496  0.02934265 -0.0375061  ... -0.02323914 -0.02342224
 -0.0094223 ]",2,"['필요', '온라인', '구매', '오프라인', '상담']",필요 온라인 구매 오프라인 상담,1
3167,인터넷 오프라인 꼼꼼히 비교해보시고 효율적인곳으로 하시는게 나은거같아요 저도 그래서 비교중입니다!,"[-0.00049686  0.01785278 -0.02572632 ... -0.04568481 -0.0246582
 -0.00655746]",2,"['인터넷', '오프라인', '비교', '효율', '비교']",인터넷 오프라인 비교 효율 비교,0
3168,소량살꺼면 인터넷이 싸고 풀옵션이나 많이사면 오프라인이 훨저렴해요 그리고 온라인은 직접 사이즈쟤고 사야하는 불편함이 있어요 ㅠ,"[-0.00930023  0.03022766 -0.03210449 ... -0.02946472 -0.03881836
  0.00206947]",2,"['소량', '사다', '인터넷', '싸다', '옵션', '사다', '오프라인', '저렴하다', '온라인', '사이즈쟤', '사다', '불편']",소량 사다 인터넷 싸다 옵션 사다 오프라인 저렴하다 온라인 사이즈쟤 사다 불편,1
3169,저희는 우선 원하는 모델을 골라서 인터넷 최저가랑 최종혜택가 등등해서 비교해서 매장에서 했어요~,"[ 0.02407837  0.0221405  -0.0243988  ... -0.02728271 -0.03878784
 -0.01261139]",2,"['원하다', '모델', '고르다', '인터넷', '최저', '최종', '혜택', '비교', '매장']",원하다 모델 고르다 인터넷 최저 최종 혜택 비교 매장,2
3170,오프라인도 돌고 온라인견적도 받아서 저렴한곳으러햇어요,"[-0.01351166  0.03414917 -0.01867676 ... -0.0266571  -0.02600098
 -0.00810242]",2,"['오프라인', '돌다', '온라인', '견적', '저렴하다']",오프라인 돌다 온라인 견적 저렴하다,0
3171,오프라인으로 가서 직접 보고 고르고 싶어서 오프라인으로 할거 같아요,"[ 0.010849    0.03179932 -0.01542664 ... -0.0309906  -0.01490021
 -0.00720978]",2,"['오프라인', '고르다', '오프라인']",오프라인 고르다 오프라인,0
3172,"발품은 확싫히 팔아야하는거 같고, 온라인 견적이랑 비교해보면서 결국은 매장에서 구입할거 같아요","[ 0.00372505  0.02583313 -0.03137207 ... -0.04159546 -0.0397644
  0.01056671]",2,"['발품', '싫다', '팔다', '온라인', '견적', '비교', '결국', '매장', '구입']",발품 싫다 팔다 온라인 견적 비교 결국 매장 구입,0
3173,오프라인에서 실물로 본다음에 온라인으로 주문이요!,"[-0.00531387  0.03500366 -0.01300812 ... -0.01252747 -0.03897095
 -0.01693726]",2,"['오프라인', '실물', '다음', '온라인', '주문']",오프라인 실물 다음 온라인 주문,1
3174,다품목이라 오프라인더 더 저렴해서 오프라인에서 했어요.,"[ 0.00536728  0.02210999 -0.03582764 ... -0.01557159 -0.02862549
 -0.01783752]",2,"['품목', '오프라인', '저렴하다', '오프라인']",품목 오프라인 저렴하다 오프라인,0
3175,저는 오프라인도 보고 온라인도 다 봤는데 온라인이 훨씬 저렴했어요 제품도 괜찮아요 지금 일년째 쓰고 있는데,"[ 0.00146866  0.01329803 -0.04638672 ... -0.02842712 -0.01250458
 -0.00636673]",2,"['오프라인', '온라인', '온라인', '제품', '괜찮다', '쓰다']",오프라인 온라인 온라인 제품 괜찮다 쓰다,1
3176,"살게 많으면 오프라인에서 묶어서, 살게 별로 없으면 매장에서 보고 인터넷에서 검색해서 살 것 같아요.. ㅋㅋ","[ 0.00603104  0.01158905 -0.01643372 ... -0.02536011 -0.03329468
  0.00114632]",2,"['살다', '많다', '오프라인', '묶다', '사다', '매장', '인터넷', '검색', '살다']",살다 많다 오프라인 묶다 사다 매장 인터넷 검색 살다,1
3177,발품팔아보면 다 다르더라구요ㅜ 오프라인도 방문은 해봐야할거같아요,"[-0.01533508  0.00697327 -0.01254272 ... -0.04440308 -0.02363586
 -0.00676346]",2,"['발품', '팔다', '다르다', '오프라인', '방문']",발품 팔다 다르다 오프라인 방문,0
3178,한번에 다 구매하시는거면 오프라인 추천드려요!,"[-0.00016952  0.03274536 -0.02816772 ... -0.01475525 -0.03375244
  0.0015316 ]",2,"['구매', '오프라인', '추천', '드리다']",구매 오프라인 추천 드리다,0
3179,저는 매장방문해서 보기도하고 온라인으로 사이즈재서 맞는걸로 구매하기도햇어요!,"[-1.25527382e-04  1.94854736e-02 -3.26843262e-02 ... -2.47039795e-02
 -3.98559570e-02  8.32676888e-05]",2,"['매장', '방문', '온라인', '사이즈', '재', '맞다', '구매']",매장 방문 온라인 사이즈 재 맞다 구매,1
3180,직접 매장에서 구매하려구요! As 이런거 생각하면 인터넷은 좀 불안해서요,"[ 0.01200867  0.02511597 -0.02651978 ... -0.04800415 -0.04550171
  0.00266838]",2,"['매장', '구매', '생각', '인터넷', '불안']",매장 구매 생각 인터넷 불안,1
3181,저는 직접 오프라인 매장 돌면서 견적 낸 후 구매하려구용,"[-0.00055552  0.02940369 -0.01571655 ... -0.03927612 -0.03961182
  0.00230026]",2,"['오프라인', '매장', '돌다', '견적', '내다', '구매']",오프라인 매장 돌다 견적 내다 구매,0
3182,매장 3차례 발로 뛰고 난 뒤에 온라인으로 전격 비교하고 온라인구매 햇어요 ㅋㅋ,"[ 0.01015472  0.01445007 -0.01812744 ... -0.03451538 -0.03839111
 -0.00145435]",2,"['매장', '차례', '뛰다', '온라인', '전격', '비교', '온라인', '구매']",매장 차례 뛰다 온라인 전격 비교 온라인 구매,0
3183,매장가서 직접 하려구요! 인터넷은 좀 불안해요 뭔가,"[ 0.01196289  0.02235413 -0.01261902 ... -0.05239868 -0.02635193
  0.01266479]",2,"['매장', '인터넷', '불안']",매장 인터넷 불안,2
3184,매장에서 견적 받아보고 온라인으로 비교해보려고 해요 근데 같은 모델이 없을 수도 있어서 매장에서 하지 않을까 싶긴 하네요,"[ 0.0141983   0.0304718  -0.03915405 ... -0.04782104 -0.03527832
  0.00956726]",2,"['매장', '견적', '온라인', '비교', '모델', '매장']",매장 견적 온라인 비교 모델 매장,0
3185,어떤 것이든 같은 제품이지만 인터넷이 더 저렴하더라구요! 저도 일단 매장가서 다 둘러보고 사야될 품목들은 눈으로 다 보고 제품명 알아서 인터넷으로 구매할 것 같아요!,"[ 0.00037146  0.03077698 -0.03857422 ... -0.02534485 -0.02290344
  0.01316071]",2,"['제품', '인터넷', '저렴하다', '매장', '둘러보다', '사다', '품목', '제품명', '인터넷', '구매']",제품 인터넷 저렴하다 매장 둘러보다 사다 품목 제품명 인터넷 구매,2
3186,전 매장가서 직접 구매했어요 ! 보는거랑 달라서요,"[ 0.01715088  0.02789307 -0.01985168 ... -0.02674866 -0.03302002
 -0.00188541]",2,"['매장', '구매', '다르다']",매장 구매 다르다,2
3187,SK 인터넷 가입 하고 나서 가족 모두가 인터넷 속도에 만족하고 있어요. 온라인 수업 듣는데도 문제 없어요!,"[-0.01370239  0.04675293 -0.02183533 ... -0.034729   -0.02888489
  0.02479553]",2,"['인터넷', '가입', '가족', '모두', '인터넷', '속도', '만족', '온라인', '수업', '문제']",인터넷 가입 가족 모두 인터넷 속도 만족 온라인 수업 문제,2
3188,오프라인에서 상담 받고 결국 온라인에서 했아여 ㅋ,"[-0.00043917  0.02198792 -0.0096283  ... -0.02609253 -0.01618958
 -0.00856781]",2,"['오프라인', '상담', '온라인']",오프라인 상담 온라인,0
3189,아직 견적 받아보기 전이지만 오프라인에서 견적받고 온라인이랑 비교후에 합리적인걸로요ㅎㅎ,"[-0.00836945  0.03555298 -0.01558685 ... -0.02920532 -0.02328491
 -0.00684357]",2,"['견적', '오프라인', '견적', '온라인', '비교', '합리']",견적 오프라인 견적 온라인 비교 합리,0
3190,한두개 살거면 온라인이지만 많이 살거면 오프라인으로 무조건 가서 사는게 좋을거같아요,"[-0.00564194  0.01701355 -0.03161621 ... -0.0191803  -0.02416992
  0.0011282 ]",2,"['사다', '온라인', '살다', '오프라인', '사다', '좋다']",사다 온라인 살다 오프라인 사다 좋다,1
3191,"저는 온오프라인 둘다 견적 내보고, 비교해서 사려구요!","[-0.00404739  0.02548218 -0.02363586 ... -0.03713989 -0.03430176
 -0.00600433]",2,"['오프라인', '견적', '내다', '비교', '사다']",오프라인 견적 내다 비교 사다,0
3192,가격비교하고 실물 오프라인체크 후 구매하기 추천이요,"[ 0.00484085  0.0241394  -0.03071594 ... -0.02072144 -0.01937866
 -0.02767944]",2,"['가격', '비교', '실물', '오프라인', '체크', '구매', '추천']",가격 비교 실물 오프라인 체크 구매 추천,0
3193,오프로 보고 온라인이랑 비교해서 살 생각이에용,"[ 0.00737762  0.02084351 -0.0236969  ... -0.04107666 -0.02542114
 -0.01774597]",2,"['오프', '온라인', '비교', '사다', '생각']",오프 온라인 비교 사다 생각,1
3194,오프라인으로 가셔서 상담받는 거 추천이요,"[-0.00291061  0.00991058 -0.01146698 ... -0.03625488 -0.00401306
 -0.00450516]",2,"['오프라인', '상담', '추천']",오프라인 상담 추천,0
3195,온라인도 보고 오프라인 상담도 받아서 비교해서 구매 할 생각이에요 : 오프라인은 혜택이 꽤나 많다더라구요,"[ 0.00426102  0.01374817 -0.0369873  ... -0.03921509 -0.03424072
 -0.0116806 ]",2,"['온라인', '오프라인', '상담', '비교', '구매', '생각', '오프라인', '혜택', '많다']",온라인 오프라인 상담 비교 구매 생각 오프라인 혜택 많다,0
3196,오프라인 견적받아보고 비교해서 사면 드좋을 것 같아요,"[-0.00137711  0.0295105  -0.03009033 ... -0.04598999 -0.02932739
 -0.00366402]",2,"['오프라인', '견적', '비교', '사다', '좋다']",오프라인 견적 비교 사다 좋다,0
3197,오프라인으로보고 온라인 가격비교하면 좋을것같아요,"[ 0.00431061  0.02236938 -0.0355835  ... -0.03399658 -0.02536011
 -0.01309204]",2,"['오프라인', '온라인', '가격', '비교', '좋다']",오프라인 온라인 가격 비교 좋다,0
3198,둘다비교해보고 오프라인에서 구매할거같아요! 직접보는게 아무래도 마음이 편하니까요 ㅎㅎ,"[-0.00498962  0.01625061 -0.0173645  ... -0.04492188 -0.03213501
 -0.00823212]",2,"['비교', '오프라인', '구매', '마음', '편하다']",비교 오프라인 구매 마음 편하다,0
3199,오프라인에서 보고 온라인 견적비교후 살것같아용ㅋㅋ,"[-0.00751114  0.0304718  -0.01760864 ... -0.03598022 -0.02880859
 -0.01251984]",2,"['오프라인', '온라인', '견적', '비교', '살다']",오프라인 온라인 견적 비교 살다,0
3200,오프라인 가서 봐야 할것 같아요 ~ 그러고 나서 인터넷을 보더라도 ㅎㅎ,"[-0.00227356  0.020401   -0.00587463 ... -0.03237915 -0.01377106
 -0.01048279]",2,"['오프라인', '그러다', '인터넷']",오프라인 그러다 인터넷,2
3201,오프라인에서 구경하고 견적도 받아봤지만 결국 온라인으로 저렴하게 했답니당..,"[-0.01095581  0.03982544 -0.02922058 ... -0.02455139 -0.03701782
 -0.0021553 ]",2,"['오프라인', '구경', '견적', '온라인', '저렴하다']",오프라인 구경 견적 온라인 저렴하다,1
3202,저는 직접 보고 고르는게 좋아서 오프라인으로 가요! ㅎㅎ 인터넷은... 귀찮기도 하고 어렵더라고요 ㅠㅠ 정보가 너무 많아서....,"[ 0.00024867  0.02174377 -0.01429749 ... -0.04003906 -0.01432037
  0.00060225]",2,"['고르다', '좋다', '오프라인', '가다', '인터넷', '귀찮다', '정보', '많다']",고르다 좋다 오프라인 가다 인터넷 귀찮다 정보 많다,0
3203,여러개살거면 오프라인요 한개두개는온라인요,"[ 0.0031929   0.02282715 -0.02540588 ... -0.03070068 -0.01638794
 -0.00417709]",2,"['사다', '오프라인', '온라인']",사다 오프라인 온라인,1
3204,오프라인으로 보고 온 다음에 온라인이랑 비교요!,"[ 0.0002315   0.01863098 -0.01011658 ... -0.02264404 -0.0242157
 -0.0173645 ]",2,"['오프라인', '다음', '온라인', '비교']",오프라인 다음 온라인 비교,0
3205,단품으로 구매하기에는 온라인을 이길수 없는거 같아요.. 근데 여러개 사면 혜택 비교해보시는게 좋지 않나요,"[ 1.66130066e-03  2.44598389e-02 -3.99780273e-02 ... -3.41186523e-02
 -3.03955078e-02  5.35845757e-05]",2,"['구매', '온라인', '이기다', '사다', '혜택', '비교', '좋다']",구매 온라인 이기다 사다 혜택 비교 좋다,0
3206,온라인으로 스펙 비교해서 정해두고 오프라인 오픈행사 지점 돌면서 가격 견적혜택 받았어요,"[ 0.00465775  0.00882721 -0.03942871 ... -0.01989746 -0.03234863
 -0.01319122]",2,"['온라인', '스펙', '비교', '정하다', '오프라인', '오픈', '행사', '지점', '돌다', '가격', '견적', '혜택']",온라인 스펙 비교 정하다 오프라인 오픈 행사 지점 돌다 가격 견적 혜택,0
3207,저도 온라인 오프라인중 고민하고 있는데 확실히 많이 사면 오프라인이 좋나보네용ㅎㅎ,"[-0.0020752   0.02070618 -0.03353882 ... -0.02859497 -0.02410889
  0.00680542]",2,"['온라인', '오프라인', '고민', '사다', '오프라인', '좋다']",온라인 오프라인 고민 사다 오프라인 좋다,1
3208,"SK 인터넷 가입했는데, 정말 속도도 빠르고 안정적이라서 온라인 강의나 업무 처리할 때 전혀 불편함을 느끼지 못했어요","[-0.00076342  0.03939819 -0.01548767 ... -0.03997803 -0.01116943
  0.01535797]",2,"['인터넷', '가입', '속도', '빠르다', '안정', '온라인', '강의', '업무', '처리', '불편']",인터넷 가입 속도 빠르다 안정 온라인 강의 업무 처리 불편,2
3209,"SK 인터넷 가입하면서 온라인 쇼핑이나 영화 감상을 즐기는데, 인터넷 속도가 빠르고 안정적이어서 편안하게 이용할 수 있어서 좋았어요.~","[ 0.00906372  0.04638672 -0.01209259 ... -0.05371094 -0.02600098
  0.00901031]",2,"['인터넷', '가입', '온라인', '쇼핑', '영화', '감상', '즐기다', '인터넷', '속도', '빠르다', '안정', '편안', '좋다']",인터넷 가입 온라인 쇼핑 영화 감상 즐기다 인터넷 속도 빠르다 안정 편안 좋다,2
3210,"SK 인터넷 가입하고나서 온라인으로 수업을 듣는데, 강의 중에 끊김 없이 수업을 이어나갈 수 있어서 학습에 집중하기에 좋았습니다.","[-0.00603104  0.04238892 -0.0186615  ... -0.03056335 -0.0181427
  0.00692368]",2,"['인터넷', '가입', '온라인', '수업', '강의', '끊기다', '수업', '학습', '집중', '좋다']",인터넷 가입 온라인 수업 강의 끊기다 수업 학습 집중 좋다,2
3211,집에서 영화를 보거나 온라인 게임을 즐길 때마다 안정적으로 인터넷티비결합상품을 이용할 수 있어서 정말 만족스러웠어요.,"[ 0.02476501  0.04541016 -0.01383209 ... -0.06143188 -0.05227661
  0.01282501]",2,"['영화', '온라인', '게임', '즐기다', '안정', '인터넷', '티비', '결합', '상품', '만족']",영화 온라인 게임 즐기다 안정 인터넷 티비 결합 상품 만족,2
3212,인터넷티비결합을 사용해보니까 정말 편리하더라고요. 집에서 온라인 강의를 듣거나 영화를 시청할 때마다 안정적으로 인터넷을 사용할 수 있어서 정말 좋았어요,"[ 0.02575684  0.04910278 -0.01527405 ... -0.06045532 -0.03167725
  0.02728271]",2,"['인터넷', '티비', '결합', '편리', '온라인', '강의', '영화', '시청', '안정', '인터넷', '좋다']",인터넷 티비 결합 편리 온라인 강의 영화 시청 안정 인터넷 좋다,2
3213,웬만하면 오프라인에서 제품 보고 구매할거 같아요~,"[ 0.00664902  0.02781677 -0.02157593 ... -0.02494812 -0.03042603
 -0.0239563 ]",2,"['웬만하다', '오프라인', '제품', '구매']",웬만하다 오프라인 제품 구매,2
3214,확실히 온라인이 싸더라구요 ! 저희는 소품목이라 온라인으로 구매했어요 !,"[-0.00578308  0.03536987 -0.0413208  ... -0.02023315 -0.03921509
 -0.01184845]",2,"['온라인', '싸다', '품목', '온라인', '구매']",온라인 싸다 품목 온라인 구매,1
3215,저는 다품목 구매했는데 큰차이 없어서 오프라인으로 진행했어요 견적내보세요~,"[-0.00063515  0.01430511 -0.03771973 ... -0.02857971 -0.03924561
  0.00234222]",2,"['품목', '구매', '크다', '차이', '오프라인', '진행', '견적', '내다']",품목 구매 크다 차이 오프라인 진행 견적 내다,0
3216,저는 그래도 매장에 가서 직접 보고 사려구요 물론 온라인이 좀 더 저렴할거예요!,"[-0.00850677  0.03762817 -0.0227356  ... -0.03305054 -0.037323
 -0.00228119]",2,"['매장', '사다', '온라인', '저렴하다']",매장 사다 온라인 저렴하다,1
3217,매장가서 직접 알아보고 오프라인으로 사는게 좋을거 같아요,"[ 0.01234436  0.01934814 -0.02392578 ... -0.03890991 -0.02352905
 -0.01161957]",2,"['매장', '알아보다', '오프라인', '사다', '좋다']",매장 알아보다 오프라인 사다 좋다,2
3218,오프라인으로 발품파는거 추천드려요! 다품목은 무조건 오프요 ㅎㅎ 사은품도 많구요,"[-0.01934814  0.01817322 -0.02270508 ... -0.03848267 -0.02975464
 -0.00160599]",2,"['오프라인', '발품', '파', '추천', '드리다', '품목', '오프', '사은품', '많다']",오프라인 발품 파 추천 드리다 품목 오프 사은품 많다,0
3219,매장가서 직원 추천도 받고 다품목 견적도 받아 봤는데 온라인보다 괜찮은 거 같아 구입했어요ㅎㅎ 매장 가보는 거 추천드려용,"[ 0.00798035  0.02015686 -0.03143311 ... -0.02737427 -0.02790833
  0.00280952]",2,"['매장', '직원', '추천', '품목', '견적', '온라인', '괜찮다', '구입', '매장', '추천', '드리다']",매장 직원 추천 품목 견적 온라인 괜찮다 구입 매장 추천 드리다,0
3220,오프라인으로 방문해야 혜택이 더 많은 것 같아요,"[ 0.0089798   0.03842163 -0.02059937 ... -0.02154541 -0.03366089
 -0.00688171]",2,"['오프라인', '방문', '혜택', '많다']",오프라인 방문 혜택 많다,0
3221,저는 엘지 오프라인에서 샀는데 완전 만족해요,"[ 0.00331306  0.02130127 -0.03439331 ... -0.03128052 -0.03900146
 -0.00785828]",2,"['엘지', '오프라인', '사다', '만족']",엘지 오프라인 사다 만족,1
3222,온라인이랑 오프라인 다 비교해봤는데.. 그래도 온라인이 더 저렴해서 온라인으로 구매했답니다!,"[-0.00036263  0.02604675 -0.03225708 ... -0.01483917 -0.03723145
 -0.01576233]",2,"['온라인', '오프라인', '비교', '온라인', '저렴하다', '온라인', '구매']",온라인 오프라인 비교 온라인 저렴하다 온라인 구매,1
3223,비교해보고 대명장한태서 오프라인으로 샀는데 만족해요!,"[ 0.01875305  0.03308105 -0.03491211 ... -0.02049255 -0.04669189
 -0.00576019]",2,"['비교', '대명', '장한', '오프라인', '사다', '만족']",비교 대명 장한 오프라인 사다 만족,2
3224,한꺼번에 구매 하실 거면은 오프라인이 조금 할인율이 있는 거 같은 데 개별로 구매 하실 거면은 온라인이 더 저렴한 거 같긴 해요,"[ 0.00669479  0.0186615  -0.04211426 ... -0.02078247 -0.03305054
  0.0054245 ]",2,"['구매', '오프라인', '할인', '구매', '온라인', '저렴하다']",구매 오프라인 할인 구매 온라인 저렴하다,1
3225,오프라인으로 견적 받아보다가 백화점에서 구매했어용,"[ 0.00585556  0.03067017 -0.03485107 ... -0.02514648 -0.05514526
 -0.01078033]",2,"['오프라인', '견적', '백화점', '구매']",오프라인 견적 백화점 구매,0
3226,오프라인으로 견적 보고 온라인으로 싼거있음하려구요,"[-0.00147724  0.04058838 -0.02662659 ... -0.03216553 -0.02990723
 -0.00886536]",2,"['오프라인', '견적', '보다', '온라인', '싸다']",오프라인 견적 보다 온라인 싸다,0
3227,여러 품목 구매는 오프라인 추천드립니다,"[ 0.01593018  0.03068542 -0.03390503 ... -0.02322388 -0.026474
 -0.01649475]",2,"['품목', '구매', '오프라인', '추천', '드리다']",품목 구매 오프라인 추천 드리다,0
3228,한개씩 사면 온라인이 싼 거 같더라구요.! 온라인은 ㅃㅃ눈팅 계속하는 수 밖에..,"[-0.01354218  0.03311157 -0.02998352 ... -0.01980591 -0.01500702
  0.01152802]",2,"['사다', '온라인', '싸다', '온라인']",사다 온라인 싸다 온라인,1
3229,다품목 한군데서 사면 온라인가격 맞춰주기도한대요,"[ 0.01232147  0.02696228 -0.03790283 ... -0.0249176  -0.02320862
 -0.0046196 ]",2,"['품목', '사다', '온라인', '가격', '맞추다']",품목 사다 온라인 가격 맞추다,0
3230,"1-2품목은 온라인, 다품목은 오프라인이 싸대서 이번주 핫딜매장 한번 가보려구요‘","[ 0.00444412  0.01933289 -0.02539062 ... -0.03399658 -0.03607178
 -0.00196648]",2,"['품목', '온라인', '품목', '오프라인', '싸다', '매장']",품목 온라인 품목 오프라인 싸다 매장,0
3231,"아하,,, 뭔가 소량과 다품목의 중간쯤 같은데,, 이런 경우에는 견적 받아보시는게 좋을 거 같아요 ㅜ 근데 오프라인은 확실히 구매 품량이 많을수록 할인이 많이 되는 느낌이라서요,,! 저희도 견적 받아봤는데, 위에 저희가 산것처럼 하는게 제일 저렴하기도 했고, 에어컨은 온라인보다는 오프라인 구매하고 싶어서 저렇게 결정한 것도 있었어요! 비교를 해보시고,, 손품발품 팔아보셔야 될거같아요","[ 0.00510406  0.01725769 -0.02932739 ... -0.04470825 -0.04074097
  0.00550461]",2,"['소량', '품목', '중간', '견적', '좋다', '오프라인', '구매', '많다', '할인', '느낌', '견적', '사다', '에어컨', '온라인', '오프라인', '구매', '결정', '비교', '발품', '팔다']",소량 품목 중간 견적 좋다 오프라인 구매 많다 할인 느낌 견적 사다 에어컨 온라인 오프라인 구매 결정 비교 발품 팔다,0
3232,저는 오프라인 매장 가서 구매했어요! 저희는 다품목이라서 오프라인이 저렴했어요,"[ 0.00033021  0.01294708 -0.03829956 ... -0.0193634  -0.0435791
 -0.0018158 ]",2,"['오프라인', '매장', '구매', '품목', '오프라인']",오프라인 매장 구매 품목 오프라인,0
3233,3개만 사시는거면 온라인도 나쁘지않을거같아요!,"[ 0.00208282  0.02024841 -0.03994751 ... -0.01893616 -0.02874756
 -0.00379753]",2,"['사다', '온라인', '나쁘다']",사다 온라인 나쁘다,1
3234,갯수적으면 온라인이 훨씬 싸다고 하더라구요!,"[ 0.00245667  0.03497314 -0.0165863  ... -0.0282135  -0.02134705
  0.00806427]",2,"['갯수', '적다', '온라인', '싸다']",갯수 적다 온라인 싸다,0
3235,오프라인 상담 받았는데 웬만해서는 온라인이 훨씬 싸더라구요!,"[-0.00638962  0.02940369 -0.02392578 ... -0.01771545 -0.02351379
 -0.01161194]",2,"['오프라인', '상담', '온라인', '싸다']",오프라인 상담 온라인 싸다,0
3236,저는 견적 받아보고 온라인이랑 비교해볼거에요!,"[-0.00538254  0.02528381 -0.01500702 ... -0.04150391 -0.03848267
  0.00165272]",2,"['견적', '온라인', '비교']",견적 온라인 비교,0
3237,오프라인으로 보고 온라인이랑 비교해서 더 저렴한 곳에서 살꺼같아요!,"[-0.00777054  0.02981567 -0.02633667 ... -0.02386475 -0.0322876
 -0.02131653]",2,"['오프라인', '온라인', '비교', '저렴하다', '살다']",오프라인 온라인 비교 저렴하다 살다,1
3238,저는 빌트인이라 많이 안사서 온라인 했어요 ㅎㅎ,"[-0.0021286   0.02027893 -0.00709915 ... -0.0333252  -0.03411865
 -0.00402451]",2,"['빌트', '사다', '온라인']",빌트 사다 온라인,1
3239,제 친구도 자취하다가 이사하는거라서 몇 개 아니면 온라인에서 사는게 훨씬 싸다고 하더라고요!,"[-0.00141525  0.04226685 -0.03329468 ... -0.04299927 -0.0446167
 -0.00025487]",2,"['친구', '자취', '이사', '온라인', '사다', '싸다']",친구 자취 이사 온라인 사다 싸다,1
3240,갯수가 적으시면 온라인도 괜찮은 것 같아요,"[ 0.00899506  0.01792908 -0.02293396 ... -0.0272522  -0.01844788
  0.00801849]",2,"['갯수', '적다', '온라인', '괜찮다']",갯수 적다 온라인 괜찮다,0
3241,소량이면 온라인 좋을듯 해요 ! 그래도 오프라인가셔서 가격비교 해보세용,"[-0.00703049  0.02171326 -0.0402832  ... -0.03897095 -0.02964783
 -0.00368118]",2,"['소량', '온라인', '좋다', '오프라인', '가격', '비교']",소량 온라인 좋다 오프라인 가격 비교,0
3242,3개만 사실거면 인터넷이 더 쌉니다 ㅋㅋ 얼마 이하 견적은 오프라인 할인이 잘 안들어가요,"[-0.00715256  0.03259277 -0.02816772 ... -0.03408813 -0.01461792
  0.00205803]",2,"['사다', '인터넷', '싸다', '얼마', '이하', '견적', '오프라인', '할인', '들어가다']",사다 인터넷 싸다 얼마 이하 견적 오프라인 할인 들어가다,2
3243,저는 개인적으로 견적 다 따져보고 온라인으로 구매했어요.,"[-0.00208855  0.02474976 -0.02153015 ... -0.03353882 -0.05355835
 -0.00263023]",2,"['개인', '견적', '따지다', '온라인', '구매']",개인 견적 따지다 온라인 구매,1
3244,오프라인에서 사는것이 서비스나 품질 등등에서 좀 더 믿음직 스러울것 같아요,"[ 0.00293922  0.02662659 -0.02919006 ... -0.03240967 -0.03500366
 -0.02371216]",2,"['오프라인', '사다', '서비스', '품질']",오프라인 사다 서비스 품질,2
3245,갯수적으면 온라인이 훨씬 좋을것 같아요,"[ 0.02134705  0.02236938 -0.02082825 ... -0.03808594 -0.01299286
  0.00773621]",2,"['갯수', '적다', '온라인', '좋다']",갯수 적다 온라인 좋다,0
3246,전 오프라인 상담 받고 온라인이랑 비교해서 결정하려구해요!,"[-0.00773239  0.01663208 -0.01496887 ... -0.02586365 -0.02186584
 -0.01271057]",2,"['오프라인', '상담', '온라인', '비교', '결정']",오프라인 상담 온라인 비교 결정,0
3247,저도 지금 같은 고민중인데 일단 오프라인 먼저 가보려구요,"[-0.00279045  0.01493073 -0.01416779 ... -0.02629089 -0.00538254
 -0.00466919]",2,"['고민', '오프라인']",고민 오프라인,1
3248,아는친구가 매장에서 일하는데 무조건 인터넷이 싸대요,"[ 0.00882721  0.0397644  -0.03436279 ... -0.02534485 -0.04342651
  0.03762817]",2,"['친구', '매장', '인터넷', '싸다']",친구 매장 인터넷 싸다,2
3249,오프라인에서 보고 비교해서 더 저렴한 곳으로 정할듯요!,"[-0.01207733  0.03005981 -0.02165222 ... -0.02780151 -0.02348328
 -0.01994324]",2,"['오프라인', '비교', '저렴하다', '정하다']",오프라인 비교 저렴하다 정하다,0
3250,저는 오프라인 가서 살려고 알아보고 있어요!,"[ 0.0018959   0.03710938 -0.00672531 ... -0.03619385 -0.03384399
 -0.01424408]",2,"['오프라인', '살다', '알아보다']",오프라인 살다 알아보다,0
3251,진짜 온라인이 훨씬 저렴하더라구요...? 기능차이는 거의 없는데 이월상품이라고 해야하나 그런게 올라오니까 아무래두 ㅠㅠ저흰 온라인에서 할 예정이에요,"[ 0.00502396  0.03225708 -0.0307312  ... -0.03820801 -0.02215576
  0.00251961]",2,"['온라인', '저렴하다', '기능', '차이', '이월', '상품', '올라오다', '온라인', '예정']",온라인 저렴하다 기능 차이 이월 상품 올라오다 온라인 예정,1
3252,3대만 살거라면 온라인이 훨씬 저렴할거예요 !,"[ 0.0060463   0.02970886 -0.02656555 ... -0.02296448 -0.0297699
 -0.00668716]",2,"['살다', '온라인', '저렴하다']",살다 온라인 저렴하다,1
3253,온라인이 저렴하긴하더라구요! 묶어서 사는거 아니면 온라인에서 사는게 훨씬 싼거같아요!,"[-0.00420761  0.03289795 -0.03237915 ... -0.01878357 -0.03424072
  0.00435257]",2,"['온라인', '묶다', '사다', '온라인', '사다', '싸다']",온라인 묶다 사다 온라인 사다 싸다,1
3254,저도 3개만 샀어서 오프라인에서 상품보고 구입은 온라인최저가로 했어요! 훨씬 저렴했어요,"[-0.0073204   0.02540588 -0.04833984 ... -0.00939941 -0.02296448
  0.00270271]",2,"['사다', '오프라인', '상품', '구입', '온라인', '최저']",사다 오프라인 상품 구입 온라인 최저,1
3255,저흰 오프라인에서 구매했는데 윗분들댓글처럼 온라인구매도 좋을거같아요~!,"[-0.00081158  0.01205444 -0.03286743 ... -0.02738953 -0.02824402
 -0.00833893]",2,"['오프라인', '구매', '윗분', '댓글', '온라인', '구매', '좋다']",오프라인 구매 윗분 댓글 온라인 구매 좋다,0
3256,저희는 움직이기도 귀찮고 많이 사는거 아니라 온라인으로 다 샀어요,"[ 0.01292419  0.03210449 -0.02824402 ... -0.02296448 -0.05895996
 -0.00388145]",2,"['움직이다', '귀찮다', '사다', '온라인', '사다']",움직이다 귀찮다 사다 온라인 사다,1
3257,온라인에서 산다! 결국 최저가는 온라인이래요 ㅠ,"[-0.0080719   0.03158569 -0.01579285 ... -0.02778625 -0.02555847
 -0.01557159]",2,"['온라인', '살다', '최저', '온라인']",온라인 살다 최저 온라인,1
3258,개수가 적으면 그냥 온라인에서 사는 것도 괜찮을 거 같아요~,"[ 0.00067282  0.02606201 -0.02076721 ... -0.02801514 -0.03497314
  0.00102425]",2,"['개수', '적다', '온라인', '사다', '괜찮다']",개수 적다 온라인 사다 괜찮다,1
3259,온라임이랑 오프라인 가격비교해보는게 좋을 것 같아용!,"[ 0.00728989  0.03198242 -0.03488159 ... -0.02864075 -0.0193634
 -0.01113892]",2,"['라임', '오프라인', '가격', '비교', '좋다']",라임 오프라인 가격 비교 좋다,0
3260,인터넷으로 보면 차이를 잘 모르겠더라구요 매장에서 설명들으면 좋아요!,"[ 0.01358795  0.0141983  -0.03512573 ... -0.03808594 -0.0199585
 -0.00029588]",2,"['인터넷', '차이', '매장', '설명', '좋다']",인터넷 차이 매장 설명 좋다,2
3261,다품목이면 설치도 한번에 할 수 있는 오프라인 구매가 나은것 같아요,"[ 0.01296234  0.03027344 -0.0319519  ... -0.03826904 -0.04495239
  0.00306892]",2,"['품목', '설치', '오프라인', '구매']",품목 설치 오프라인 구매,0
3262,매장에서 직접 보고 상담도 받구 인터넷이 더 싸면 인터넷으로 진행해도 될것같아용,"[-0.00091553  0.02333069 -0.01705933 ... -0.05377197 -0.01493073
  0.02523804]",2,"['매장', '상담', '인터넷', '싸다', '인터넷', '진행']",매장 상담 인터넷 싸다 인터넷 진행,2
3263,매장 가서 가격 비교 하고 인터넷으로도 가격 비교 해 보고 저렴 한 곳에서 골고루 했어요!,"[ 0.01319122  0.02780151 -0.01515961 ... -0.01904297 -0.04058838
 -0.00255966]",2,"['매장', '가격', '비교', '인터넷', '가격', '비교']",매장 가격 비교 인터넷 가격 비교,0
3264,인터넷은 적게살때 유리하고 많은품목은 오프라인이 할인 더 크대요,"[ 0.00432205  0.02919006 -0.03286743 ... -0.03448486 -0.03503418
 -0.01573181]",2,"['인터넷', '적다', '사다', '유리', '많다', '품목', '오프라인', '할인', '크다']",인터넷 적다 사다 유리 많다 품목 오프라인 할인 크다,2
3265,많이 살거면 오프라인이 유리하더라구용 ㅎㅎ 적으면 온라인이 유리한것같아요,"[ 0.00082064  0.01390839 -0.02281189 ... -0.04089355 -0.01972961
 -0.00029063]",2,"['사다', '오프라인', '유리', '적다', '온라인', '유리']",사다 오프라인 유리 적다 온라인 유리,1
3266,단일품목이면 모를까 혼수가전처럼 묶어서 구매하는건 무조건 오프라인이요!그리고 오픈매장 할인이 확실히 더 들어가긴 하더라구요,"[ 0.02433777  0.003685   -0.03512573 ... -0.01974487 -0.0267334
  0.00812531]",2,"['단일', '품목', '혼수', '묶다', '구매', '오프라인', '오픈', '매장', '할인', '들어가다']",단일 품목 혼수 묶다 구매 오프라인 오픈 매장 할인 들어가다,2
3267,온라인이랑 오프라인 비교해보고 구매하는게 좋을것 같아용,"[ 0.01220703  0.01582336 -0.02978516 ... -0.03808594 -0.03041077
 -0.02503967]",2,"['온라인', '오프라인', '비교', '구매', '좋다']",온라인 오프라인 비교 구매 좋다,0
3268,아직 구매 안했는데 오프라인으고 구매 예정이에요 !,"[ 0.00283432  0.02236938 -0.03007507 ... -0.02276611 -0.03793335
 -0.01525879]",2,"['구매', '오프라인', '구매', '예정']",구매 오프라인 구매 예정,1
3269,품목이 많으시면 오프라인으로 다품목 혜택 받는 게 온라인 최저가 합친거보다 싸요! 저도 오프라인에서 매장별로 혜택 비교하고 샀어요,"[-0.00133038  0.02072144 -0.03289795 ... -0.01371765 -0.03610229
  0.00399399]",2,"['품목', '많다', '오프라인', '품목', '혜택', '온라인', '최저', '합치다', '싸다', '오프라인', '매장', '혜택', '비교', '사다']",품목 많다 오프라인 품목 혜택 온라인 최저 합치다 싸다 오프라인 매장 혜택 비교 사다,2
3270,여러개 구매시 오프라인 한두개시 온라인 이 저렴해요 유튜브 보면 알려주는거 잇더라구요,"[-0.00556564  0.02124023 -0.03869629 ... -0.01997375 -0.01490021
 -0.00202942]",2,"['구매', '오프라인', '온라인', '저렴하다', '유튜브', '알리다']",구매 오프라인 온라인 저렴하다 유튜브 알리다,1
3271,저도 품목이 많이 없어서 오프라인 견적하고 온라인하고 비교해보고 사려고요!,"[-0.00720215  0.02963257 -0.02095032 ... -0.02703857 -0.03982544
 -0.01634216]",2,"['품목', '오프라인', '견적', '온라인', '비교', '사다']",품목 오프라인 견적 온라인 비교 사다,0
3272,저는 품목수가 적어서 온라인최저가 할것같아여,"[-0.00026417  0.02677917 -0.0284729  ... -0.02905273 -0.0305481
 -0.00997162]",2,"['품목', '적다', '온라인', '최저']",품목 적다 온라인 최저,0
3273,품목이 많으면 오프라인 적으면 온라인 구매요!,"[ 0.00096607  0.02487183 -0.0287323  ... -0.01686096 -0.03552246
 -0.00343895]",2,"['품목', '많다', '오프라인', '적다', '온라인', '구매']",품목 많다 오프라인 적다 온라인 구매,0
3274,저는 오프라인 온라인 다 비교해보고 결정하는게 좋을것 같더라구용,"[ 0.00107384  0.0141449  -0.02352905 ... -0.03457642 -0.01600647
 -0.00572205]",2,"['오프라인', '온라인', '비교', '결정', '좋다']",오프라인 온라인 비교 결정 좋다,0
3275,저는 통돌이도 신규오픈점 갔을때 할인 더 많이 됐어요 시간되시면 가셔서 견적 비교해보시는게 좋을거같은데요? 같은 제품이여도 온라인 오프라인 품번 다르면 공장이 다르다고 하더라구요 잘 알아보고 구매하세용 ~!,"[ 0.00987244  0.02085876 -0.03582764 ... -0.02848816 -0.02754211
  0.00051689]",2,"['통돌이', '신규', '오픈', '할인', '시간', '견적', '비교', '좋다', '제품', '온라인', '오프라인', '다르다', '공장', '다르다', '알아보다', '구매']",통돌이 신규 오픈 할인 시간 견적 비교 좋다 제품 온라인 오프라인 다르다 공장 다르다 알아보다 구매,0
3276,품목 적으면 인터넷이 싸더라구요! 쿠팡이 생각보다 저렴하던데 한 번 비교해보세요!,"[-0.01502991  0.02401733 -0.02590942 ... -0.03704834 -0.0380249
 -0.01358032]",2,"['품목', '적다', '인터넷', '싸다', '쿠팡', '생각', '저렴하다', '비교']",품목 적다 인터넷 싸다 쿠팡 생각 저렴하다 비교,0
3277,저는 오프라인으로 예정이에요! 백화점이랑 베스트샵 몇 군데 돌아다니면서 견적 받아보려구요!,"[-0.00104141  0.03445435 -0.0302124  ... -0.0402832  -0.03695679
  0.00693512]",2,"['오프라인', '예정', '백화점', '베스트', '돌아다니다', '견적']",오프라인 예정 백화점 베스트 돌아다니다 견적,0
3278,오프라인 베스트샵 견적받아서 구매했습니다~~,"[ 0.01948547  0.0227356  -0.03424072 ... -0.01774597 -0.04208374
 -0.01364899]",2,"['오프라인', '베스트', '견적', '구매']",오프라인 베스트 견적 구매,0
3279,일단 오프라인으로 가서 구경하고 견적받아서 이곳저곳 찾아볼꺼같아요~,"[-7.39693642e-05  3.04565430e-02 -1.65100098e-02 ... -4.37011719e-02
 -2.11334229e-02 -2.24876404e-03]",2,"['오프라인', '구경', '견적', '이곳저곳', '찾아보다']",오프라인 구경 견적 이곳저곳 찾아보다,0
3280,저는 오프라인으로 매장가서 보고 코드명알아와서 온라인에서 삿습니다 똑같은 모델인데 오프라인이 더 비싸요,"[-0.00991058  0.01230621 -0.03344727 ... -0.01737976 -0.02734375
 -0.0032177 ]",2,"['오프라인', '매장', '코드', '온라인', '사다', '똑같다', '모델', '오프라인', '비싸다']",오프라인 매장 코드 온라인 사다 똑같다 모델 오프라인 비싸다,2
3281,온라인 오프라인 전부 알아보고 비교하다가 오프라인에서 구매했어요,"[ 0.00728607  0.02418518 -0.02920532 ... -0.01553345 -0.03540039
 -0.01637268]",2,"['온라인', '오프라인', '알아보다', '비교', '오프라인', '구매']",온라인 오프라인 알아보다 비교 오프라인 구매,0
3282,온라인 오프라인 전부 알아보고 제일 저렴한데로요~!,"[ 0.01023865  0.02862549 -0.02687073 ... -0.02442932 -0.02223206
 -0.00881195]",2,"['온라인', '오프라인', '알아보다', '저렴하다']",온라인 오프라인 알아보다 저렴하다,0
3283,당연히 온라인이 쌀거라고 생각했는데 다들 오프라인에서 많이 구매하시네요 왜일까영..?,"[ 0.01125336  0.03105164 -0.03240967 ... -0.02566528 -0.02566528
  0.00295067]",2,"['온라인', '싸다', '생각', '오프라인', '구매']",온라인 싸다 생각 오프라인 구매,1
3284,전 오프라인으로 할거예요! 생각보다 발품팔면 오프라인 혜택들이 괜찮더라고요 ㅎㅎ,"[-0.01844788  0.03485107 -0.0171051  ... -0.03317261 -0.04074097
 -0.00492477]",2,"['오프라인', '생각', '발품', '팔다', '오프라인', '혜택', '괜찮다']",오프라인 생각 발품 팔다 오프라인 혜택 괜찮다,0
3285,저는 온라인으로 견적비교 많이 해서 온라인으로했어요~,"[-0.00172901  0.02812195 -0.01177979 ... -0.03311157 -0.03329468
 -0.00881958]",2,"['온라인', '견적', '비교', '온라인']",온라인 견적 비교 온라인,0
3286,"백화점 매장, 아울렛매장 등 저희는 오프라인 위주로 발품 팔았어요!","[-0.00198174  0.02345276 -0.02137756 ... -0.02432251 -0.06124878
 -0.03390503]",2,"['백화점', '매장', '아울렛', '매장', '오프라인', '위주', '발품', '팔다']",백화점 매장 아울렛 매장 오프라인 위주 발품 팔다,2
3287,저희는 오프라인으로 여러군데 다니면서 견적받고 구입하려고 하고 있습니다~,"[-0.00020361  0.05160522 -0.01878357 ... -0.03302002 -0.04364014
 -0.01573181]",2,"['오프라인', '다니다', '견적', '구입']",오프라인 다니다 견적 구입,0
3288,전 오프라인에서 구매했습니다 품목 많으면 차이가 나용,"[ 0.00509644  0.01270294 -0.03363037 ... -0.02085876 -0.03314209
 -0.01454926]",2,"['오프라인', '구매', '품목', '많다', '차이']",오프라인 구매 품목 많다 차이,0
3289,한 두개 사면 온라인이 저렴한데 여러가지 사면 오프라인이 할인이 많이 되나 보네요.,"[ 0.00850677  0.02153015 -0.04327393 ... -0.01785278 -0.02555847
 -0.00259781]",2,"['사다', '온라인', '사다', '오프라인', '할인']",사다 온라인 사다 오프라인 할인,1
3290,오프라인으로 여러 지점 견적받아서 구매했어요!,"[ 0.00514221  0.03411865 -0.02700806 ... -0.02528381 -0.0453186
 -0.01390839]",2,"['오프라인', '지점', '견적', '구매']",오프라인 지점 견적 구매,0
3291,많이 사야되면 현장에서 사고 그개 아니면 온라인이 더 낫다고 생각합니다!,"[-0.00154781  0.01742554 -0.04214478 ... -0.0328064  -0.03396606
  0.00669098]",2,"['사다', '현장', '사고', '온라인', '생각']",사다 현장 사고 온라인 생각,1
3292,다 비교해봤는데 오프라인이 의외로 더 저렴해서 오프라인에서 한 번에 구매했어요,"[ 0.01082611  0.01525116 -0.03894043 ... -0.01847839 -0.03271484
 -0.00562668]",2,"['비교', '오프라인', '저렴하다', '오프라인', '구매']",비교 오프라인 저렴하다 오프라인 구매,0
3293,저희는 오프라인으로 이곳저곳 가보고 견적받아서 결정하려구요!ㅎㅎ,"[-0.00673676  0.04873657 -0.01517487 ... -0.04095459 -0.03396606
  0.00191689]",2,"['오프라인', '이곳저곳', '견적', '결정']",오프라인 이곳저곳 견적 결정,0
3294,삼세페 세일할때 온라인으로 다했어요ㅎㅎ 오프라인보다 저렴했어요~,"[ 0.01202393  0.02011108 -0.03108215 ... -0.01847839 -0.03744507
 -0.01905823]",2,"['세일', '온라인', '오프라인']",세일 온라인 오프라인,1
3295,하나만 살때는 온라인이 더 저렴하던데 묶어서 샀을때는 견적내봐야할 것 같아요,"[ 0.00281715  0.03723145 -0.03192139 ... -0.0171051  -0.03683472
  0.01499176]",2,"['사다', '온라인', '저렴하다', '묶다', '사다', '견적', '내다']",사다 온라인 저렴하다 묶다 사다 견적 내다,1
3296,저는 많이살게아니라서 가성비따져서 오프라인으로 살듯해용,"[ 0.00292206  0.03814697 -0.02441406 ... -0.02957153 -0.02816772
 -0.00840759]",2,"['살다', '가성비', '따지다', '오프라인', '사다']",살다 가성비 따지다 오프라인 사다,1
3297,여러 개를 살 예정이시라면 오프라인 많이 가는 것 같아요,"[-0.00390434  0.02316284 -0.03240967 ... -0.03311157 -0.02388
 -0.0023613 ]",2,"['사다', '예정', '오프라인']",사다 예정 오프라인,1
3298,온라인으로는 모델이랑 시세 정도만 보고 오프라인으로 견적 받는게 좋을것 같아요,"[-0.00933075  0.02070618 -0.02172852 ... -0.02523804 -0.0218811
 -0.01113129]",2,"['온라인', '모델', '오프라인', '견적', '좋다']",온라인 모델 오프라인 견적 좋다,0
3299,저희는 오프라인 매장 돌아보고 구매했어요!,"[ 0.01295471  0.03088379 -0.01657104 ... -0.02165222 -0.05471802
 -0.010849  ]",2,"['오프라인', '매장', '돌아보다', '구매']",오프라인 매장 돌아보다 구매,0
3300,저는 온라인보단 오프라인 생각하고 있어요,"[ 0.01148987  0.01663208 -0.02047729 ... -0.01071167 -0.02362061
 -0.01815796]",2,"['온라인', '오프라인', '생각']",온라인 오프라인 생각,1
3301,온라인으로 먼저알아보고 오프라인돌아보면 되지않을까요?,"[ 0.00209618  0.02098083 -0.0135498  ... -0.0340271  -0.00457764
 -0.02037048]",2,"['온라인', '알아보다', '오프라인', '돌아보다']",온라인 알아보다 오프라인 돌아보다,0
3302,품목이 여러개라 오프라인이 더 저렴할거에요 오프라인도 가보고 온라인이랑 비교 해보세요,"[ 0.00262833  0.01290131 -0.03884888 ... -0.02882385 -0.01829529
 -0.00722122]",2,"['품목', '오프라인', '저렴하다', '오프라인', '온라인', '비교']",품목 오프라인 저렴하다 오프라인 온라인 비교,0
3303,1~2개면 온라인추천하더라고요 ㅎㅎ 한번 가격봐보셔요,"[-0.00064325  0.03001404 -0.03283691 ... -0.03485107 -0.00475693
  0.00992584]",2,"['온라인', '추천', '가격']",온라인 추천 가격,0
3304,오프에서 맘에드는거 체크하고 온라인으로 사는게 더 싸다고 하더라고요!,"[-0.00513458  0.02822876 -0.03649902 ... -0.02102661 -0.02586365
 -0.02174377]",2,"['오프', '체크', '온라인', '사다', '싸다']",오프 체크 온라인 사다 싸다,1
3305,온라인이 확실히 가격 더 저렴해요! 저도 온라인으로 알아보려고 하고 있어요,"[-0.00476074  0.03979492 -0.03399658 ... -0.03305054 -0.02207947
 -0.00179005]",2,"['온라인', '가격', '저렴하다', '온라인', '알아보다']",온라인 가격 저렴하다 온라인 알아보다,0
3306,온라인으로 한번 가격대 보고 오프라인도 알아볼거 같습니다,"[ 0.00771713  0.02070618 -0.02854919 ... -0.03598022 -0.01631165
 -0.00516129]",2,"['온라인', '가격대', '오프라인', '알아보다']",온라인 가격대 오프라인 알아보다,0
3307,온라인 보고 맘에드는 견적 캡쳐해서 오프라인에 비교해보고 카드사 할인이나 추가 증정 이런거도 알아보시면 좋을거 같아요!,"[-0.01422119  0.02537537 -0.03262329 ... -0.04406738 -0.02813721
  0.00471497]",2,"['온라인', '보다', '견적', '치다', '오프라인', '비교', '카드사', '할인', '추가', '증정', '알아보다', '좋다']",온라인 보다 견적 치다 오프라인 비교 카드사 할인 추가 증정 알아보다 좋다,0
3308,온라인 먼저 알아보시고~ 오프라인 견적 한번 받아보세요,"[ 0.00281525  0.04226685 -0.01843262 ... -0.04022217 -0.01754761
 -0.00873566]",2,"['온라인', '알아보다', '오프라인', '견적']",온라인 알아보다 오프라인 견적,0
3309,비교해보고 고를 거 같아요! 오프라인 견적도 여러 곳에서 꼭 받아 보세요,"[ 0.00268173  0.03092957 -0.022995   ... -0.04296875 -0.02961731
  0.00574875]",2,"['비교', '고르다', '오프라인', '견적']",비교 고르다 오프라인 견적,0
3310,저는 온라인으로 하는 것도 괜찮다고 생각해유,"[ 0.0100708   0.01608276 -0.0140152  ... -0.03497314 -0.01499939
 -0.0002811 ]",2,"['온라인', '괜찮다', '생각']",온라인 괜찮다 생각,1
3311,KT 인터넷 가입하면서 가정 내에서의 인터넷 사용이 더욱 효율적으로 되었어요. 이런 혜택을 받으며 더 많은 온라인 활동을 즐길 수 있게 되어서 정말 기쁩니다.,"[ 0.00408173  0.05371094 -0.01901245 ... -0.06008911 -0.05175781
  0.01029205]",2,"['인터넷', '가입', '가정', '인터넷', '효율', '혜택', '많다', '온라인', '활동', '즐기다', '기쁘다']",인터넷 가입 가정 인터넷 효율 혜택 많다 온라인 활동 즐기다 기쁘다,2
3312,온라인으로견적받아도보고 오프라인으로결정했어요~,"[-0.00512695  0.0378418  -0.01357269 ... -0.02670288 -0.02670288
 -0.01670837]",2,"['온라인', '견적', '오프라인', '결정']",온라인 견적 오프라인 결정,0
3313,온라인 손품도 좋은데 오프라인으로 샀어요!,"[-0.0038681   0.03274536 -0.04083252 ... -0.01712036 -0.04336548
 -0.01329803]",2,"['온라인', '좋다', '오프라인', '사다']",온라인 좋다 오프라인 사다,1
3314,오프라인으로 보고다니다가 온라인으로 구매한것도있어요,"[-0.00108624  0.029953   -0.021698   ... -0.01600647 -0.03378296
 -0.01716614]",2,"['오프라인', '다니다', '온라인', '구매']",오프라인 다니다 온라인 구매,0
3315,여러대 사면 오프라인이 더 저렴한게 견적 받아보시고 동일 모델 인터넷 찾아보고 비교파시면 될듯해요,"[ 0.00346565  0.02151489 -0.0456543  ... -0.03387451 -0.01907349
  0.01873779]",2,"['사다', '오프라인', '저렴하다', '견적', '동일', '모델', '인터넷', '찾아보다', '비교', '파']",사다 오프라인 저렴하다 견적 동일 모델 인터넷 찾아보다 비교 파,0
3316,많이 구입할때는 오프라인으로 구매하는게 저렴하긴 한거 같더라구요,"[ 0.00674438  0.03573608 -0.02796936 ... -0.01792908 -0.03405762
  0.00267029]",2,"['구입', '오프라인', '구매']",구입 오프라인 구매,1
3317,온라인견적과 오프라인 견적 비교해서 저렴한걸로 할 예정입니다,"[-0.00183678  0.0390625  -0.01712036 ... -0.02542114 -0.02835083
 -0.01450348]",2,"['온라인', '견적', '오프라인', '견적', '비교', '저렴하다', '예정']",온라인 견적 오프라인 견적 비교 저렴하다 예정,0
3318,그래도 오프라인 구매가 저렴해서 오프라인 구매로 하는게 나을것 같습니다.,"[ 0.00209618  0.0317688  -0.03302002 ... -0.02160645 -0.03665161
 -0.01570129]",2,"['오프라인', '구매', '오프라인', '구매']",오프라인 구매 오프라인 구매,1
3319,온라인으로 보고 오프라인으로 구매하는게 좋을 것 같아요,"[ 0.00590897  0.02171326 -0.0252533  ... -0.03259277 -0.03149414
 -0.02363586]",2,"['온라인', '오프라인', '구매', '좋다']",온라인 오프라인 구매 좋다,0
3320,온라인이랑 오프라인 다 가격 비교 해 보고 조금 더 저렴한 곳에서 샀어요!,"[-0.00209236  0.02687073 -0.03094482 ... -0.0136261  -0.03701782
 -0.02815247]",2,"['온라인', '오프라인', '가격', '비교', '저렴하다', '사다']",온라인 오프라인 가격 비교 저렴하다 사다,0
3321,품목이적으면 온라인 다품목구매이면 오프라인이 좋을것 같아여!,"[ 0.00663757  0.01200104 -0.03225708 ... -0.04019165 -0.0406189
 -0.00076437]",2,"['품목', '적다', '온라인', '품목', '구매', '오프라인', '좋다']",품목 적다 온라인 품목 구매 오프라인 좋다,0
3322,오프라인으로 가서 제품 실제로 보고 온라인으로도 볼것같아요,"[ 0.00416183  0.02354431 -0.01774597 ... -0.02932739 -0.02313232
 -0.0118103 ]",2,"['오프라인', '제품', '온라인']",오프라인 제품 온라인,1
3323,여러개 살거면 오프라인. 두세개만 살거면 온라인이요ㅎ,"[-0.00169754  0.01576233 -0.01913452 ... -0.02902222 -0.02316284
  0.00627899]",2,"['사다', '오프라인', '살다', '온라인']",사다 오프라인 살다 온라인,1
3324,"오프라인 몇군데가서 종류, 기능설명 듣고 온라인 견적 더 받고 결정했어요!","[ 0.00113297  0.03509521 -0.02955627 ... -0.0244751  -0.02630615
 -0.01302338]",2,"['오프라인', '종류', '기능', '설명', '온라인', '견적', '결정']",오프라인 종류 기능 설명 온라인 견적 결정,0
3325,저는 이리저리 알아보고 오프라인에서 했어요,"[ 0.01141357  0.0213623  -0.01116943 ... -0.0198822  -0.00761414
 -0.02168274]",2,"['알아보다', '오프라인']",알아보다 오프라인,0
3326,오프라인 견적 받아서 품목별 온라인도 검색해봤는데 한번에 배송하고 포인트혜택하면 오프라인이 훨 저렴하더라고요,"[-0.01416016  0.02635193 -0.02891541 ... -0.027771   -0.0307312
 -0.00313187]",2,"['오프라인', '견적', '품목', '온라인', '검색', '배송', '포인트', '혜택', '오프라인', '저렴하다']",오프라인 견적 품목 온라인 검색 배송 포인트 혜택 오프라인 저렴하다,0
3327,오프라인 온라인 둘 다 가격비교하고 혜택 좋은곳에서 하는게 좋아요! 전 오프라인에서 직접 보고 사려구용!,"[-0.0020256   0.01826477 -0.03652954 ... -0.03594971 -0.02662659
 -0.0109024 ]",2,"['오프라인', '온라인', '가격', '비교', '혜택', '좋다', '좋다', '오프라인', '사다']",오프라인 온라인 가격 비교 혜택 좋다 좋다 오프라인 사다,0
3328,온라인으로 견적내서 제일 가성비로 택했어요!,"[ 0.00288773  0.0378418  -0.02297974 ... -0.02053833 -0.03128052
  0.00116062]",2,"['온라인', '견적', '가성비', '택하다']",온라인 견적 가성비 택하다,0
3329,오프라인에서 알아봤어요 여러개 사니까 오프라인이 낫더라고요,"[ 0.0067749   0.01893616 -0.04644775 ... -0.02931213 -0.01203918
 -0.00054502]",2,"['오프라인', '알아보다', '사다', '오프라인']",오프라인 알아보다 사다 오프라인,0
3330,저희가 알아봤을 때는 온라인이 저렴해 온라인으로 했어요,"[ 0.01012421  0.0287323  -0.02203369 ... -0.02893066 -0.02793884
 -0.01960754]",2,"['알아보다', '온라인', '온라인']",알아보다 온라인 온라인,0
3331,"한두개 사실거면 온라인, 그 외에는 패키지로 한꺼번에 사는게 낫다고 들었어요!","[-0.00502014  0.02752686 -0.02784729 ... -0.03010559 -0.03466797
  0.00471115]",2,"['사다', '온라인', '패키지', '사다']",사다 온라인 패키지 사다,1
3332,가서 직접 보는거 좋아해서 저는 온라인으로 미리 견적 알아보고 오프라인으로 구매할거같아요! 오프라인이 프로모션 할인 행사도 많이 있더라구요!,"[-0.00163841  0.01786804 -0.02841187 ... -0.04055786 -0.03308105
  0.00252914]",2,"['좋다', '온라인', '견적', '알아보다', '오프라인', '구매', '오프라인', '프로모션', '할인', '행사']",좋다 온라인 견적 알아보다 오프라인 구매 오프라인 프로모션 할인 행사,0
3333,온라인이 더싸긴하더라구요 오프라인은 카드만들어야되고 실적 채워야되고 그래서요,"[ 0.0024128   0.02891541 -0.02587891 ... -0.0329895  -0.02719116
 -0.00624466]",2,"['온라인', '싸다', '오프라인', '카드', '만들다', '실적', '채우다']",온라인 싸다 오프라인 카드 만들다 실적 채우다,0
3334,오프라인에서 한꺼번에 구매하는게 할인율이 더 높더라구요~,"[ 0.00339127  0.03833008 -0.03265381 ... -0.02024841 -0.03065491
 -0.00012434]",2,"['오프라인', '구매', '할인', '높다']",오프라인 구매 할인 높다,2
3335,저는 전부 다 구매해야해서 오프라인 발품팔았어요,"[ 0.00136852  0.02853394 -0.02937317 ... -0.01049042 -0.05432129
  0.00824738]",2,"['구매', '오프라인', '발품', '팔다']",구매 오프라인 발품 팔다,0
3336,온.오프라인 손품 바품 다 팔아보고 결정하는게 좋을것 같아용,"[ 0.00046825  0.03317261 -0.03900146 ... -0.03378296 -0.01513672
 -0.00300026]",2,"['오프라인', '팔다', '결정', '좋다']",오프라인 팔다 결정 좋다,0
3337,"인터넷신규가입으로 바뀐 후에는 집에서 온라인 쇼핑을 더 자주 하게 되었는데, 이제는 속도가 빠르니까 거의 끊김없이 쇼핑을 할 수 있어요!","[ 0.01070404  0.03942871 -0.00232697 ... -0.03793335 -0.06506348
  0.00128746]",2,"['인터넷', '신규', '가입', '바뀌다', '온라인', '쇼핑', '이제', '속도', '빠르다', '끊기다', '쇼핑']",인터넷 신규 가입 바뀌다 온라인 쇼핑 이제 속도 빠르다 끊기다 쇼핑,2
3338,SK인터넷가입한 후에는 원격으로 업무를 처리할 때도 더욱 효율적으로 작업할 수 있게 되었어요. 이제는 온라인 미팅도 원활하게 진행되어 업무가 더욱 원활해졌어요. ! 너무 만족스러워요 ㅠㅠㅠ,"[ 0.00300789  0.04724121 -0.01158905 ... -0.03378296 -0.01654053
  0.00266075]",2,"['인터넷', '가입', '원격', '업무', '처리', '효율', '작업', '이제', '온라인', '미팅', '원활', '진행', '업무', '원활', '만족']",인터넷 가입 원격 업무 처리 효율 작업 이제 온라인 미팅 원활 진행 업무 원활 만족,2
3339,온라인박람회 발상이 기발하고 좋은것 같아요,"[-0.00056887  0.00372505 -0.01577759 ... -0.04507446 -0.02577209
 -0.00636673]",2,"['온라인', '박람회', '발상', '좋다']",온라인 박람회 발상 좋다,1
3340,kt 인터넷은 빠르고 안정적이어서 게임을 할 때도 끊김 없이 잘 돼서 좋아요. 친구들과 함께하는 온라인 게임이 더 즐거워졌어요. kt 인터넷 가입 늦게 한 거 후회중입니다 ㅠㅠㅠ,"[ 0.00429916  0.04574585 -0.00373459 ... -0.05560303 -0.02505493
  0.00336838]",2,"['인터넷', '빠르다', '안정', '게임', '끊기다', '좋다', '친구', '온라인', '게임', '인터넷', '가입', '늦다', '후회']",인터넷 빠르다 안정 게임 끊기다 좋다 친구 온라인 게임 인터넷 가입 늦다 후회,2
3341,kt 인터넷을 사용하면 온라인으로 쇼핑을 할 때도 속도가 빨라서 물건을 빠르게 골라서 구매할 수 있어서 좋아요.! kt 인터넷 가입하는 거 정말 추천해요 ! ㅎㅎ,"[-0.01254272  0.05053711 -0.00748825 ... -0.05227661 -0.03210449
  0.00113201]",2,"['인터넷', '온라인', '쇼핑', '속도', '빠르다', '물건', '빠르다', '고르다', '구매', '좋다', '인터넷', '가입', '추천']",인터넷 온라인 쇼핑 속도 빠르다 물건 빠르다 고르다 구매 좋다 인터넷 가입 추천,2
3342,"두가지만 사신다면, 온라인 최저가로 구입하는게 좋을거 같아요","[ 0.00841522  0.02415466 -0.037323   ... -0.02258301 -0.03390503
  0.00513458]",2,"['사다', '온라인', '최저', '구입', '좋다']",사다 온라인 최저 구입 좋다,1
3343,온라인이 더 싸용! 우선 뭐살지 찾아보고 온라인이용~,"[-0.00073099  0.04373169 -0.0255127  ... -0.02784729 -0.02090454
 -0.0218811 ]",2,"['온라인', '싸다', '사다', '찾다', '온라인']",온라인 싸다 사다 찾다 온라인,1
3344,2개 정도 구매하시면 온라인으로 찾아서 구매할것같아요,"[ 0.00766754  0.02328491 -0.03112793 ... -0.02696228 -0.0269928
  0.00892639]",2,"['구매', '온라인', '찾다', '구매']",구매 온라인 찾다 구매,1
3345,풀로 사실게 아니라면 온라인이 더 저렴하다고 생각해요!,"[-0.01734924  0.02604675 -0.02174377 ... -0.03096008 -0.03713989
 -0.00270271]",2,"['사다', '온라인', '저렴하다', '생각']",사다 온라인 저렴하다 생각,1
3346,무조건 온라인이요. 가겨 2배이상 치아나요~,"[ 0.00354004  0.01719666 -0.01925659 ... -0.02656555 -0.01249695
  0.00588226]",2,"['온라인', '가겨', '이상', '치아']",온라인 가겨 이상 치아,2
3347,헐 온라인이 더 싸군요~ 저도 참고해야겟어요 온라인!,"[-0.00930786  0.0292511  -0.02415466 ... -0.0300293  -0.02102661
 -0.0037632 ]",2,"['온라인', '싸다', '참고', '온라인']",온라인 싸다 참고 온라인,1
3348,두개만 구입하실거면 무조건 온라인이 나은거같아용,"[ 0.00558472  0.02001953 -0.03305054 ... -0.03295898 -0.02133179
 -0.00041556]",2,"['구입', '온라인']",구입 온라인,1
3349,온라인이요 많이사서 할인바든거아니면 온라잉ㄴ이 더싸요,"[ 0.00644302  0.03283691 -0.0368042  ... -0.02810669 -0.01112366
  0.00234985]",2,"['온라인', '사다', '할인', '들다', '싸다']",온라인 사다 할인 들다 싸다,2
3350,무조건 온라인이 더 싸요 ! 잘 비교해보세요~,"[ 0.00100803  0.03372192 -0.02275085 ... -0.03286743 -0.02322388
 -0.00761795]",2,"['온라인', '싸다', '비교']",온라인 싸다 비교,0
3351,온라인이 저렴할 거 같아요! 오프라인은 많이사면 살 수록 할인률이 높은거 같더라구요!,"[-0.00513458  0.0194397  -0.03723145 ... -0.0307312  -0.03063965
  0.00550079]",2,"['온라인', '오프라인', '사다', '사다', '수록', '할인', '높다']",온라인 오프라인 사다 사다 수록 할인 높다,2
3352,온라인에서 최저가 서칭해서 살거같아요!,"[-0.01315308  0.02746582 -0.01262665 ... -0.03105164 -0.02432251
 -0.01596069]",2,"['온라인', '최저', '서다', '칭하다', '살다']",온라인 최저 서다 칭하다 살다,1
3353,온라인이 훨씬 싸다고 했어서 다 돌아보고 인터넷으로 사래요,"[-0.00442886  0.04083252 -0.01791382 ... -0.02735901 -0.01867676
  0.00090981]",2,"['온라인', '싸다', '돌아보다', '인터넷', '사다']",온라인 싸다 돌아보다 인터넷 사다,1
3354,두개면 온라인이요 ㅎㅎ 온라인이 더 저렴하다구 하네욯ㅎㅎ,"[ 0.0018692   0.01846313 -0.02714539 ... -0.0378418  -0.01622009
 -0.00466156]",2,"['온라인', '온라인', '저렴하다']",온라인 온라인 저렴하다,1
3355,온라인이요! 다품목 패키지로 묶는게 아니라서 온라인특가때 구입하시는게 더 저렴할거에요!,"[-0.00307846  0.02264404 -0.03182983 ... -0.02180481 -0.03320312
 -0.00497437]",2,"['온라인', '품목', '패키지', '묶다', '온라인', '특가', '구입', '저렴하다']",온라인 품목 패키지 묶다 온라인 특가 구입 저렴하다,1
3356,오프라인 매장가서 확인하고 온라인으로 구매하는게 좋아요,"[ 0.01455688  0.0199585  -0.02613831 ... -0.02418518 -0.03384399
 -0.00110435]",2,"['오프라인', '매장', '확인', '온라인', '구매', '좋다']",오프라인 매장 확인 온라인 구매 좋다,1
3357,온라인이 쌀것같아요! 오프라인은 많이살때할인이 많이 되더라고요,"[ 0.00907135  0.0188446  -0.03726196 ... -0.03137207 -0.02885437
 -0.00075865]",2,"['온라인', '싸다', '오프라인', '사다', '할인']",온라인 싸다 오프라인 사다 할인,1
3358,두개 살거면 온라인으로 알아보고 구매할 것 같아요.,"[ 0.00403976  0.03335571 -0.02108765 ... -0.03829956 -0.03619385
 -0.01347351]",2,"['사다', '온라인', '알아보다', '구매']",사다 온라인 알아보다 구매,1
3359,2가지면 온라인이요! 할인도 될 때 있으니까요~,"[ 0.00550842  0.02418518 -0.02944946 ... -0.03622437 -0.02999878
 -0.00776291]",2,"['온라인', '할인']",온라인 할인,2
3360,두개면 온라인으로 사시는게 더 쌀거같아요!,"[ 0.00538254  0.03167725 -0.02714539 ... -0.03353882 -0.02584839
 -0.00862122]",2,"['온라인', '사다', '싸다']",온라인 사다 싸다,1
3361,두개라면 온라인으로 가격 비교 하고 살 거 같아용!,"[ 0.00463867  0.02964783 -0.02314758 ... -0.03118896 -0.02752686
 -0.00740051]",2,"['온라인', '가격', '비교', '살다']",온라인 가격 비교 살다,0
3362,두개만 살거면 온라인도 괜찮을 것 같아용,"[ 0.00995636  0.02282715 -0.02896118 ... -0.02520752 -0.02626038
  0.00304031]",2,"['살다', '온라인', '괜찮다']",살다 온라인 괜찮다,1
3363,"인터넷 티비 결합 요금제 쓰면 집에서는 공부할 때도 쉽게 온라인 자료 찾을 수 있고, 노는 시간에도 다양한 채널로 티비 볼 수 있어서 너무 좋네요 ㅎㅎ","[ 0.0226593   0.05429077 -0.02735901 ... -0.06610107 -0.0357666
  0.01942444]",2,"['인터넷', '티비', '결합', '요금', '쓰다', '공부', '온라인', '자료', '찾다', '놀다', '시간', '다양', '채널', '티비', '좋다']",인터넷 티비 결합 요금 쓰다 공부 온라인 자료 찾다 놀다 시간 다양 채널 티비 좋다,2
3364,kt 인터넷 티비요금제를 이용하면서 집안의 인터넷 환경이 너무나 향상되었어요. 속도도 빠르고 안정성도 뛰어나서 온라인 활동이 훨씬 더 편리해졌어요. KT 인터넷과 티비를 이용하는 것은 정말로 투자할 가치가 있어요!,"[ 0.00694275  0.05114746 -0.01722717 ... -0.06829834 -0.02458191
  0.00337029]",2,"['인터넷', '티비', '요금', '집안', '인터넷', '환경', '향상', '속도', '빠르다', '안정', '뛰어나다', '온라인', '활동', '편리', '인터넷', '티비', '투자', '가치']",인터넷 티비 요금 집안 인터넷 환경 향상 속도 빠르다 안정 뛰어나다 온라인 활동 편리 인터넷 티비 투자 가치,2
3365,"KT 인터넷 티비 요금제 쓰는데 집에서 온라인 강의를 듣는 것이 너무나 편리해졌어요. 빠른 속도로 강의를 스트리밍하고, 티비에서는 학습에 도움이 되는 다양한 프로그램도 시청할 수 있어요. ㅎㅎ","[ 0.01049042  0.06118774 -0.01583862 ... -0.07275391 -0.02145386
  0.01586914]",2,"['인터넷', '티비', '요금', '쓰다', '온라인', '강의', '편리', '빠르다', '속도', '강의', '스트리밍', '티비', '학습', '도움', '다양', '프로그램', '시청']",인터넷 티비 요금 쓰다 온라인 강의 편리 빠르다 속도 강의 스트리밍 티비 학습 도움 다양 프로그램 시청,2
3366,"아정당에서 kt 인터넷티비 가입하고 인터넷으로는 온라인 게임이나 동영상 시청을 즐기고, 티비로는 다양한 프로그램을 시청하며 즐거운 시간을 보내고 있어요. ㅎㅎ","[ 0.01144409  0.04003906 -0.00453949 ... -0.05737305 -0.02919006
  0.000283  ]",2,"['정당', '인터넷', '티비', '가입', '인터넷', '온라인', '게임', '동영상', '시청', '즐기다', '티비', '다양', '프로그램', '시청', '시간', '보내다']",정당 인터넷 티비 가입 인터넷 온라인 게임 동영상 시청 즐기다 티비 다양 프로그램 시청 시간 보내다,2
3367,"kt 인터넷 티비 이용하면서 공부하는 것이 훨씬 효율적이 되었어요. 빠른 인터넷 속도로 온라인 강의를 수강하고, KT 티비를 통해 학습 동영상을 시청할 수 있어서 넘 좋아요!","[ 0.00094843  0.05865479 -0.01646423 ... -0.06002808 -0.01730347
  0.0186615 ]",2,"['인터넷', '티비', '공부', '효율', '빠르다', '인터넷', '속도', '온라인', '강의', '수강', '티비', '통하다', '학습', '동영상', '시청', '좋다']",인터넷 티비 공부 효율 빠르다 인터넷 속도 온라인 강의 수강 티비 통하다 학습 동영상 시청 좋다,2
3368,오프라인도 품목별 할인이랑 금액대별 할인 합쳐지면 혜택 크더라구요~ 오프라인도 알아보세여~,"[ 0.00147915  0.02064514 -0.0385437  ... -0.01622009 -0.0302887
 -0.00632858]",2,"['오프라인', '품목', '할인', '금액', '할인', '합치다', '혜택', '크다', '오프라인', '알아보다']",오프라인 품목 할인 금액 할인 합치다 혜택 크다 오프라인 알아보다,2
3369,"직접 가서 정해놓고, 온라인이 추후에 싸다면 온라인이요","[ 0.00727081  0.03097534 -0.01875305 ... -0.0378418  -0.00658417
 -0.00428391]",2,"['정하다', '온라인', '추후', '싸다', '온라인']",정하다 온라인 추후 싸다 온라인,0
3370,저희는 오프라인 여기저기 다니면서 견적 받아보니 온라인 최저가가 젤 싸서 온라인 구매했어요!,"[-0.00959778  0.04089355 -0.03375244 ... -0.01052856 -0.0463562
 -0.00670624]",2,"['오프라인', '여기저기', '다니다', '견적', '온라인', '최저', '싸다', '온라인', '구매']",오프라인 여기저기 다니다 견적 온라인 최저 싸다 온라인 구매,0
3371,요즘은 새학기 등등 오프 온라인 다 세일많더라구요,"[ 0.01288605  0.02645874 -0.03863525 ... -0.02770996 -0.03311157
 -0.02139282]",2,"['요즘', '학기', '오프', '온라인', '세일', '많다']",요즘 학기 오프 온라인 세일 많다,1
3372,오프라인에서 혜택받아도 온라인 최저가가 더 저렴한 것도 있는거 같아요! 모델명 적어서 비교해보세요!,"[-0.0056839   0.02427673 -0.03778076 ... -0.02363586 -0.03384399
 -0.01441956]",2,"['오프라인', '혜택', '온라인', '최저', '저렴하다', '모델명', '적다', '비교']",오프라인 혜택 온라인 최저 저렴하다 모델명 적다 비교,0
3373,갯수가 적으면 확실히 온라인이더라구요! 뭔가 저는 애매한 느낌예용 ㅜㅜ,"[ 0.00620651  0.02015686 -0.01611328 ... -0.03010559 -0.01548004
  0.0070076 ]",2,"['갯수', '적다', '온라인', '느낌']",갯수 적다 온라인 느낌,0
3374,저는 일일이 검색하기 힘들어서 오프라인에서 한번에 구매했어요 ㅠㅠ,"[-0.00865173  0.01934814 -0.02095032 ... -0.02516174 -0.04632568
 -0.00193119]",2,"['검색', '힘들다', '오프라인', '구매']",검색 힘들다 오프라인 구매,0
3375,저는 반대로 오프라인 매장마다 가는게 힘들더라구요 ㅜㅜㅋㅋ,"[ 0.00538635  0.02157593 -0.00826263 ... -0.03010559 -0.04067993
  0.01585388]",2,"['반대', '오프라인', '매장', '힘들다']",반대 오프라인 매장 힘들다,2
3376,저희는 오프라인에서 알아보고 동일제품명으로 온라인으로 구매했어용! 온라인이 더 저렴하더라구용ㅎㅎ,"[-0.00848389  0.03213501 -0.03616333 ... -0.02288818 -0.02783203
 -0.02090454]",2,"['오프라인', '알아보다', '동일', '제품명', '온라인', '구매', '온라인', '저렴하다']",오프라인 알아보다 동일 제품명 온라인 구매 온라인 저렴하다,0
3377,오프라인은 최신모델로 사고 여러모델 같이사야 할인되고 이런게 있더라구요~~ 여러곳 견적받아보시고 어처피 한번사면 오래쓰니까 잘 고민해보셔용 저도 고민하다가 오히려 티비는 사이즈업했네요 ㅋㅋ,"[ 0.00333023  0.02372742 -0.04495239 ... -0.05511475 -0.02044678
  0.01235199]",2,"['오프라인', '최신', '모델', '사다', '모델', '사다', '할인', '견적', '어처피', '사다', '쓰다', '고민', '고민', '티비', '사이즈']",오프라인 최신 모델 사다 모델 사다 할인 견적 어처피 사다 쓰다 고민 고민 티비 사이즈,2
3378,온라인 견적받고 그 견적 오프라인으로 들고가면 가격 맞춰주시더라구요? 그렇게 되면 모델 좋은걸로 조금씩 변경하셔도 되니까요ㅎㅎ,"[-0.00886536  0.02388    -0.01759338 ... -0.03833008 -0.02026367
  0.00874329]",2,"['온라인', '견적', '견적', '오프라인', '들다', '가격', '맞추다', '모델', '좋다', '변경']",온라인 견적 견적 오프라인 들다 가격 맞추다 모델 좋다 변경,0
3379,그렇게 작성해서 가보려구요 ㅜㅜ 근데 온라인 물품이 오프라인에는 많이 취급하지않더라구용 흙흙,"[-0.00139904  0.0141449  -0.01457214 ... -0.03210449 -0.02349854
 -0.02355957]",2,"['작성', '온라인', '물품', '오프라인', '취급']",작성 온라인 물품 오프라인 취급,0
3380,오프라인으로 최대한 확인해보고 제일 저렴한대로 할것 같아요 온라인으로라도요ㅎㅎ,"[-0.00536728  0.02320862 -0.01802063 ... -0.04049683 -0.01715088
  0.00297546]",2,"['오프라인', '확인', '저렴하다', '온라인']",오프라인 확인 저렴하다 온라인,1
3381,저는 갯수가 적어서 온라인으로 맞췄어요~!,"[ 0.00166893  0.0276947  -0.01786804 ... -0.02056885 -0.02378845
 -0.00721741]",2,"['갯수', '적다', '온라인', '맞추다']",갯수 적다 온라인 맞추다,0
3382,오프라인으로 최대한 견적 내보고 정했어요,"[ 0.00897217  0.04031372 -0.01203156 ... -0.02006531 -0.03131104
 -0.00485229]",2,"['오프라인', '견적', '내다', '정하다']",오프라인 견적 내다 정하다,0
3383,다 발품팔아볼 예정이긴한데 엄마가 백화점 할인율높은거 같다해서 기대중이에여,"[ 0.0090332   0.01751709 -0.03973389 ... -0.0340271  -0.05740356
  0.00935364]",2,"['발품', '팔다', '예정', '엄마', '백화점', '할인', '높다', '기대']",발품 팔다 예정 엄마 백화점 할인 높다 기대,2
3384,저는 일단 조금만 사놓고 시작하고싶어서 오프라인으로 사려구요 ㅎㅎ,"[-0.00343132  0.02941895 -0.01708984 ... -0.03149414 -0.02226257
 -0.01394653]",2,"['사다', '시작', '오프라인', '사다']",사다 시작 오프라인 사다,2
3385,매장 이곳저곳 발품 팔아보고 사려구요!,"[ 0.01571655  0.02842712 -0.01567078 ... -0.03643799 -0.04110718
  0.01589966]",2,"['매장', '이곳저곳', '발품', '팔다', '사다']",매장 이곳저곳 발품 팔다 사다,0
3386,저도 같은고민하다가 오프라인으로 결정했어요!,"[-0.00378418  0.02212524 -0.01907349 ... -0.02302551 -0.02308655
  0.00235558]",2,"['고민', '오프라인', '결정']",고민 오프라인 결정,0
3387,진짜 0부터 1까지 다사면 백화점에서 살거같은데 몇개안사면 인터넷으로 살거같아요,"[ 0.00324249  0.01698303 -0.02203369 ... -0.03396606 -0.03274536
  0.00647354]",2,"['사다', '백화점', '사다', '사다', '인터넷', '사다']",사다 백화점 사다 사다 인터넷 사다,2
3388,구매 품목수 봐서 적으면 온라인 하려구여,"[ 0.01913452  0.03092957 -0.02902222 ... -0.02723694 -0.02813721
 -0.00336838]",2,"['구매', '품목', '적다', '온라인']",구매 품목 적다 온라인,0
3389,온라인에서 그 때 그 때 필요한 거 사려고 해요.,"[ 0.00927734  0.04547119 -0.02818298 ... -0.01725769 -0.02609253
 -0.04174805]",2,"['온라인', '필요', '사다']",온라인 필요 사다,1
3390,"의외로? 백화점이 싸다는 후기를 봐서 백화점, 업체 둘 다 발품팔 예정이예요!","[-0.00573349  0.01092529 -0.02865601 ... -0.03842163 -0.06164551
  0.00701141]",2,"['백화점', '싸다', '후기', '백화점', '업체', '발품', '팔다', '예정']",백화점 싸다 후기 백화점 업체 발품 팔다 예정,1
3391,오프라인으로 방문해서 견적 받아서 비교했아요!,"[-0.00028157  0.03665161 -0.01438141 ... -0.02636719 -0.03985596
 -0.00690079]",2,"['오프라인', '방문', '견적', '비교']",오프라인 방문 견적 비교,0
3392,오프라인 매장이나 백화점에서 견적받아보고 같은 제품명으로 인터넷에서 구매를 하는게 가장 저렴하더라구요,"[ 0.00543594  0.02992249 -0.03536987 ... -0.02879333 -0.02572632
  0.00736618]",2,"['오프라인', '매장', '백화점', '견적', '제품명', '인터넷', '구매', '저렴하다']",오프라인 매장 백화점 견적 제품명 인터넷 구매 저렴하다,2
3393,저흰 그냥 온라인으로 했는데 만족하고있어요 ㅎㅎ 그런데 싹 다 한 매장에서 맞추실거면 견전내러 이곳 저곳 다녀보시는 것도 좋을것 같아요,"[ 0.01000214  0.01461029 -0.03086853 ... -0.04714966 -0.01966858
  0.00955963]",2,"['온라인', '만족', '매장', '맞추다', '내다', '다니다', '좋다']",온라인 만족 매장 맞추다 내다 다니다 좋다,0
3394,오프라인에서 모델보고 온라인이랑 가격비교해서 사세요!,"[-0.00331306  0.01637268 -0.02911377 ... -0.01293945 -0.0329895
 -0.01646423]",2,"['오프라인', '모델', '온라인', '가격', '비교', '사다']",오프라인 모델 온라인 가격 비교 사다,0
3395,이미 있던게 있어서 그때그때 단품으로 구매하느라 온라인 오프라인 섞어서 살거같아용,"[ 0.01028442  0.02566528 -0.01911926 ... -0.01728821 -0.03466797
 -0.01051331]",2,"['구매', '온라인', '오프라인', '섞다', '살다']",구매 온라인 오프라인 섞다 살다,1
3396,오프라인은 아무래도 직원분이 판매를 하시는거라서 인권비가 들어가서 더 비쌀수밖에 없데요! 그래서 오프라인에서 보고 온라인에서 구매하시는게 어떠실까요...ㅎㅎ,"[-0.00047493  0.02011108 -0.03167725 ... -0.02420044 -0.02894592
  0.00367928]",2,"['오프라인', '직원', '판매', '인권', '들어가다', '비싸다', '오프라인', '온라인', '구매']",오프라인 직원 판매 인권 들어가다 비싸다 오프라인 온라인 구매,2
3397,"소량 구매면 온라인, 혼수전부 구매하면 오프라인...?!","[ 0.01483917  0.02876282 -0.02677917 ... -0.01512146 -0.04342651
  0.00223541]",2,"['소량', '구매', '온라인', '혼수', '구매', '오프라인']",소량 구매 온라인 혼수 구매 오프라인,1
3398,온오프라인으로 비교해보고 살 것 같아요,"[ 0.0116806   0.02697754 -0.01950073 ... -0.03323364 -0.02796936
 -0.02406311]",2,"['오프라인', '비교', '살다']",오프라인 비교 살다,0
3399,오프라인으로 직접확인하고 한곳에서 묶어 살것 같아여,"[ 0.02276611  0.02505493 -0.02043152 ... -0.02854919 -0.02113342
 -0.00865936]",2,"['오프라인', '확인', '묶다', '살다']",오프라인 확인 묶다 살다,1
3400,일단 오프라인 매장 가서 직접 확인해보고 같은 제품이 온라인에서 더 저렴하면 구매는 온라인으로 진행할 것 같아요 ㅎㅎ 제품은 실제로 보는 게 더 좋긴 하더라구요,"[-0.0020256   0.02206421 -0.02024841 ... -0.03366089 -0.01348114
 -0.00963593]",2,"['오프라인', '매장', '확인', '제품', '온라인', '저렴하다', '구매', '온라인', '진행', '제품', '좋다']",오프라인 매장 확인 제품 온라인 저렴하다 구매 온라인 진행 제품 좋다,1
3401,조금만 구매하면 온라인 많이 구매하실거면 묶음이 할인 많이되요,"[ 0.00385666  0.02853394 -0.02987671 ... -0.0234375  -0.0383606
 -0.00530624]",2,"['구매', '온라인', '구매', '묶음', '할인']",구매 온라인 구매 묶음 할인,1
3402,저희는 온라인으로 알아보고 온라인이 더 저렴하면 온라인으로 구매했어요. 온라인에서만 판매하고 있는 제품들도 있어서요. 오프라인으로 알아봤더니 오프라인 매장에서는 구매가 어렵다고 하더라고요.,"[ 0.00523376  0.03134155 -0.03234863 ... -0.02082825 -0.01719666
 -0.01092529]",2,"['온라인', '알아보다', '온라인', '저렴하다', '온라인', '구매', '온라인', '판매', '제품', '오프라인', '알아보다', '오프라인', '매장', '구매']",온라인 알아보다 온라인 저렴하다 온라인 구매 온라인 판매 제품 오프라인 알아보다 오프라인 매장 구매,1
3403,오프라인 발품은 엄청팔았습니다. 온라인과 가격비교구매햇어요,"[ 0.01343536  0.03308105 -0.03979492 ... -0.01244354 -0.03964233
 -0.00704575]",2,"['오프라인', '발품', '팔다', '온라인', '가격', '비교', '구매']",오프라인 발품 팔다 온라인 가격 비교 구매,0
3404,오프라인으로 여러군데 견적받아서 입주할인+다품목혜택 할인 받아서 샀어요~~~!,"[ 0.00518417  0.03067017 -0.03059387 ... -0.02476501 -0.04608154
 -0.01797485]",2,"['오프라인', '견적', '입주', '할인', '품목', '혜택', '할인', '사다']",오프라인 견적 입주 할인 품목 혜택 할인 사다,2
3405,오프라인으로 견적 혜택확인하고 구매할래용,"[ 0.00661087  0.04119873 -0.01803589 ... -0.03018188 -0.0385437
 -0.01014709]",2,"['오프라인', '견적', '혜택', '확인', '구매']",오프라인 견적 혜택 확인 구매,0
3406,백화점이나 베스트샵 발품팔아보게요 ㅋㅋ,"[ 0.00653839  0.01290131 -0.01441956 ... -0.04837036 -0.05105591
  0.00382805]",2,"['백화점', '베스트', '발품', '팔다']",백화점 베스트 발품 팔다,0
3407,대리점 가봤다가 넘 비싸서 온라인으로 샀어요 ㅎ,"[ 0.009552    0.037323   -0.01745605 ... -0.02862549 -0.04742432
  0.00426102]",2,"['대리점', '비싸다', '온라인', '사다']",대리점 비싸다 온라인 사다,2
3408,저희는 오프라인 견적만내고 온라인으로 구매할 것 같아요,"[ 0.00287056  0.0435791  -0.0184021  ... -0.01779175 -0.05001831
 -0.01435852]",2,"['오프라인', '견적', '내다', '온라인', '구매']",오프라인 견적 내다 온라인 구매,0
3409,"다들 발품 파시더라구요! 온라인, 오프라인 견적 비교해보세용!","[-0.00780487  0.03329468 -0.02122498 ... -0.03656006 -0.04302979
 -0.00080872]",2,"['발품', '파', '온라인', '오프라인', '견적', '비교']",발품 파 온라인 오프라인 견적 비교,0
3410,온라인에서 보면서 품목을 어느정도 정해두시면 오프라인 견적시 더 편해요~,"[-0.00330925  0.03668213 -0.02958679 ... -0.03085327 -0.02606201
 -0.01876831]",2,"['온라인', '품목', '정하다', '오프라인', '견적', '편하다']",온라인 품목 정하다 오프라인 견적 편하다,0
3411,온라인이 가격 메리트가 조금 있어서 온라인이요!,"[ 0.00102139  0.02711487 -0.02230835 ... -0.02894592 -0.02810669
 -0.01224518]",2,"['온라인', '가격', '메리트', '온라인']",온라인 가격 메리트 온라인,0
3412,많이 한거번에 사신다면 오프라인이 더 저렴할텐데 2-3개만 사시면 인터넷 최저가가 더 쌀 수도 있을 것 같아요. 일단 견적 받아보시고 온라인으로도 봐보세요1,"[ 0.00255775  0.02879333 -0.0440979  ... -0.03277588 -0.01773071
  0.02319336]",2,"['사다', '오프라인', '저렴하다', '사다', '인터넷', '최저', '싸다', '견적', '온라인']",사다 오프라인 저렴하다 사다 인터넷 최저 싸다 견적 온라인,1
3413,3개면 온라인이 더 저렴할거같아요~ 일단이라고 하시는거보니 이왕살거 한번에 사세요 ㅠㅠ,"[ 0.00497437  0.02526855 -0.02752686 ... -0.03326416 -0.01852417
  0.00669861]",2,"['온라인', '저렴하다', '사다', '사다']",온라인 저렴하다 사다 사다,1
3414,2-3개면 확실히 온라인이 쌀수도있어요! 그래도 온라인주문전에 오프라인 한번 다녀올것같아요 ㅎㅎ,"[-0.00510788  0.02452087 -0.0186615  ... -0.02639771 -0.02061462
  0.00464249]",2,"['온라인', '싸다', '온라인', '주문', '오프라인', '다녀오다']",온라인 싸다 온라인 주문 오프라인 다녀오다,1
3415,온라인이 금액적으로는 더 저렴할수도있어요 전시상품 묶어서 특가 아니라면요!,"[-0.01160431  0.02401733 -0.0292511  ... -0.02825928 -0.04193115
 -0.01643372]",2,"['온라인', '금액', '저렴하다', '전시', '상품', '묶다', '특가']",온라인 금액 저렴하다 전시 상품 묶다 특가,1
3416,다품목 할인 안되서 온라인이 저렴할꺼같아용ㅜ,"[ 0.00442886  0.02508545 -0.02415466 ... -0.02818298 -0.03671265
 -0.00158882]",2,"['품목', '할인', '온라인']",품목 할인 온라인,0
3417,저도 3개사서 온라인으로 했어요!: 카드할인이 좋더라고요!,"[ 0.00594711  0.0136795  -0.03457642 ... -0.02854919 -0.03759766
  0.00244904]",2,"['온라인', '카드', '할인', '좋다']",온라인 카드 할인 좋다,2
3418,"오프라인 온라인 둘다 비교해보고 혜택,금액 더 좋은 곳에서 진행할거같아요","[-0.00181675  0.01286316 -0.02819824 ... -0.04547119 -0.01889038
 -0.00397491]",2,"['오프라인', '온라인', '비교', '혜택', '금액', '좋다', '진행']",오프라인 온라인 비교 혜택 금액 좋다 진행,0
3419,오프라인은 5종 7종으로 많이할 때 할인가가 크더라구요! 저도 3개 정도여서 가격비교해보거 온라인으로 샀어요:,"[ 0.0165863   0.01098633 -0.0461731  ... -0.0266571  -0.02380371
  0.01831055]",2,"['오프라인', '할인', '크다', '가격', '비교', '온라인', '사다']",오프라인 할인 크다 가격 비교 온라인 사다,0
3420,3개 사려고 매장 갔더니 인터넷으로 사는게 싸다고했어요!,"[ 0.00239944  0.03933716 -0.03158569 ... -0.01452637 -0.04779053
 -0.0041008 ]",2,"['사다', '매장', '인터넷', '사다', '싸다']",사다 매장 인터넷 사다 싸다,2
3421,온오프라인 두개 다 비교해서 알아볼거 같은데 보통은 온라인이 더싸요ㅠㅠ,"[-0.00040507  0.01708984 -0.02145386 ... -0.03674316 -0.00849152
 -0.00930786]",2,"['오프라인', '비교', '알아보다', '보통', '온라인', '싸다']",오프라인 비교 알아보다 보통 온라인 싸다,0
3422,품목 적으면 온라인 최저가로 사는게 싼거같아욤,"[ 0.00860596  0.03439331 -0.02461243 ... -0.02456665 -0.02598572
 -0.01099396]",2,"['품목', '적다', '온라인', '최저', '사다', '싸다']",품목 적다 온라인 최저 사다 싸다,1
3423,온라인이 더 쌀거 같아여 행사도 이것저것 많더라구요 온라인도,"[ 0.00721359  0.02081299 -0.02641296 ... -0.02488708 -0.01546478
  0.00295258]",2,"['온라인', '싸다', '행사', '이것저것', '많다', '온라인']",온라인 싸다 행사 이것저것 많다 온라인,0
3424,저도 궁금햇는데.. 온라인이 더싸네용..,"[-0.00232887  0.01268768 -0.0340271  ... -0.03656006 -0.01908875
  0.0032692 ]",2,"['궁금하다', '온라인', '싸다']",궁금하다 온라인 싸다,1
3425,온라인이 기본적으로 저렴한데 이벤트끼면 오프라인도 싸더라구용,"[-0.0053215   0.01424408 -0.0247345  ... -0.0141983  -0.01902771
 -0.01033783]",2,"['온라인', '기본', '저렴하다', '이벤트', '끼', '오프라인', '싸다']",온라인 기본 저렴하다 이벤트 끼 오프라인 싸다,2
3426,저는 온라인가격이 더좋은거같아서 온라인으로구매하려고요,"[ 0.01037598  0.03231812 -0.040802   ... -0.02911377 -0.02903748
 -0.01209259]",2,"['온라인', '가격', '좋다', '온라인', '구매']",온라인 가격 좋다 온라인 구매,0
3427,소수 품목은 온라인으로하는게 더 나을것같아여,"[ 0.00843811  0.03114319 -0.02435303 ... -0.03994751 -0.02597046
 -0.01820374]",2,"['소수', '품목', '온라인']",소수 품목 온라인,0
3428,저는 그냥 리바트 까사미아 같은 브랜드 오프라인에서 구경하고 온라인 구매요!,"[-0.01698303  0.02658081 -0.01963806 ... -0.03155518 -0.03634644
 -0.0028019 ]",2,"['리바트', '까사미아', '브랜드', '오프라인', '구경', '온라인', '구매']",리바트 까사미아 브랜드 오프라인 구경 온라인 구매,1
3429,"발품 팔며 백화점, 브랜드샵, 하이마트를 고민하다가 브랜드샵에서 했어요!","[ 0.00307274  0.01486969 -0.02984619 ... -0.04013062 -0.05987549
  0.00123215]",2,"['발품', '팔다', '백화점', '브랜드', '하이마트', '고민', '브랜드']",발품 팔다 백화점 브랜드 하이마트 고민 브랜드,2
3430,직접 가서 혼수패키지 보고 인터넷도 보고 가격 비교해서 사고싶어서 온라인 & 오프라인 투어 할거 같아요 ㅎㅎ,"[ 0.00629807  0.01490021 -0.01959229 ... -0.02857971 -0.0302124
 -0.00417328]",2,"['혼수', '패키지', '인터넷', '가격', '비교', '사다', '온라인', '오프라인', '투어']",혼수 패키지 인터넷 가격 비교 사다 온라인 오프라인 투어,0
3431,실제로 보고 사는 주의라 온라인으로는 안할꺼 같아여,"[ 0.00499344  0.03253174 -0.00287056 ... -0.02882385 -0.01977539
 -0.00225449]",2,"['사다', '주의', '온라인']",사다 주의 온라인,1
3432,오프라인으로 했숩니다. 여러군데보고요~ 임직원핳임 받앗어요,"[-0.00875092  0.01332092 -0.02149963 ... -0.0244751  -0.0357666
 -0.00484848]",2,"['오프라인', '임직원']",오프라인 임직원,1
3433,"저는 인스타그램에서 본것처럼 하려고요! 오프라인 돌아보고, 어플 비대면 견적받고요! 다 돌아다니긴 힘들것 같아서..ㅎㅎ","[-0.01625061  0.03125    -0.0150528  ... -0.04705811 -0.01789856
  0.00897217]",2,"['인스타그램', '오프라인', '돌아보다', '어플', '대면', '견적', '돌아다니다', '힘들다']",인스타그램 오프라인 돌아보다 어플 대면 견적 돌아다니다 힘들다,0
3434,"오프라인 온라인 비교해볼 것 같지만, 백화점에서 한꺼번에 묶어 구매하면 싸다구 하더라고여!","[ 0.00224686  0.0274353  -0.03894043 ... -0.01951599 -0.04690552
  0.00674438]",2,"['오프라인', '온라인', '비교', '백화점', '묶다', '구매', '싸다']",오프라인 온라인 비교 백화점 묶다 구매 싸다,1
3435,저는 온라인도 괜찮을거같은데요! 가격비교해보고 선택할래용,"[ 0.0067215   0.02033997 -0.03817749 ... -0.03994751 -0.03086853
 -0.00351334]",2,"['온라인', '괜찮다', '가격', '비교', '선택']",온라인 괜찮다 가격 비교 선택,0
3436,저는 온라인에서 친정부모님이 주문해주셔서 온라인으로 했어요,"[ 0.00299072  0.03222656 -0.0181427  ... -0.01901245 -0.04040527
 -0.02185059]",2,"['온라인', '친정', '부모', '주문', '온라인']",온라인 친정 부모 주문 온라인,1
3437,온라인구매 괜찮아요 리뷰잘보고선택하세요,"[ 0.01707458  0.01028442 -0.03671265 ... -0.03089905 -0.01882935
 -0.00998688]",2,"['온라인', '구매', '괜찮다', '리뷰', '선택']",온라인 구매 괜찮다 리뷰 선택,1
3438,저희는 임직원 구매사이트에서 모두 온라인으로 해결했어요~,"[ 0.00126743  0.01953125 -0.02629089 ... -0.01406097 -0.05487061
 -0.00484467]",2,"['임직원', '구매', '사이트', '온라인', '해결']",임직원 구매 사이트 온라인 해결,0
3439,저도 온라인으로 구매하려고요! ㅎㅎ 주변에도 다둘 괜찮다고 하더라고요!,"[-0.01081848  0.0289917  -0.03485107 ... -0.02775574 -0.02445984
 -0.00050926]",2,"['온라인', '구매', '주변', '괜찮다']",온라인 구매 주변 괜찮다,1
3440,제 친구는 전부 온라인으로만 구매했어요. 인터넷도 괜찮을거 같아요,"[ 0.00700378  0.01797485 -0.03442383 ... -0.03007507 -0.04190063
  0.00722504]",2,"['친구', '온라인', '구매', '인터넷', '괜찮다']",친구 온라인 구매 인터넷 괜찮다,1
3441,금액차이 없으면 온라인 구매도 괜찮은거 같아요!,"[ 0.0038662   0.01965332 -0.02719116 ... -0.02632141 -0.04559326
 -0.001894  ]",2,"['금액', '차이', '온라인', '구매', '괜찮다']",금액 차이 온라인 구매 괜찮다,0
3442,금액이 더 저렴하면 온라인으로 구매할거에요,"[-0.00285339  0.03369141 -0.02766418 ... -0.02844238 -0.02900696
 -0.00693893]",2,"['금액', '저렴하다', '온라인', '구매']",금액 저렴하다 온라인 구매,1
3443,하나씩 사는건 온라인이 더 싸다고들 하더라고요! 묶어서 사는건 오프라인 행사때 노려서 사면 좋을거 같습니다 ㅎㅎ,"[-0.00335884  0.03158569 -0.02593994 ... -0.00683212 -0.02606201
  0.01499939]",2,"['사다', '온라인', '싸다', '묶다', '사다', '오프라인', '행사', '노리다', '사다', '좋다']",사다 온라인 싸다 묶다 사다 오프라인 행사 노리다 사다 좋다,1
3444,온라인구매 괜찮아요! 가격도 나쁘지 않더라구요~,"[ 0.00639343  0.01538086 -0.03634644 ... -0.01820374 -0.0406189
 -0.01546478]",2,"['온라인', '구매', '괜찮다', '가격', '나쁘다']",온라인 구매 괜찮다 가격 나쁘다,1
3445,가격 비교해보며 온라인/오프라인 섞어서 살거같아요 ㅎㅎ,"[ 0.00313187  0.02478027 -0.01728821 ... -0.02844238 -0.03265381
 -0.01541901]",2,"['가격', '비교', '온라인', '오프라인', '섞다', '살다']",가격 비교 온라인 오프라인 섞다 살다,1
3446,온라인전용 제품이 몇 있죠~묶어서 살거아니면 온라인에서 살거같아요,"[ 0.01254272  0.02775574 -0.04083252 ... -0.02478027 -0.0269928
 -0.0076828 ]",2,"['온라인', '전용', '제품', '묶다', '사다', '온라인', '살다']",온라인 전용 제품 묶다 사다 온라인 살다,1
3447,온라인구매 전 괜찮다고생각해요 공청기 온라인으로 샀는데 잘쓰고있어요,"[ 0.00434875  0.03131104 -0.03909302 ... -0.0335083  -0.02436829
 -0.02302551]",2,"['온라인', '구매', '괜찮다', '생각', '온라인', '사다', '쓰다']",온라인 구매 괜찮다 생각 온라인 사다 쓰다,1
3448,온라인 특가 있으면 사는게 좋을거같아요~,"[ 0.01696777  0.02967834 -0.02792358 ... -0.03921509 -0.0352478
 -0.0198822 ]",2,"['온라인', '특가', '사다', '좋다']",온라인 특가 사다 좋다,1
3449,온라인도 상관은 없을꺼 같아요 다만 ~ 가서 매장에서 한번은 보고할꺼같아요,"[ 0.01020813  0.01250458 -0.02615356 ... -0.02287292 -0.03515625
  0.00803375]",2,"['온라인', '상관', '매장']",온라인 상관 매장,0
3450,요즘에는 온라인으로도 많이들 구입하시더라구요 괜찮은 것 같아요,"[ 0.0171051   0.02850342 -0.03500366 ... -0.03457642 -0.03939819
  0.00153828]",2,"['요즘', '온라인', '구입', '괜찮다']",요즘 온라인 구입 괜찮다,1
3451,온라인도 믿을 수 있는 곳이면 전 찬성이요!,"[ 0.00091648  0.01979065 -0.01731873 ... -0.03063965 -0.01905823
  0.00409698]",2,"['온라인', '찬성']",온라인 찬성,1
3452,한번에 묶어 살 때는 오프에서 사는게 싸서 그러는건데 온라인에서만 팔면 온라인에서 사야죠~~ 아무 문제 없을겁니다,"[ 0.0066185   0.02748108 -0.03219604 ... -0.00783539 -0.02520752
 -0.00389099]",2,"['묶다', '살다', '오프', '사다', '싸다', '그러다', '온라인', '팔다', '온라인', '사다', '문제']",묶다 살다 오프 사다 싸다 그러다 온라인 팔다 온라인 사다 문제,1
3453,셋트보다 온라인으로 핫딜뜰때 각각 구매하는거도 좋아요,"[ 0.01150513  0.02406311 -0.03295898 ... -0.01934814 -0.02853394
  0.0145874 ]",2,"['셋트', '온라인', '뜨다', '구매', '좋다']",셋트 온라인 뜨다 구매 좋다,1
3454,온라인도 괜찮은 것 같아요! 오프는 풀셋으로 했을 때 저렴한 것 같고요,"[ 0.01342773  0.02326965 -0.0369873  ... -0.0297699  -0.02432251
  0.00524521]",2,"['온라인', '괜찮다', '오프', '저렴하다']",온라인 괜찮다 오프 저렴하다,1
3455,온라인구매해봤는데 나쁘지앙ㅎ더라구용! 후기만 잘보고살래용,"[ 0.00184917  0.01039886 -0.03143311 ... -0.0355835  -0.04086304
 -0.00190639]",2,"['온라인', '구매', '나쁘다', '후기', '살다']",온라인 구매 나쁘다 후기 살다,1
3456,제품만 명확하게 아신다면 온라인도 좋다고생각해용! 그래도 실제로 한번은 보시는게 만족하실 것같아용,"[ 0.00405884  0.01386261 -0.03411865 ... -0.04995728 -0.0151825
 -0.00458145]",2,"['제품', '온라인', '좋다', '생각', '만족']",제품 온라인 좋다 생각 만족,1
3457,온라인 구매할 때 제품 사양 잘 확인하고 비교 구매한다면 괜찮다고 생각해요! :,"[ 0.00937653  0.02142334 -0.03430176 ... -0.03283691 -0.01802063
 -0.01338959]",2,"['온라인', '구매', '제품', '사양', '확인', '비교', '구매', '괜찮다', '생각']",온라인 구매 제품 사양 확인 비교 구매 괜찮다 생각,1
3458,당장 하나만 사는거면 저는 온라인이요!,"[-0.00018382  0.03356934 -0.01346588 ... -0.02046204 -0.03640747
 -0.00802612]",2,"['당장', '사다', '온라인']",당장 사다 온라인,1
3459,온라인이 더 저렴하면 온라인으로 하는 것도 좋을 것 같아요!,"[-0.00690842  0.03668213 -0.020401   ... -0.03543091 -0.02471924
 -0.00238228]",2,"['온라인', '저렴하다', '온라인', '좋다']",온라인 저렴하다 온라인 좋다,1
3460,여러가지 품목 혼수가전 혜택이 있어서 오프라인이 좋더라구요! 하지만 지금처럼 단품은 온라인도 괜찮은 것 같아요,"[ 0.01615906  0.00995636 -0.04537964 ... -0.02548218 -0.03158569
 -0.01042938]",2,"['품목', '혼수', '가전', '혜택', '오프라인', '좋다', '지금', '온라인', '괜찮다']",품목 혼수 가전 혜택 오프라인 좋다 지금 온라인 괜찮다,1
3461,오프라인으로 먼저 확인해보고 온라인하고 비교해 보려구요 ㅎㅎ 프로모션하는데 있음 거기가 나을거같아요,"[-0.00177193  0.00446701 -0.02656555 ... -0.04464722 -0.00883484
 -0.01416016]",2,"['오프라인', '확인', '온라인', '비교', '프로모션']",오프라인 확인 온라인 비교 프로모션,0
3462,"온, 오프라인 가격 비교해보고 살 예정이에요","[ 0.01612854  0.02708435 -0.02740479 ... -0.01200867 -0.02932739
 -0.01934814]",2,"['오프라인', '가격', '비교', '살다', '예정']",오프라인 가격 비교 살다 예정,0
3463,직접가서 견적 비교해보고 오프라인으로 구매 예정입니다 ㅎㅎ,"[-0.00486755  0.0375061  -0.0168457  ... -0.0375061  -0.03424072
  0.00063038]",2,"['견적', '비교', '오프라인', '구매', '예정']",견적 비교 오프라인 구매 예정,0
3464,오프라인으로 먼저 방문해서 제품 자세히 보고 온라인이랑 가격 비교해서 더 저렴한 곳으로 구매합니다 ! 🥹🤍,"[-0.00230789  0.02949524 -0.01870728 ... -0.02607727 -0.01925659
 -0.03305054]",2,"['오프라인', '방문', '제품', '온라인', '가격', '비교', '저렴하다', '구매']",오프라인 방문 제품 온라인 가격 비교 저렴하다 구매,0
3465,저는 아직 구매는 안했지만 견적내보고 오프라인으로 구매할거같아요 ㅎㅎ,"[-0.00762177  0.01771545 -0.03059387 ... -0.03872681 -0.03619385
  0.00409317]",2,"['구매', '견적', '내다', '오프라인', '구매']",구매 견적 내다 오프라인 구매,0
3466,오프라인에서 직접보고 온라인이 더 싸면 온라인으로 구입해요!,"[-0.00823212  0.03289795 -0.02020264 ... -0.02714539 -0.03025818
 -0.01678467]",2,"['오프라인', '온라인', '싸다', '온라인', '구입']",오프라인 온라인 싸다 온라인 구입,1
3467,저는 온라인에서 가격비교 하고 오프라인가서 딜해보려구요 ㅎㅎ,"[-0.00333595  0.01493073 -0.02427673 ... -0.03564453 -0.02975464
 -0.00277138]",2,"['온라인', '가격', '비교', '오프라인']",온라인 가격 비교 오프라인,0
3468,품목이 많으면 온라인 적으면 오프라인이요,"[ 0.00974274  0.01092529 -0.02891541 ... -0.03717041 -0.02407837
  0.00025988]",2,"['품목', '많다', '온라인', '적다', '오프라인']",품목 많다 온라인 적다 오프라인,0
3469,저정도 품목에 오프라인 견적 받아보는건 비효율적인거 같구요 손품 조금 파셔서 비대면 견적 받아보세요. 블로그 검색 조금 해보시면 비대면 견적 내주는 매장 많습니다~,"[-0.00547028  0.03359985 -0.02642822 ... -0.03399658 -0.01948547
  0.00572968]",2,"['품목', '오프라인', '견적', '효율', '파', '대면', '견적', '블로그', '검색', '대면', '견적', '내다', '매장', '많다']",품목 오프라인 견적 효율 파 대면 견적 블로그 검색 대면 견적 내다 매장 많다,0
3470,온라인이 제일 싸죵~~~ 오프라인 발품 판것보다 온라인이 조금더 쌀거예요,"[-0.00473785  0.03102112 -0.03292847 ... -0.02734375 -0.02940369
 -0.00370979]",2,"['온라인', '싸다', '오프라인', '발품', '팔다', '온라인', '싸다']",온라인 싸다 오프라인 발품 팔다 온라인 싸다,0
3471,오프라인 오픈매장가서 견적받아보시구요. 온라인이랑 비교해보구 사시면될것같아요.,"[ 0.00642776  0.01663208 -0.0375061  ... -0.04043579 -0.0276947
  0.00181198]",2,"['오프라인', '오픈', '매장', '견적', '온라인', '비교', '사다']",오프라인 오픈 매장 견적 온라인 비교 사다,0
3472,온라인이 더 쌀거 같아요 혹시모르니 오프라인도 비교해보셔요,"[-0.00262833  0.01351166 -0.02258301 ... -0.02433777 -0.00933838
  0.00112438]",2,"['온라인', '싸다', '오프라인', '비교']",온라인 싸다 오프라인 비교,0
3473,보통 5품목 이하면 인터넷이 더 저렴하다고들 하시더라구요! 실물을 체감하시고 싶으시면 매장가셔서 한번 둘러보시고 모델명 찍어놓으신 다음에 인터넷에서 구매하시는게 좋을것같아요!,"[-0.00559998  0.01532745 -0.03912354 ... -0.03570557 -0.0218811
  0.01279449]",2,"['품목', '이하', '인터넷', '저렴하다', '실물', '체감', '매장', '둘러보다', '모델명', '찍다', '다음', '인터넷', '구매', '좋다']",품목 이하 인터넷 저렴하다 실물 체감 매장 둘러보다 모델명 찍다 다음 인터넷 구매 좋다,1
3474,매장 가서 실제로 보고 오프라인 가격과 온라인 가격 비교해서 구매하시는게 좋을거같아요 ㅎㅎ,"[ 0.00190926  0.02494812 -0.02760315 ... -0.0272522  -0.02392578
 -0.00875854]",2,"['매장', '오프라인', '가격', '온라인', '가격', '비교', '구매', '좋다']",매장 오프라인 가격 온라인 가격 비교 구매 좋다,0
3475,여러개 구매하면 오프라인서 사는게 저렴할거에요ㅎㅎ,"[-0.00572968  0.03231812 -0.03018188 ... -0.01660156 -0.02532959
  0.00887299]",2,"['구매', '오프라인', '사다', '저렴하다']",구매 오프라인 사다 저렴하다,1
3476,매장이요~ 한두개면 인터넷이 저렴한데 여러개시면 오프라인이 저렴하게 견적주더라구요~!,"[-0.01135254  0.02485657 -0.03491211 ... -0.04507446 -0.02870178
  0.02081299]",2,"['매장', '인터넷', '오프라인', '견적']",매장 인터넷 오프라인 견적,2
3477,저는 큰것들 여러개를 선물로받아서 나머지 매장에서 계약해도 혜택이 별로 없더라구요~ 입주하고 바로 신혼집에서 안살아도 되는환경이여서 천천히 명절할인이나 연말할인같은거 이용해서 나머지 구비했어요~,"[-0.00234795  0.02639771 -0.02761841 ... -0.03460693 -0.0569458
  0.02058411]",2,"['크다', '선물', '나머지', '매장', '계약', '혜택', '입주', '신혼', '살다', '환경', '명절', '할인', '연말', '할인', '나머지', '구비']",크다 선물 나머지 매장 계약 혜택 입주 신혼 살다 환경 명절 할인 연말 할인 나머지 구비,2
3478,인터넷에서만 파는 제품이 따로 있다고는 하더라구요! 그리고 들은 말로는 세트로 살 때는 오프라인이 저렴하고 1-2개는 온라인이 저렴하다고 듣긴 했습니다!,"[ 0.00263214  0.02546692 -0.04199219 ... -0.0252533  -0.02223206
  0.00113583]",2,"['인터넷', '파', '제품', '세트', '사다', '오프라인', '온라인']",인터넷 파 제품 세트 사다 오프라인 온라인,1
3479,매장이랑 온라인 다 알아봤는데 저희는 온라인이 저렴하더라구요ㅠ,"[ 0.00587463  0.0271759  -0.02073669 ... -0.03274536 -0.03515625
  0.00399399]",2,"['매장', '온라인', '온라인']",매장 온라인 온라인,1
3480,여러개면 매장이 더 저렴합니다~ 간단하게 1~3개면 인터넷이요~,"[ 0.01241302  0.03222656 -0.02885437 ... -0.03421021 -0.0163269
  0.0148468 ]",2,"['매장', '저렴하다', '간단하다', '인터넷']",매장 저렴하다 간단하다 인터넷,2
3481,여러개 사시면 매장이 더 저렴하대요 낱개구매는 인터넷이 더 저렴할거같아요,"[ 0.00017893  0.03567505 -0.03457642 ... -0.03042603 -0.04092407
  0.02418518]",2,"['사다', '매장', '저렴하다', '낱개', '구매', '인터넷', '저렴하다']",사다 매장 저렴하다 낱개 구매 인터넷 저렴하다,1
3482,저는 인터넷은 못믿어서 매장가서 구매했어요,"[ 0.00654221  0.01971436 -0.0255127  ... -0.03253174 -0.05593872
 -0.00284386]",2,"['인터넷', '매장', '구매']",인터넷 매장 구매,2
3483,필요한거 한 두 개만 사는 거라면 온라인이 낫지만 여러개를 사야한다면 오프라인 매장이 나을 것 같아요!,"[ 0.00674057  0.02508545 -0.04437256 ... -0.02154541 -0.03683472
 -0.00192928]",2,"['필요', '사다', '온라인', '사다', '오프라인', '매장']",필요 사다 온라인 사다 오프라인 매장,1
3484,오프라인 견적본후에 온라인으로 한번 더 견적받고 더 저렴해서 온라인으로 구매했어요,"[-0.00411606  0.03448486 -0.02384949 ... -0.02407837 -0.03607178
 -0.01882935]",2,"['오프라인', '견적', '온라인', '견적', '저렴하다', '온라인', '구매']",오프라인 견적 온라인 견적 저렴하다 온라인 구매,0
3485,가전은 엘지라길래 온라인으로 맞췄어요!,"[ 0.00414658  0.03536987 -0.01818848 ... -0.02989197 -0.0375061
 -0.01940918]",2,"['가전', '엘지', '온라인', '맞추다']",가전 엘지 온라인 맞추다,1
3486,저도 오프라인 매장에서 구매를 할 예정입니다,"[ 0.00606918  0.03796387 -0.02792358 ... -0.01109314 -0.04852295
 -0.00237465]",2,"['오프라인', '매장', '구매', '예정']",오프라인 매장 구매 예정,1
3487,저는 앨지오브제 원하는 모델이 최신형이 아니기두 했구 꼭 필요한 몇가지만 살얘정이었어서 온라인으로 샀어요!,"[ 0.00854492  0.02587891 -0.0340271  ... -0.01031494 -0.04592896
 -0.02680969]",2,"['오브제', '원하다', '모델', '최신', '필요', '살얘정', '온라인', '사다']",오브제 원하다 모델 최신 필요 살얘정 온라인 사다,1
3488,오프라인으로 갈것 같아용 할인 엄청 맥이면 저렴한 가격에 할수있따고하더라구요,"[ 0.01190186  0.02685547 -0.02940369 ... -0.02168274 -0.0152359
  0.00584412]",2,"['오프라인', '할인', '맥', '저렴하다', '가격', '따다']",오프라인 할인 맥 저렴하다 가격 따다,2
3489,저는 지금 온라인으로 알아보고있긴란대 토탈을 할라면 오프라인으로 해야될것 같아요,"[ 0.01429749  0.04214478 -0.01260376 ... -0.03094482 -0.03649902
 -0.00597763]",2,"['온라인', '알아보다', '토탈', '오프라인']",온라인 알아보다 토탈 오프라인,0
3490,구입하려는 가지수가 적으면 온라인이 훨씬 나은데 6가지 이상이면 오프라인이 더 나은 것 같더라구용!,"[ 0.01141357  0.01493835 -0.03500366 ... -0.04385376 -0.01806641
 -0.00309372]",2,"['구입', '적다', '온라인', '이상', '오프라인']",구입 적다 온라인 이상 오프라인,1
3491,오프라인에서 전체적으로 보고 온라인하고 가격 비교한 다음에 고를 것 같아요!,"[-0.00172806  0.02502441 -0.02584839 ... -0.01771545 -0.03265381
 -0.01211548]",2,"['오프라인', '전체', '온라인', '가격', '비교', '다음', '고르다']",오프라인 전체 온라인 가격 비교 다음 고르다,0
3492,"구입하려는 가지수가 적으면 온라인, 구매 가지수가 많으면 오프라인이 좋다고 들었어요","[ 0.01142883  0.0127182  -0.03421021 ... -0.04190063 -0.02404785
 -0.00289917]",2,"['구입', '적다', '온라인', '구매', '많다', '오프라인', '좋다']",구입 적다 온라인 구매 많다 오프라인 좋다,0
3493,3개 이상 사려면 무조건 오프라인이 싸다고 본 것 같아요 게다가 혼수할인으로 더더욱이요,"[ 0.01991272  0.01712036 -0.03924561 ... -0.01821899 -0.02938843
  0.02262878]",2,"['이상', '사다', '오프라인', '싸다', '혼수', '할인']",이상 사다 오프라인 싸다 혼수 할인,2
3494,저는 오프라인 싹 돌아봤지만 필요한 것만 구입하느라 엘지오브제 온라인 공식몰에서 구입했어요,"[-0.00963593  0.01838684 -0.02584839 ... -0.02023315 -0.03019714
 -0.00291061]",2,"['오프라인', '돌다', '필요', '구입', '엘지', '오브제', '온라인', '공식', '구입']",오프라인 돌다 필요 구입 엘지 오브제 온라인 공식 구입,1
3495,최신모델+지난모델섞어 구매하려는데 돌아다니면서 견적 다 받아보니 전부 다 최신모델하는게 아니면 온라인이 저렴하긴 하더라고요ㅎㅎ,"[-0.0057869   0.02638245 -0.02601624 ... -0.01907349 -0.03201294
  0.00363159]",2,"['최신', '모델', '지나다', '모델', '섞다', '구매', '돌아다니다', '견적', '최신', '모델', '온라인']",최신 모델 지나다 모델 섞다 구매 돌아다니다 견적 최신 모델 온라인,1
3496,저는 오프라인으로 하려고 갔는데 온라인 가격이랑 스펙을 보니 오프라인이 비싸다고 느껴져서 온라인에서 구매했어요 ㅎㅎ,"[-0.00089312  0.02835083 -0.03158569 ... -0.01954651 -0.02276611
 -0.00284958]",2,"['오프라인', '온라인', '가격', '스펙', '오프라인', '비싸다', '온라인', '구매']",오프라인 온라인 가격 스펙 오프라인 비싸다 온라인 구매,0
3497,"저는 품목 리스트 한번 짜보고 6개넘어가면 오프라인에서 할인받고, 그 미만이면 걍 인터넷 최저가로 사려구여","[-0.00141239  0.00666428 -0.03552246 ... -0.02932739 -0.01977539
  0.00543213]",2,"['품목', '리스트', '짜다', '넘어가다', '오프라인', '할인', '미만', '인터넷', '최저', '사다']",품목 리스트 짜다 넘어가다 오프라인 할인 미만 인터넷 최저 사다,2
3498,전 지난시즌 제품만 온라인 구매하는 것도 좋아보이더라구요 ㅎㅎ,"[ 0.00739288  0.01864624 -0.02554321 ... -0.02978516 -0.03424072
 -0.00797272]",2,"['지나다', '시즌', '제품', '온라인', '구매', '좋다', '보이다']",지나다 시즌 제품 온라인 구매 좋다 보이다,1
3499,무조건 오프라인으로 하는게 좋을 것 같아요! 비교해보세요,"[ 0.00081778  0.02755737 -0.0198822  ... -0.034729   -0.02455139
 -0.00785065]",2,"['오프라인', '좋다', '비교']",오프라인 좋다 비교,0
3500,오프라인으로 알아보고 온라인에서 최저가로 구매하려규요!,"[ 0.00017715  0.034729   -0.03030396 ... -0.01901245 -0.03308105
 -0.01371765]",2,"['오프라인', '알아보다', '온라인', '최저', '구매']",오프라인 알아보다 온라인 최저 구매,0
3501,품목이 많다면 오프라인 견적 받아볼것 같아요,"[ 0.00417328  0.02333069 -0.02574158 ... -0.04049683 -0.03216553
  0.00460052]",2,"['품목', '많다', '오프라인', '견적']",품목 많다 오프라인 견적,0
3502,여러품목 사실거면 오프라인에서 할인 왕창받고 사는게 더 이득이더라구요~ 오프라인 구매했어요!,"[ 0.01138306  0.03610229 -0.04217529 ... -0.0164032  -0.03131104
 -0.02140808]",2,"['품목', '사다', '오프라인', '할인', '사다', '이득', '오프라인', '구매']",품목 사다 오프라인 할인 사다 이득 오프라인 구매,1
3503,저희는 오프라인에서 구입했어요! 다품목은 오프라인이 더 저렴한거같구 몇개만 사시능거면 인터넷이 저렴할거같아요,"[-0.01096344  0.02041626 -0.03799438 ... -0.02171326 -0.03414917
  0.0034771 ]",2,"['오프라인', '구입', '품목', '오프라인', '저렴하다', '사다', '인터넷']",오프라인 구입 품목 오프라인 저렴하다 사다 인터넷,1
3504,ㅎㅎ실물 열심히 보고나서 온라인으로 구매하는 것도 좋죠~ 캐쉬백보다 유리하다면요!,"[ 0.00448227  0.02392578 -0.02830505 ... -0.03915405 -0.03445435
 -0.007061  ]",2,"['실물', '온라인', '구매', '좋다', '캐쉬', '유리']",실물 온라인 구매 좋다 캐쉬 유리,1
3505,적게 구매하면 온라인이 유리하고 많이 구매하면 오프라인이요!,"[-0.00308609  0.02464294 -0.03158569 ... -0.03219604 -0.03396606
 -0.00582886]",2,"['적다', '구매', '온라인', '유리', '구매', '오프라인']",적다 구매 온라인 유리 구매 오프라인,1
3506,전 온라인으로 품목보고 가격다 적어서 갔는데 캐쉬백만 적용한 가격으로 해도 오프라인이 더 저렴했어요!,"[ 0.01153564  0.02207947 -0.03216553 ... -0.02243042 -0.02255249
 -0.00268364]",2,"['온라인', '품목', '보다', '가격', '적다', '캐쉬', '적용', '가격', '오프라인', '저렴하다']",온라인 품목 보다 가격 적다 캐쉬 적용 가격 오프라인 저렴하다,0
3507,오프라인에서 옷보고 입어보고 온라인으로 구매하는 느낌이에요 어차피 모델은 다 비슷하기 때문에 비대면 결제 나쁘지 않습니다!,"[-0.00531387  0.0154953  -0.03713989 ... -0.00918579 -0.03482056
 -0.0116806 ]",2,"['오프라인', '온라인', '구매', '느낌', '모델', '대면', '결제', '나쁘다']",오프라인 온라인 구매 느낌 모델 대면 결제 나쁘다,0
3508,집근처 범위에 베스트샵을 몇 군데만 더 발품 팔아보시는게 어떨까요ㅎㅎ,"[ 0.00366402  0.03076172 -0.02232361 ... -0.05117798 -0.04971313
  0.00017369]",2,"['근처', '범위', '베스트', '발품', '팔다']",근처 범위 베스트 발품 팔다,0
3509,온라인 박람회 참여한다음에 후기 작성만 하면 되나요?,"[-0.02510071 -0.00659943 -0.0051651  ... -0.04388428 -0.03433228
  0.00090694]",2,"['온라인', '박람회', '참여', '다음', '후기', '작성']",온라인 박람회 참여 다음 후기 작성,1
3510,온라인 견적도 볼수있고 다이렉트 스드메 완전 간편하네영,"[ 0.00590897  0.03857422 -0.01774597 ... -0.03875732 -0.03613281
  0.01222229]",2,"['온라인', '견적', '다이렉트', '스드메', '간편하다']",온라인 견적 다이렉트 스드메 간편하다,0
3511,"여러개 사는거는 오프라인이 더 저렴하고, 수량이 적으면 인터넷이요","[-0.00172329  0.02601624 -0.03222656 ... -0.03015137 -0.02761841
  0.01432037]",2,"['사다', '오프라인', '저렴하다', '수량', '적다', '인터넷']",사다 오프라인 저렴하다 수량 적다 인터넷,2
3512,그정도면 오프라인도 할인 많이 받을수 있을거 같아요 전 온라인보다 오프라인 추천이용,"[ 0.00331116  0.01889038 -0.03540039 ... -0.02078247 -0.02033997
 -0.00741959]",2,"['오프라인', '할인', '온라인', '오프라인', '추천']",오프라인 할인 온라인 오프라인 추천,0
3513,인터넷은 꼼꼼히 알아봐야하니 오프라인 추천해요,"[ 0.00358391  0.03442383 -0.01872253 ... -0.02914429 -0.01921082
 -0.01737976]",2,"['인터넷', '알아보다', '오프라인', '추천']",인터넷 알아보다 오프라인 추천,0
3514,저는 일단 손품발품 팔아서 원하는 모델 고른 다음에 혼자 견적내서 오프라인에 들이밀어보려구요. 안되면 온라인에서 주문하구요,"[ 0.00065947  0.01831055 -0.03149414 ... -0.03930664 -0.03048706
  0.01158905]",2,"['발품', '팔다', '원하다', '모델', '고르다', '다음', '혼자', '견적', '내다', '오프라인', '들이밀다', '온라인', '주문']",발품 팔다 원하다 모델 고르다 다음 혼자 견적 내다 오프라인 들이밀다 온라인 주문,0
3515,괜찮은 제품이면 온라인에서 살 거 같아요,"[ 0.01589966  0.0206604  -0.02879333 ... -0.03775024 -0.02445984
 -0.01542664]",2,"['괜찮다', '제품', '온라인', '살다']",괜찮다 제품 온라인 살다,1
3516,많이사면 오프라인 갈것같고 단품은 인터넷 행사가 노릴려구욤,"[-0.00181198  0.02050781 -0.03475952 ... -0.01893616 -0.02688599
  0.0150528 ]",2,"['사다', '오프라인', '인터넷', '행사', '노리다']",사다 오프라인 인터넷 행사 노리다,2
3517,온라인으로 사는 게 더 쌀 것 같아도 막상 가서 투어하고 한군데서 다 같이 사면 오프라인 견적 안알아봤음 큰일났겠다~ 싶더라고요ㅎㅎ,"[-0.00421906  0.03689575 -0.03179932 ... -0.02671814 -0.03207397
  0.00965118]",2,"['온라인', '사다', '싸다', '투어', '사다', '오프라인', '견적', '알아보다', '큰일']",온라인 사다 싸다 투어 사다 오프라인 견적 알아보다 큰일,1
3518,혼수 패키지와 온라인 비교해보시고 사면 좋을꺼 같습니다. 전 혼수 패키지가 더 쌀꺼 같긴 합니다!,"[ 0.01678467  0.01477814 -0.03967285 ... -0.02955627 -0.03048706
  0.00996399]",2,"['혼수', '패키지', '온라인', '비교', '사다', '좋다', '혼수', '패키지', '싸다']",혼수 패키지 온라인 비교 사다 좋다 혼수 패키지 싸다,1
3519,"품목이많으면 매장이 쌀거고, 개별로 사실거면 인터넷이 쌀거같아요! 매장도 백화점 마트 다 모델부터 다르니 비교잘해보세요","[ 0.01268005  0.00659943 -0.02191162 ... -0.04043579 -0.03344727
  0.0224762 ]",2,"['품목', '많다', '매장', '싸다', '개별', '사다', '인터넷', '싸다', '매장', '백화점', '마트', '모델', '다르다', '비교']",품목 많다 매장 싸다 개별 사다 인터넷 싸다 매장 백화점 마트 모델 다르다 비교,2
3520,다품목 구매하는거면 온라인ㅂ다는 오프라인으로 구매할거같아요 저는! ㅎㅎ,"[-0.00370598  0.0214386  -0.02252197 ... -0.02497864 -0.03823853
 -0.00658035]",2,"['품목', '구매', '온라인', '오프라인', '구매']",품목 구매 온라인 오프라인 구매,0
3521,매장에서 둘러보고 온라인으로 구매했어요 결국 배송은 다 전문 업체에서 오니 ㅎㄹ,"[-0.00117016  0.03063965 -0.02125549 ... -0.03283691 -0.0451355
 -0.0229187 ]",2,"['매장', '둘러보다', '온라인', '구매', '배송', '전문', '업체']",매장 둘러보다 온라인 구매 배송 전문 업체,1
3522,저희는 엘지 온라인으로 구매했어요 몇개 안샀거든요,"[ 0.00022137  0.02784729 -0.03704834 ... -0.03353882 -0.04507446
 -0.00907135]",2,"['엘지', '온라인', '구매', '사다']",엘지 온라인 구매 사다,1
3523,오프라인에서 직접 보시고 발품 손품파시는거 추천이요~,"[-0.01165009  0.02233887 -0.0120163  ... -0.03909302 -0.02983093
 -0.00255203]",2,"['오프라인', '발품', '파', '추천']",오프라인 발품 파 추천,0
3524,저는 온라인보다 매장 혜택이 더 커서 매장에서 했어요! 견적 받아보시고 비교해보시는게 좋을것같아욤,"[ 0.00579834  0.02813721 -0.03387451 ... -0.04876709 -0.02694702
  0.02069092]",2,"['온라인', '매장', '혜택', '크다', '매장', '견적', '비교', '좋다']",온라인 매장 혜택 크다 매장 견적 비교 좋다,0
3525,무조건 매장이요 ㅜ 매장물건이랑 온라인이랑 차이나요,"[ 0.01568604  0.01406097 -0.02516174 ... -0.04324341 -0.02993774
  0.01218414]",2,"['매장', '매장', '물건', '온라인', '차이']",매장 매장 물건 온라인 차이,2
3526,저는 오프라인 매장이 더 좋을 것 같긴해요,"[ 0.02374268  0.02165222 -0.03509521 ... -0.03851318 -0.03933716
 -0.00145245]",2,"['오프라인', '매장', '좋다']",오프라인 매장 좋다,2
3527,오프라인에서 원하는 거 구경한다음 온라인에서 저렴하게 구매 할려고요!,"[-0.00891113  0.03903198 -0.01800537 ... -0.02348328 -0.02999878
 -0.0304718 ]",2,"['오프라인', '원하다', '구경', '다음', '온라인', '저렴하다', '구매']",오프라인 원하다 구경 다음 온라인 저렴하다 구매,1
3528,오늘의 집처럼 온라인 구매 의사까지 있으시면 원하는 것 쏙쏙 하는거 추천드립니다~!,"[ 0.00491714  0.03930664 -0.02017212 ... -0.04278564 -0.05459595
 -0.02316284]",2,"['오늘', '온라인', '구매', '의사', '원하다', '추천', '드리다']",오늘 온라인 구매 의사 원하다 추천 드리다,0
3529,같은 제품이라도 사이트나 매장마다 차이가 있어서 엄청 메리트 잇는거아니면 저는 원하는 곳에서 각각하시는거 추천드려요,"[ 0.02154541  0.01277161 -0.03408813 ... -0.04229736 -0.0144043
  0.02580261]",2,"['제품', '사이트', '매장', '차이', '메리트', '원하다', '추천', '드리다']",제품 사이트 매장 차이 메리트 원하다 추천 드리다,0
3530,큼직한건 오프라인 하고 짜잘한건 인터넷 최저가 사려구요 ! ㅎㅎ,"[-0.00287628  0.04556274 -0.01509094 ... -0.02726746 -0.03475952
 -0.01277161]",2,"['큼직하다', '오프라인', '인터넷', '최저', '사다']",큼직하다 오프라인 인터넷 최저 사다,1
3531,여러가지 한꺼번에 사실거면 매장 한군데서 할인받고 사시는게 낫죠~ 인터넷은... 어디꺼 가따 파는지도 모르겠고 해서 믿음이 별루 안가더라구요 ㅠㅠ,"[ 0.00485611  0.03071594 -0.03335571 ... -0.03625488 -0.02638245
 -0.00930786]",2,"['사다', '매장', '할인', '사다', '인터넷', '끄다', '따다', '파', '믿음']",사다 매장 할인 사다 인터넷 끄다 따다 파 믿음,2
3532,데이트할때 여기저기 구경하면서 취향 맞춰보고있어요! 구매할때는 오프라인이랑 온라인 섞어서 구매할거같아요ㅎㅎ,"[ 0.00095654  0.00849915 -0.02862549 ... -0.02537537 -0.02453613
 -0.00871277]",2,"['데이트', '여기저기', '구경', '취향', '맞추다', '구매', '오프라인', '온라인', '섞다', '구매']",데이트 여기저기 구경 취향 맞추다 구매 오프라인 온라인 섞다 구매,1
3533,품목 갯수에 따라 다른 것 같아요! 품목이 적으면 인터넷이 좋은데 5개 넘어가는 순간부터 오프라인이 좋다고 하더라고요,"[-0.00421906  0.00314713 -0.02719116 ... -0.05062866 -0.01757812
  0.00460052]",2,"['품목', '갯수', '따르다', '다르다', '품목', '적다', '인터넷', '좋다', '넘어가다', '순간', '오프라인', '좋다']",품목 갯수 따르다 다르다 품목 적다 인터넷 좋다 넘어가다 순간 오프라인 좋다,0
3534,오프라인에서 너무 비싼 신제품들만 추천해줘서 별로였어요,"[ 0.00509262  0.02734375 -0.03649902 ... -0.00774002 -0.01442719
 -0.02108765]",2,"['오프라인', '비싸다', '제품', '추천']",오프라인 비싸다 제품 추천,2
3535,음.. 개별적 하나하나 몇개 품목 안사실거면 인터넷이 더 나을것같구용! 한꺼번에 여러품목이면 저는 그냥 오프라인이 더 나은것같아요!,"[-0.00379753  0.01208496 -0.0380249  ... -0.04736328 -0.03405762
  0.00665283]",2,"['개별', '품목', '사다', '인터넷', '품목', '오프라인']",개별 품목 사다 인터넷 품목 오프라인,2
3536,풀로 다 사셔야하면 발품팔아서 오프라인이 낫다는 얘기가 많구요! 몇종류 안되시면 인터넷도 나쁘지 않은 것 같아요!,"[-0.01053619  0.01044464 -0.0352478  ... -0.03582764 -0.03988647
  0.0136795 ]",2,"['사다', '발품', '팔다', '오프라인', '얘기', '많다', '종류', '인터넷', '나쁘다']",사다 발품 팔다 오프라인 얘기 많다 종류 인터넷 나쁘다,0
3537,요즘은 인터넷이 짱인거같아요 ㅋㅋ 저도 베스트샵 여러개 견적받고 현타와서 제가 직접 모델 고르고 최저가로 인터넷에서 맘편하게 사려고요 ㅎㅎ 베스트샵 할인받는것도 번거롭고 영업장난아님ㅎ계약하게끔 협박 장난아니더라고요.ㅋㅋ,"[ 0.00798798  0.02233887 -0.03738403 ... -0.03445435 -0.03128052
  0.00425339]",2,"['요즘', '인터넷', '최고', '베스트', '견적', '타다', '모델', '고르다', '최저', '인터넷', '편하다', '사다', '베스트', '할인', '영업', '장난', '계약', '협박', '장난']",요즘 인터넷 최고 베스트 견적 타다 모델 고르다 최저 인터넷 편하다 사다 베스트 할인 영업 장난 계약 협박 장난,2
3538,제가 비교 했을 때는 온라인이 무조건 쌌어요! 오프라인 행사를 노리거나 온라인 추천이요!,"[-0.00606918  0.01889038 -0.02796936 ... -0.01673889 -0.02137756
 -0.00841522]",2,"['비교', '온라인', '싸다', '오프라인', '행사', '노리다', '온라인', '추천']",비교 온라인 싸다 오프라인 행사 노리다 온라인 추천,0
3539,"온라인이 훨씬 저렴한데, 오프라인에서 사면 서비스로 주는 제품이나 혜택이 따로 있을 거라고 하더라구요! 둘 다 한번 보고 비교해보세요!","[-0.00920105  0.02619934 -0.03071594 ... -0.02626038 -0.01678467
 -0.01502991]",2,"['온라인', '오프라인', '사다', '서비스', '제품', '혜택', '비교']",온라인 오프라인 사다 서비스 제품 혜택 비교,2
3540,한꺼번에 할거면 오프라인에서 견적받고 서비스가전을 받더라구요 근데 신규오프라인 업체가 좋다고하니 한번 알아보세요,"[-0.00579071  0.03518677 -0.01432037 ... -0.0447998  -0.01527405
  0.01477051]",2,"['오프라인', '견적', '서비스', '신규', '오프라인', '업체', '좋다', '알아보다']",오프라인 견적 서비스 신규 오프라인 업체 좋다 알아보다,0
3541,품목이 많으면 오프라인 적으면 온라인이여 일단 저 품목으로 오프라인에서 견적받고 비슷한 라인으로 온라인에서 찾아보세여,"[-0.00430679  0.01558685 -0.02642822 ... -0.03198242 -0.0089035
 -0.00330353]",2,"['품목', '많다', '오프라인', '적다', '온라인', '품목', '오프라인', '견적', '라인', '온라인', '찾다']",품목 많다 오프라인 적다 온라인 품목 오프라인 견적 라인 온라인 찾다,0
3542,온라인이요 보는건 오프라인에서 보시고 모델명 알아가지고 온라인으로 구매하시는게 더 좋아요,"[-0.00692368  0.00648117 -0.03396606 ... -0.03396606 -0.02238464
 -0.00496674]",2,"['온라인', '오프라인', '모델명', '온라인', '구매', '좋다']",온라인 오프라인 모델명 온라인 구매 좋다,0
3543,오프라인으로 견적내서 발품파는게 더 저렴하대요,"[-0.00914764  0.04168701 -0.0229187  ... -0.03747559 -0.03125
  0.00139904]",2,"['오프라인', '견적', '내다', '발품', '파', '저렴하다']",오프라인 견적 내다 발품 파 저렴하다,0
3544,오프라인에서 실물 보고 사는게 좋을것 같아요,"[ 0.0072403   0.02867126 -0.02398682 ... -0.03564453 -0.03512573
 -0.02610779]",2,"['오프라인', '실물', '사다', '좋다']",오프라인 실물 사다 좋다,1
3545,오프라인이요! 오픈점 보시면 행사가도 커서 발품 파시는게 좋을듯해요 비대면 견적도 있으니 그쪽도 알아보시면 도움되실듯해요~~,"[ 0.00408173  0.00141525 -0.04800415 ... -0.04867554 -0.0231781
  0.00898743]",2,"['오프라인', '오픈', '행사', '크다', '발품', '파', '좋다', '대면', '견적', '알아보다', '도움']",오프라인 오픈 행사 크다 발품 파 좋다 대면 견적 알아보다 도움,0
3546,오프라인에서 샀어요! 카더라인지모르겟지만 온라인과 오프라인 상품이 다르다고 하길래요~,"[-0.00148487  0.01528931 -0.04177856 ... -0.020401   -0.03067017
 -0.02320862]",2,"['오프라인', '사다', '카더라', '온라인', '오프라인', '상품', '다르다']",오프라인 사다 카더라 온라인 오프라인 상품 다르다,1
3547,온라인 오프라인 견적 다 받아보고 결정할것 같아용,"[ 0.00274086  0.0362854  -0.01834106 ... -0.03915405 -0.02116394
  0.0065918 ]",2,"['온라인', '오프라인', '견적', '결정']",온라인 오프라인 견적 결정,0
3548,온라인구매도 좋은데 발품팔아 혜택받는것도 좋다 생각해요,"[-0.00088024  0.02851868 -0.03198242 ... -0.04376221 -0.05151367
 -0.00141335]",2,"['온라인', '구매', '좋다', '발품', '팔다', '혜택', '좋다', '생각']",온라인 구매 좋다 발품 팔다 혜택 좋다 생각,0
3549,저도 2개만 사면 돼서 온라인으로 생각하고 있어요ㅠ,"[-0.00131321  0.02807617 -0.02436829 ... -0.01307678 -0.02696228
  0.01424408]",2,"['사다', '온라인', '생각']",사다 온라인 생각,1
3550,세트로저도 묶어서 사고싶었는데 어차피 집 사이즈가안돼서 하나씩 비교해보고ㅜ온라인에서샀어요 만약 묶어서사실거라면 오프라인이더저렴해요,"[ 0.00648499  0.03179932 -0.04302979 ... -0.02870178 -0.04324341
  0.01124573]",2,"['세트', '묶다', '사다', '사이즈', '비교', '온라인', '사다', '묶다', '사다', '오프라인', '저렴하다']",세트 묶다 사다 사이즈 비교 온라인 사다 묶다 사다 오프라인 저렴하다,1
3551,품목이 적으면 온라인이 나을 거 같아요 일단 오프라인도 비교해서보세요,"[-0.003582    0.00699615 -0.02336121 ... -0.03613281 -0.01705933
 -0.00962067]",2,"['품목', '적다', '온라인', '오프라인', '비교']",품목 적다 온라인 오프라인 비교,0
3552,온라인 결제 왠만한 곳 1.5% 되나요? 가전제품 사야 하는데 인터넷으로 살까 하거든요..,"[-0.01237488  0.0447998  -0.02871704 ... -0.04977417 -0.01913452
  0.00261497]",2,"['온라인', '결제', '가전제품', '사다', '인터넷', '사다']",온라인 결제 가전제품 사다 인터넷 사다,2
3553,네 저는 온라인으로 구매했는데 문제 없이 사용하고 있습니다,"[ 0.01626587  0.01382446 -0.03668213 ... -0.02674866 -0.02958679
 -0.00523758]",2,"['온라인', '구매', '문제']",온라인 구매 문제,1
3554,구매하실 품목의 수량에 따라서 달라질것 같은데요 저희는 매장을 가서 구매를 하려고요 인터넷에서는 안되는 할인 혜택이 더 있을것도 같아서ㅎㅎ,"[ 0.00513458  0.02084351 -0.03149414 ... -0.03329468 -0.04190063
 -0.00028944]",2,"['구매', '품목', '수량', '따르다', '달라지다', '매장', '구매', '인터넷', '할인', '혜택']",구매 품목 수량 따르다 달라지다 매장 구매 인터넷 할인 혜택,2
3555,가구매장 여러군데 둘러보기도 했는데 결국에는 인터넷으로 구매했어요ㅎㅎ,"[-0.00154305  0.03234863 -0.02432251 ... -0.03387451 -0.04718018
 -0.00354385]",2,"['가구', '매장', '둘러보다', '결국', '인터넷', '구매']",가구 매장 둘러보다 결국 인터넷 구매,1
3556,자잘자잘한건 온라인으로 큰건 매장에서요~!,"[ 0.01138306  0.02850342 -0.02409363 ... -0.03436279 -0.03271484
 -0.00543976]",2,"['온라인', '크다', '매장']",온라인 크다 매장,2
3557,저는 여러군데서 견적내보니까 한번에 여러개살때는 매장에서 사는게 더 저렴하더라구여 ㅎ 인터넷 최저가합계를 더해보시구 매장가서 상담한번 받아보세용 ㅎ,"[ 0.0026989   0.03112793 -0.03253174 ... -0.04321289 -0.02833557
  0.03451538]",2,"['견적', '내다', '사다', '매장', '사다', '저렴하다', '인터넷', '최저', '합계', '매장', '상담']",견적 내다 사다 매장 사다 저렴하다 인터넷 최저 합계 매장 상담,2
3558,품목이 여러개면 매장가서 해도 할인 잘되더라구요! ㅋㅋ 얼마나 구매하느냐에따라 다를것 같아요,"[ 0.00786591  0.01591492 -0.0340271  ... -0.03062439 -0.03872681
  0.00762177]",2,"['품목', '매장', '할인', '구매', '따르다', '다르다']",품목 매장 할인 구매 따르다 다르다,2
3559,매장에서 산 것도 있고 가성비로 한 것들은 인터넷으로 구매했어요!,"[ 0.00747681  0.03167725 -0.0411377  ... -0.02444458 -0.05200195
 -0.01695251]",2,"['매장', '사다', '가성비', '인터넷', '구매']",매장 사다 가성비 인터넷 구매,2
3560,매장이던 인터넷이던 맘에드시는걸로 고르ㅅㅣ는게 가장좋을듯요!,"[ 0.01039124  0.00237274 -0.03198242 ... -0.04727173 -0.03001404
  0.00043488]",2,"['매장', '인터넷', '드시다', '고르다', '좋다']",매장 인터넷 드시다 고르다 좋다,2
3561,온라인으로 가격비교하고 매장가서 실물보고 제일 괜찮은 곳에서 구입했어요,"[ 0.01945496  0.02738953 -0.02627563 ... -0.02130127 -0.03762817
 -0.01467896]",2,"['온라인', '가격', '비교', '매장', '실물', '괜찮다', '구입']",온라인 가격 비교 매장 실물 괜찮다 구입,1
3562,일단 매장 여러군데 가서 직접 발품 팔아볼 예정입니다! 그리고 인터넷도 물론 비교하구요,"[ 0.00140858  0.02301025 -0.01300812 ... -0.04663086 -0.0397644
 -0.00065422]",2,"['매장', '발품', '팔다', '예정', '인터넷', '비교']",매장 발품 팔다 예정 인터넷 비교,0
3563,매장에서 직접보고 인터넷으로 비교할꺼같아요~!,"[ 0.00899506  0.01664734 -0.02114868 ... -0.04562378 -0.02897644
 -0.00040078]",2,"['매장', '인터넷', '비교']",매장 인터넷 비교,2
3564,큰거는 매장에서 보고 살려구요 ㅎㅎ 작은건 인터넷으로 살거같아용,"[ 0.00892639  0.02235413 -0.01422882 ... -0.03158569 -0.03881836
  0.00185013]",2,"['크다', '매장', '살다', '작다', '인터넷', '사다']",크다 매장 살다 작다 인터넷 사다,2
3565,저는 인터넷에서 사고싶었는데 예랑이가 오래걸린다해서 매장가서 구매했어요~ 보고 구매하는게 좋더라구요,"[ 0.01016998  0.01751709 -0.03518677 ... -0.03320312 -0.04208374
  0.00872803]",2,"['인터넷', '사다', '예랑이', '걸리다', '매장', '구매', '구매', '좋다']",인터넷 사다 예랑이 걸리다 매장 구매 구매 좋다,1
3566,"구입 제품 수량에 따라 달라요! 5개 미만은 온라인, 5개 이상은 오프라인 매장! 오프라인 매장은 사는 수량만큼 할인율이 올라가더라고요 엄처엉 발품 팔아 견적 받아봤는데 저희는 기존에 쓰던 제품들이 많아 수량이 적어서 결국 온라인이 제일 싸길래 온라인에서 했는데 대만족이욤!","[-0.00496674  0.03405762 -0.03479004 ... -0.0355835  -0.02958679
  0.00749588]",2,"['구입', '제품', '수량', '따르다', '다르다', '미만', '온라인', '이상', '오프라인', '매장', '오프라인', '매장', '사다', '수량', '할인', '올라가다', '엄처엉', '발품', '팔다', '견적', '기존', '쓰다', '제품', '많다', '수량', '적다', '온라인', '싸다', '온라인', '만족']",구입 제품 수량 따르다 다르다 미만 온라인 이상 오프라인 매장 오프라인 매장 사다 수량 할인 올라가다 엄처엉 발품 팔다 견적 기존 쓰다 제품 많다 수량 적다 온라인 싸다 온라인 만족,2
3567,"카페에서 봤었는데, 다품목으로 여러가지구매하실거면 오프라인이 저렴하고 1~2개 품목만 사는거면 온라인이 저렴하다그랬어요! 다품목으로 구매할때 백화점이나 할인들어가는게 많대요","[ 0.00978088  0.01766968 -0.03826904 ... -0.02088928 -0.03683472
  0.0004158 ]",2,"['카페', '품목', '구매', '오프라인', '품목', '사다', '온라인', '품목', '구매', '백화점', '할인', '들어가다', '많다']",카페 품목 구매 오프라인 품목 사다 온라인 품목 구매 백화점 할인 들어가다 많다,2
3568,"다품목으로 사면 오프라인이 저렴하죠. 그런데 백화점, 하이마트 등 주력모델이 달라요. 아무래도 백화점은 최상위모델위주이고, 하이마트나 대리점은 그것보단 아래모델이죠. 인터넷은 여러모델이 있고, 오프에는 파는 모델이지만 온라인에는 없는 모델도 있구요 ㅎㅎ 여러경로를 비교해보시능게 좋아요","[ 0.00242996  0.00605774 -0.04360962 ... -0.02713013 -0.02026367
  0.00291443]",2,"['품목', '사다', '오프라인', '저렴하다', '백화점', '하이마트', '주력', '모델', '다르다', '백화점', '상위', '모델', '위주', '하이마트', '대리점', '아래', '모델', '인터넷', '모델', '오프', '파', '모델', '온라인', '모델', '경로', '비교', '좋다']",품목 사다 오프라인 저렴하다 백화점 하이마트 주력 모델 다르다 백화점 상위 모델 위주 하이마트 대리점 아래 모델 인터넷 모델 오프 파 모델 온라인 모델 경로 비교 좋다,2
3569,다품목으로 견적받고 그 모델로 하나하나 인터넷 쳐서 최저가 비교해봤는데 온라인보다 저렴했어요!,"[-0.00043154  0.02685547 -0.03167725 ... -0.02909851 -0.03631592
 -0.00797272]",2,"['품목', '견적', '모델', '인터넷', '치다', '최저', '비교', '온라인']",품목 견적 모델 인터넷 치다 최저 비교 온라인,0
3570,"많이 사면 오프라인이 더 싸긴 한거같아요,, 대신 항목이적으면 인터넷이 좋구요","[ 0.00302696  0.01675415 -0.04165649 ... -0.03540039 -0.01937866
  0.01448822]",2,"['사다', '오프라인', '싸다', '대신', '항목', '적다', '인터넷', '좋다']",사다 오프라인 싸다 대신 항목 적다 인터넷 좋다,2
3571,그래서 다들 오프라인에서 구매하려 하나봐요.. 근데 결재가격이 좀 부담스러워서..ㅠ,"[ 0.00281525  0.03771973 -0.02372742 ... -0.02383423 -0.04367065
  0.00377464]",2,"['오프라인', '구매', '결재', '가격', '부담']",오프라인 구매 결재 가격 부담,1
3572,오프라인에서 추천받았던거 위주로 봐보셔여,"[ 0.00520706  0.01445007 -0.01933289 ... -0.02668762 -0.00052309
 -0.02020264]",2,"['오프라인', '추천', '위주']",오프라인 추천 위주,0
3573,네 모델명은 견적시에 받아봤는데 온라인이 더싼경우도 있고 비싼경우도 있더라구요,"[ 0.00569916  0.02519226 -0.03601074 ... -0.03671265 -0.02902222
  0.00131702]",2,"['모델명', '견적', '온라인', '싸다', '비싸다']",모델명 견적 온라인 싸다 비싸다,0
3574,온라인 박람회도 너무 잘 되어있구 좋더라구요~,"[ 0.00804901  0.01330566 -0.02761841 ... -0.04019165 -0.025177
 -0.00368309]",2,"['온라인', '박람회', '좋다']",온라인 박람회 좋다,1
3575,마자요! 저는 오프라인 박람회전에 다이렉트 온라인박람회에서 견적이랑 업체먼저 비교하고 갔더니 빠른 계약할수있어서 좋았어용,"[-0.016922    0.01447296 -0.021698   ... -0.04266357 -0.0317688
 -0.01084137]",2,"['오프라인', '박람회', '다이렉트', '온라인', '박람회', '견적', '업체', '비교', '빠르다', '계약', '좋다']",오프라인 박람회 다이렉트 온라인 박람회 견적 업체 비교 빠르다 계약 좋다,0
3576,굳이 싸게 살수있는데 오프라인으로 가야하나 싶네요 ㅎㅎ..,"[-0.00224686  0.03662109 -0.02113342 ... -0.02507019 -0.03338623
 -0.00335121]",2,"['싸다', '사다', '오프라인']",싸다 사다 오프라인,1
3577,여러군데 발품팔아서 오프라인 한곳에서 한꺼번에 사는게 싸게 살 수 있었어요,"[ 0.0058136   0.03424072 -0.02648926 ... -0.01809692 -0.03817749
 -0.01809692]",2,"['발품', '팔다', '오프라인', '사다', '싸다', '사다']",발품 팔다 오프라인 사다 싸다 사다,1
3578,4품목 이상은 오프라인이 저렴하다고 들었어요 저는 백화점에서 구입했어요,"[ 0.01957703  0.00498962 -0.04104614 ... -0.03729248 -0.03741455
  0.00028324]",2,"['품목', '이상', '오프라인', '백화점', '구입']",품목 이상 오프라인 백화점 구입,2
3579,다품목 해당되시면 오프라인 발품 파는게 더 저렴합니다. 전 엘지에서 맞췄습니다!,"[-0.01502228  0.01937866 -0.03704834 ... -0.03579712 -0.02980042
  0.00720215]",2,"['품목', '해당', '오프라인', '발품', '파', '저렴하다', '엘지', '맞추다']",품목 해당 오프라인 발품 파 저렴하다 엘지 맞추다,0
3580,품목이 많으면 오프라인이 낫다그러고 아니면 인터넷이 낫대요~,"[ 0.00238609 -0.00167656 -0.02937317 ... -0.05282593 -0.02883911
 -0.00369072]",2,"['품목', '많다', '오프라인', '그러다', '인터넷']",품목 많다 오프라인 그러다 인터넷,2
3581,매장 발품 파시는게 좋을거같아요 ~ 저꺼도 놀러오세용 ㅎㅎ,"[ 0.00566101  0.02330017 -0.01759338 ... -0.04837036 -0.04046631
  0.01951599]",2,"['매장', '발품', '파', '좋다', '끄다', '놀다']",매장 발품 파 좋다 끄다 놀다,0
3582,직접 매장가서 발품팔고 인터넷이랑 비교해보려구요~,"[ 0.00390625  0.02592468 -0.00953674 ... -0.04180908 -0.04403687
  0.00026226]",2,"['매장', '발품', '팔다', '인터넷', '비교']",매장 발품 팔다 인터넷 비교,0
3583,저는 온라인이 어려워 매장에서봤는데 견적 괜찮았어요 ㅎㅎ,"[ 0.00785065  0.02204895 -0.03010559 ... -0.03323364 -0.03887939
  0.01157379]",2,"['온라인', '매장', '견적', '괜찮다']",온라인 매장 견적 괜찮다,1
3584,온라인으로 함 보고 오프도 갈거같아요!,"[-0.00263214  0.0355835  -0.00476837 ... -0.01876831 -0.01933289
 -0.00734329]",2,"['온라인', '오프']",온라인 오프,1
3585,"오프라인으로도 알아보고 했는데, 최종결정은 오프라인에서 계약완료 했어요.","[ 0.00741959  0.03637695 -0.02851868 ... -0.01638794 -0.03302002
 -0.02388   ]",2,"['오프라인', '알아보다', '최종', '결정', '오프라인', '계약', '완료']",오프라인 알아보다 최종 결정 오프라인 계약 완료,0
3586,매장 여러군데에서 견적받았었어요! 온라인이 싸긴한데 배송일자 맞추기가 힘들어요!,"[ 0.00218582  0.03186035 -0.03997803 ... -0.03988647 -0.04751587
 -0.00593185]",2,"['매장', '견적', '온라인', '싸다', '배송', '일자', '맞추다', '힘들다']",매장 견적 온라인 싸다 배송 일자 맞추다 힘들다,2
3587,매장에 직접방문해서 발품파는게 좋을것같아요,"[ 0.00865173  0.02201843 -0.02217102 ... -0.05291748 -0.03765869
  0.00706482]",2,"['매장', '방문', '발품', '파', '좋다']",매장 방문 발품 파 좋다,0
3588,전아직 발품팔기전인데 친구는 온라인이더쌌대요,"[-0.00445557  0.03405762 -0.01800537 ... -0.03488159 -0.04226685
 -0.01480103]",2,"['발품', '팔다', '친구', '온라인', '싸다']",발품 팔다 친구 온라인 싸다,0
3589,저는 둘다 봣는데 많이살거아니면 온라인 5가지이상이면 오프라인이 혜택이좋은거같아요!,"[ 0.00144482  0.0008812  -0.03155518 ... -0.04107666 -0.03143311
  0.00259018]",2,"['사다', '온라인', '이상', '오프라인', '혜택', '좋다']",사다 온라인 이상 오프라인 혜택 좋다,1
3590,저는 매장에서 둘러보고 맘에 드는게 있으면 인터넷에서 주문합니다. 가격이 100만원이상 차이나는 것도 많아요~,"[-0.00248718  0.01965332 -0.00232887 ... -0.03912354 -0.0329895
  0.00081539]",2,"['매장', '둘러보다', '인터넷', '주문', '가격', '이상', '차이', '많다']",매장 둘러보다 인터넷 주문 가격 이상 차이 많다,2
3591,매장에서 직접보고 골랐어요! 인터넷으로 어느정도는 파악하고 갔구요,"[ 0.00590897  0.0184021  -0.02438354 ... -0.03396606 -0.03068542
 -0.01264191]",2,"['매장', '고르다', '인터넷', '파악']",매장 고르다 인터넷 파악,2
3592,다품목은 오프라인 소품목은 온라인이 할인폭이 더 크다고 들은거같아요~,"[ 0.0002197   0.02044678 -0.03878784 ... -0.02166748 -0.04678345
 -0.02102661]",2,"['품목', '오프라인', '품목', '온라인', '할인', '크다']",품목 오프라인 품목 온라인 할인 크다,0
3593,저는 품목이 2개라 인터넷으로 구매했어요. 인터넷이 싸긴 하져.. 품목이 많으면 오프라인 많이 하세용,"[-0.00329208  0.01250458 -0.03631592 ... -0.01792908 -0.02926636
  0.00554276]",2,"['품목', '인터넷', '구매', '인터넷', '싸다', '품목', '많다', '오프라인']",품목 인터넷 구매 인터넷 싸다 품목 많다 오프라인,2
3594,매장가서 견적받고 인터넷이랑 비교후 구매?!,"[ 0.00744247  0.02755737 -0.02554321 ... -0.04623413 -0.03582764
  0.00449753]",2,"['매장', '견적', '인터넷', '비교', '구매']",매장 견적 인터넷 비교 구매,0
3595,품목이 많지 않으면 온라인구매 추천드릴게요~,"[ 0.00160694  0.01893616 -0.02410889 ... -0.03057861 -0.03805542
 -0.00787354]",2,"['품목', '많다', '온라인', '구매', '추천', '드리다']",품목 많다 온라인 구매 추천 드리다,0
3596,인터넷에서 사더라도 일단 매장 상담하고 견적은 받아볼거같아요 !,"[ 0.00212669  0.03363037 -0.02507019 ... -0.04519653 -0.03155518
  0.01397705]",2,"['인터넷', '사다', '매장', '상담', '견적']",인터넷 사다 매장 상담 견적,2
3597,매장 견적 세 군데 받고 인터넷 비교해서 구입했어요~ 결과적으로 매장 견적이 더 저렴했어요~,"[ 0.01986694  0.02407837 -0.03738403 ... -0.02812195 -0.0512085
 -0.01068115]",2,"['매장', '견적', '인터넷', '비교', '구입', '결과', '매장', '견적', '저렴하다']",매장 견적 인터넷 비교 구입 결과 매장 견적 저렴하다,0
3598,"품목을 많이사면오프라인이 좋고, 적으면 온라인 가라고해서 전 오프라인에서 다햇어용","[ 0.00485229  0.01654053 -0.04077148 ... -0.01829529 -0.0181427
 -0.0005827 ]",2,"['품목', '사다', '오프라인', '좋다', '적다', '온라인', '오프라인']",품목 사다 오프라인 좋다 적다 온라인 오프라인,0
3599,친구들한테 듣기로는 몇가지 한번에 오프라인에서 사면 더 싸다고 했어요,"[ 0.00723267  0.04165649 -0.04031372 ... -0.01548004 -0.02787781
 -0.01130676]",2,"['친구', '오프라인', '사다', '싸다']",친구 오프라인 사다 싸다,1
3600,매장에서 제품명 알아가지고 와서 검색해보면 온라인이 무조건 싸대요 근데 전 그럴 열정은 없어서 그냥 매장에서 견적받고 살듯요 ㅋㅋ,"[ 0.00669098  0.02877808 -0.03649902 ... -0.03930664 -0.01907349
  0.00627899]",2,"['매장', '제품명', '검색', '온라인', '싸다', '열정', '매장', '견적', '살다']",매장 제품명 검색 온라인 싸다 열정 매장 견적 살다,2
3601,그 인터넷에서사는거랑 매장에서사는게 조금 다르다고듣긴했어요ㅠ 싼이유가있었어용,"[ 0.00823212  0.02815247 -0.02580261 ... -0.02534485 -0.03076172
 -0.00479889]",2,"['인터넷', '사다', '매장', '사다', '다르다', '싸다', '이유']",인터넷 사다 매장 사다 다르다 싸다 이유,2
3602,매장가서 견적도받아보고 온라인으로도 볼거같아요!,"[ 0.00476074  0.0324707  -0.02354431 ... -0.04327393 -0.03552246
  0.01482391]",2,"['매장', '견적', '온라인']",매장 견적 온라인,0
3603,"저희는 온라인최저가, 매장별 가격4~5곳 정도 비교해서 매장에서 구매했습니다","[ 0.01937866  0.02731323 -0.02940369 ... -0.02427673 -0.04092407
 -0.00803375]",2,"['온라인', '최저', '매장', '가격', '비교', '매장', '구매']",온라인 최저 매장 가격 비교 매장 구매,0
3604,매장가서 견적받아보려구요 발품팔아야죠ㅠㅠ,"[ 0.0056572   0.02505493 -0.01737976 ... -0.05245972 -0.03979492
  0.02412415]",2,"['매장', '견적', '발품', '팔다']",매장 견적 발품 팔다,0
3605,견적 먼저 받고 온라인가 알아보셔도 좋을 것 같아요~,"[ 0.00494385  0.04089355 -0.02416992 ... -0.05480957 -0.0198822
 -0.00274658]",2,"['견적', '온라인', '알아보다', '좋다']",견적 온라인 알아보다 좋다,0
3606,브랜드 통일해서 받으시는게 더 저렴하실 것 같아요 가짓수가 많으시면 오프라인으로 통일해서요~!,"[-0.00311279  0.03814697 -0.0322876  ... -0.02809143 -0.02490234
  0.01047516]",2,"['브랜드', '통일', '저렴하다', '가짓수', '많다', '오프라인', '통일']",브랜드 통일 저렴하다 가짓수 많다 오프라인 통일,0
3607,매장 먼저가셔서 견적받고 온라인이랑 비교하시는게 좋을 것 같아요! 백화점도 상품권 많이 주니깐 같이 알아보세요~,"[ 0.01079559  0.02558899 -0.03631592 ... -0.0435791  -0.03375244
  0.00536728]",2,"['매장', '견적', '온라인', '비교', '좋다', '백화점', '상품']",매장 견적 온라인 비교 좋다 백화점 상품,0
3608,매장 상담해보고 인터넷에서 살거같아요~설명을 잘 해주실거 같아서요,"[ 0.01524353  0.01210022 -0.02658081 ... -0.0496521  -0.03051758
 -0.00405884]",2,"['매장', '상담', '인터넷', '사다', '설명']",매장 상담 인터넷 사다 설명,2
3609,손품발품 다 하시더라고요. 근데 매장에서 세트로 맞추는게 아마 제일 저렴할거에요.,"[ 0.02836609  0.02246094 -0.0461731  ... -0.04260254 -0.02531433
  0.03038025]",2,"['발품', '매장', '세트', '맞추다', '저렴하다']",발품 매장 세트 맞추다 저렴하다,1
3610,온라인 구매보다는 일단 오프라인 매장부터 가볼 거 같아요,"[ 0.00452805  0.01828003 -0.01529694 ... -0.02316284 -0.03756714
 -0.01155853]",2,"['온라인', '구매', '오프라인', '매장']",온라인 구매 오프라인 매장,1
3611,"저는 개인적으로 비싼건 오프라인, 저렴한건 온라인 이용중이에요 ㅎㅎ","[-0.00519943  0.01078033 -0.01181793 ... -0.03543091 -0.02513123
 -0.00284004]",2,"['개인', '비싸다', '오프라인', '저렴하다', '온라인']",개인 비싸다 오프라인 저렴하다 온라인,2
3612,오프라인으로 사는게 전 맘편할것같아요 ㅎㅎ,"[ 0.01809692  0.04522705 -0.00278473 ... -0.03256226 -0.0276947
 -0.00597382]",2,"['오프라인', '사다', '편하다']",오프라인 사다 편하다,1
3613,전 절반정도는 품번 알아와서 공식업체에서 온라인으로 주문했어요,"[ 0.00810242  0.01985168 -0.02354431 ... -0.02931213 -0.02996826
  0.00123215]",2,"['절반', '공식', '업체', '온라인', '주문']",절반 공식 업체 온라인 주문,1
3614,오프라인으로 여기저기 견적받아서 햇어용,"[ 0.0010891   0.04205322 -0.01383972 ... -0.02430725 -0.02484131
 -0.00506592]",2,"['오프라인', '여기저기', '견적']",오프라인 여기저기 견적,0
3615,오프라인에서 보고 온라인에서 검색해보고 가장싼거 살거같아요!,"[-0.00418472  0.02346802 -0.03117371 ... -0.01687622 -0.02539062
 -0.01490021]",2,"['오프라인', '온라인', '검색', '싸다', '사다']",오프라인 온라인 검색 싸다 사다,1
3616,오프라인으로 둘러보고 온라인으로 하려구여 더 저렴하대여,"[-0.00262642  0.03497314 -0.02290344 ... -0.029953   -0.02249146
 -0.01084137]",2,"['오프라인', '둘러보다', '온라인', '저렴하다']",오프라인 둘러보다 온라인 저렴하다,1
3617,저는 오프라인으로도 알아본 제품을 온라인으로 알아보고 싼곳으로 해서 구매하려구용,"[ 0.00022352  0.02598572 -0.03543091 ... -0.02302551 -0.01786804
 -0.02458191]",2,"['오프라인', '알아보다', '제품', '온라인', '알아보다', '싸다', '구매']",오프라인 알아보다 제품 온라인 알아보다 싸다 구매,0
3618,온라인이랑 오프라인 견적 보고 비교해서 살 거 같아요!,"[-0.00153828  0.03057861 -0.02024841 ... -0.03068542 -0.03753662
 -0.02340698]",2,"['온라인', '오프라인', '견적', '비교', '사다']",온라인 오프라인 견적 비교 사다,0
3619,오프라인으로 발품파는게 젤 좋아요 !,"[-0.01063538  0.03735352 -0.02003479 ... -0.03512573 -0.03762817
 -0.01143646]",2,"['오프라인', '발품', '파', '좋다']",오프라인 발품 파 좋다,0
3620,오프라인으로 발품 진짜 열심히 팔았는데 온라인이 좀 더 싸길래 결국 온라인으로 진행했어요 대신 오프라인은 사은품을 디게 많이 주더라구요,"[-0.01038361  0.01530457 -0.02755737 ... -0.02441406 -0.03088379
 -0.00889587]",2,"['오프라인', '발품', '팔다', '온라인', '싸다', '결국', '온라인', '진행', '대신', '오프라인', '사은품']",오프라인 발품 팔다 온라인 싸다 결국 온라인 진행 대신 오프라인 사은품,0
3621,오프라인에서 직접 보고 딜도 걸어보고 ㅋㅋ 하려고요!,"[-0.00938416  0.02752686 -0.01134491 ... -0.02879333 -0.01908875
  0.00273514]",2,"['오프라인', '딜도', '걸다']",오프라인 딜도 걸다,2
3622,오프라인에서 할인혜택 받고 사려구요! 여러개 같이 살때는 더 저렴할 거 같아요,"[-0.00051117  0.03744507 -0.04180908 ... -0.01550293 -0.03067017
 -0.0058136 ]",2,"['오프라인', '할인', '혜택', '사다', '살다', '저렴하다']",오프라인 할인 혜택 사다 살다 저렴하다,2
3623,오프라인이 상담이 더 매끄러울거같아서 오프라인으로 하려구여!,"[-0.00016356  0.02284241 -0.01850891 ... -0.02922058 -0.01713562
 -0.00666428]",2,"['오프라인', '상담', '오프라인']",오프라인 상담 오프라인,0
3624,전 비교하고 온라인에서 살 생각도 있어요,"[ 0.0092392   0.02749634 -0.02224731 ... -0.03390503 -0.03530884
 -0.00882721]",2,"['비교', '온라인', '사다', '생각']",비교 온라인 사다 생각,1
3625,오프라인에서 직접 보고 만져보는게 좋더라구요~,"[ 0.00930023  0.03994751 -0.01419067 ... -0.03326416 -0.01641846
 -0.00387383]",2,"['오프라인', '만지다', '좋다']",오프라인 만지다 좋다,1
3626,품목별로 원하는 제품명 찾아서 전체 비교해보긴 해야될것 같아요ㅠㅠ 온라인도 최저가로 쫙 뽑아보고 이것저것 많이 찾아볼수록 싸게 살수 있다고하더라구요,"[ 0.00072289  0.02912903 -0.02189636 ... -0.02841187 -0.01811218
  0.01033783]",2,"['품목', '원하다', '제품명', '찾다', '전체', '비교', '온라인', '최저', '이것저것', '찾아보다', '싸다', '사다']",품목 원하다 제품명 찾다 전체 비교 온라인 최저 이것저것 찾아보다 싸다 사다,0
3627,오프라인으로 해야 가격할인이나 사은품도 받을 수 있는 걸로 알고 있어요!,"[ 0.00034976  0.03100586 -0.02079773 ... -0.0214386  -0.04116821
 -0.01279449]",2,"['오프라인', '가격', '할인', '사은품']",오프라인 가격 할인 사은품,0
3628,오프라인 발품 팔라고 하던데용 그게 서비스도 많고 저렴하게 구입가능하다더라구요,"[-0.0030632   0.03469849 -0.02865601 ... -0.03022766 -0.02833557
 -0.00509262]",2,"['오프라인', '발품', '팔다', '서비스', '많다', '구입', '가능']",오프라인 발품 팔다 서비스 많다 구입 가능,0
3629,전 둘다 비교해봤어요 오프가서 보고 온라인도 비교해보고,"[ 0.00662231  0.00100994 -0.01844788 ... -0.03213501 -0.01901245
 -0.0122757 ]",2,"['비교', '오프', '온라인', '비교']",비교 오프 온라인 비교,0
3630,온라인은 .. 저렴한 대신에 물건이 다르다하더라고용,"[-0.00225639  0.02960205 -0.01267242 ... -0.02774048 -0.01982117
 -0.04022217]",2,"['온라인', '대신', '물건', '다르다']",온라인 대신 물건 다르다,2
3631,오프라인으로 한꺼번에 사니까 나름 싸게 산 것 같아요,"[ 0.00775909  0.03387451 -0.03384399 ... -0.00861359 -0.03765869
 -0.00756454]",2,"['오프라인', '사다', '싸다', '사다']",오프라인 사다 싸다 사다,1
3632,오프라인으로 할인율묶어서 구매하는게 저렴해요,"[ 0.00690842  0.03601074 -0.02546692 ... -0.01338959 -0.03173828
 -0.00764084]",2,"['오프라인', '할인', '묶다', '구매', '저렴하다']",오프라인 할인 묶다 구매 저렴하다,1
3633,주변하시는것 보니 오프라인도 괜찮은것 같더라구요! ㅎㅎ,"[-5.27501106e-05  2.56500244e-02 -2.01110840e-02 ... -2.37274170e-02
 -1.00173950e-02 -3.58009338e-03]",2,"['주변', '오프라인', '괜찮다']",주변 오프라인 괜찮다,0
3634,오프라인과 온라인 가격비딩하고 결정하는거 추천해요,"[ 0.00313568  0.02334595 -0.02311707 ... -0.02452087 -0.01346588
 -0.00914001]",2,"['오프라인', '온라인', '가격', '결정', '추천']",오프라인 온라인 가격 결정 추천,0
3635,오프라인 온라인 둘 다 비교하시는게 좋아보여용,"[ 0.01308441  0.01325226 -0.02305603 ... -0.03009033 -0.02043152
 -0.01498413]",2,"['오프라인', '온라인', '비교', '좋다', '보이다']",오프라인 온라인 비교 좋다 보이다,0
3636,저도 오프라인으로 보고 온라인이랑 가격차이 심하면 온라인주문할래용,"[-0.00958252  0.03210449 -0.0123291  ... -0.01779175 -0.03549194
 -0.00237274]",2,"['오프라인', '온라인', '가격', '차이', '심하다', '온라인', '주문']",오프라인 온라인 가격 차이 심하다 온라인 주문,0
3637,저희는 묶음으로 살게 없어서 오프라인과 온라인 섞었어요 ㅎㅎ,"[ 0.00301933  0.02615356 -0.00067854 ... -0.01730347 -0.03897095
 -0.01329041]",2,"['묶음', '사다', '오프라인', '온라인', '섞다']",묶음 사다 오프라인 온라인 섞다,1
3638,오프라인이 더 혜택이 많은거같아요! 백화점비싸다해서 안가려했는데 가보니 캐쉬백이나 포인트 혜택많아서 쏠쏠했어용!,"[ 0.01863098  0.00536728 -0.02909851 ... -0.04107666 -0.03671265
  0.00288391]",2,"['오프라인', '혜택', '많다', '백화점', '비싸다', '캐쉬', '포인트', '혜택', '많다']",오프라인 혜택 많다 백화점 비싸다 캐쉬 포인트 혜택 많다,2
3639,우선 발품 팔아보고 백화점이랑 밖이랑 큰 차이없으면 백화점이요! ㅎㅎ,"[ 0.0073967   0.01618958 -0.02148438 ... -0.04751587 -0.03994751
  0.00177383]",2,"['발품', '팔다', '백화점', '크다', '차이', '백화점']",발품 팔다 백화점 크다 차이 백화점,2
3640,일단 발품 팔아보려구요! 다들 백화점에서도 많이하신대요,"[ 0.00821686  0.02397156 -0.02275085 ... -0.05023193 -0.04251099
  0.01482391]",2,"['발품', '팔다', '백화점']",발품 팔다 백화점,0
3641,일단 직접보고 할인혜택 비교해보고 온라인포함해 결정하게요,"[ 0.01013947  0.03390503 -0.01582336 ... -0.0355835  -0.0328064
 -0.00301933]",2,"['할인', '혜택', '비교', '온라인', '포함', '결정']",할인 혜택 비교 온라인 포함 결정,0
3642,저희는 오프라인에서 상담받고 직원가사이트에서 구매했어요,"[ 0.00462341  0.01287842 -0.02934265 ... -0.02532959 -0.04440308
 -0.02017212]",2,"['오프라인', '상담', '직원', '사이트', '구매']",오프라인 상담 직원 사이트 구매,0
3643,저도 발품팔긴해야하는데 성격상 그냥 백화점가서 맞춰버릴거같아요 ㅠㅠ,"[-0.00513458  0.01922607 -0.01142883 ... -0.04525757 -0.05215454
  0.02786255]",2,"['발품', '팔다', '성격', '백화점', '맞추다']",발품 팔다 성격 백화점 맞추다,2
3644,"저는 백화점, 대리점 여러군데 발품 팔고 결정할 생각입니당","[ 0.01586914  0.01965332 -0.02853394 ... -0.04208374 -0.04751587
  0.01027679]",2,"['백화점', '대리점', '발품', '팔다', '결정', '생각']",백화점 대리점 발품 팔다 결정 생각,0
3645,온라인은 한계가 있는거 같아요 전 오프라인에서 직접 보고 사는게 좋다고 생각합니다,"[ 0.00022948  0.02050781 -0.00645828 ... -0.03521729 -0.03616333
  0.00238609]",2,"['온라인', '한계', '오프라인', '사다', '좋다', '생각']",온라인 한계 오프라인 사다 좋다 생각,0
3646,저는 오프라인에서 정보 얻고 온라인에서 구매했어요 ㅎㅎ,"[-0.00143242  0.01406097 -0.02207947 ... -0.02175903 -0.03347778
 -0.02563477]",2,"['오프라인', '정보', '온라인', '구매']",오프라인 정보 온라인 구매,0
3647,우선 오프라인으로 혜택이나 이런것도 보구 직접 볼수 있으니 오프라인이요!,"[ 0.00538635  0.02290344 -0.01928711 ... -0.03077698 -0.02185059
 -0.01951599]",2,"['오프라인', '혜택', '오프라인']",오프라인 혜택 오프라인,0
3648,한번에 살거면 오프라인 조금 상거면 온라인이요 ㅎㅎ,"[-0.00383568  0.02250671 -0.00857544 ... -0.0328064  -0.02430725
 -0.01183319]",2,"['살다', '오프라인', '상거', '온라인']",살다 오프라인 상거 온라인,1
3649,저는 오프라인으로 사는게 마음이 놓여요,"[ 0.01455688  0.04013062 -0.00694656 ... -0.03118896 -0.03436279
 -0.00993347]",2,"['오프라인', '사다', '마음', '놓이다']",오프라인 사다 마음 놓이다,2
3650,저희는 일단 오프라인에서 견전 먼저 내보려구요! 이월상품이나 핫딜 상품으로 산다면 온라인이 더 싸긴 한 것 같더라구요,"[-0.01158905  0.02282715 -0.02412415 ... -0.03161621 -0.03479004
 -0.01980591]",2,"['오프라인', '내다', '이월', '상품', '상품', '사다', '온라인', '싸다']",오프라인 내다 이월 상품 상품 사다 온라인 싸다,2
3651,한번에 살 때는 오프라인이 유리한 것 같아요! 오늘의집은 한품목씩 딜 뜰때 사면 이득이긴 하더라구요!,"[-0.00068283  0.0161438  -0.0378418  ... -0.03390503 -0.04904175
 -0.00262642]",2,"['살다', '오프라인', '유리', '오늘', '품목', '뜨다', '사다', '이득']",살다 오프라인 유리 오늘 품목 뜨다 사다 이득,1
3652,한번에 살때는 오프라인이 유리하고 한 품목씩 따로살때는 온라인이 저렴해요 ㅎㅎ,"[ 0.00276184  0.02305603 -0.02822876 ... -0.02310181 -0.03536987
 -0.00656509]",2,"['살다', '오프라인', '유리', '품목', '살다', '온라인', '저렴하다']",살다 오프라인 유리 품목 살다 온라인 저렴하다,1
3653,저희는 3개 정도만 추가로 살 생각이어서 온라인으로 구매했어요,"[ 0.01117706  0.03384399 -0.03222656 ... -0.01426697 -0.03125
 -0.00589752]",2,"['추가', '사다', '생각', '온라인', '구매']",추가 사다 생각 온라인 구매,1
3654,오프라인으로 여기저기 찾아보고 세트로 한번에 구매하는게 좋은거같아요!,"[ 0.00730515  0.03140259 -0.03121948 ... -0.03065491 -0.04193115
 -0.00437546]",2,"['오프라인', '여기저기', '찾아보다', '세트', '구매', '좋다']",오프라인 여기저기 찾아보다 세트 구매 좋다,0
3655,어디서 사든 오프라인 방문 한번은 필수라 생각해요,"[ 0.00904083  0.02926636 -0.01911926 ... -0.03491211 -0.04116821
 -0.0044136 ]",2,"['사다', '오프라인', '방문', '필수', '생각']",사다 오프라인 방문 필수 생각,0
3656,오늘의집은 가전보단 가구요! 저희는 온라인에서 다 끝냈어요,"[ 0.00346947  0.03747559 -0.02545166 ... -0.02954102 -0.06027222
 -0.03019714]",2,"['오늘', '가전', '온라인', '끝내다']",오늘 가전 온라인 끝내다,2
3657,오늘의집너무괜찮지만 오프라인으로 할것같아요 ㅎㅎ,"[ 0.00469208  0.04174805 -0.01817322 ... -0.03424072 -0.04830933
 -0.00837708]",2,"['오늘', '괜찮다', '오프라인']",오늘 괜찮다 오프라인,1
3658,가전 4대 이상 사실거면 오프라인이 나요~ 그이하로 구매하실거면 저라면 온라인으로 하나씩 따로최저가 찾아서 살거같아요 ㅎ,"[ 0.00491714  0.01617432 -0.0324707  ... -0.03829956 -0.02897644
  0.00630951]",2,"['가전', '이상', '사다', '오프라인', '이하', '구매', '온라인', '최저', '찾다', '살다']",가전 이상 사다 오프라인 이하 구매 온라인 최저 찾다 살다,1
3659,아무래도 가성비로 하시려면 신상보다는 한단계 아래로 하셔야 될 거 같구 온라인 추천드려요,"[-0.00195694  0.02639771 -0.03041077 ... -0.03222656 -0.009758
 -0.0007143 ]",2,"['가성비', '신상', '단계', '아래', '온라인', '추천', '드리다']",가성비 신상 단계 아래 온라인 추천 드리다,1
3660,저는 다 삼성몰에서 온라인으로 샀어요~~,"[ 0.0011301   0.01094055 -0.04003906 ... -0.03662109 -0.03579712
 -0.00556183]",2,"['삼성몰', '온라인', '사다']",삼성몰 온라인 사다,1
3661,온라인도확인해 봐야겠어용 온라인도 끌팁이네욘,"[-0.00072145  0.01634216 -0.01620483 ... -0.04754639 -0.01316833
 -0.01154327]",2,"['온라인', '확인', '온라인', '끄다']",온라인 확인 온라인 끄다,1
3662,오프라인으로만 구매했어요 ! 여기저기 견적 받아보시면 좋아요,"[-0.00787354  0.03013611 -0.03161621 ... -0.02737427 -0.04040527
  0.00042439]",2,"['오프라인', '구매', '여기저기', '견적', '좋다']",오프라인 구매 여기저기 견적 좋다,0
3663,제 주변에 오프라인 가서 판매자분 잘 만나서 사은품도 많이 받고 온라인보다 훨씬 저렴하게 한 분이 있어요! 저도 웬만하면 오프라인 먼저 견적 받구 온라인으로 비교해볼 예정입니당,"[-0.00902557  0.03123474 -0.03805542 ... -0.03326416 -0.02523804
 -0.00466919]",2,"['주변', '오프라인', '판매자', '만나다', '사은품', '온라인', '저렴하다', '오프라인', '견적', '온라인', '비교', '예정']",주변 오프라인 판매자 만나다 사은품 온라인 저렴하다 오프라인 견적 온라인 비교 예정,0
3664,오프라인 가서 견적 한번 받아보시고 패밀리몰이랑 가격 비교 해보셔야할 거 같아요,"[-0.00125599  0.02340698 -0.02410889 ... -0.04214478 -0.03305054
  0.01925659]",2,"['오프라인', '견적', '패밀리', '가격', '비교']",오프라인 견적 패밀리 가격 비교,0
3665,행사하는 오프라인매장가셔서 견적뽑아보세요~ 그리고 패몰이랑 비교후에 살꺼같아요,"[ 0.00055361  0.00764084 -0.03604126 ... -0.03787231 -0.02215576
  0.01550293]",2,"['행사', '오프라인', '매장', '견적', '패모', '비교', '살다']",행사 오프라인 매장 견적 패모 비교 살다,2
3666,오프라인에서 견적 뽑아보고 온라인이 더 저렴한곳으로 구매할래요 가격차이가 크게 나지 않는다면 오프라인이요! 전 보고 사는걸 좋아해서ㅎㅎ,"[-0.01348877  0.01925659 -0.02612305 ... -0.03829956 -0.02832031
 -0.0104599 ]",2,"['오프라인', '견적', '온라인', '저렴하다', '구매', '가격', '차이', '크다', '오프라인', '사다', '좋아하다']",오프라인 견적 온라인 저렴하다 구매 가격 차이 크다 오프라인 사다 좋아하다,0
3667,저도 인터넷으로 구매했어요! 굳이 매장까지 안가도되죵,"[-0.00600433  0.02737427 -0.02267456 ... -0.02825928 -0.05273438
 -0.00466919]",2,"['인터넷', '구매', '매장']",인터넷 구매 매장,2
3668,온라인은 2~3개 정도 적게 구매하시면 나름 괜찮게 구매할 수 있다고 하는데 개수가 많으면 많을수록 오프라인이 저렴하다고 해요,"[ 0.00125504  0.01794434 -0.04385376 ... -0.0214386  -0.01651001
  0.00951385]",2,"['온라인', '적다', '구매', '괜찮다', '구매', '개수', '많다', '많다', '오프라인']",온라인 적다 구매 괜찮다 구매 개수 많다 많다 오프라인,0
3669,소량으로 사시는거면 괜찮아요! 다품목 구매할때만 매장에서 혜택있어요!,"[-0.00080633  0.0149765  -0.04129028 ... -0.02394104 -0.0402832
  0.01320648]",2,"['소량', '사다', '괜찮다', '품목', '구매', '매장', '혜택']",소량 사다 괜찮다 품목 구매 매장 혜택,2
3670,기능을 한번확인해보세요! 인터넷가로 나와있는거면 실제 오프라인상 제품이랑 기능이 떨어져있다고 들었어요,"[ 0.00695801  0.02186584 -0.02131653 ... -0.03292847 -0.01058197
 -0.01925659]",2,"['기능', '확인', '인터넷', '나오다', '오프라인', '제품', '기능', '떨어지다']",기능 확인 인터넷 나오다 오프라인 제품 기능 떨어지다,2
3671,온라인이 싸다는 인식이었는데 막상 한꺼번에 구매하니 오프라인이 더 괜찮더라구요,"[ 0.00868225  0.03344727 -0.03372192 ... -0.0194397  -0.03097534
  0.00018036]",2,"['온라인', '싸다', '인식', '구매', '오프라인', '괜찮다']",온라인 싸다 인식 구매 오프라인 괜찮다,1
3672,4개 이상 구입하면 매장할인가가 좀더 저렴한거 같아요,"[ 0.03707886  0.02505493 -0.02429199 ... -0.03244019 -0.03277588
  0.03295898]",2,"['이상', '구입', '매장', '할인', '저렴하다']",이상 구입 매장 할인 저렴하다,2
3673,인터넷이 원래 더 저렴해요 고장났을때 as가 빨리 안된다구 하더라구요 매장에서 산사람이 더 우선순위라 들었어요 그런 차이 아닐까요 ?,"[ 0.00855255  0.02157593 -0.01713562 ... -0.03262329 -0.0451355
 -0.00943756]",2,"['인터넷', '저렴하다', '고장', '매장', '사다', '사람', '우선순위', '차이']",인터넷 저렴하다 고장 매장 사다 사람 우선순위 차이,2
3674,저는 그게 불안해서 오프라인 생각중이에요,"[ 0.01182556  0.03363037 -0.02490234 ... -0.02749634 -0.01340485
 -0.00147152]",2,"['불안', '오프라인', '생각']",불안 오프라인 생각,1
3675,공식사이트나 믿을만한 사이트면 괜찮다고 생각하는데 품목 많으면 오프라인 추천이요,"[ 0.00177193 -0.00669861 -0.03845215 ... -0.03469849 -0.02003479
 -0.01316071]",2,"['공식', '사이트', '사이트', '괜찮다', '생각', '품목', '많다', '오프라인', '추천']",공식 사이트 사이트 괜찮다 생각 품목 많다 오프라인 추천,0
3676,잘만찾으면 오프라인도 온라인가격있을거에요! 발품추천드려요!,"[-0.01184082  0.03686523 -0.03826904 ... -0.02531433 -0.03387451
  0.0035038 ]",2,"['찾다', '오프라인', '온라인', '가격', '발품', '추천', '드리다']",찾다 오프라인 온라인 가격 발품 추천 드리다,0
3677,인터넷으로 사는것보다 백화점이나 마트에서 다품목할인받으면 전체적으론 더 혜택이많은거같아요,"[ 0.01637268  0.01945496 -0.02792358 ... -0.03353882 -0.05267334
 -0.00604248]",2,"['인터넷', '사다', '백화점', '마트', '품목', '할인', '전체', '혜택', '많다']",인터넷 사다 백화점 마트 품목 할인 전체 혜택 많다,2
3678,하나만 사는거면 매장에서 품번 알아서 인터넷에서 사는것도 괜찮을거 같아요!,"[ 0.00427628  0.02485657 -0.02444458 ... -0.02616882 -0.03591919
  0.02113342]",2,"['사다', '매장', '인터넷', '사다', '괜찮다']",사다 매장 인터넷 사다 괜찮다,2
3679,하나만 사는 거면 온라인도 괜찮을 거 같아요,"[ 0.01490784  0.02923584 -0.0165863  ... -0.02076721 -0.03092957
 -0.00195503]",2,"['사다', '온라인', '괜찮다']",사다 온라인 괜찮다,1
3680,할인상품은 오프라인이 더 쌀수도있어요 전 오프라인추천..,"[ 0.01286316  0.02017212 -0.0368042  ... -0.02832031 -0.02702332
 -0.0214386 ]",2,"['할인', '상품', '오프라인', '싸다', '오프라인', '추천']",할인 상품 오프라인 싸다 오프라인 추천,2
3681,일단 오프매장 예약해놔써용!다녀오깨용!,"[ 1.90277100e-02  3.19824219e-02 -1.57165527e-02 ... -3.27453613e-02
 -2.38647461e-02 -3.18884850e-05]",2,"['오프', '매장', '예약', '다녀오다', '깨']",오프 매장 예약 다녀오다 깨,2
3682,백화점 여기저기 발품팔아 구매하도라고요,"[ 0.0115509   0.03234863 -0.01433563 ... -0.0390625  -0.05392456
  0.00965881]",2,"['백화점', '여기저기', '발품', '팔다', '구매']",백화점 여기저기 발품 팔다 구매,0
3683,많은 항목이라면 오프라인이 할인률이 더 크다고 해서 발품 팔것 같아요 한두개 정도면 온라인 고고이고요,"[ 1.26361847e-05  1.90277100e-02 -3.80554199e-02 ... -3.34167480e-02
 -3.03344727e-02 -7.95745850e-03]",2,"['많다', '항목', '오프라인', '할인', '크다', '발품', '팔다', '온라인', '고고']",많다 항목 오프라인 할인 크다 발품 팔다 온라인 고고,0
3684,혼수가전은 은근히 오프라인도 저렴하더라구요 전 오프라인했어요,"[ 0.02288818  0.03515625 -0.02375793 ... -0.01450348 -0.02685547
 -0.00095606]",2,"['혼수', '가전', '오프라인', '저렴하다', '오프라인']",혼수 가전 오프라인 저렴하다 오프라인,1
3685,"백화점, 오픈매장 등 발품 팔려고 합니다~","[ 0.01222992  0.01774597 -0.02194214 ... -0.04580688 -0.0461731
 -0.01174164]",2,"['백화점', '오픈', '매장', '발품', '팔다']",백화점 오픈 매장 발품 팔다,2
3686,오픈하는 매장 오픈빨이 가장 좋다고는 하더라구요 발품많이 팔아야 좋대요 백화점이라고 무조건 비싼것도 아니라고 그러더라구요,"[ 0.01716614  0.00363731 -0.02636719 ... -0.04058838 -0.02528381
  0.00868225]",2,"['오픈', '매장', '오픈', '빨다', '좋다', '발품', '팔다', '좋다', '백화점', '비싸다', '그러다']",오픈 매장 오픈 빨다 좋다 발품 팔다 좋다 백화점 비싸다 그러다,2
3687,백화점이랑 삼성매장 같이 비교해보고 가격따져서 구매했습니당! 온라인으로 사기엔 항목이 너무 많아서요,"[ 0.00744247  0.01490021 -0.0489502  ... -0.03640747 -0.03509521
 -0.01276398]",2,"['백화점', '삼성', '매장', '비교', '가격', '따지다', '구매', '온라인', '사다', '항목', '많다']",백화점 삼성 매장 비교 가격 따지다 구매 온라인 사다 항목 많다,0
3688,인터넷이랑 오프라인매장 비교해보고 구매하려구요!,"[ 0.00596237  0.02619934 -0.02810669 ... -0.03341675 -0.04559326
 -0.01846313]",2,"['인터넷', '오프라인', '매장', '비교', '구매']",인터넷 오프라인 매장 비교 구매,2
3689,저도 거의 비슷하게 구매했는데 제품이 너무 다르기도 하고 온라인보다 오프라인이 더 나았어요!,"[ 0.00334549  0.01577759 -0.04629517 ... -0.02783203 -0.03381348
 -0.01346588]",2,"['구매', '제품', '다르다', '온라인', '오프라인']",구매 제품 다르다 온라인 오프라인,1
3690,매장에서 원하는 제품 보고 견적 받아보시고 인터넷이 더 싸면 인터넷으로 구입하는게 좋을거같아요! 전 그냥 매장에서 구입했는데 나중에 찾아보니 인터넷이 더 싸더라구요~,"[ 0.00234604  0.03366089 -0.03741455 ... -0.03068542 -0.02326965
  0.01689148]",2,"['매장', '원하다', '제품', '견적', '인터넷', '싸다', '인터넷', '구입', '좋다', '매장', '구입', '찾아보다', '인터넷', '싸다']",매장 원하다 제품 견적 인터넷 싸다 인터넷 구입 좋다 매장 구입 찾아보다 인터넷 싸다,2
3691,저는 매장가서 구매했습니다 근데 인터넷이 훨씬 싸긴 하더라구오,"[ 0.00335884  0.02003479 -0.0390625  ... -0.034729   -0.04016113
  0.00485229]",2,"['매장', '구매', '인터넷', '싸다']",매장 구매 인터넷 싸다,2
3692,단품은 인터넷이 싸고 여러개 구매하면 매장이 더싸다고 들었어요!,"[ 0.00045204  0.03659058 -0.0282135  ... -0.01850891 -0.04315186
  0.01332092]",2,"['인터넷', '싸다', '구매', '매장', '싸다']",인터넷 싸다 구매 매장 싸다,2
3693,저는 다 매장구매로 했는데 인터넷도 많이하시더라구요,"[ 0.01200104  0.01164246 -0.02032471 ... -0.04104614 -0.03887939
  0.01620483]",2,"['매장', '구매', '인터넷']",매장 구매 인터넷,2
3694,품목이 많으시면 오프라인 매장에서 혜택받는게 나을거같아요,"[ 0.0144043   0.02032471 -0.03988647 ... -0.03149414 -0.04272461
  0.00168037]",2,"['품목', '많다', '오프라인', '매장', '혜택']",품목 많다 오프라인 매장 혜택,2
3695,구매 갯수가 많으면 매장에서 직접 사시는게 더 할인이 많지않나욤?,"[ 0.01771545  0.03152466 -0.03149414 ... -0.04415894 -0.04397583
  0.02015686]",2,"['구매', '갯수', '많다', '매장', '사다', '할인', '많다']",구매 갯수 많다 매장 사다 할인 많다,2
3696,저도 매장 5군디 돌았는데 도대체 매장에서 사는 이득이 뭔지 모르겠더라구요.. 똑같은 조건에 인터넷이 300만원 더 싸요,"[-0.00545883  0.02961731 -0.03427124 ... -0.05142212 -0.02359009
  0.012146  ]",2,"['매장', '돌다', '매장', '사다', '이득', '똑같다', '조건', '인터넷', '싸다']",매장 돌다 매장 사다 이득 똑같다 조건 인터넷 싸다,2
3697,매장돌아다니면서 조금더 저렴한? 잘해주는? 곳에서 했어요!,"[ 0.00626755  0.02452087 -0.02888489 ... -0.04751587 -0.03369141
  0.00187492]",2,"['매장', '돌아다니다', '저렴하다']",매장 돌아다니다 저렴하다,2
3698,"여러개를 산다하면 매장, 한두개를 산다하면 온라인이 저렴한거같아요","[ 0.00238228  0.02391052 -0.03494263 ... -0.03713989 -0.025177
  0.01634216]",2,"['사다', '매장', '사다', '온라인']",사다 매장 사다 온라인,1
3699,저두 매장이요..! 근데 여러개 사지않는이상 한두개면 인터넷도 괜찮을거같아영,"[ 7.67111778e-05  2.20489502e-02 -4.12292480e-02 ... -4.43420410e-02
 -3.48815918e-02  2.04162598e-02]",2,"['매장', '사다', '이상', '인터넷', '괜찮다']",매장 사다 이상 인터넷 괜찮다,2
3700,매장에서구매하려구요! 인터넷은뭔가불안해서!,"[ 0.01204681  0.02908325 -0.0385437  ... -0.0383606  -0.04708862
  0.00967407]",2,"['매장', '구매', '인터넷', '불안']",매장 구매 인터넷 불안,2
3701,몇가지 안되면 인터넷에서 주문하는게 훨씬 저렴해요 근데 5가지 이상 되는거면 매장에서 구매하시는게 더 저렴해질 수도 있어요,"[ 0.00226212  0.03038025 -0.02120972 ... -0.02966309 -0.02832031
  0.01399994]",2,"['인터넷', '주문', '저렴하다', '이상', '매장', '구매']",인터넷 주문 저렴하다 이상 매장 구매,1
3702,두개다 비교해보려구요 매장은 발품많이팔고,"[ 0.02328491  0.01178741 -0.03005981 ... -0.04644775 -0.04217529
  0.0125885 ]",2,"['비교', '매장', '발품', '팔다']",비교 매장 발품 팔다,0
3703,매장가서 보고 인터넷으로 구매하면 저렴하더라구용,"[ 0.0007062   0.03411865 -0.02346802 ... -0.03457642 -0.03430176
  0.01120758]",2,"['매장', '인터넷', '구매', '저렴하다']",매장 인터넷 구매 저렴하다,2
3704,최신형이 아니면 온라인구매도 괜찮은것같아요,"[ 0.00509262  0.02223206 -0.03408813 ... -0.03219604 -0.0479126
 -0.00684738]",2,"['최신', '온라인', '구매', '괜찮다']",최신 온라인 구매 괜찮다,1
3705,저는 온라인이랑 오프라인 둘 다 알아봤는데 4개 이상 살 경우 오프라인이 훨씬 저렴했어요. 그리고 온라인에는 주로 중국산이더라구요?,"[-0.0052948   0.01140594 -0.04467773 ... -0.02799988 -0.0133667
  0.00427628]",2,"['온라인', '오프라인', '이상', '사다', '오프라인', '온라인', '중국']",온라인 오프라인 이상 사다 오프라인 온라인 중국,1
3706,오프라인 백화점 말고 전 다른데서 구매했는데 카드같은거 안만들고 온라인만큼 저렴하게 사서 만족해여 ㅋㅋ 오프라인도 한번보세여!,"[-0.00428772  0.02192688 -0.04168701 ... -0.02540588 -0.03997803
 -0.00471497]",2,"['오프라인', '백화점', '말', '구매', '카드', '만들다', '온라인', '저렴하다', '사다', '만족', '오프라인']",오프라인 백화점 말 구매 카드 만들다 온라인 저렴하다 사다 만족 오프라인,1
3707,어차피 여러가지 사야한다면 이것저것 공부해서 오프라인에서 한꺼번에 구매하면서 할인 좀 더 받을 것 같아요,"[ 0.00949097  0.02835083 -0.03533936 ... -0.022995   -0.02325439
  0.00136471]",2,"['사다', '이것저것', '공부', '오프라인', '구매', '할인']",사다 이것저것 공부 오프라인 구매 할인,2
3708,저는 그냥 오프라인 묶음 할인받는게 더 좋은거 같아용! 온라인으로 알아보기엔 너무 하나하나 다 해야할꺼같아서용,"[-0.00618744  0.01928711 -0.03491211 ... -0.02760315 -0.03161621
  0.00359154]",2,"['오프라인', '묶음', '할인', '좋다', '온라인', '알아보다']",오프라인 묶음 할인 좋다 온라인 알아보다,0
3709,온라인이요! 온라인에서 쿠폰할인 카드할인 같은거 영끌하면 더 저렴해요,"[ 0.00011915  0.02500916 -0.02415466 ... -0.03076172 -0.03430176
 -0.00025725]",2,"['온라인', '온라인', '쿠폰', '할인', '카드', '할인', '저렴하다']",온라인 온라인 쿠폰 할인 카드 할인 저렴하다,1
3710,온라인보다는 오프라인에서 묶음 할인이 좋을 것 같아요,"[ 0.00765228  0.0211792  -0.03182983 ... -0.01373291 -0.04141235
 -0.0109024 ]",2,"['온라인', '오프라인', '묶음', '할인', '좋다']",온라인 오프라인 묶음 할인 좋다,0
3711,저는 오프라인 묶음 가려구요! 통일해서~,"[ 0.01024628  0.02722168 -0.02809143 ... -0.00566101 -0.01369476
  0.00278091]",2,"['오프라인', '묶음', '통일']",오프라인 묶음 통일,0
3712,소량 구매할 때는 온라인이 낫다고 들었어요~!,"[-0.00201607  0.03903198 -0.02697754 ... -0.03048706 -0.0411377
 -0.02406311]",2,"['소량', '구매', '온라인']",소량 구매 온라인,1
3713,저희도 온라인최저가 장바구니 담앗다가 그냥 백화점가서삿어요 백화점생각도업엇는데 생각보다 쌋어요! 제글보면 후기잇어용,"[ 1.14917755e-03  1.79138184e-02 -3.50036621e-02 ... -2.45208740e-02
 -3.46984863e-02  2.93850899e-05]",2,"['온라인', '최저', '장바구니', '담다', '백화점', '사다', '백화점', '생각', '생각', '싸다', '후기']",온라인 최저 장바구니 담다 백화점 사다 백화점 생각 생각 싸다 후기,1
3714,주변에서는 오프라인에서 많이 하더라구요,"[ 0.01174164  0.02745056 -0.01081848 ... -0.02209473 -0.0011034
 -0.00619507]",2,"['주변', '오프라인']",주변 오프라인,0
3715,오프라인으로 보고 묶음으로 사는게 좋은것 같더라구요!,"[ 0.00213242  0.03071594 -0.0227356  ... -0.02607727 -0.03967285
 -0.00234413]",2,"['오프라인', '묶음', '사다', '좋다']",오프라인 묶음 사다 좋다,0
3716,꼭 필요한거만 사실꺼면 온라인 최저가요,"[ 0.01628113  0.03634644 -0.02476501 ... -0.02105713 -0.02400208
 -0.01319885]",2,"['필요', '사다', '온라인', '최저']",필요 사다 온라인 최저,1
3717,오프라인이 좋은것 같아요! 온라인은 진짜 복불복느낌이라 직접보고 오프 할인받으시는게 좋지않을까요?,"[-0.00348091  0.01462555 -0.04803467 ... -0.04580688 -0.03411865
 -0.00046611]",2,"['오프라인', '좋다', '온라인', '복불복', '느낌', '오프', '할인', '좋다']",오프라인 좋다 온라인 복불복 느낌 오프 할인 좋다,0
3718,묶어서 하면 더 저렴한 경우가 있어서 오프라인에서 할 것 같아요,"[ 0.0094223   0.03823853 -0.02513123 ... -0.01705933 -0.01882935
  0.00305748]",2,"['묶다', '저렴하다', '오프라인']",묶다 저렴하다 오프라인,1
3719,저는 온라인 최저가로 구입했는데 잘 이용하고 있습니다,"[ 0.01837158  0.02528381 -0.03674316 ... -0.02384949 -0.03738403
  0.0005374 ]",2,"['온라인', '최저', '구입']",온라인 최저 구입,1
3720,혼수로 이것저것 많이 하시는 거면 묶음이 나을 것 같은데 품목적으면 온라인이 좋을 것 같아요!,"[ 0.01983643  0.01690674 -0.03475952 ... -0.02690125 -0.03366089
  0.01817322]",2,"['혼수', '이것저것', '묶음', '품목', '적다', '온라인', '좋다']",혼수 이것저것 묶음 품목 적다 온라인 좋다,0
3721,품목이 몇개 안되면 온라인도 괜찮을 것 같아요,"[ 0.0111618   0.01126099 -0.03509521 ... -0.03094482 -0.0319519
 -0.01213074]",2,"['품목', '온라인', '괜찮다']",품목 온라인 괜찮다,1
3722,저는 온라인은 정식 홈페이지 아니고는 잘 못믿는 타입이라.. 손해보더라도 그냥 맘편한게 좋아서 오프라인에서 사요ㅎㅎ,"[-0.01068878  0.01982117 -0.02658081 ... -0.03485107 -0.02793884
 -0.01283264]",2,"['온라인', '정식', '홈페이지', '타입', '손해', '편하다', '좋다', '오프라인', '사다']",온라인 정식 홈페이지 타입 손해 편하다 좋다 오프라인 사다,1
3723,제가 인터넷 최저가로 하나씩 구매하는 거랑 한번에 매장에서 구매하는 거랑 가격비교해봤는데 최종 혜택이 들어가면 매장에서 한번에 사는 게 더 저렴하게 되더라구용! 저흰 한 매장에서 한번에 구매했어요,"[ 0.01036072  0.03231812 -0.02584839 ... -0.03024292 -0.04632568
  0.01561737]",2,"['인터넷', '최저', '구매', '매장', '구매', '가격', '비교', '최종', '혜택', '들어가다', '매장', '사다', '저렴하다', '매장', '구매']",인터넷 최저 구매 매장 구매 가격 비교 최종 혜택 들어가다 매장 사다 저렴하다 매장 구매,2
3724,한곳에서 사야 할인혜택이 많아요~~~ 가짓수 많으시다면 오프라인에서 구매하세요~~!,"[ 0.00800323  0.03363037 -0.0458374  ... -0.0297699  -0.04037476
  0.00180817]",2,"['사다', '할인', '혜택', '많다', '가짓수', '많다', '오프라인', '구매']",사다 할인 혜택 많다 가짓수 많다 오프라인 구매,2
3725,상담받은곳은 수지점 한군데인가요? 혹시 백화점이랑도 가격비교해보셨는지 궁금하네요~ 저도 슬슬 준비해야하는데 인터넷보다는 확실히 한번에 여러개 사는 현장에서 견적받는게 싼거같더라구요! 근데 그것도 오프라인지점마다도 차이가있는듯해서요!,"[ 5.07831573e-05  2.69622803e-02 -3.90014648e-02 ... -3.07464600e-02
 -2.14080811e-02  3.70483398e-02]",2,"['상담', '수지', '백화점', '가격', '비교', '궁금하다', '준비', '인터넷', '사다', '현장', '견적', '싸다', '오프라인', '지점', '차이']",상담 수지 백화점 가격 비교 궁금하다 준비 인터넷 사다 현장 견적 싸다 오프라인 지점 차이,2
3726,저는 진짜 발품 많이 팔았는데 온라인이 제일 싼 것 같긴해요! 하지만 직접 보고 결제했습니닷ㅋㅋ,"[-0.01113129  0.02062988 -0.0255127  ... -0.03552246 -0.03019714
  0.00160313]",2,"['발품', '팔다', '온라인', '싸다', '결제']",발품 팔다 온라인 싸다 결제,0
3727,저는 지인통해서 구매했어용 아마 온라인이 젤쌀듯 싶네용,"[-0.00105953  0.02326965 -0.04107666 ... -0.03341675 -0.03216553
 -0.00568008]",2,"['지인', '통하다', '구매', '온라인', '싸다']",지인 통하다 구매 온라인 싸다,1
3728,저도 백화점이랑 로드샵 구경해보고 원하는 제품군들 비교해보고 인터넷으로 찾아서 구매했어요! 가격은 인터넷이 갑입니당!,"[ 0.00688934  0.01087189 -0.03106689 ... -0.03234863 -0.03665161
  0.00161076]",2,"['백화점', '로드', '구경', '원하다', '제품군', '비교', '인터넷', '찾다', '구매', '가격', '인터넷']",백화점 로드 구경 원하다 제품군 비교 인터넷 찾다 구매 가격 인터넷,2
3729,전 온라인 비교해보고 제일 싼곳에서 구매헀어요 ㄷ,"[ 0.0031662   0.02105713 -0.02261353 ... -0.02828979 -0.02983093
 -0.00447464]",2,"['온라인', '비교', '싸다', '구매헀']",온라인 비교 싸다 구매헀,0
3730,대부분 지인통해서나 온라인으로사는데 여기후기보면 다 발품팔아서하시더라구요ㅠㅠ,"[-0.00784302  0.01748657 -0.01623535 ... -0.04058838 -0.02626038
  0.0068512 ]",2,"['부분', '지인', '통하다', '온라인', '사다', '후기', '발품', '팔다']",부분 지인 통하다 온라인 사다 후기 발품 팔다,1
3731,저는 오늘의집에서도 봤어요..ㅎ 온라인도 괜찮아요!,"[-0.00021124  0.00601959 -0.02374268 ... -0.03134155 -0.04672241
 -0.00206947]",2,"['오늘', '온라인', '괜찮다']",오늘 온라인 괜찮다,1
3732,제 친구는 발품오지게팔다가 결국 온라인이 더 싸서 온라인으로 샀대요! ㄷ,"[-0.01139832  0.0350647  -0.02545166 ... -0.02653503 -0.04226685
 -0.010849  ]",2,"['친구', '발품', '오지', '팔다', '온라인', '싸다', '온라인', '사다']",친구 발품 오지 팔다 온라인 싸다 온라인 사다,1
3733,조금 구매하면 온라인이 싸고 다품목 구매하면 오프라인 오픈점이 제일 싸요!,"[ 0.00730133  0.021698   -0.03598022 ... -0.0140152  -0.03622437
 -0.01481628]",2,"['구매', '온라인', '싸다', '품목', '구매', '오프라인', '오픈', '싸다']",구매 온라인 싸다 품목 구매 오프라인 오픈 싸다,1
3734,신규오픈한 매장가시면 프로모션 더 쳐준다고 하네요 ㅎㅎ 실적때문인데 발품 팔아보시는게 좋을 것 같아요!,"[-0.01101685  0.00584793 -0.02474976 ... -0.03924561 -0.03071594
  0.02079773]",2,"['신규', '오픈', '매장', '프로모션', '치다', '실적', '발품', '팔다', '좋다']",신규 오픈 매장 프로모션 치다 실적 발품 팔다 좋다,2
3735,"지인이 있다면 지인! 아니면,, 실제 돌아는 보되 같은제품 온라인이 더 싸면 온라인이요 ㅎㅎ","[-0.00687408  0.02534485 -0.02507019 ... -0.05026245 -0.02180481
 -0.01235199]",2,"['지인', '지인', '실제', '돌다', '제품', '온라인', '싸다', '온라인']",지인 지인 실제 돌다 제품 온라인 싸다 온라인,1
3736,저는 오프라인에서 실제모델보고 온라인에서 샀어요! ㄷ,"[-0.00918579  0.01493835 -0.01985168 ... -0.02183533 -0.03674316
 -0.02357483]",2,"['오프라인', '실제', '모델', '온라인', '사다']",오프라인 실제 모델 온라인 사다,1
3737,온라인으로 구매 하는게 싸서 인터넷으로 햇어요 ㄷ,"[-0.00544739  0.0383606  -0.01620483 ... -0.02937317 -0.03320312
 -0.00956726]",2,"['온라인', '구매', '싸다', '인터넷']",온라인 구매 싸다 인터넷,1
3738,마트도 발품 팔고 온라인도 비교하는 방법이 최고인거 같아요! ㄷ,"[ 0.0010643   0.02452087 -0.01118469 ... -0.04251099 -0.0435791
 -0.00531006]",2,"['마트', '발품', '팔다', '온라인', '비교', '방법', '최고']",마트 발품 팔다 온라인 비교 방법 최고,0
3739,LG했는데 진짜 요즘은 다 좋은 것 같아요 ㅎㅎ 오프라인 발품 많이 파세용 !,"[-0.01205444  0.02609253 -0.02490234 ... -0.04302979 -0.02790833
 -0.01486206]",2,"['좋다', '오프라인', '발품', '파']",좋다 오프라인 발품 파,0
3740,결혼한 언니가 다 돌아다녀보니 결국엔 온라인이 제일 저렴하다던 후기가..,"[-0.00900269  0.03025818 -0.03720093 ... -0.02644348 -0.02830505
  0.00070906]",2,"['결혼', '언니', '돌아다니다', '결국', '온라인', '저렴하다', '후기']",결혼 언니 돌아다니다 결국 온라인 저렴하다 후기,1
3741,오프라인으로 가야 이것저것 더챙겨주는거 같아요,"[ 0.01009369  0.02542114 -0.0241394  ... -0.01184082 -0.01004791
  0.00437546]",2,"['오프라인', '이것저것', '챙기다']",오프라인 이것저것 챙기다,0
3742,두개면 온라인 최저가가 더 좋아요!,"[ 0.00832367  0.02406311 -0.03265381 ... -0.03091431 -0.02163696
 -0.00303459]",2,"['온라인', '최저', '좋다']",온라인 최저 좋다,1
3743,오프라인으로 이곳저곳 발품 팔아보는 건 어떨까요~?,"[-0.00716019  0.03909302 -0.01644897 ... -0.04217529 -0.04031372
 -0.01800537]",2,"['오프라인', '이곳저곳', '발품', '팔다']",오프라인 이곳저곳 발품 팔다,0
3744,두래만 딱 사면 온라인이요 ㅎㅎ 그래도 혹시 모르니 오프라인 견적도 받아보세요!,"[-0.01460266  0.03717041 -0.01957703 ... -0.03814697 -0.03186035
  0.00380516]",2,"['사다', '온라인', '오프라인', '견적']",사다 온라인 오프라인 견적,1
3745,두가지면 온라인이 좋을 것 같지만 그래도 발품팔아볼래용,"[-0.0028286   0.02476501 -0.03317261 ... -0.04830933 -0.03448486
 -0.00392914]",2,"['온라인', '좋다', '발품', '팔다']",온라인 좋다 발품 팔다,0
3746,두개만 살꺼면 온라인으로 사셔도 괜찮을꺼 같아요~,"[ 0.00401306  0.0241394  -0.03546143 ... -0.02426147 -0.03353882
  0.00485992]",2,"['살다', '온라인', '사다', '괜찮다']",살다 온라인 사다 괜찮다,1
3747,"묶음으로 사려면 오프라인, 낱개는 온라인이요!","[-0.00626755  0.02748108 -0.02416992 ... -0.01433563 -0.04763794
 -0.00076342]",2,"['묶음', '사다', '오프라인', '낱개', '온라인']",묶음 사다 오프라인 낱개 온라인,1
3748,몇개 안되시면 온라인이 견적 더 좋게 나올것같아용!,"[-0.00888824  0.03463745 -0.03424072 ... -0.03930664 -0.03442383
  0.00418472]",2,"['온라인', '견적', '좋다', '나오다']",온라인 견적 좋다 나오다,0
3749,두가지면 온라인이 훨씬 쌀 거 예요. ㄷㅂ부탁드려요.,"[-0.00153828  0.02346802 -0.02322388 ... -0.04019165 -0.02023315
 -0.00760269]",2,"['온라인', '싸다', '부탁드리다']",온라인 싸다 부탁드리다,1
3750,저랑 비슷하시네요 무조건 온라인이요! 저도 3가지만 필요해서 가격 비교 다 해봤는데 온라인이 제일 저렴했어요!,"[ 0.00059938  0.02374268 -0.03973389 ... -0.02416992 -0.02789307
  0.00682068]",2,"['비슷하다', '온라인', '필요', '가격', '비교', '온라인', '저렴하다']",비슷하다 온라인 필요 가격 비교 온라인 저렴하다,0
3751,오프라인 발품 팔면서 최대 할인가 견적 받아보시고 온라인이랑 비교했을 때 혜택이 더 좋은쪽으로 하세요!ㄷ,"[-0.00173092  0.03674316 -0.02548218 ... -0.02629089 -0.03930664
 -0.01457977]",2,"['오프라인', '발품', '팔다', '최대', '할인', '견적', '온라인', '비교', '혜택', '좋다']",오프라인 발품 팔다 최대 할인 견적 온라인 비교 혜택 좋다,0
3752,품목이 적다면 온라인이 저렴할것같은데 그래도 둘다 가격비교 해볼거같아요!,"[-0.00169373  0.02748108 -0.03619385 ... -0.03549194 -0.03259277
 -0.01004028]",2,"['품목', '적다', '온라인', '가격', '비교']",품목 적다 온라인 가격 비교,0
3753,품목이 적다면 온라인 추천요! 오프라인은 묶어서 살 경우 혜택이 젤 크더라구용,"[-0.00293159  0.02838135 -0.03530884 ... -0.02645874 -0.03756714
 -0.00696182]",2,"['품목', '적다', '온라인', '추천', '오프라인', '묶다', '사다', '혜택', '크다']",품목 적다 온라인 추천 오프라인 묶다 사다 혜택 크다,0
3754,온라인으로 구매하셔도 충분할것 같아요!,"[ 0.01132202  0.02703857 -0.02212524 ... -0.02856445 -0.04086304
 -0.00336456]",2,"['온라인', '구매', '충분하다']",온라인 구매 충분하다,1
3755,온라인은 믿음이 안가서 오프라인에서 살래요 ㄷ,"[-0.0091095   0.03089905 -0.00891876 ... -0.02545166 -0.02293396
 -0.01048279]",2,"['온라인', '믿음', '오프라인', '살다']",온라인 믿음 오프라인 살다,1
3756,온라인은 불안해서 무조건 오프라인이요 ㄷ,"[-0.00437164  0.02175903 -0.01213074 ... -0.03881836 -0.01068115
  0.00468826]",2,"['온라인', '불안', '오프라인']",온라인 불안 오프라인,1
3757,품목이 적으면 온라인이 할인률이 더 좋았어요,"[ 0.0066185   0.0234375  -0.04016113 ... -0.03326416 -0.02781677
 -0.01023865]",2,"['품목', '적다', '온라인', '할인', '좋다']",품목 적다 온라인 할인 좋다,0
3758,품목이 적으면 온라인에서 사는게 더 합리적일거같아요 ㅎㅎ,"[-0.00331688  0.03805542 -0.02108765 ... -0.03262329 -0.0350647
 -0.00034618]",2,"['품목', '적다', '온라인', '사다', '합리']",품목 적다 온라인 사다 합리,0
3759,저같으면 그냥 온라인에서 살 것 같아요! 온라인이 가격이 싸고 오프라인으로 사면 가격은 좀 더 나가도 사은품같은걸 바라야하는데 2개밖에 안사서요 ㄷ,"[-0.00733185  0.01234436 -0.02981567 ... -0.02366638 -0.02767944
  0.01280212]",2,"['온라인', '살다', '온라인', '가격', '싸다', '오프라인', '사다', '가격', '나가다', '사은품', '바라다', '사다']",온라인 살다 온라인 가격 싸다 오프라인 사다 가격 나가다 사은품 바라다 사다,1
3760,온라인이랑 오프라인 둘다 가격 비교해보고 구매할것 같아요! 그런데 2개만 구매하신다면 온라인이 더 저렴할 것 같긴해요! ㄷ,"[-0.01040649  0.02366638 -0.04144287 ... -0.0177002  -0.02174377
 -0.00330925]",2,"['온라인', '오프라인', '가격', '비교', '구매', '구매', '온라인', '저렴하다']",온라인 오프라인 가격 비교 구매 구매 온라인 저렴하다,0
3761,공홈온라인이면 온라인에서 사구 아니면 오프라인이요!,"[-0.01437378  0.00733566 -0.02142334 ... -0.03105164 -0.03555298
 -0.01182556]",2,"['온라인', '온라인', '사다', '오프라인']",온라인 온라인 사다 오프라인,1
3762,온라인으로 구매할 예정입니다 저도 그정도만 구매하거든요 ㅎ,"[-0.00522614  0.03866577 -0.02404785 ... -0.0149231  -0.03167725
  0.00172424]",2,"['온라인', '구매', '예정', '구매']",온라인 구매 예정 구매,1
3763,사야할 품목이 없으면 매장 보다는 온라인이 더 저렴하게 살 수 있을 것 같아요!,"[ 0.00407028  0.03277588 -0.02043152 ... -0.02598572 -0.05300903
 -0.01861572]",2,"['사다', '품목', '매장', '온라인', '저렴하다', '사다']",사다 품목 매장 온라인 저렴하다 사다,2
3764,구입 품목이 적은 경우 온라인에서도 많이 알아보시더라구요! 온라인 최저가로 검색해보시고 비교해보세용!,"[ 0.00431824  0.02864075 -0.02905273 ... -0.0357666  -0.03295898
 -0.00992584]",2,"['구입', '품목', '적다', '온라인', '알아보다', '온라인', '최저', '검색', '비교']",구입 품목 적다 온라인 알아보다 온라인 최저 검색 비교,0
3765,네! 구입품목이 적어서... 공부좀해보고 온라인최저가 검색해봐야겠어요,"[-0.00388145  0.0231781  -0.02604675 ... -0.03793335 -0.03326416
 -0.0050087 ]",2,"['구입', '품목', '적다', '공부', '온라인', '최저', '검색']",구입 품목 적다 공부 온라인 최저 검색,1
3766,그래도 원하는 가격대 선에선 온라인이 제일 나으실겁니다.. 항목도 적어서 오프라인에서 할인이 많이 안될거에요,"[ 0.00952911  0.02308655 -0.04336548 ... -0.02792358 -0.020401
 -0.0088501 ]",2,"['원하다', '가격', '온라인', '항목', '적다', '오프라인', '할인']",원하다 가격 온라인 항목 적다 오프라인 할인,0
3767,온라인에서 본 제품들 품명적어가셔서 오프라인에서 견적받아보세용,"[ 0.01087952  0.03869629 -0.03939819 ... -0.03059387 -0.02549744
 -0.00857544]",2,"['온라인', '제품', '적다', '오프라인', '견적']",온라인 제품 적다 오프라인 견적,0
3768,저도 고민중인데 온라인 오프라인 둘다 비교해보려구요! 시간이 없긴 해서 여러군데 말고 2곳 정도 보려고합니다!,"[-0.00492477  0.00309753 -0.02375793 ... -0.04574585 -0.01609802
 -0.00843048]",2,"['고민', '온라인', '오프라인', '비교', '시간', '말']",고민 온라인 오프라인 비교 시간 말,0
3769,그래도 오프라인 돌아서 발품 팔아보고 가격 비교해서 구매하시는게 어떨까용?,"[-0.0111618   0.02804565 -0.02490234 ... -0.03469849 -0.03048706
 -0.01000977]",2,"['오프라인', '돌아서다', '발품', '팔다', '가격', '비교', '구매']",오프라인 돌아서다 발품 팔다 가격 비교 구매,0
3770,오프라인 한번 방문 해보세요~ 품목세일 이런것도 있더라구요~ 인터넷에서 결정하신 모델 있으시면 적어가면 견적 잘 내주실꺼에요,"[-0.00680542  0.00344467 -0.04083252 ... -0.0413208  -0.02319336
  0.00445938]",2,"['오프라인', '방문', '품목', '세일', '인터넷', '결정', '모델', '적다', '견적', '내다']",오프라인 방문 품목 세일 인터넷 결정 모델 적다 견적 내다,0
3771,일단 오프라인으로 상품을 좀 봐두시고 그리고 인터넷으로 결제하시는게 나을거에요 ㅎㅎ,"[-0.01145172  0.01863098 -0.01158905 ... -0.04327393 -0.01954651
 -0.01157379]",2,"['오프라인', '상품', '인터넷', '결제']",오프라인 상품 인터넷 결제,2
3772,오프라인도 돌아볼거같아용 행사가도 있을수도 있으니깐용,"[ 0.00749207  0.02311707 -0.02360535 ... -0.02438354 -0.0214386
 -0.00032878]",2,"['오프라인', '돌아보다', '행사']",오프라인 돌아보다 행사,0
3773,저는 한번에 가서 사는게 할인폭이 크다고 들었어요~ 오픈매장같은 곳을 잘 찾아보시고 가셔도 좋을 거 같아요,"[ 0.00947571  0.01939392 -0.03540039 ... -0.0369873  -0.03152466
  0.01281738]",2,"['사다', '할인', '크다', '오픈', '매장', '찾아보다', '좋다']",사다 할인 크다 오픈 매장 찾아보다 좋다,2
3774,맞아 온라인은 1개할때 저렴하고 오프라인은 여러개시 싸더라구용,"[ 0.0018568   0.02645874 -0.02938843 ... -0.0164032  -0.02055359
  0.01187897]",2,"['맞다', '온라인', '오프라인', '싸다']",맞다 온라인 오프라인 싸다,1
3775,가성비 제품으로 사실거면 인터넷이 더 쌀듯한데 1천만원 이상이라면 모델 정해서 매장이랑 비교해보세요!,"[-0.0051384   0.0226593  -0.03100586 ... -0.04562378 -0.029953
  0.00799561]",2,"['가성비', '제품', '사다', '인터넷', '싸다', '이상', '모델', '정하다', '매장', '비교']",가성비 제품 사다 인터넷 싸다 이상 모델 정하다 매장 비교,2
3776,"백화점 자주 가는 사람 아니면 백화점 굳이 갈 필요 없다고 하더라구요, 저도 백화점, 오프라인, 온라인 다 알아봤는데 온라인이 현금최종가가 제일 좋았었어요!","[ 0.00615692  0.02238464 -0.04550171 ... -0.03302002 -0.05084229
 -0.00502396]",2,"['백화점', '사람', '백화점', '필요', '백화점', '오프라인', '온라인', '온라인', '현금', '최종', '좋다']",백화점 사람 백화점 필요 백화점 오프라인 온라인 온라인 현금 최종 좋다,2
3777,다품목 아니면 온라인으로 구매하시는게 제일 저렴하게 구매하시는 거에요~,"[ 0.00185776  0.0218811  -0.0357666  ... -0.02580261 -0.03637695
  0.00352669]",2,"['품목', '온라인', '구매', '저렴하다', '구매']",품목 온라인 구매 저렴하다 구매,1
3778,백화점이나 매장에서 그러셨는데 품목이 적으면 인터넷으로 사는게 더 저렴하다고 햇어요!,"[-0.00497055  0.03059387 -0.02908325 ... -0.02362061 -0.04092407
 -0.00543976]",2,"['백화점', '매장', '그러다', '품목', '적다', '인터넷', '사다', '저렴하다']",백화점 매장 그러다 품목 적다 인터넷 사다 저렴하다,2
3779,"모델명만 같으면 차이는 없구요, 다품목으로 구매하시는거라면 온라인보다는 오프라인이 저렴합니다!","[ 0.00395966  0.00904846 -0.04681396 ... -0.02307129 -0.0329895
 -0.00498199]",2,"['모델명', '차이', '품목', '구매', '온라인', '오프라인', '저렴하다']",모델명 차이 품목 구매 온라인 오프라인 저렴하다,0
3780,유투브 보니까 5품목 이상이면 오프라인 가는게 낫다하더라구용,"[-5.82337379e-05  5.76019287e-03 -1.68151855e-02 ... -2.57110596e-02
 -1.98974609e-02  5.45120239e-03]",2,"['유투브', '품목', '이상', '오프라인']",유투브 품목 이상 오프라인,0
3781,그래도 직접 보고 사는게 좋을 것 같아요~ 직접 가서 보고 가격차이가 많이 나면 저렴한 온라인으로 주문하기!,"[-0.00473022  0.03182983 -0.01290894 ... -0.03341675 -0.0335083
 -0.00299263]",2,"['사다', '좋다', '가격', '차이', '온라인', '주문']",사다 좋다 가격 차이 온라인 주문,0
3782,저는 다 온라인으로 사도 무방하다 생각돼요 대신 손품 많이 팔아보시는 걸루요!,"[-0.0186615   0.01997375 -0.03341675 ... -0.02716064 -0.04760742
  0.00964355]",2,"['온라인', '사다', '생각', '대신', '팔다']",온라인 사다 생각 대신 팔다,0
3783,오프라인 매장 있으면 가서 보고 온라인 가격도 비교해보고 괜찮은곳에서 구매할거같아요!,"[ 0.00279236  0.01950073 -0.03231812 ... -0.03149414 -0.03616333
 -0.00153255]",2,"['오프라인', '매장', '온라인', '가격', '비교', '괜찮다', '구매']",오프라인 매장 온라인 가격 비교 괜찮다 구매,0
3784,인터넷이랑 매장도 둘다 비교해서 구매하는게 좋더라구요 저는 매장이 더 저렴했어요ㅎㅎ,"[ 0.00103855  0.02122498 -0.03292847 ... -0.03656006 -0.03848267
 -0.00276947]",2,"['인터넷', '매장', '비교', '구매', '좋다', '매장', '저렴하다']",인터넷 매장 비교 구매 좋다 매장 저렴하다,2
3785,통으로 전체사시는거면 인터넷보다 백화점이나 하이마트등 발품이 저렴해요,"[ 0.00555038  0.03039551 -0.01712036 ... -0.03378296 -0.03289795
  0.01194763]",2,"['전체', '사다', '인터넷', '백화점', '하이마트', '발품', '저렴하다']",전체 사다 인터넷 백화점 하이마트 발품 저렴하다,2
3786,한꺼번에 구매하면 인터넷이랑 매장 비교하면 매장이 조금 싸긴 하더라구요 모델명으로 비교해보세요!,"[ 0.00631714  0.02619934 -0.03894043 ... -0.02827454 -0.04107666
  0.01661682]",2,"['구매', '인터넷', '매장', '비교', '매장', '싸다', '모델명', '비교']",구매 인터넷 매장 비교 매장 싸다 모델명 비교,2
3787,저는 가전은 오프라인으로 하는게 싸서 그렇게 하긴했는데 낱개로사면 인터넷도 괜찮을것같아요!,"[-0.00172806  0.03323364 -0.02740479 ... -0.03659058 -0.04406738
  0.00611877]",2,"['가전', '오프라인', '싸다', '낱개', '사다', '인터넷', '괜찮다']",가전 오프라인 싸다 낱개 사다 인터넷 괜찮다,1
3788,저도 매장 다녀왔는데 같은 모델인데 인터넷이 훨씬 저렴하더라구요 그렇지만 공식 홈페이지라던가 백화점 / 하이마트 등 믿을수 있는 사이트에서만 구매했어요 그래도 매장보다 싸더라구요,"[-0.00150776  0.02156067 -0.04891968 ... -0.02488708 -0.0305481
  0.00709534]",2,"['매장', '다녀오다', '모델', '인터넷', '저렴하다', '공식', '홈페이지', '백화점', '하이마트', '사이트', '구매', '매장', '싸다']",매장 다녀오다 모델 인터넷 저렴하다 공식 홈페이지 백화점 하이마트 사이트 구매 매장 싸다,2
3789,힌두개 산다면 인터넷이 저렴한게 5개이상이라면 오프라인이 더 저렴해요! 갯수랑 총 금액에 따라서 할인이 많이 되더라구요 ㄷ,"[-0.00907135  0.02627563 -0.03948975 ... -0.04782104 -0.03060913
  0.01635742]",2,"['힌두', '사다', '인터넷', '이상', '오프라인', '저렴하다', '갯수', '금액', '따르다', '할인']",힌두 사다 인터넷 이상 오프라인 저렴하다 갯수 금액 따르다 할인,2
3790,인터넷이랑 오프라인 다 찾아봤는데 품목이 많으면 오프라인이요 ㅠㅠ 4개이하면 이전 모델로 인터넷으로 사는게 싸요 ㄷ,"[-0.00220871  0.00603867 -0.03710938 ... -0.02980042 -0.0202179
  0.01863098]",2,"['인터넷', '오프라인', '찾아보다', '품목', '많다', '오프라인', '이하', '이전', '모델', '인터넷', '사다', '싸다']",인터넷 오프라인 찾아보다 품목 많다 오프라인 이하 이전 모델 인터넷 사다 싸다,2
3791,인터넷이랑 매장이랑 비교해서 구매해보세요~ ㄷ,"[ 0.01074219  0.02203369 -0.01803589 ... -0.04415894 -0.03778076
 -0.01412201]",2,"['인터넷', '매장', '비교', '구매']",인터넷 매장 비교 구매,2
3792,한꺼번에 여러개 구입하는거면 매장 몇군데 견적받아서 사는게 더 저렴할 수 있다고 들었어요!ㄷ,"[ 0.00730133  0.04626465 -0.02798462 ... -0.03393555 -0.03111267
  0.02833557]",2,"['구입', '매장', '견적', '사다', '저렴하다']",구입 매장 견적 사다 저렴하다,1
3793,인터넷이랑 매장용이랑 성능이다르다고 알고있어요! 저는 그래도 인터넷으로 구입하려구요ㅜㅜ,"[ 0.00235367  0.02323914 -0.03826904 ... -0.04333496 -0.04071045
  0.0072403 ]",2,"['인터넷', '매장', '성능', '다르다', '인터넷', '구입']",인터넷 매장 성능 다르다 인터넷 구입,2
3794,"인터넷이 저렴하긴 한데, 저는 그냥 패키지로 묶어서 한번에 오프라인에서 구매했어요","[-0.00811005  0.02583313 -0.02706909 ... -0.01699829 -0.04150391
  0.00397873]",2,"['인터넷', '패키지', '묶다', '오프라인', '구매']",인터넷 패키지 묶다 오프라인 구매,1
3795,저도 인터넷이랑 고민많이했는데 그래도 좀 더 주고 매장에서 구입했어요!ㄷ,"[-0.00521469  0.02044678 -0.03033447 ... -0.03439331 -0.04043579
  0.01701355]",2,"['인터넷', '고민', '매장', '구입']",인터넷 고민 매장 구입,2
3796,같은 모델명 맞을까요 ? 여러개 구입하면 오프라인이 더 저렴해요,"[ 0.00626755  0.01631165 -0.04858398 ... -0.02961731 -0.01551056
  0.01858521]",2,"['모델명', '맞다', '구입', '오프라인', '저렴하다']",모델명 맞다 구입 오프라인 저렴하다,1
3797,저는 안전하게 오프라인에서 구매할예정이에요ㄷ,"[ 0.00772476  0.03421021 -0.01960754 ... -0.02815247 -0.03369141
 -0.01768494]",2,"['안전', '오프라인', '구매', '예정']",안전 오프라인 구매 예정,1
3798,인터넷이랑 매장이랑 가격비교해서 구매하시면 좋을거같아요ㅎㅎ,"[ 0.00213623  0.02116394 -0.02861023 ... -0.03717041 -0.02911377
 -0.00704193]",2,"['인터넷', '매장', '가격', '비교', '구매', '좋다']",인터넷 매장 가격 비교 구매 좋다,0
3799,온라인이 견적이 좋은거 같아서 온라인 할거 같아요,"[ 0.01155853  0.03866577 -0.02366638 ... -0.03381348 -0.02445984
 -0.00450516]",2,"['온라인', '견적', '좋다', '온라인']",온라인 견적 좋다 온라인,0
3800,품목 적으면 온라인이 저렴하다고 하더라구요 저는 저렴한 모델을 제가 뽑아거 매장에 그대로 견적 달라고하고 비교하려구요!,"[-0.00203133  0.02651978 -0.03973389 ... -0.03091431 -0.02365112
  0.00139141]",2,"['품목', '적다', '온라인', '저렴하다', '모델', '매장', '견적', '비교']",품목 적다 온라인 저렴하다 모델 매장 견적 비교,0
3801,온라인으로 알아보고 오프라인으로 사는게 좋은것같아요!,"[ 0.00076056  0.02915955 -0.01675415 ... -0.03729248 -0.02748108
 -0.0223999 ]",2,"['온라인', '알아보다', '오프라인', '사다', '좋다']",온라인 알아보다 오프라인 사다 좋다,0
3802,저희는오프라인으로 다녀왔는데 품목이 많을수록 오프라인이 좋을거게요 둘다 견적비교해보시고 구매하세요 !,"[ 0.00122166  0.01209259 -0.03900146 ... -0.02816772 -0.03019714
 -0.0038147 ]",2,"['오프라인', '다녀오다', '품목', '많다', '오프라인', '좋다', '견적', '비교', '구매']",오프라인 다녀오다 품목 많다 오프라인 좋다 견적 비교 구매,0
3803,오프라인에서 했는데 온라인으로 싸게하는거랑 큰 차이 없는것 같더라구요~,"[ 0.00348854  0.02349854 -0.03051758 ... -0.01799011 -0.02667236
 -0.00992584]",2,"['오프라인', '온라인', '싸다', '크다', '차이']",오프라인 온라인 싸다 크다 차이,2
3804,"저도 품목이 적으면 온라인이 저렴하다고 들었어요. 저희도 품목이 적었다면 온라인, 오프라인 비교해보고 저렴한쪽으로 했을것같아요","[-0.00836182  0.02189636 -0.03622437 ... -0.02380371 -0.02586365
 -0.01032257]",2,"['품목', '적다', '온라인', '품목', '적다', '온라인', '오프라인', '비교', '저렴하다']",품목 적다 온라인 품목 적다 온라인 오프라인 비교 저렴하다,0
3805,최근에 가격비교 했는데 인터넷이 저렴한 것두 있고 오프라인이 저렴한 것도 있더라구요 두군데 다 견젇 받아보세요,"[-0.00439072  0.01725769 -0.02745056 ... -0.04486084 -0.03466797
 -0.00052214]",2,"['최근', '가격', '비교', '인터넷', '오프라인', '견젇']",최근 가격 비교 인터넷 오프라인 견젇,0
3806,온라인으로 발품팔며 사는게 좋을것 같아용ㅎㅎㄷ,"[-0.00491714  0.034729   -0.01074982 ... -0.04812622 -0.04391479
 -0.01139832]",2,"['온라인', '발품', '팔다', '사다', '좋다']",온라인 발품 팔다 사다 좋다,0
3807,오프라인 다니시면서 견적받고 그 견적서로 온라인이랑 가격비교해보시는게 어떠세요?ㅎㅎ,"[-0.01696777  0.03707886 -0.02183533 ... -0.04211426 -0.03887939
  0.01127625]",2,"['오프라인', '다니다', '견적', '견적서', '온라인', '가격', '비교']",오프라인 다니다 견적 견적서 온라인 가격 비교,0
3808,둘다 견적내보고 온라인이 더 저렴해서 온라인에서 했어용,"[ 0.00149727  0.03530884 -0.02563477 ... -0.04034424 -0.02478027
 -0.00256157]",2,"['견적', '내다', '온라인', '저렴하다', '온라인']",견적 내다 온라인 저렴하다 온라인,0
3809,저는 오프라인 오픈매장 가서 했습니당 ㄷ,"[ 0.01591492  0.0110321  -0.0145874  ... -0.02778625 -0.03096008
 -0.00473404]",2,"['오프라인', '오픈', '매장']",오프라인 오픈 매장,2
3810,시간적 여유 되면 온라인 특가 뜨는거 잡아서 하는게 가장 싼듯해요 ㄷ,"[ 0.00537872  0.0254364  -0.01268005 ... -0.04016113 -0.01782227
  0.01467896]",2,"['시간', '여유', '온라인', '특가', '뜨다', '싸다']",시간 여유 온라인 특가 뜨다 싸다,1
3811,여기저기 다 알아보시는게 좋을거 같아요 ㅎㅎ 몇가지 안사면 온라인이 쌀 경우도 잇구요,"[-0.00579071  0.02191162 -0.02566528 ... -0.04302979 -0.01667786
 -0.01374817]",2,"['여기저기', '좋다', '사다', '온라인', '싸다']",여기저기 좋다 사다 온라인 싸다,1
3812,저도온라인으로해볼까 고민하고있어요 입주가 급하지않으면 온라인도 좋을거같아요,"[-0.01272583  0.03903198 -0.01015472 ... -0.04827881 -0.02041626
  0.00690079]",2,"['온라인', '하다', '고민', '입주', '급하다', '온라인', '좋다']",온라인 하다 고민 입주 급하다 온라인 좋다,1
3813,오프라인으로 했는데 후회해요ㅠㅠ 왜냐면 최신꺼 아니면 온라인이 훨씬 저렴해요! 거의 몇백만원 차이 나더라구요,"[-0.00699615  0.03921509 -0.02586365 ... -0.0294342  -0.02870178
 -0.00624084]",2,"['오프라인', '후회', '최신', '온라인', '저렴하다', '차이']",오프라인 후회 최신 온라인 저렴하다 차이,1
3814,둘다 알아보지만 오프라인 위주로 발품 팔아서 볼 예정이에요 ㄷ,"[-0.01802063  0.0186615  -0.01881409 ... -0.03543091 -0.03475952
 -0.00818634]",2,"['오프라인', '위주', '발품', '팔다', '예정']",오프라인 위주 발품 팔다 예정,0
3815,저는 오프라인으로 갈거같아요! 하이마트나 백화점 등등이요!,"[ 0.00369453  0.02061462 -0.02636719 ... -0.03396606 -0.04586792
  0.00076866]",2,"['오프라인', '하이마트', '백화점']",오프라인 하이마트 백화점,2
3816,여러가지 많다면 오프라인 매장에서 견적 받아보시는게 좋을 것 같아용! 몇가지 안된다 하면 인터넷이 저렴하다고 하시더라구용ㅎㅎ,"[-0.00500488  0.0305481  -0.03283691 ... -0.03326416 -0.0357666
  0.01683044]",2,"['많다', '오프라인', '매장', '견적', '좋다', '인터넷']",많다 오프라인 매장 견적 좋다 인터넷,2
3817,오프라인 방문후 인터넷 최저가 검색해서 비교해보고 구매할거같아요,"[ 0.00213814  0.02072144 -0.02220154 ... -0.027771   -0.03189087
 -0.01275635]",2,"['오프라인', '방문', '인터넷', '최저', '검색', '비교', '구매']",오프라인 방문 인터넷 최저 검색 비교 구매,0
3818,온라인이랑 오프라인이랑 제품이 약간씩 다르다는것 같던데... 저라면 매장가서 살래요~~ ㄷ,"[ 0.01075745  0.01237488 -0.02798462 ... -0.03326416 -0.02824402
 -0.00772858]",2,"['온라인', '오프라인', '제품', '다르다', '매장', '살다']",온라인 오프라인 제품 다르다 매장 살다,2
3819,적은 품목이면 온라인이 싸고 여러가지 한번에 구매하시면 오프라인이 쌀 것 같아요~,"[ 0.00977325  0.02223206 -0.02903748 ... -0.03025818 -0.02433777
 -0.00675583]",2,"['적다', '품목', '온라인', '싸다', '구매', '오프라인', '싸다']",적다 품목 온라인 싸다 구매 오프라인 싸다,0
3820,오픈 행사 매장이 저렴하기도 해서 발품 팔아야 되는 거 같아요.,"[ 0.01195526  0.00863647 -0.03152466 ... -0.02842712 -0.05172729
  0.00587082]",2,"['오픈', '행사', '매장', '발품', '팔다']",오픈 행사 매장 발품 팔다,2
3821,제 친구도 오픈행사매장이 제일 저렴하다고 해서 굵직한거는 그렇게 구매하고 나머지는 하나하나 발품팔아보려고해요 ㅎㅎ,"[ 0.00735855  0.00779343 -0.03268433 ... -0.02015686 -0.03137207
  0.02153015]",2,"['친구', '오픈', '행사', '매장', '저렴하다', '구매', '나머지', '발품', '팔다']",친구 오픈 행사 매장 저렴하다 구매 나머지 발품 팔다,2
3822,저희도 발품팔아서 오픈매장에서 구매 했습니다,"[ 0.0120163   0.02366638 -0.02362061 ... -0.02153015 -0.06292725
 -0.0088501 ]",2,"['발품', '팔다', '오픈', '매장', '구매']",발품 팔다 오픈 매장 구매,0
3823,확실히 발품팔아서 살수록 가격이 저렴해지는 것 같긴해여...! 오픈매장 찾아가보세오~!,"[ 0.00126171  0.0224762  -0.02566528 ... -0.0324707  -0.03305054
  0.01094818]",2,"['발품', '팔다', '살다', '가격', '오픈', '매장', '찾아가다']",발품 팔다 살다 가격 오픈 매장 찾아가다,2
3824,견적상담만 발품팔아 3-4번 봤구요 백화점 그랜드오픈 매장에서 제일 혜택 좋아서 계약했어용ㅎㅎ,"[ 0.00044155  0.01670837 -0.02293396 ... -0.03005981 -0.03927612
  0.00865936]",2,"['견적', '상담', '발품', '팔다', '백화점', '그랜드', '오픈', '매장', '혜택', '좋다', '계약']",견적 상담 발품 팔다 백화점 그랜드 오픈 매장 혜택 좋다 계약,0
3825,오픈매장이 젤 저렴하다규 하더라구요! 전 지방에 살아서ㅠㅠ 오픈매장이 없어서 발품 팔았오요!,"[-0.00023782  0.01968384 -0.02784729 ... -0.02955627 -0.0335083
 -0.0071907 ]",2,"['오픈', '매장', '저렴하다', '지방', '살다', '오픈', '매장', '발품', '팔다']",오픈 매장 저렴하다 지방 살다 오픈 매장 발품 팔다,2
3826,발품을 많이 팔아야 싸더라구용 ㅠ 구매하실 제품이 많으면 확실히 오프라인 매장이 저렴해요,"[ 0.00177479  0.02934265 -0.02726746 ... -0.0247345  -0.03164673
  0.0021019 ]",2,"['발품', '팔다', '싸다', '구매', '제품', '많다', '오프라인', '매장', '저렴하다']",발품 팔다 싸다 구매 제품 많다 오프라인 매장 저렴하다,0
3827,저는 여러매장 돌면서 발품팔고 카드만들고 할인받고 귀찮은거 싫어서 백화점에서 그냥 하자 해서 ㅠ 백화점에서 견적받은걸로 진행했습니당,"[ 0.00420761  0.02235413 -0.02890015 ... -0.05227661 -0.03726196
  0.01534271]",2,"['매장', '돌다', '발품', '팔다', '카드', '만들다', '할인', '귀찮다', '싫다', '백화점', '백화점', '견적', '진행']",매장 돌다 발품 팔다 카드 만들다 할인 귀찮다 싫다 백화점 백화점 견적 진행,2
3828,저는 뭐.. 발품팔기도 힘들고 그래서 백화점에서 할꺼같아요 :,"[ 0.00706863  0.015625   -0.01565552 ... -0.05114746 -0.05163574
  0.01980591]",2,"['발품', '팔다', '힘들다', '백화점']",발품 팔다 힘들다 백화점,0
3829,저는 그냥 여러개 사서 오프라인에서 했어요ㅠㅠ 온라인 발품도 귀찮아서요,"[-0.01434326  0.02618408 -0.01347351 ... -0.0328064  -0.0297699
  0.0117569 ]",2,"['사다', '오프라인', '온라인', '발품', '귀찮다']",사다 오프라인 온라인 발품 귀찮다,0
3830,온라인으로 하나하나 하면 힘들지않으실까요? ㅎㅎ ㅠㅠ,"[ 0.00293159  0.03665161 -0.00954437 ... -0.03439331 -0.01649475
  0.00516891]",2,"['온라인', '힘들다']",온라인 힘들다,0
3831,작은거 여러개는 온라인이 좋은데 큰거는 한꺼번에 하면 오프라인이 혜택이 크더라고요!,"[ 0.00190067  0.02890015 -0.03274536 ... -0.03143311 -0.02922058
 -0.00016606]",2,"['작다', '온라인', '좋다', '크다', '오프라인', '혜택', '크다']",작다 온라인 좋다 크다 오프라인 혜택 크다,0
3832,같은 브랜드 묶어서 오프라인으로 샀눈데 다른 브랜드 맘에 드는건 인터넷으로 비교해보고 온라인 구매했어용,"[ 0.00474548  0.0129776  -0.03213501 ... -0.01236725 -0.02380371
 -0.03231812]",2,"['브랜드', '묶다', '오프라인', '사다', '브랜드', '인터넷', '비교', '온라인', '구매']",브랜드 묶다 오프라인 사다 브랜드 인터넷 비교 온라인 구매,1
3833,온라인이랑 오프라인이랑 비교해보고 살거 같아요ㅎㅎ,"[ 0.00785828  0.01222229 -0.01422119 ... -0.04580688 -0.02561951
 -0.02389526]",2,"['온라인', '오프라인', '비교', '살다']",온라인 오프라인 비교 살다,1
3834,낱개는 인터넷도 괜찮은거같아요! 다만 여러개 구매시는 오프라인이 확실히 저렴해용,"[-0.00516891  0.02124023 -0.03909302 ... -0.03359985 -0.04043579
  0.01541138]",2,"['낱개', '인터넷', '괜찮다', '구매', '오프라인', '저렴하다']",낱개 인터넷 괜찮다 구매 오프라인 저렴하다,1
3835,세 네개 정도 생각하는데 오프라인보다 온라인이 저렴한 느낌이에요,"[ 0.0114975   0.01465607 -0.0309906  ... -0.02638245 -0.01663208
 -0.00658417]",2,"['생각', '오프라인', '온라인', '느낌']",생각 오프라인 온라인 느낌,0
3836,가진 오프라인에서도 사도 인터넷으로도 샀는데 다 괜찮았어요,"[ 0.01066589  0.01493835 -0.04486084 ... -0.01356506 -0.03671265
  0.00132751]",2,"['가지다', '오프라인', '사다', '인터넷', '사다', '괜찮다']",가지다 오프라인 사다 인터넷 사다 괜찮다,1
3837,전 오프라인으로 구매했는데 온라인도 괜찮을 것 같아요,"[ 0.01314545  0.01306915 -0.0395813  ... -0.01847839 -0.03433228
 -0.01467896]",2,"['오프라인', '구매', '온라인', '괜찮다']",오프라인 구매 온라인 괜찮다,1
3838,품목이 4개이상 오프라인 3개이하 온라인입니다,"[ 0.01953125  0.00489044 -0.02259827 ... -0.02560425 -0.01934814
 -0.00770187]",2,"['품목', '이상', '오프라인', '이하', '온라인']",품목 이상 오프라인 이하 온라인,1
3839,오프라인으로 보고 사는것도 좋아보여요!,"[ 0.00501633  0.04116821 -0.00608826 ... -0.03240967 -0.02911377
 -0.01197052]",2,"['오프라인', '사다', '좋다', '보이다']",오프라인 사다 좋다 보이다,1
3840,저도 품목 몇개 안되서 오프라인보다 온라인으로 구매했어요~,"[ 0.00253677  0.02754211 -0.02374268 ... -0.00821686 -0.04098511
 -0.02909851]",2,"['품목', '오프라인', '온라인', '구매']",품목 오프라인 온라인 구매,0
3841,품목수에 따라 다를거 같아요.. 3품목 이하면 온라인 그 초과는 다품목 할인이 오프라인이 더 좋은것 같습니다.,"[ 0.01039124  0.00356102 -0.04684448 ... -0.04180908 -0.02742004
 -0.01058197]",2,"['품목', '따르다', '다르다', '품목', '이하', '온라인', '초과', '품목', '할인', '오프라인', '좋다']",품목 따르다 다르다 품목 이하 온라인 초과 품목 할인 오프라인 좋다,0
3842,"오프라인이든, 온라인이든 다 찾아봐야해요!","[ 0.00652313  0.01015472 -0.01100159 ... -0.02705383 -0.03475952
  0.0060997 ]",2,"['오프라인', '온라인', '찾아보다']",오프라인 온라인 찾아보다,1
3843,저는 그래도 오프라인 추천이요! 직접 보는게 좋지 않을까 해요,"[-0.00670242  0.01914978 -0.01750183 ... -0.03619385 -0.01528168
 -0.00102425]",2,"['오프라인', '추천', '좋다']",오프라인 추천 좋다,0
3844,오프라인으로 보고 사시는거 추천이용! 직접 보고 구매해야 안심이 되는거같아요ㅎㅎ,"[-0.01000977  0.01948547 -0.02589417 ... -0.03457642 -0.01799011
 -0.0067215 ]",2,"['오프라인', '사다', '추천', '구매', '안심']",오프라인 사다 추천 구매 안심,0
3845,오프라인에서 세트로 구매했어요~ 근데 개별구매예정이시면 온라인도 나쁘진않을거같아용 ㅎㅎ,"[ 0.0018425   0.01385498 -0.03051758 ... -0.02047729 -0.0380249
  0.00054979]",2,"['오프라인', '세트', '구매', '개별', '구매', '예정', '온라인', '나쁘다']",오프라인 세트 구매 개별 구매 예정 온라인 나쁘다,1
3846,오프라인으로 견적비교해서구매하는게 좋을거 같아요 오래쓰는거니까요,"[-0.00287819  0.0319519  -0.04855347 ... -0.02790833 -0.02998352
 -0.0039711 ]",2,"['오프라인', '견적', '비교', '구매', '좋다', '쓰다']",오프라인 견적 비교 구매 좋다 쓰다,0
3847,이경우라면 그냥 인터넷으로 사셔도 될거같아요.. 굳이 오프라인에서 안사셔도 될듯요,"[-0.00044918  0.02185059 -0.02635193 ... -0.02967834 -0.03726196
  0.00444794]",2,"['인터넷', '사다', '오프라인', '사다']",인터넷 사다 오프라인 사다,2
3848,최신꺼 필요없느심 온라인도괜찮어요 ㅎㅎ,"[ 0.00815582  0.02368164 -0.02867126 ... -0.02529907 -0.03128052
 -0.00543594]",2,"['최신', '필요', '온라인', '괜찮다']",최신 필요 온라인 괜찮다,1
3849,5개이상이라면 오프라인에서 한꺼번에 사는게좋아요 발품 많이팔아보는게 좋습니당,"[ 0.00205612  0.01989746 -0.03311157 ... -0.03271484 -0.0249939
  0.01963806]",2,"['이상', '오프라인', '사다', '좋다', '발품', '팔다', '좋다']",이상 오프라인 사다 좋다 발품 팔다 좋다,0
3850,오프라인이 더 믿음이 가서 저희는 오프라인으로 구매했어영~!,"[ 0.00109482  0.0267334  -0.03259277 ... -0.02546692 -0.04925537
 -0.02923584]",2,"['오프라인', '믿음', '오프라인', '구매']",오프라인 믿음 오프라인 구매,0
3851,물건 여러개사실거면 오프라인이요 ㅋㅋ 근데 그래두 다 비교해볼거갘긴해요,"[ 0.00612259  0.00712585 -0.03097534 ... -0.04873657 -0.02215576
  0.00756073]",2,"['물건', '사다', '오프라인', '비교']",물건 사다 오프라인 비교,2
3852,오프라인에서 알아보시고 온라인에서 구매하시는게 저렴해요 !,"[-0.00563431  0.03359985 -0.03013611 ... -0.02075195 -0.02482605
 -0.01425171]",2,"['오프라인', '알아보다', '온라인', '구매', '저렴하다']",오프라인 알아보다 온라인 구매 저렴하다,1
3853,저희도 4품목 사는거라 고민했는데 그래도 오프라인할인이 더낫더라구요ㄷ,"[ 0.01361847  0.02919006 -0.02893066 ... -0.0231781  -0.04171753
  0.0069046 ]",2,"['품목', '사다', '고민', '오프라인', '할인']",품목 사다 고민 오프라인 할인,2
3854,오프라인에서 먼저 구매하고 모자란건 온라인 서치!,"[-0.00605011  0.02978516 -0.0259552  ... -0.02832031 -0.02052307
 -0.01582336]",2,"['오프라인', '구매', '모자라다', '온라인', '서치']",오프라인 구매 모자라다 온라인 서치,1
3855,오프라인에서 보고 온라인에서 구매할거 같아요. 근데 세트로 구매 하실거면 온라인이 좋을거 같아요~,"[ 0.00162601  0.00924683 -0.03955078 ... -0.02455139 -0.0279541
  0.00316238]",2,"['오프라인', '온라인', '구매', '세트', '구매', '온라인', '좋다']",오프라인 온라인 구매 세트 구매 온라인 좋다,1
3856,저는 오프라인 행사가가 더 좋은 것 같아요,"[ 0.02203369  0.01296234 -0.04260254 ... -0.03735352 -0.02702332
 -0.01080322]",2,"['오프라인', '행사', '좋다']",오프라인 행사 좋다,2
3857,한꺼번에 다품목 할인받고 오프라인으로 사시는게 젤 좋을 거 같아요~ ㄷ,"[-0.00041008  0.03662109 -0.03430176 ... -0.02980042 -0.0322876
 -0.00391006]",2,"['품목', '할인', '오프라인', '사다', '좋다']",품목 할인 오프라인 사다 좋다,2
3858,오프라인으로 발품파는게 좋을 거 가타용,"[ 0.00126266  0.03186035 -0.0256958  ... -0.03305054 -0.02928162
 -0.00560379]",2,"['오프라인', '발품', '파', '좋다', '가타']",오프라인 발품 파 좋다 가타,0
3859,온라인도 나쁘지는 않을 것 같은데 저희는 오프라인으로 돌아보면서 구매할 것 같아요~,"[ 0.00595474  0.02597046 -0.03442383 ... -0.01765442 -0.05105591
 -0.01608276]",2,"['온라인', '나쁘다', '오프라인', '돌아보다', '구매']",온라인 나쁘다 오프라인 돌아보다 구매,1
3860,한두개만 사는거면 온라인이 더싼데 많이 한꺼번에 다 구매하시는거면 오프라인이 혜택이 더 많다고 하더라고요,"[ 0.00305748  0.02090454 -0.03591919 ... -0.01963806 -0.02609253
  0.00969696]",2,"['사다', '온라인', '싸다', '구매', '오프라인', '혜택', '많다']",사다 온라인 싸다 구매 오프라인 혜택 많다,1
3861,너무 다양해서 진짜 개인적인 취향인거 같아요~ 오프라인에서 하시면 많이 살때 좋고 작게 사는거면 온라인이 좋았어요,"[ 0.0100708   0.01432037 -0.02563477 ... -0.03256226 -0.02610779
 -0.00815582]",2,"['다양', '개인', '취향', '오프라인', '사다', '좋다', '작다', '사다', '온라인', '좋다']",다양 개인 취향 오프라인 사다 좋다 작다 사다 온라인 좋다,0
3862,저는 엄청 발품팔았는데 오히려 백화점이 쌀때도 있엇어요1,"[-0.00044584  0.01974487 -0.01757812 ... -0.04251099 -0.04577637
  0.00902557]",2,"['발품', '팔다', '백화점', '싸다']",발품 팔다 백화점 싸다,0
3863,발품을 많이 팔아서 사는게 최고긴한데 백화점이 편하긴한거같아요,"[ 0.02085876  0.02204895 -0.02919006 ... -0.04632568 -0.04760742
  0.0193634 ]",2,"['발품', '팔다', '사다', '최고', '백화점', '편하다']",발품 팔다 사다 최고 백화점 편하다,2
3864,종류랑 갯수 차이같아요 소수는 온라인이 훨 쌌고 종류 폭도 좀 넓 긴햌ㅅ오요,"[ 0.00860596  0.01122284 -0.0191803  ... -0.02856445 -0.02557373
 -0.01104736]",2,"['종류', '갯수', '차이', '소수', '온라인', '싸다', '종류', '넓다']",종류 갯수 차이 소수 온라인 싸다 종류 넓다,0
3865,오프라인 세 곳 다 견적받아보고 정할래요! ㄷ,"[ 0.00269699  0.03234863 -0.0189209  ... -0.03598022 -0.0295105
  0.00167561]",2,"['오프라인', '견적', '정하다']",오프라인 견적 정하다,0
3866,저는 발품안팔고 그냥 자주가는 백화점에서 했는데 만족해요!,"[-0.00168324  0.01283264 -0.03259277 ... -0.04483032 -0.0645752
  0.00614166]",2,"['발품', '팔다', '백화점', '만족']",발품 팔다 백화점 만족,0
3867,판매 점원만 잘만나면 오프라인도 꽤 괜찮다고 들었어요! ㄷ,"[-0.00288582  0.01756287 -0.02584839 ... -0.01361084 -0.02903748
  0.00468445]",2,"['판매', '점원', '만나다', '오프라인', '괜찮다']",판매 점원 만나다 오프라인 괜찮다,2
3868,한번에 다 같이 구매하면 오프라인 발품이요!,"[-0.00013638  0.03768921 -0.02355957 ... -0.01548004 -0.03701782
  0.00108814]",2,"['구매', '오프라인', '발품']",구매 오프라인 발품,0
3869,우선 오프라인 매장가서 발품팔아보고 인터넷이랑 금액 비교해서 선택하는게 제일 베스트 아닐까요?,"[-0.00128841  0.02532959 -0.0297699  ... -0.03182983 -0.03439331
 -0.00865173]",2,"['오프라인', '매장', '발품', '팔다', '인터넷', '금액', '비교', '선택', '제일', '베스트']",오프라인 매장 발품 팔다 인터넷 금액 비교 선택 제일 베스트,0
3870,"저희는 인터넷 최저가랑 비교했는데, 오프라인이 더 저렴했어요! 백화점에서 맞췄습니다!","[ 0.01127625  0.01678467 -0.04840088 ... -0.03097534 -0.04977417
 -0.0044899 ]",2,"['인터넷', '최저', '비교', '오프라인', '저렴하다', '백화점', '맞추다']",인터넷 최저 비교 오프라인 저렴하다 백화점 맞추다,2
3871,아무래두 오프라인이 좀 더 믿을만한거같아서 직접 나가서 구매하려구용!,"[ 0.00630951  0.02494812 -0.02967834 ... -0.043396   -0.03155518
 -0.00846863]",2,"['오프라인', '나가다', '구매']",오프라인 나가다 구매,1
3872,갯수가 많으면 오프라인 적으면 온라인일거 같습니다.,"[ 0.00991821  0.00906372 -0.02331543 ... -0.02029419 -0.00675201
  0.00328255]",2,"['갯수', '많다', '오프라인', '적다', '온라인']",갯수 많다 오프라인 적다 온라인,0
3873,"한 두개만 산다면 온라인, 아니라면 오프라인이요","[ 0.00500488  0.01435852 -0.03359985 ... -0.02401733 -0.02983093
  0.00302505]",2,"['사다', '온라인', '오프라인']",사다 온라인 오프라인,1
3874,묶어서 사면 할인 해줘서 오프라인이 설명도 듣고 모델등급이 인터넷보다 한단계 높은거 부터 시작이라 발품 팔아 볼것같아요! 식세기랑 인덕션만 요번에 했는데 인터넷이랑 가격차이는 얼마 안났어요! 카드는 만들었지만 ㅠㅠ,"[ 0.00777817  0.01805115 -0.0350647  ... -0.02250671 -0.02682495
  0.01355743]",2,"['묶다', '사다', '할인', '오프라인', '설명', '모델', '등급', '인터넷', '단계', '높다', '시작', '발품', '팔다', '세기', '인덕션', '요번', '인터넷', '가격', '차이', '얼마', '카드', '만들다']",묶다 사다 할인 오프라인 설명 모델 등급 인터넷 단계 높다 시작 발품 팔다 세기 인덕션 요번 인터넷 가격 차이 얼마 카드 만들다,2
3875,오프라인 발품 팔아보면 훨 싸고 좋더라구요오,"[ 0.00011629  0.03915405 -0.02397156 ... -0.03025818 -0.02920532
 -0.00483704]",2,"['오프라인', '발품', '팔다', '싸다', '좋다']",오프라인 발품 팔다 싸다 좋다,0
3876,오프라인 많이들 가시는 이유가 있었네요 ~ 저희는 적어서 온라인 사야겠어요,"[ 0.00944519  0.03344727 -0.03424072 ... -0.01441193 -0.03833008
 -0.01620483]",2,"['오프라인', '이유', '적다', '온라인', '사다']",오프라인 이유 적다 온라인 사다,0
3877,다품목은 매장. 소품목은 인터넷이요,"[ 0.01051331  0.01039124 -0.02778625 ... -0.04098511 -0.04968262
  0.0072937 ]",2,"['품목', '매장', '품목', '인터넷']",품목 매장 품목 인터넷,2
3878,여러개 구매하는거면 인터넷 보다는 오프라인 매장이 더 저렴한걸로 알고있어요,"[ 0.00189304  0.03549194 -0.0368042  ... -0.01780701 -0.03775024
  0.00868988]",2,"['구매', '인터넷', '오프라인', '매장', '저렴하다']",구매 인터넷 오프라인 매장 저렴하다,2
3879,저도 오프 발품팔고 온라인 구매했어요,"[-0.00885773  0.0271759  -0.01879883 ... -0.02098083 -0.04980469
 -0.0096817 ]",2,"['오프', '발품', '팔다', '온라인', '구매']",오프 발품 팔다 온라인 구매,0
3880,갯수가 많으면 오프라인에서 할인받고 사려구요!,"[ 0.00447464  0.02764893 -0.03518677 ... -0.01707458 -0.03289795
  0.00906372]",2,"['갯수', '많다', '오프라인', '할인', '사다']",갯수 많다 오프라인 할인 사다,2
3881,"다품목일 경우, 같은 제품번호로 비교하면 오프라인이 저렴하긴 한데... 오프라인에선 파는 제품들이 정해져있더라고요. 비싼 프리미엄 라인?","[ 0.01226807 -0.00468063 -0.04684448 ... -0.01837158 -0.01263428
  0.0013876 ]",2,"['품목', '제품', '번호', '비교', '오프라인', '오프라인', '파', '제품', '정하다', '비싸다', '프리미엄', '라인']",품목 제품 번호 비교 오프라인 오프라인 파 제품 정하다 비싸다 프리미엄 라인,2
3882,갯수 적으면 온라인 많으면 오프라인이여,"[ 0.01038361  0.0089798  -0.02062988 ... -0.03421021 -0.00897217
  0.01434326]",2,"['갯수', '적다', '온라인', '많다', '오프라인']",갯수 적다 온라인 많다 오프라인,0
3883,가성비로 전년도모델 같은경우는 인터넷이 더 저렴하구 신상품들은 오프라인이 더 저렴해요!,"[-0.00395203  0.01412201 -0.03079224 ... -0.02351379 -0.0333252
 -0.01438141]",2,"['가성비', '전년도', '모델', '인터넷', '저렴하다', '상품', '오프라인', '저렴하다']",가성비 전년도 모델 인터넷 저렴하다 상품 오프라인 저렴하다,1
3884,한곳에서 싹 진행하는걸로 오프라인 발품 팔아서 하는게 제일 저렴하다고 하더라구요~!,"[-0.01062012  0.03167725 -0.01953125 ... -0.03430176 -0.02093506
  0.00790405]",2,"['진행', '오프라인', '발품', '팔다', '저렴하다']",진행 오프라인 발품 팔다 저렴하다,0
3885,매장은 더 비싸지 않나요? 요즘 혼수가전도 인터넷으로 많이 구매하는것 같더라구요,"[ 0.02453613  0.03439331 -0.02761841 ... -0.0329895  -0.03991699
  0.01046753]",2,"['매장', '비싸다', '요즘', '혼수', '가전', '인터넷', '구매']",매장 비싸다 요즘 혼수 가전 인터넷 구매,2
3886,오프라인가서 보고 인터넷 구매하는 것도 좋은 방법인거 같습니다,"[ 0.01165771  0.01508331 -0.03396606 ... -0.04223633 -0.03010559
 -0.00316048]",2,"['오프라인', '인터넷', '구매', '좋다', '방법']",오프라인 인터넷 구매 좋다 방법,0
3887,저도 인터넷이 싸다고해서 고민했는데 매장에서 최종할인가 받는거랑 비교했을때 전혀 차이 없더라구요! 그래서 그냥 안전하게 매장구매했습니다:,"[ 0.01580811  0.02330017 -0.03268433 ... -0.03161621 -0.04226685
  0.00656128]",2,"['인터넷', '싸다', '고민', '매장', '최종', '할인', '비교', '차이', '안전', '매장', '구매']",인터넷 싸다 고민 매장 최종 할인 비교 차이 안전 매장 구매,2
3888,오프라인으로 구경은햇었는데 구매는 집에맞게적당히 타협해서 온라인으로 했습니당,"[ 0.01451874  0.02900696 -0.0345459  ... -0.02537537 -0.05108643
 -0.02255249]",2,"['오프라인', '구경', '구매', '맞다', '타협', '온라인']",오프라인 구경 구매 맞다 타협 온라인,1
3889,"품목 적으면 인터넷, 많으면 매장가서 살 것 같아용","[ 0.01365662  0.01689148 -0.02403259 ... -0.03686523 -0.04125977
  0.00372124]",2,"['품목', '적다', '인터넷', '많다', '매장', '살다']",품목 적다 인터넷 많다 매장 살다,2
3890,제가 들은 바로는....가전에 넘버링이 있잔아요! 같은 제품이어도 백화점에 들어오는 넘버링이랑 온라인제품 넘버링이랑 다르데요! 백화점께 훨씬 좋다고 들었어요.... 온라인이 저렴하지만 제품은 약간 떨어지는..? 참고하셔용!,"[ 0.00853729  0.00646973 -0.04318237 ... -0.03189087 -0.01509094
  0.00404358]",2,"['가전', '넘버', '제품', '백화점', '들어오다', '넘버', '온라인', '제품', '넘버', '다르다', '백화점', '좋다', '온라인', '저렴하다', '제품', '떨어지다', '참고']",가전 넘버 제품 백화점 들어오다 넘버 온라인 제품 넘버 다르다 백화점 좋다 온라인 저렴하다 제품 떨어지다 참고,2
3891,오프라인 온라인 다 비교해봤는데 직접 발품 팔아사 한게 제일 괜찮았어요!,"[ 0.00250816  0.01991272 -0.01957703 ... -0.04196167 -0.03674316
 -0.0055542 ]",2,"['오프라인', '온라인', '비교', '발품', '팔다', '사다', '괜찮다']",오프라인 온라인 비교 발품 팔다 사다 괜찮다,0
3892,그래도 발품 팔아서 직접 매장에서 사시는 것을 추천 드려요,"[ 0.0014801   0.0295105  -0.01669312 ... -0.04638672 -0.03952026
  0.00361824]",2,"['발품', '팔다', '매장', '사다', '추천', '드리다']",발품 팔다 매장 사다 추천 드리다,0
3893,저는 매장도 가고 인터넷도 보고 발품 팔고잇지만 거의 인터넷으로 하나둘 사모으고 있어요 ㅎㅎ 답글 부탁드려요,"[-0.01783752  0.02470398 -0.01802063 ... -0.03942871 -0.03775024
  0.0112381 ]",2,"['매장', '인터넷', '발품', '팔다', '인터넷', '사다', '모으다', '부탁드리다']",매장 인터넷 발품 팔다 인터넷 사다 모으다 부탁드리다,2
3894,한두개만 사는거 아니면 매장에서 사는게 더싸다더라구요!,"[ 0.01098633  0.03128052 -0.02719116 ... -0.0206604  -0.03512573
  0.0198822 ]",2,"['사다', '매장', '사다', '싸다']",사다 매장 사다 싸다,2
3895,온라인도 나쁘지 않아요 ㅎ 가성비 좋아요,"[ 0.00641632  0.02209473 -0.03317261 ... -0.02653503 -0.02520752
 -0.00238609]",2,"['온라인', '나쁘다', '가성비', '좋다']",온라인 나쁘다 가성비 좋다,1
3896,저는 오프라인 매장가서 견적받고 모델명 알아와서 인터넷이랑 비교하고 다 인터넷으로 샀어요!,"[-0.0037632   0.02105713 -0.03292847 ... -0.02767944 -0.04104614
  0.00319862]",2,"['오프라인', '매장', '견적', '모델명', '인터넷', '비교', '인터넷', '사다']",오프라인 매장 견적 모델명 인터넷 비교 인터넷 사다,2
3897,저도 미리미리 사려고 알아보는데 오프라인이 온라인을 이길수는 없는것같아요 ㅎㅎ,"[-0.00359917  0.02223206 -0.0269928  ... -0.04138184 -0.03302002
 -0.01507568]",2,"['사다', '알아보다', '오프라인', '온라인', '이기다']",사다 알아보다 오프라인 온라인 이기다,0
3898,저렴한건 인터넷이에요 . 오프라인 매장이랑 비교해보고 구입하세엽,"[ 0.00290108  0.01370239 -0.02787781 ... -0.03149414 -0.03417969
 -0.00472641]",2,"['저렴하다', '인터넷', '오프라인', '매장', '비교', '구입']",저렴하다 인터넷 오프라인 매장 비교 구입,2
3899,일단 인터넷이랑 오프라인 둘다 확인해볼것 같아요!,"[-0.00496674  0.00710678 -0.00444794 ... -0.03424072 -0.01631165
 -0.01257324]",2,"['인터넷', '오프라인', '확인']",인터넷 오프라인 확인,1
3900,패키지로 사면 오프라인 오픈매장이 싸고 몇개만 사면 인터넷이 낫다고 하더라구요,"[-0.00300789  0.02885437 -0.03546143 ... -0.0271759  -0.02973938
  0.00235176]",2,"['패키지', '사다', '오프라인', '오픈', '매장', '싸다', '사다', '인터넷']",패키지 사다 오프라인 오픈 매장 싸다 사다 인터넷,2
3901,전세 아니었음 오프라인에서 보고 하나하나 골랐을것같은데... 이사가면 어차피 바꿀거같아서 인터넷에서 샀어요 ㅋ,"[-0.0045433   0.02468872 -0.02827454 ... -0.05236816 -0.0345459
 -0.00614166]",2,"['전세', '오프라인', '고르다', '이사', '바꾸다', '인터넷', '사다']",전세 오프라인 고르다 이사 바꾸다 인터넷 사다,1
3902,오프라인에서 보고 온라인으로 구매 추천드려요!,"[-0.00595093  0.02589417 -0.0221405  ... -0.01850891 -0.02861023
 -0.02041626]",2,"['오프라인', '온라인', '구매', '추천', '드리다']",오프라인 온라인 구매 추천 드리다,0
3903,오프라인에서 보고 온라인으로 사니까 더 저렴하더라구요,"[-0.00846863  0.03405762 -0.0275116  ... -0.01290131 -0.02427673
 -0.01417542]",2,"['오프라인', '온라인', '사다', '저렴하다']",오프라인 온라인 사다 저렴하다,1
3904,온라인이 확실히 다양하고 저렴하게 구할 수 있는것 같아요,"[ 0.00966644  0.03948975 -0.01483917 ... -0.02349854 -0.02891541
 -0.01393127]",2,"['온라인', '다양', '저렴하다', '구하다']",온라인 다양 저렴하다 구하다,0
3905,저도 온라인 살펴보고 구매했어요~ 오프라인보다는 저렴하니까,"[-0.0044632   0.03262329 -0.02900696 ... -0.01029968 -0.0302887
 -0.01980591]",2,"['온라인', '살펴보다', '구매', '오프라인', '저렴하다']",온라인 살펴보다 구매 오프라인 저렴하다,1
3906,"저도 구매는 오프라인으로 했지만, 저흰 택배비 아낄라고 오프라인으로 사고싶었는대 무조건 온라인 구매만 가능하다고 해서 쇼룸만 보고와서 온라인으로 구매해써요ㅠㅠ","[-0.00414658  0.0168457  -0.0254364  ... -0.02333069 -0.04101562
 -0.00185299]",2,"['구매', '오프라인', '택배비', '아끼다', '오프라인', '사다', '온라인', '구매', '가능', '온라인', '구매', '쓰다']",구매 오프라인 택배비 아끼다 오프라인 사다 온라인 구매 가능 온라인 구매 쓰다,1
3907,오프라인에서 체험가능하다면 확인해보시고 온라인으로구매하세요ㅎㅎ가끔은 오프라인이 프로모션으로싼경우도있어서ㅎㅎ,"[-0.0076828   0.00971985 -0.01583862 ... -0.0458374  -0.02978516
  0.00513077]",2,"['오프라인', '체험', '가능', '확인', '온라인', '구매', '오프라인', '프로모션', '싸다']",오프라인 체험 가능 확인 온라인 구매 오프라인 프로모션 싸다,1
3908,매장가서 직접확인하고 인터넷이랑 가격비교해서 살거같아요~!,"[ 0.00371933  0.02261353 -0.02018738 ... -0.03231812 -0.03125
  0.00352669]",2,"['매장', '확인', '인터넷', '가격', '비교', '사다']",매장 확인 인터넷 가격 비교 사다,2
3909,직접보는거랑 디테일이 달라서 매장가서 직접보고 온라인으로 가격비교 해서 살거같아요 ㅎㅎ,"[-0.00034094  0.02871704 -0.00788116 ... -0.03491211 -0.03375244
 -0.01224518]",2,"['디테일', '다르다', '매장', '온라인', '가격', '비교', '사다']",디테일 다르다 매장 온라인 가격 비교 사다,2
3910,오프라인 이랑 온라인 비교해보구 샀는데 오프라인이 할인이 쪼끔 더 됬어요,"[ 0.00996399  0.02281189 -0.04135132 ... -0.02218628 -0.03161621
 -0.02420044]",2,"['오프라인', '온라인', '비교', '사다', '오프라인', '할인']",오프라인 온라인 비교 사다 오프라인 할인,0
3911,오프라인이 더 쌉니다 오프라인 추천해요,"[ 0.00205231  0.02772522 -0.03019714 ... -0.02478027 -0.01631165
 -0.00210953]",2,"['오프라인', '싸다', '오프라인', '추천']",오프라인 싸다 오프라인 추천,0
3912,저는 오프라인으로 보고 모델결정하면 온라인이랑 비교해보려구여,"[ 0.00125408  0.00365067 -0.01635742 ... -0.02113342 -0.02720642
 -0.01351166]",2,"['오프라인', '모델', '결정', '온라인', '비교']",오프라인 모델 결정 온라인 비교,0
3913,사고 싶은 모델이 확고한게 아니라면 오프라인으로 둘러보고 살 것 같아요!,"[-0.00287247  0.0168457  -0.01489258 ... -0.0324707  -0.03604126
 -0.0218811 ]",2,"['사다', '모델', '오프라인', '둘러보다', '살다']",사다 모델 오프라인 둘러보다 살다,1
3914,손품팔아서 오프라인으로 구매할거같아요! 답완,"[-0.01132202  0.02932739 -0.0335083  ... -0.02462769 -0.04214478
 -0.00697327]",2,"['팔다', '오프라인', '구매']",팔다 오프라인 구매,0
3915,저희는 전제다사는거라 발품팔면서 여러곳돌아보고 최종은 백화점에서 구입했습니닷,"[ 0.0112915   0.03009033 -0.0234375  ... -0.03759766 -0.05395508
 -0.00087881]",2,"['전제', '사다', '발품', '팔다', '돌아보다', '최종', '백화점', '구입']",전제 사다 발품 팔다 돌아보다 최종 백화점 구입,0
3916,저희는 온라인으로 예랑이가 최저가 찾아서 손품팔아서 구매했어요.,"[ 0.00379944  0.03884888 -0.02140808 ... -0.00861359 -0.0536499
 -0.01061249]",2,"['온라인', '예랑이', '최저', '찾다', '팔다', '구매']",온라인 예랑이 최저 찾다 팔다 구매,1
3917,"ㅠ통단가가 달라서 인터넷이 더 싸다고도 하고, 무슨 부품인가가 달라서 오프라인이 더 비싸다고도 하고.. 그렇더라고요!","[ 0.00556946  0.02122498 -0.03283691 ... -0.02297974 -0.02827454
 -0.00106239]",2,"['단가', '다르다', '인터넷', '싸다', '부품', '다르다', '오프라인', '비싸다']",단가 다르다 인터넷 싸다 부품 다르다 오프라인 비싸다,2
3918,여러개 하면 매장에서 사는게 더 싸더라구요..! 보통 인터넷최저기기준으로 매장 할인이 괜찮은지 판단하는 경우도 있어요~,"[ 0.00447083  0.02093506 -0.03283691 ... -0.02764893 -0.02659607
  0.01098633]",2,"['매장', '사다', '싸다', '인터넷', '최저', '기준', '매장', '할인', '괜찮다', '판단']",매장 사다 싸다 인터넷 최저 기준 매장 할인 괜찮다 판단,2
3919,🚻여러개구매하면 온라인보다는 오프라인 매장이 할인혜택 더 많지 않나용!?,"[-0.00480652  0.03262329 -0.0352478  ... -0.02816772 -0.04684448
  0.00135136]",2,"['구매', '온라인', '오프라인', '매장', '할인', '혜택', '많다']",구매 온라인 오프라인 매장 할인 혜택 많다,2
3920,인터넷이 저렴한 거 같아요. 저는 배송일자 맞추는 게 번거로워서 매장에서 구매했어요,"[-0.00537491  0.01739502 -0.02580261 ... -0.03213501 -0.04867554
 -0.00710678]",2,"['인터넷', '배송', '일자', '맞추다', '매장', '구매']",인터넷 배송 일자 맞추다 매장 구매,2
3921,"저도 오프라인으로 좀 돌다가, 인터넷이 더 저렴해서 각각 인터넷에서 주문해서 사용중이에요 코코에 장 보러 갔다가 산 것도 있네요 ㅋㅋ","[-0.01679993  0.03347778 -0.01620483 ... -0.01872253 -0.04425049
  0.00164127]",2,"['오프라인', '돌다', '인터넷', '저렴하다', '인터넷', '주문', '코코', '살다']",오프라인 돌다 인터넷 저렴하다 인터넷 주문 코코 살다,1
3922,모두 신제품 패키지로 구매하면 오프라인이 낫고 아니면 온라인이 좋은 것 같아요!,"[ 0.00816345 -0.00055218 -0.04321289 ... -0.03512573 -0.03536987
  0.00457001]",2,"['제품', '패키지', '구매', '오프라인', '온라인', '좋다']",제품 패키지 구매 오프라인 온라인 좋다,1
3923,오프라인으로 다수 제품 구매 시 할인율과 온라인 최저가 비교했고 오프라인이 조금 더 저렴해서 오프라인으로 구매했답니다. 먼저 오프라인으로 모델명등 구체화 하시고 알아보시면 좋을것 같아요!,"[ 0.00964355  0.01702881 -0.04223633 ... -0.02107239 -0.01853943
 -0.02563477]",2,"['오프라인', '다수', '제품', '구매', '할인', '온라인', '최저', '비교', '오프라인', '저렴하다', '오프라인', '구매', '오프라인', '모델명', '구체', '알아보다', '좋다']",오프라인 다수 제품 구매 할인 온라인 최저 비교 오프라인 저렴하다 오프라인 구매 오프라인 모델명 구체 알아보다 좋다,0
3924,갯수가 적으면 온라인이 싸고 갯수가 많으면 오프라인 다품목이 싼거같아요~,"[ 1.79409981e-05  1.02081299e-02 -3.19824219e-02 ... -1.40762329e-02
 -2.21710205e-02 -1.69754028e-03]",2,"['갯수', '적다', '온라인', '싸다', '갯수', '많다', '오프라인', '품목', '싸다']",갯수 적다 온라인 싸다 갯수 많다 오프라인 품목 싸다,0
3925,전 오프라인에서 보고 온라인에서 다 샀는데 예산 반 이상 절감했어요,"[-0.00713348  0.03219604 -0.03735352 ... -0.0136795  -0.03479004
  0.00671768]",2,"['오프라인', '온라인', '사다', '예산', '이상', '절감']",오프라인 온라인 사다 예산 이상 절감,1
3926,인터넷으로 추천이요!5품목이상부터 매장이 좋더라구요,"[ 0.00773621  0.00785828 -0.03152466 ... -0.0440979  -0.02542114
  0.00203705]",2,"['인터넷', '추천', '품목', '이상', '매장', '좋다']",인터넷 추천 품목 이상 매장 좋다,2
3927,"가짓 수가 작으면 인터넷이 좋고, 좀 품목이 많으면 오프라인이 좋대요","[ 0.00615692  0.00897217 -0.03305054 ... -0.04855347 -0.02503967
  0.00099468]",2,"['작다', '인터넷', '좋다', '품목', '많다', '오프라인', '좋다']",작다 인터넷 좋다 품목 많다 오프라인 좋다,0
3928,저도 몇가지 없어서 매장도 가보구 인터넷 비교해보고 인터넷에서 구매 확정했습니당,"[ 0.00590134  0.01811218 -0.03158569 ... -0.03463745 -0.04473877
 -0.00542068]",2,"['매장', '인터넷', '비교', '인터넷', '구매', '확정']",매장 인터넷 비교 인터넷 구매 확정,2
3929,온라인은 인건비가 적게 들고 오프라인은 인건비가 많이 드니까 그런 걸로도 잘 비교해보시면 좋을 거에요~,"[ 0.00449753  0.02114868 -0.02516174 ... -0.03045654 -0.01937866
 -0.00468445]",2,"['온라인', '인건비', '적다', '들다', '오프라인', '인건비', '들다', '비교', '좋다']",온라인 인건비 적다 들다 오프라인 인건비 들다 비교 좋다,0
3930,품목이 적으면 인터넷이 저렴해서 매장이랑 가격비교 해보고 구매하세요~,"[ 9.60230827e-05  3.07617188e-02 -1.85394287e-02 ... -2.72064209e-02
 -3.56445312e-02 -1.02844238e-02]",2,"['품목', '적다', '인터넷', '매장', '가격', '비교', '구매']",품목 적다 인터넷 매장 가격 비교 구매,0
3931,매장이랑 인터넷이랑 비교해보는게 제일 좋지만 인터넷이 더 저렴한걸로 알고있어요,"[ 0.00603867  0.02232361 -0.0329895  ... -0.04299927 -0.0335083
  0.00791168]",2,"['매장', '인터넷', '비교', '좋다', '인터넷', '저렴하다']",매장 인터넷 비교 좋다 인터넷 저렴하다,2
3932,품목적으시면 인터넷 구매가 낫다고 하더라구요. 매장구매는 품목 늘어날수록 할인율도 높아져서,"[ 0.00946045  0.02064514 -0.03982544 ... -0.03466797 -0.04077148
  0.0202179 ]",2,"['품목', '적다', '인터넷', '구매', '매장', '구매', '품목', '늘어나다', '할인', '높다']",품목 적다 인터넷 구매 매장 구매 품목 늘어나다 할인 높다,2
3933,공청기 핫딜떠서 온라인구매했어요 좀 기다리면 가끔 핫딜타임이 오더라구요,"[-0.00548935  0.02378845 -0.01655579 ... -0.0189209  -0.02461243
 -0.02487183]",2,"['뜨다', '온라인', '구매', '기다리다', '타임']",뜨다 온라인 구매 기다리다 타임,1
3934,저는 대부분 온라인에서 샀는데 괜찮아요~~,"[ 0.01145172  0.00922394 -0.04013062 ... -0.03536987 -0.03640747
 -0.00555801]",2,"['부분', '온라인', '사다', '괜찮다']",부분 온라인 사다 괜찮다,1
3935,오프라인도 견적 받아보세요! 모델도 다르니까요!,"[-0.00598907  0.02490234 -0.02836609 ... -0.02894592 -0.03378296
  0.00079441]",2,"['오프라인', '견적', '모델', '다르다']",오프라인 견적 모델 다르다,0
3936,오프라인으로 직접 발품팔면 견적비교가 되어서 좋을 거에요,"[-0.00686646  0.03323364 -0.02511597 ... -0.04071045 -0.03433228
 -0.004879  ]",2,"['오프라인', '발품', '팔다', '견적', '비교', '좋다']",오프라인 발품 팔다 견적 비교 좋다,0
3937,오프라인에서 실물 봤으면 괜찮을거같아요,"[ 0.00630569  0.01795959 -0.02468872 ... -0.03256226 -0.02043152
 -0.007061  ]",2,"['오프라인', '실물', '괜찮다']",오프라인 실물 괜찮다,1
3938,제품번호 확인 잘해보시고 온라인 구매하셔요 온라인은 빠져있는 경우도 있다해서요,"[ 0.00303078  0.01997375 -0.03134155 ... -0.02531433 -0.02087402
 -0.01179504]",2,"['제품', '번호', '확인', '온라인', '구매', '온라인', '빠지다']",제품 번호 확인 온라인 구매 온라인 빠지다,1
3939,출시년도 안중요하시면 인터넷이 낫고 아니면 오프라인이 낫더라구요,"[ 0.00759506 -0.00494766 -0.04022217 ... -0.04281616 -0.02526855
 -0.00691986]",2,"['출시', '중요', '인터넷', '오프라인']",출시 중요 인터넷 오프라인,1
3940,오프라인에서 여러 정보 알아보시고 인터넷으로 구매 추천드려요 ㅎㅎ,"[-0.00417709  0.02403259 -0.02377319 ... -0.03308105 -0.0186615
 -0.0196991 ]",2,"['오프라인', '정보', '알아보다', '인터넷', '구매', '추천', '드리다']",오프라인 정보 알아보다 인터넷 구매 추천 드리다,0
3941,저는 3개샀는데 온라인이 훨싸더라구요 혹시모르니 온오프 다 비교해보세요!,"[ 0.00870514  0.02345276 -0.04849243 ... -0.02406311 -0.01757812
  0.00015903]",2,"['사다', '온라인', '싸다', '오프', '비교']",사다 온라인 싸다 오프 비교,1
3942,전둘다비교해보려고해요~ 근데 요즘 온라인이 더싸긴하더라구욥,"[ 0.00047231  0.0206604  -0.02474976 ... -0.03921509 -0.02955627
 -0.00482559]",2,"['비교', '요즘', '온라인', '싸다']",비교 요즘 온라인 싸다,1
3943,요즘 온라인이 저렴하다고 해서 온라인으로 구매할까 싶어요 !,"[-0.00595093  0.04696655 -0.02429199 ... -0.02105713 -0.03833008
 -0.02336121]",2,"['요즘', '온라인', '저렴하다', '온라인', '구매']",요즘 온라인 저렴하다 온라인 구매,1
3944,저희는 오프라인으로 구경이라도 해보자 했는데 오프라인이 더 할인율 높은경우도 있더라구요,"[-0.00126839  0.02708435 -0.02886963 ... -0.03384399 -0.03686523
 -0.01331329]",2,"['오프라인', '구경', '오프라인', '할인', '높다']",오프라인 구경 오프라인 할인 높다,2
3945,오프라인에서 아무래도 만져보고 써보고하는게.. 특히 침대 의자,"[ 0.01224518  0.02412415 -0.02354431 ... -0.04797363 -0.01131439
 -0.0011673 ]",2,"['오프라인', '만지다', '쓰다', '침대', '의자']",오프라인 만지다 쓰다 침대 의자,2
3946,온라인은 아무래도 맘이 안놓여서 오프라인으로 구매했어요 ㅎㅎ,"[-0.00122452  0.02612305 -0.01344299 ... -0.0229187  -0.04916382
 -0.01519775]",2,"['온라인', '놓이다', '오프라인', '구매']",온라인 놓이다 오프라인 구매,1
3947,온라인으로 찾아보고 가까운 쇼룸있으면 다녀보려구요 최종 결정은 온라인으로!,"[-0.00365829  0.02900696 -0.03363037 ... -0.04364014 -0.0369873
 -0.01618958]",2,"['온라인', '찾아보다', '다니다', '최종', '결정', '온라인']",온라인 찾아보다 다니다 최종 결정 온라인,0
3948,저는 고민하다가 저렴하게 온라인으로 했는데 만족해용,"[ 0.00261879  0.02624512 -0.03723145 ... -0.03717041 -0.03320312
 -0.00233078]",2,"['고민', '저렴하다', '온라인', '만족']",고민 저렴하다 온라인 만족,1
3949,가능하면 눈으로 직접 보고 구매하려 합니다! 온라인 구매때는 후기 사진을 많이 보고요!,"[-0.00130463  0.02041626 -0.01577759 ... -0.04418945 -0.04663086
 -0.00240517]",2,"['가능', '구매', '온라인', '구매', '후기', '사진']",가능 구매 온라인 구매 후기 사진,1
3950,온라인으로 보고 있는데 확실히 가서 보는거랑 다르더라구요ㅠ 그래서 오프라인 있음 왠만하면 가고 온라인에 올라온 가격 비교해보고 사려구요,"[-0.00031972  0.03091431 -0.02542114 ... -0.0234375  -0.01760864
 -0.01675415]",2,"['온라인', '다르다', '오프라인', '온라인', '올라오다', '가격', '비교', '사다']",온라인 다르다 오프라인 온라인 올라오다 가격 비교 사다,0
3951,직접보고 사야할것같아 오프라인 구매 추천이요!,"[-0.00041103  0.02619934 -0.02438354 ... -0.0297699  -0.03068542
 -0.00497437]",2,"['사다', '오프라인', '구매', '추천']",사다 오프라인 구매 추천,1
3952,저는 온라인으로 하려구요! 나중에 더 좋은 거로 바꿀 거라서요~,"[ 0.00148201  0.02671814 -0.02081299 ... -0.04574585 -0.01800537
 -0.00766754]",2,"['온라인', '좋다', '바꾸다']",온라인 좋다 바꾸다,1
3953,몇 개 사시는데용? 오프라인은 진짜 최신제품 하이엔드급 묶어서 실체감가 줄이는 거구요. 저희는 3~4개 사는거라서 인터넷으로 1년 전 제품으로 싸게 샀어요 ㅎㅎ여러개 살거 아니라면 그게 낫겠더라구요 일단 신제품 아니면 다 인터넷이 싸요~ ㅋㅋ 어차피 배송은 삼성 엘지 기사분들이 와주시는거에요 설치는 걱정마세욤,"[-0.00067759  0.02418518 -0.04977417 ... -0.03491211 -0.02102661
  0.01826477]",2,"['사다', '오프라인', '최신', '제품', '하이', '엔드', '묶다', '실체', '줄', '사다', '인터넷', '제품', '싸다', '사다', '사다', '제품', '인터넷', '싸다', '배송', '삼성', '엘지', '기사', '설치', '걱정']",사다 오프라인 최신 제품 하이 엔드 묶다 실체 줄 사다 인터넷 제품 싸다 사다 사다 제품 인터넷 싸다 배송 삼성 엘지 기사 설치 걱정,2
3954,"인터넷으로 사는것도 메리트가 있을 것같은데, 저희는 언제 이렇게 풀세트로 맞춰보나 싶기도해서... 오프라인으로 했네요 ㅠㅠ","[ 0.0164032   0.03117371 -0.02644348 ... -0.03182983 -0.04571533
  0.00718307]",2,"['인터넷', '사다', '메리트', '세트', '맞추다', '오프라인']",인터넷 사다 메리트 세트 맞추다 오프라인,1
3955,그쵸 기빨려서 돌아다니기 힘들어요 그래더 오프라인 할인이 더 큰거같아요,"[ 0.00534439  0.02807617 -0.02702332 ... -0.03344727 -0.02177429
 -0.00194263]",2,"['빨리다', '돌아다니다', '힘들다', '오프라인', '할인', '크다']",빨리다 돌아다니다 힘들다 오프라인 할인 크다,0
3956,인터넷에서 견적 괜찮은 곳들 비교해보고 가장 싼 곳으로 오프라인 방문했어요!,"[ 0.00069189  0.03637695 -0.02285767 ... -0.02085876 -0.03930664
 -0.01031494]",2,"['인터넷', '견적', '괜찮다', '비교', '싸다', '오프라인', '방문']",인터넷 견적 괜찮다 비교 싸다 오프라인 방문,0
3957,저도 오프라인으로 했어요! 이것저것 할인들어가면 그리 비싸지않아요!,"[ 0.00121593  0.02886963 -0.02412415 ... -0.01994324 -0.02886963
 -0.00566864]",2,"['오프라인', '이것저것', '할인', '들어가다', '비싸다']",오프라인 이것저것 할인 들어가다 비싸다,2
3958,저는 스타일이 오프라인은 부담스럽고 무조건 사야될거같아서 온라인으로 잘보고 있어요,"[-0.00263023  0.01255798 -0.03927612 ... -0.02709961 -0.04330444
  0.00553131]",2,"['스타일', '오프라인', '부담', '사다', '온라인']",스타일 오프라인 부담 사다 온라인,1
3959,많이 살거라면 오프라인 둘러보는 게 가장 좋아요~,"[ 0.00801086  0.03059387 -0.0151062  ... -0.03387451 -0.03013611
 -0.00809479]",2,"['사다', '오프라인', '둘러보다', '좋다']",사다 오프라인 둘러보다 좋다,1
3960,가전 다품목은 무조건 오프라인이요! 온라인 최저가보다 훨씬 싸더라고요!,"[ 0.00683212  0.01921082 -0.03652954 ... -0.02862549 -0.02677917
 -0.01327515]",2,"['가전', '품목', '오프라인', '온라인', '최저', '싸다']",가전 품목 오프라인 온라인 최저 싸다,1
3961,갯수가 많다면 오프라인이 좋지만.. 저는 돌아다니면서 견적비교하는게 체질이 안맞고 구입갯수가 적어서 온라인으로 알아봤어요~,"[ 0.0032959   0.00383568 -0.03820801 ... -0.04574585 -0.02243042
  0.00323296]",2,"['갯수', '많다', '오프라인', '좋다', '돌아다니다', '견적', '비교', '체질', '맞다', '구입', '갯수', '적다', '온라인', '알아보다']",갯수 많다 오프라인 좋다 돌아다니다 견적 비교 체질 맞다 구입 갯수 적다 온라인 알아보다,0
3962,낱개로 조금씩 살거면 인터넷추천 그게 아니면 오프라인에서 세트로 사시는거 추천드려용ㅎㅎ,"[-0.00091028  0.02276611 -0.01983643 ... -0.03881836 -0.03775024
  0.01882935]",2,"['낱개', '살다', '인터넷', '추천', '오프라인', '세트', '사다', '추천', '드리다']",낱개 살다 인터넷 추천 오프라인 세트 사다 추천 드리다,1
3963,전 매장에서 샀어요 최저가 검색하고 할인 최대한 맞춰달라고 햇어요,"[ 0.02276611  0.02462769 -0.04037476 ... -0.02867126 -0.03979492
 -0.00367355]",2,"['매장', '사다', '저가', '검색', '할인', '최대한', '맞추다']",매장 사다 저가 검색 할인 최대한 맞추다,1
3964,여러가지 살 땬 온라인이 더 좋다고 하더랴고용,"[ 0.00995636  0.03787231 -0.0218811  ... -0.0324707  -0.02084351
 -0.01823425]",2,"['온라인', '좋다', '고용']",온라인 좋다 고용,0
3965,한꺼번에 많이 사실거면 오프라인 추천드립니다! 좀 번거롭기는 해도 훨씬 싼 거 같더라구요!,"[ 0.00153255  0.03503418 -0.01817322 ... -0.02583313 -0.02784729
  0.00775528]",2,"['사다', '오프라인', '추천', '드리다', '싸다']",사다 오프라인 추천 드리다 싸다,0
3966,인터넷에서 오프라인에서 판매하는거랑 다르다고 하더라고요ㅠ저는 발품 팔 것 같아요!,"[-0.01528931  0.02728271 -0.02622986 ... -0.0340271  -0.03637695
 -0.01316071]",2,"['인터넷', '오프라인', '판매', '다르다', '발품', '팔다']",인터넷 오프라인 판매 다르다 발품 팔다,0
3967,한번에 몰아서 살거면 오프라인에서 한번에 처리하는게 좋을 것 같아요!,"[-0.00178051  0.02616882 -0.01261139 ... -0.02760315 -0.02772522
  0.00111961]",2,"['몰다', '살다', '오프라인', '처리', '좋다']",몰다 살다 오프라인 처리 좋다,0
3968,매장가서 보고 저희는 임직원몰에서 구매했어요,"[ 0.01335144  0.00894165 -0.02592468 ... -0.02259827 -0.05819702
  0.01439667]",2,"['매장', '임직원', '구매']",매장 임직원 구매,1
3969,저는 품목이 적어서 엘지 공식 온라인에서 구매했어요!,"[-0.0161438   0.02629089 -0.01206207 ... -0.02348328 -0.050354
 -0.01116943]",2,"['품목', '적다', '엘지', '공식', '온라인', '구매']",품목 적다 엘지 공식 온라인 구매,1
3970,직접 발품팔면 오프라인이 더 싸더라고요,"[-0.00123119  0.03366089 -0.02037048 ... -0.04669189 -0.02764893
  0.00768661]",2,"['발품', '팔다', '오프라인', '싸다']",발품 팔다 오프라인 싸다,0
3971,한 브랜드에서 다 하시는거면 오프라인에서 한번에 하시면 할인더많이 해주는것 같더라고요~,"[-0.00177002  0.02334595 -0.03567505 ... -0.02824402 -0.02105713
  0.00520325]",2,"['브랜드', '오프라인', '할인']",브랜드 오프라인 할인,2
3972,한개씩 따로 사면야 온라인이 싸고 편하지만 여러개사려면 오프라인에서 행사 적용 받는거도 괜찮더라구요! 배송까지도 믿을 수 있으니 맘도 편하고요,"[-0.00880432  0.02130127 -0.0385437  ... -0.01914978 -0.03012085
  0.00165462]",2,"['사다', '온라인', '싸다', '편하다', '사다', '오프라인', '행사', '적용', '괜찮다', '배송', '편하다']",사다 온라인 싸다 편하다 사다 오프라인 행사 적용 괜찮다 배송 편하다,1
3973,저는 무조건 오프라인이요 만약 한두가지 살거면 온라인으로 가격비교해서 사겠지만 ~ 묶어서 사는 것보다 싼건 없는 것 같아서용 ㅛ,"[ 0.00228691  0.01277161 -0.03179932 ... -0.02770996 -0.02519226
  0.01116943]",2,"['오프라인', '사다', '온라인', '가격', '비교', '사다', '묶다', '사다', '싸다']",오프라인 사다 온라인 가격 비교 사다 묶다 사다 싸다,1
3974,아무래도 세트로 사실거면 오프라인이 쌀거같아요ㅎㅎ,"[ 0.02896118  0.02076721 -0.01860046 ... -0.03735352 -0.01768494
  0.01757812]",2,"['세트', '사다', '오프라인', '싸다']",세트 사다 오프라인 싸다,1
3975,가존은 오프라인으로 견적따져보는게 좋을것같아요! ㄷ,"[-0.0042572   0.02603149 -0.01307678 ... -0.04312134 -0.03067017
 -0.00203323]",2,"['오프라인', '견적', '따지다', '좋다']",오프라인 견적 따지다 좋다,0
3976,오프로 먼저 보고 온라인과 가격 비교해보고 최종결정! 할 거예요~ㄷ,"[-0.00312233  0.0231781  -0.02178955 ... -0.04483032 -0.02218628
 -0.0141983 ]",2,"['온라인', '가격', '비교', '최종', '결정']",온라인 가격 비교 최종 결정,0
3977,오프라인으로 발품파는게 제일 저렴하게 살 수 있을 거 같아요!,"[-0.00878906  0.03610229 -0.0249176  ... -0.02839661 -0.04272461
 -0.00232315]",2,"['오프라인', '발품', '파', '저렴하다', '사다']",오프라인 발품 파 저렴하다 사다,0
3978,다품목이면 무조건오프라인이요ㅎㅎ 전백화점에서했어요 백화점이 마냥비싸진않더라구요,"[ 0.00962067  0.01921082 -0.02500916 ... -0.02914429 -0.03799438
  0.0008688 ]",2,"['품목', '오프라인', '백화점', '백화점', '비싸다']",품목 오프라인 백화점 백화점 비싸다,2
3979,저희는 온라인으로 가격보고 오프라인으로 가보려고 합니다!,"[-0.00534439  0.03222656 -0.02003479 ... -0.02008057 -0.03616333
 -0.01599121]",2,"['온라인', '가격', '오프라인']",온라인 가격 오프라인,0
3980,오프라인 발품 잘 팔면 오프라인이 더 저렴하더라구용,"[-0.0046196   0.03338623 -0.02435303 ... -0.02407837 -0.02441406
 -0.00286293]",2,"['오프라인', '발품', '팔다', '오프라인', '저렴하다']",오프라인 발품 팔다 오프라인 저렴하다,0
3981,"여러품목 사는거면 오프라인이 더 싸더라구요. 신상 오프라인, 구형 온라인 이렇게 비교를 하세요~","[ 0.00064659  0.01084137 -0.04702759 ... -0.02378845 -0.02549744
 -0.02288818]",2,"['품목', '사다', '오프라인', '싸다', '신상', '오프라인', '온라인', '비교']",품목 사다 오프라인 싸다 신상 오프라인 온라인 비교,1
3982,저는 오프라인 견적받고 인터넷으로 구매했어요:,"[-0.00320053  0.0202179  -0.01646423 ... -0.03387451 -0.03869629
 -0.00378799]",2,"['오프라인', '견적', '인터넷', '구매']",오프라인 견적 인터넷 구매,0
3983,방문이 확실하긴 한데 온라인이 가격적인 이점이 커서.. 사이즈나 이런건 실물로 보고 온라인 구매도 괜찮아요~,"[-0.00493622  0.0333252  -0.02941895 ... -0.02941895 -0.03887939
 -0.01567078]",2,"['방문', '온라인', '가격', '점', '크다', '사이즈', '실물', '온라인', '구매', '괜찮다']",방문 온라인 가격 점 크다 사이즈 실물 온라인 구매 괜찮다,1
3984,꼭 원하는제품있으면 온라인으로 품번검색해서 사도무방한데 저는 오프라인으로 80퍼센트 이상구매했너요,"[-0.00086641  0.00389481 -0.03640747 ... -0.02967834 -0.02105713
 -0.0115509 ]",2,"['원하다', '제품', '온라인', '검색', '사다', '오프라인', '이상', '구매']",원하다 제품 온라인 검색 사다 오프라인 이상 구매,1
3985,오프라인으로가서 설명듣고 구경하는재미도 좋아요 데이트의 일부분같이!,"[ 0.00214195  0.02325439 -0.0300293  ... -0.01686096 -0.01922607
  0.00616455]",2,"['오프라인', '설명', '구경', '재미', '좋다', '데이트', '일부분']",오프라인 설명 구경 재미 좋다 데이트 일부분,0
3986,온라인용이랑 오프라인용이랑 다르다고해서 저희는 오프라인에서 샀어요!,"[ 0.00428772  0.02389526 -0.03695679 ... -0.01351166 -0.0425415
 -0.03198242]",2,"['온라인', '오프라인', '다르다', '오프라인', '사다']",온라인 오프라인 다르다 오프라인 사다,1
3987,온라인으로 가겨좀알아보고 오프라인으로 돌아볼거같아요,"[ 0.00470352  0.02088928 -0.00930023 ... -0.02705383  0.00059891
 -0.01779175]",2,"['온라인', '가겨', '알아보다', '오프라인', '돌다']",온라인 가겨 알아보다 오프라인 돌다,0
3988,전 온라인으로 했어요. 일단 가격이 싸기는 하니까요!,"[-0.00477982  0.02362061 -0.0227356  ... -0.03094482 -0.03189087
 -0.00200272]",2,"['온라인', '가격', '싸다']",온라인 가격 싸다,0
3989,다품목은 혼수로 오프라인이 더싸대요~~ 온라인은 배송에서 지연되는경우가 많다고해요ㅠ,"[ 0.00135803  0.01146698 -0.02186584 ... -0.03149414 -0.03921509
 -0.00834656]",2,"['품목', '혼수', '오프라인', '싸다', '온라인', '배송', '지연', '많다']",품목 혼수 오프라인 싸다 온라인 배송 지연 많다,2
3990,워시타워만 오프라인에서하고 나머진 온라인에서했어용 ㄷ,"[ 0.00625229  0.02401733 -0.00907135 ... -0.01078033 -0.00819397
 -0.00024319]",2,"['워시타워', '오프라인', '나머지', '온라인']",워시타워 오프라인 나머지 온라인,1
3991,풀세트가 아니면 온라인이 저렴한데 편한건 오프라인이여…,"[ 0.01324463  0.01721191 -0.03018188 ... -0.03652954 -0.02922058
  0.01115417]",2,"['세트', '온라인', '편하다', '오프라인']",세트 온라인 편하다 오프라인,1
3992,오프라인으로 좀 돌아보고 주문은 온라인이요! 답완,"[-0.00629044  0.03204346 -0.01179504 ... -0.0243988  -0.03411865
 -0.01186371]",2,"['오프라인', '돌아보다', '주문', '온라인']",오프라인 돌아보다 주문 온라인,1
3993,"다품목으로 1000만원 이상 넘어가면 오프라인이 나은 것 같고, 한 두가지 품목이라면 온라인이 저렴한 것 같아요! ㄷ","[ 0.00552368  0.00785065 -0.03866577 ... -0.04144287 -0.03024292
 -0.00140858]",2,"['품목', '이상', '넘어가다', '오프라인', '품목', '온라인']",품목 이상 넘어가다 오프라인 품목 온라인,0
3994,저도 알아보고 있는데 직접 매장 돌아다니시면 발품해봐야 비교 가능하다구 하더라구요 요즘은 비대면으로 견적도 받아요,"[ 0.00021565  0.02006531 -0.0218811  ... -0.05319214 -0.02548218
  0.01252747]",2,"['알아보다', '매장', '돌아다니다', '발품', '비교', '가능', '요즘', '대면', '견적']",알아보다 매장 돌아다니다 발품 비교 가능 요즘 대면 견적,0
3995,매장 다 발품파시구 견적받아보는거 추천합니다,"[ 0.01080322  0.02127075 -0.01925659 ... -0.05032349 -0.02903748
  0.0350647 ]",2,"['매장', '발품', '파', '견적', '추천']",매장 발품 파 견적 추천,0
3996,"백화점, 대리점 다 가봤꾸요! 발품, 손품팔고, 인스타에 행사매장들 광고성으로 뜨길래 집 근처 매장 찾아서 다녀왔어요 :","[ 0.01093292  0.01068878 -0.02033997 ... -0.03826904 -0.04879761
  0.00603104]",2,"['백화점', '대리점', '꾸다', '팔다', '인스타', '행사', '매장', '광고', '뜨다', '근처', '매장', '찾다', '다녀오다']",백화점 대리점 꾸다 팔다 인스타 행사 매장 광고 뜨다 근처 매장 찾다 다녀오다,2
3997,저흰 백화점에서 했는데 상품권도 많이 주고 해서 백화점에서 정했어요~ 근데 여기저기 발품 팔면서 견적 받아보고 비교해서 결정하는게 체고!입니당 ㅎㅎ,"[ 0.00778961  0.01899719 -0.03619385 ... -0.05328369 -0.03643799
  0.00758743]",2,"['백화점', '상품', '백화점', '정하다', '여기저기', '발품', '팔다', '견적', '비교', '결정']",백화점 상품 백화점 정하다 여기저기 발품 팔다 견적 비교 결정,0
3998,오프라인은 품목이 많아야 저렴하게 살수있는거라 한두개면 온라인이 나을듯싶어요.,"[ 0.0033474   0.01519012 -0.04519653 ... -0.03149414 -0.02380371
 -0.0040741 ]",2,"['오프라인', '품목', '많다', '저렴하다', '사다', '온라인']",오프라인 품목 많다 저렴하다 사다 온라인,0
3999,한두품목만 살꺼면 인터넷이 최저가이긴한데 인터넷은 설치비 별도일 가능성이있으니 온오프라인 비교는 꼭 하세요,"[ 0.00430679  0.02902222 -0.03286743 ... -0.02888489 -0.02833557
  0.00366211]",2,"['품목', '사다', '인터넷', '최저', '인터넷', '설치비', '별', '가능', '오프라인', '비교']",품목 사다 인터넷 최저 인터넷 설치비 별 가능 오프라인 비교,2
4000,싸게 구매하시려면 인터넷이 제잉 싼거 같아요! 두개만 하시는거면 온라인추천해요,"[-0.00844574  0.020401   -0.0397644  ... -0.03137207 -0.02320862
  0.00271606]",2,"['싸다', '구매', '인터넷', '싸다', '온라인', '추천']",싸다 구매 인터넷 싸다 온라인 추천,1
4001,매장가서는 여러개사면 훨씬 싸지고 그렇지않으면 인터넷구매도 괜찮은거같아요 ㅎㅎ,"[ 0.0014143   0.02661133 -0.03074646 ... -0.03253174 -0.0350647
  0.02664185]",2,"['매장', '사다', '싸다', '인터넷', '구매', '괜찮다']",매장 사다 싸다 인터넷 구매 괜찮다,1
4002,2가지만 구매하시는거면 인터넷 추천이요~ 보통 여러가지 사야 매장견적 받는게 저렴하구 2가지 정도면 인터넷이 젤 저렴해요~,"[ 0.00155354  0.03161621 -0.04721069 ... -0.0252533  -0.02740479
  0.00680542]",2,"['구매', '인터넷', '추천', '사다', '매장', '견적', '인터넷', '저렴하다']",구매 인터넷 추천 사다 매장 견적 인터넷 저렴하다,2
4003,한번에 사야지 더 쌀거같아서 오프라인 추천이요,"[ 0.00848389  0.03494263 -0.02975464 ... -0.01870728 -0.01243591
  0.00277901]",2,"['사다', '싸다', '오프라인', '추천']",사다 싸다 오프라인 추천,1
4004,저는 보통 매장에서 실제로 확인하고 온라인 최저가로 구입하긴해요! 리뷰보고 구입하면 잘 오긴 하더라구요~,"[-0.00247955  0.01637268 -0.01861572 ... -0.03019714 -0.02384949
 -0.01059723]",2,"['매장', '확인', '온라인', '최저', '구입', '리뷰', '구입']",매장 확인 온라인 최저 구입 리뷰 구입,1
4005,오프라인에서 견적 먼저 받아보는거 추천이요,"[-0.00574493  0.03634644 -0.02137756 ... -0.03991699 -0.02052307
 -0.00206184]",2,"['오프라인', '견적', '추천']",오프라인 견적 추천,0
4006,오프라인 세일도 많이 하니 오프라인에서 직접 보고 구매하시는 것도 좋을 것 같아요 :,"[ 0.00038862  0.01803589 -0.03445435 ... -0.02455139 -0.02713013
 -0.00496292]",2,"['오프라인', '세일', '오프라인', '구매', '좋다']",오프라인 세일 오프라인 구매 좋다,1
4007,오프라인구매했는데 잘 쓰고 있어요~ 무슨차이인지는 저도 궁금합니다..,"[ 0.0122757   0.01803589 -0.03894043 ... -0.02766418 -0.02455139
 -0.02124023]",2,"['오프라인', '구매', '쓰다', '차이', '궁금하다']",오프라인 구매 쓰다 차이 궁금하다,2
4008,"항목이 많으면 오프라인, 일부면 인터넷이 저렴한것 같더라구요","[ 0.00149727  0.01620483 -0.01756287 ... -0.02677917 -0.01963806
 -0.00357437]",2,"['항목', '많다', '오프라인', '일부', '인터넷']",항목 많다 오프라인 일부 인터넷,2
4009,전 인터넷으로 많이 샀어요 백화점이나 매장가면 필요없는거까지 묶어서 할인을 권장하더라구요 할인도 추후 페이백이나 포인트 같은거라.. 혜택이 큰지 모르겠더라구요,"[ 0.00562668  0.01730347 -0.04885864 ... -0.03347778 -0.04199219
 -0.00176716]",2,"['인터넷', '사다', '백화점', '매장', '필요', '묶다', '할인', '권장', '할인', '추후', '페이', '포인트', '혜택', '크다']",인터넷 사다 백화점 매장 필요 묶다 할인 권장 할인 추후 페이 포인트 혜택 크다,2
4010,항목이 많아서 온라인보다 오프라인이 훨씬 싸더라구요,"[ 0.01823425  0.01937866 -0.03018188 ... -0.03071594 -0.02368164
 -0.00987244]",2,"['항목', '많다', '온라인', '오프라인', '싸다']",항목 많다 온라인 오프라인 싸다,2
4011,한샘은 온라인에서만 구경했었는데 직접 봐야겠네요,"[-0.00295067  0.02935791  0.00534439 ... -0.03347778 -0.0395813
  0.00985718]",2,"['한샘', '온라인', '구경']",한샘 온라인 구경,1
4012,"온라인몰은 불가, 오프라인만 해당합니다","[ 0.01417542  0.02003479 -0.01112366 ... -0.01991272 -0.04397583
 -0.00285912]",2,"['온라인', '불가', '오프라인', '해당']",온라인 불가 오프라인 해당,1
4013,오프라인 행사가보다 인터넷으로 각각 최저가 검색하는게 더 쌀수도 있다더라고요 ㅠㅠ,"[-0.00625992  0.02073669 -0.03292847 ... -0.02809143 -0.03091431
 -0.00549316]",2,"['오프라인', '행사', '인터넷', '최저', '검색', '싸다']",오프라인 행사 인터넷 최저 검색 싸다,2
4014,저도 보고사는게 안심되고 제품도 비교해보고싶어서 오프라인에서 샀어용~ 대신 발품파는게 힘들어요ㅠ,"[-0.0083313   0.02558899 -0.02220154 ... -0.03588867 -0.03044128
 -0.00888062]",2,"['사다', '안심', '제품', '비교', '오프라인', '사다', '대신', '발품', '파', '힘들다']",사다 안심 제품 비교 오프라인 사다 대신 발품 파 힘들다,0
4015,오프라인으로 구매 하시려면 많이 돌아보시는거 추천이요.,"[-0.00575256  0.03001404 -0.02218628 ... -0.0368042  -0.02529907
 -0.02394104]",2,"['오프라인', '구매', '돌아보다', '추천']",오프라인 구매 돌아보다 추천,0
4016,세트로 살꺼면 오프라인이 좋고 품목이 적으면 온라인이요,"[ 0.01133728  0.01571655 -0.03829956 ... -0.04226685 -0.03625488
 -0.00636292]",2,"['세트', '사다', '오프라인', '좋다', '품목', '적다', '온라인']",세트 사다 오프라인 좋다 품목 적다 온라인,0
4017,"오프라인, 온라인발품손품 다 팔아보고 그냥 온라인했어요ㅋㅋ 품목이 많지않은편이라 온라인이 더 싸더라구용","[-0.01094818  0.01812744 -0.02780151 ... -0.02328491 -0.03173828
 -0.01371765]",2,"['오프라인', '온라인', '발품', '팔다', '온라인', '품목', '많다', '온라인', '싸다']",오프라인 온라인 발품 팔다 온라인 품목 많다 온라인 싸다,0
4018,둘 다 각자 견적 받아보세요! 저는 오프라인만 8군데 가고 끝나고 인터넷 검색해쓴ㄴㄷ 그래도 오프가 저렴해요,"[-0.00652313  0.02427673 -0.02368164 ... -0.03814697 -0.01873779
  0.01902771]",2,"['견적', '오프라인', '끝나다', '인터넷', '검색', '쓰다', '오프', '저렴하다']",견적 오프라인 끝나다 인터넷 검색 쓰다 오프 저렴하다,1
4019,보고 사는게 당연히 좋겠지만 온라인으루 산 지인들 보면 아무 무탈없이 사용하시더라요 ㅎㅎ,"[ 0.00545883  0.02832031 -0.03108215 ... -0.04946899 -0.0350647
 -0.00305176]",2,"['사다', '좋다', '온라인', '사다', '지인']",사다 좋다 온라인 사다 지인,1
4020,온라인은 좀 불안해서 저는 오프추천이요,"[ 0.0032196   0.02325439 -0.02816772 ... -0.03128052 -0.00146198
 -0.00839233]",2,"['온라인', '불안', '오프', '추천']",온라인 불안 오프 추천,1
4021,견적 많이 받아보시고 오프라인 추천요ㅠ,"[-0.00354576  0.03161621 -0.01747131 ... -0.03738403 -0.02067566
  0.00584793]",2,"['견적', '오프라인', '추천']",견적 오프라인 추천,0
4022,오프라인에서 견적 받아보고 온라인검색해서 일단 가격비고 하는게 좋을 듯 합니당,"[-0.00056648  0.04086304 -0.02955627 ... -0.04785156 -0.0158844
  0.00414658]",2,"['오프라인', '견적', '온라인', '검색', '가격', '좋다']",오프라인 견적 온라인 검색 가격 좋다,0
4023,오프라인 돌아다니면서 견적 받고 온라인으로 한번 더 비교해볼거같아요!,"[-0.01538086  0.03659058 -0.01187897 ... -0.0425415  -0.0279541
  0.00122356]",2,"['오프라인', '돌아다니다', '견적', '온라인', '비교']",오프라인 돌아다니다 견적 온라인 비교,0
4024,4개 아래면 온라인이 싼걸로 알고있는데 함 견적내보세요~,"[ 0.00901031  0.03930664 -0.0252533  ... -0.03720093 -0.01997375
  0.01232147]",2,"['아래', '온라인', '싸다', '견적', '내다']",아래 온라인 싸다 견적 내다,0
4025,"4개 이상은 오프라인, 단품은 온라인이 진리라고 하더라고요 ~","[ 0.00582123  0.019104   -0.02183533 ... -0.02050781 -0.01667786
 -0.00032449]",2,"['이상', '오프라인', '온라인', '진리']",이상 오프라인 온라인 진리,1
4026,오프라인 견적 받아보시고 정하는게 좋울거같아요! 생각보다 괜탆더라구요!,"[ 0.00175858  0.03182983 -0.03497314 ... -0.0423584  -0.01629639
  0.00894928]",2,"['오프라인', '견적', '정하다', '좋다', '울다', '생각', '괜탆']",오프라인 견적 정하다 좋다 울다 생각 괜탆,0
4027,저는 온라인에서 샀는데요~ 예산보다 너무 저렴하게 사서 만족해요!,"[-0.00379372  0.02793884 -0.03286743 ... -0.02886963 -0.04666138
 -0.01919556]",2,"['온라인', '사다', '예산', '저렴하다', '사다', '만족']",온라인 사다 예산 저렴하다 사다 만족,1
4028,저희는 오프라인 온라인 섞어서 구매했어요!,"[ 0.00371933  0.03744507 -0.01225281 ... -0.01216125 -0.05349731
 -0.01681519]",2,"['오프라인', '온라인', '섞다', '구매']",오프라인 온라인 섞다 구매,1
4029,온라인이 쿠폰이나 카드할인 적용하면 더 싸긴하더라고요!,"[-0.00643539  0.03515625 -0.02363586 ... -0.0272522  -0.02796936
 -0.01222229]",2,"['온라인', '쿠폰', '카드', '할인', '적용', '싸다']",온라인 쿠폰 카드 할인 적용 싸다,2
4030,가전이 여러개 많이 사거나 혼수로 할때는 오프라인이 좋고 따로따로 하나씩 살때는 온라인이 좋다고 하더라구용 ㅎㅎㄷ,"[ 0.01931763  0.02990723 -0.03109741 ... -0.03634644 -0.0247345
 -0.01028442]",2,"['가전', '사다', '혼수', '오프라인', '좋다', '사다', '온라인', '좋다']",가전 사다 혼수 오프라인 좋다 사다 온라인 좋다,1
4031,저는 오프라인도 견적받아보고 온라인도 봤는데 온라인이 훨씬 저렴해요!,"[-0.01582336  0.03671265 -0.03018188 ... -0.02554321 -0.03399658
  0.0023613 ]",2,"['오프라인', '견적', '온라인', '온라인', '저렴하다']",오프라인 견적 온라인 온라인 저렴하다,1
4032,오프라인은 다 최신형이라 저렴하게 하시려면 온라인에서 전년도 모델로 구입하시는 거 추천이요!,"[-0.00256157  0.02377319 -0.03625488 ... -0.02105713 -0.03674316
  0.00342178]",2,"['오프라인', '최신', '저렴하다', '온라인', '전년도', '모델', '구입', '추천']",오프라인 최신 저렴하다 온라인 전년도 모델 구입 추천,1
4033,저희도 소량 구매할 예정이라 너무 애매하더라구요 오프라인보다 인터넷이 나을 거 같아요,"[-0.00291634  0.04125977 -0.02915955 ... -0.03317261 -0.04385376
 -0.00609589]",2,"['소량', '구매', '예정', '오프라인', '인터넷']",소량 구매 예정 오프라인 인터넷,1
4034,소량 구매는 온라인이 더 저렴한 것 같더라구요! 그래도 오프라인에서도 견적 한 번 받아보고 비교해보세요ㅎㅎ,"[-0.0171814   0.04486084 -0.02305603 ... -0.03192139 -0.03704834
  0.00287247]",2,"['소량', '구매', '온라인', '저렴하다', '오프라인', '견적', '비교']",소량 구매 온라인 저렴하다 오프라인 견적 비교,1
4035,저도 알아봤는데 최신품의 경우에 한해서는 전 오프라인이 더싸더라구용!,"[-0.00170994  0.01425171 -0.03253174 ... -0.02455139 -0.02870178
 -0.00063515]",2,"['알아보다', '신품', '한', '오프라인', '싸다']",알아보다 신품 한 오프라인 싸다,2
4036,제품에 대해 잘 알고 계시면 온라인으로 살 것 같아요! 완전 최신 아니면 온라인이 더 저렴할듯 ㅎㅎ,"[-0.00536728  0.02885437 -0.03701782 ... -0.03649902 -0.03146362
 -0.0043602 ]",2,"['제품', '대하다', '온라인', '사다', '최신', '온라인', '저렴하다']",제품 대하다 온라인 사다 최신 온라인 저렴하다,1
4037,온라인으로 사셔도 되긴 하겠지만 그정도 품목으로도 백화점 상담받아보면 괜찮은 견적 나올수도 있어요,"[ 3.89480591e-03  2.66265869e-02 -4.36096191e-02 ... -3.12500000e-02
 -3.60717773e-02  8.34465027e-07]",2,"['온라인', '사다', '품목', '백화점', '상담', '괜찮다', '견적', '나오다']",온라인 사다 품목 백화점 상담 괜찮다 견적 나오다,0
4038,저도 그래서 그냥 한두 개 인터넷이랑 매장 개별 가격 보고 비교해서 사려구요!,"[-0.00080109  0.02314758 -0.02322388 ... -0.02839661 -0.03833008
  0.00942993]",2,"['인터넷', '매장', '개별', '가격', '비교', '사다']",인터넷 매장 개별 가격 비교 사다,2
4039,오프라인에서 고르고 온라인과 비교해서 더 싸면 온라인으로 사세요~ 아니면 오프라인아웃렛 매장을 이용하셔도 저렴해요,"[-0.00169277  0.02622986 -0.03019714 ... -0.02113342 -0.02452087
 -0.00331497]",2,"['오프라인', '고르다', '온라인', '비교', '싸다', '온라인', '사다', '오프라인', '아웃렛', '매장', '저렴하다']",오프라인 고르다 온라인 비교 싸다 온라인 사다 오프라인 아웃렛 매장 저렴하다,1
4040,저랑 같으시네요 .. 품목이 적어서 온라인으로 구매하는게 훨씬싸더라구요 저는 그래서 온라인으로 구매하려구요,"[ 0.00699615  0.02696228 -0.03503418 ... -0.01852417 -0.03038025
  0.00359344]",2,"['품목', '적다', '온라인', '구매', '싸다', '온라인', '구매']",품목 적다 온라인 구매 싸다 온라인 구매,0
4041,ㅜㅜ애초에 다구매하는게 맘편한거 같아여..온라인 발품 많이 파셨나요..? 어디서부터 어떻게 시작해야할지 막막해요ㅠ 많이 차이나나요?,"[-0.00667572  0.0234375  -0.01734924 ... -0.0475769  -0.02577209
  0.00375748]",2,"['애초', '구매', '편하다', '온라인', '발품', '파', '시작', '차이']",애초 구매 편하다 온라인 발품 파 시작 차이,0
4042,품목 많이 없으면은 전시상품도 괜찮고 매장 둘러보고 상품명 알아낸 후 인터넷으로 사는게 나아요!,"[-0.00211334  0.01158905 -0.03372192 ... -0.04431152 -0.03320312
 -0.00586319]",2,"['품목', '전시', '상품', '괜찮다', '매장', '둘러보다', '상품명', '알다', '인터넷', '사다']",품목 전시 상품 괜찮다 매장 둘러보다 상품명 알다 인터넷 사다,1
4043,오프라인으로 망문해서 사시는걸 추천드립니다!,"[-0.02075195  0.03100586 -0.01241302 ... -0.03038025 -0.02275085
 -0.00925446]",2,"['오프라인', '사다', '추천', '드리다']",오프라인 사다 추천 드리다,0
4044,급하게 필요한거 아니시라면 온라인도 괜찮은거 같아용!,"[ 0.00394058  0.02159119 -0.02005005 ... -0.04299927 -0.0269928
 -0.0098114 ]",2,"['급하다', '필요', '온라인', '괜찮다']",급하다 필요 온라인 괜찮다,1
4045,한두가지면 온라인하시구 품목수 많으시면 오프라인이여! 오프라인 상담먼저 해보시구 온라인과 비교해보셔도 좋구요!,"[-0.00522232 -0.00139141 -0.0302124  ... -0.04483032 -0.0171051
 -0.00796509]",2,"['온라인', '품목', '많다', '오프라인', '오프라인', '상담', '온라인', '비교', '좋다']",온라인 품목 많다 오프라인 오프라인 상담 온라인 비교 좋다,0
4046,온라인과 오프라인 반반 섞어서 샀습니다,"[ 0.01698303  0.02017212 -0.02168274 ... -0.0124588  -0.0305481
 -0.01899719]",2,"['온라인', '오프라인', '반반', '섞다', '사다']",온라인 오프라인 반반 섞다 사다,1
4047,전 온라인으로 저렴히 샀는데요 설치까지 잘해주셨어요,"[ 0.00785065  0.02999878 -0.0329895  ... -0.02940369 -0.03955078
 -0.0115509 ]",2,"['온라인', '사다', '설치']",온라인 사다 설치,1
4048,"한두가지면 온러인이 훨씬 좋아용! 그리고 온라인, 오프라인 상품코드가 달라서 비교도 힘드실거에욥 온라인 추천합니다~","[-1.13248825e-06  1.52587891e-02 -2.95257568e-02 ... -3.20434570e-02
 -1.25732422e-02 -1.70745850e-02]",2,"['온러', '좋다', '온라인', '오프라인', '상품', '코드', '다르다', '비교', '힘들다', '온라인', '추천']",온러 좋다 온라인 오프라인 상품 코드 다르다 비교 힘들다 온라인 추천,0
4049,온라인으로 저렴하게 샀는데 부족함 하나도 없었어요 ㅎㅎ ~,"[ 0.00307655  0.03167725 -0.0239563  ... -0.0164032  -0.03704834
 -0.02423096]",2,"['온라인', '저렴하다', '사다', '부족']",온라인 저렴하다 사다 부족,1
4050,가짓수가 적으면 온라인구매가 가성비 좋은 것 같아요,"[ 0.00388718  0.03631592 -0.0242157  ... -0.03881836 -0.04403687
 -0.01657104]",2,"['가짓수', '적다', '온라인', '구매', '가성비', '좋다']",가짓수 적다 온라인 구매 가성비 좋다,0
4051,요새 온라인 많이하는데 전 직접 가서보고 설명듣고 하는게좋아서 가서 구매했어용,"[ 0.01577759  0.02919006 -0.02542114 ... -0.03118896 -0.02276611
 -0.00432968]",2,"['온라인', '설명', '좋다', '구매']",온라인 설명 좋다 구매,0
4052,온라인이 저렴하긴허던대 ㅠㅠ 저는 온라인 주문햇어용!,"[-0.01093292  0.03463745 -0.01611328 ... -0.02503967 -0.03704834
 -0.00777817]",2,"['온라인', '온라인', '주문']",온라인 온라인 주문,1
4053,1-2개 품목이시라면 온라인이 훨씬 저렴하실 거에요 저도 온라인으로 구매했도 엄청 잘 쓰고 있어요,"[ 0.00372505  0.03411865 -0.04733276 ... -0.02772522 -0.02180481
  0.00037003]",2,"['품목', '온라인', '온라인', '구매', '쓰다']",품목 온라인 온라인 구매 쓰다,1
4054,오프라인으로 안전하게 사야할 것 같아요. 잔고장도 많을 수도 있고 집근처에 매장이 있다면 좋을 것 같아요,"[ 0.01449585  0.03143311 -0.03713989 ... -0.03717041 -0.04034424
  0.00372314]",2,"['오프라인', '안전', '사다', '하다', '고장', '많다', '근처', '매장', '좋다']",오프라인 안전 사다 하다 고장 많다 근처 매장 좋다,2
4055,많이 사시는거면 오프라인이 사은품 받기에 더 좋구요. 5개 미만이면 온라인이 좋을거같아요 ㅎㅎ,"[-0.00547791  0.00858307 -0.03050232 ... -0.03320312 -0.0319519
  0.00594711]",2,"['사다', '오프라인', '사은품', '좋다', '미만', '온라인', '좋다']",사다 오프라인 사은품 좋다 미만 온라인 좋다,0
4056,오프라인으로 일단 가서 보시는 거 추천드려요! 하이마트 비싸지 않아요!,"[-0.01141357  0.01091003 -0.01420593 ... -0.03344727 -0.03036499
  0.01194763]",2,"['오프라인', '추천', '드리다', '하이마트', '비싸다']",오프라인 추천 드리다 하이마트 비싸다,0
4057,오프라인에서도 견적받아보시구 비교해보고 구매하시는거 추천드릴게여!,"[-0.01302338  0.03097534 -0.02732849 ... -0.03140259 -0.03204346
 -0.00579071]",2,"['오프라인', '견적', '비교', '구매', '추천', '드리다']",오프라인 견적 비교 구매 추천 드리다,0
4058,요새는 온라인도 괜찮아요! 저는 무조건 저렴한걸로 구매할 것 같아요,"[ 0.00023651  0.02888489 -0.02636719 ... -0.02636719 -0.04321289
 -0.00453568]",2,"['요새', '온라인', '괜찮다', '저렴하다', '구매']",요새 온라인 괜찮다 저렴하다 구매,1
4059,"견적받아보시고 차이가 심하면 온라인, 크게 차이 없거나 적게나면 오프라인 할것같아요","[-0.00676346  0.02597046 -0.01937866 ... -0.03924561 -0.01646423
  0.01153564]",2,"['견적', '차이', '심하다', '온라인', '크다', '차이', '적다', '오프라인']",견적 차이 심하다 온라인 크다 차이 적다 오프라인,0
4060,가짓수 많이 필요하지 않으시면 온라인 추천이요! ㄷ,"[ 0.00157356  0.03610229 -0.02017212 ... -0.03652954 -0.03030396
 -0.0049057 ]",2,"['가짓수', '필요', '온라인', '추천']",가짓수 필요 온라인 추천,0
4061,어디서하셨어요? 베샵인가요? 그거 너무 다 나눠서 할인해줘서 백화점한번 가보세용 ㅠ 그리고 온라인이랑 오프라인이랑 제품이 좀 다릅니다 그래서 온라인최저가랑 비교하시면안돼요,"[ 0.01139069  0.00624466 -0.04443359 ... -0.03741455 -0.02241516
 -0.00196457]",2,"['베', '샵', '나누다', '할인', '백화점', '온라인', '오프라인', '제품', '다르다', '온라인', '최저', '비교']",베 샵 나누다 할인 백화점 온라인 오프라인 제품 다르다 온라인 최저 비교,0
4062,둘 다 해보려구요 저희는 선물로 사준다는 가족들도 있고해서 많이 안 살 거 같아서 인터넷이나 오프라인이라 둘 다 돌아보려구오,"[-0.0189209   0.01652527 -0.02340698 ... -0.04434204 -0.0479126
 -0.00949097]",2,"['선물', '사다', '가족', '사다', '인터넷', '오프라인', '돌아보다']",선물 사다 가족 사다 인터넷 오프라인 돌아보다,2
4063,전 오프라인추천해요 같은 모델이여도 세세한 옵션까지 다 확인해가며 구매 하려면 ㅜㅜ 오프라인이 더 편하겠더라구요,"[-0.00844574  0.01008606 -0.02952576 ... -0.03015137 -0.02168274
 -0.00517654]",2,"['오프라인', '추천', '모델', '이다', '옵션', '확인', '구매', '오프라인', '편하다']",오프라인 추천 모델 이다 옵션 확인 구매 오프라인 편하다,1
4064,가격차이 많이 안나면 서비스 부분 많이 생각해보고 결정할거 같아요 ~ 오프라인은 행사가 많으니까요~,"[ 0.00997925  0.01177979 -0.02897644 ... -0.03875732 -0.03451538
  0.0060997 ]",2,"['가격', '차이', '서비스', '생각', '결정', '오프라인', '행사', '많다']",가격 차이 서비스 생각 결정 오프라인 행사 많다,0
4065,오프라인 캐쉬백이나 다른 사은품등 모두 비교해서 결정이요! 오히려 오프라인이 이거저거 받으면 더 저렴할지도..?,"[ 0.0022583   0.0148468  -0.03219604 ... -0.03115845 -0.03102112
 -0.00614548]",2,"['오프라인', '캐쉬', '사은품', '비교', '결정', '오프라인', '저렴하다']",오프라인 캐쉬 사은품 비교 결정 오프라인 저렴하다,0
4066,오잉 온라인이 더 저렴하네요! 버전이 같다면 오프라인이 더 저렴하다고 생각했어요,"[-0.00416946  0.01132965 -0.03942871 ... -0.02685547 -0.01490021
 -0.01245117]",2,"['오잉', '온라인', '저렴하다', '버전', '오프라인', '저렴하다', '생각']",오잉 온라인 저렴하다 버전 오프라인 저렴하다 생각,1
4067,저도 온라인 구매도 다 비교중인데 품목마다 다 따로 결제하시나요?,"[-0.00175381  0.02497864 -0.03622437 ... -0.03237915 -0.05593872
  0.0158844 ]",2,"['온라인', '구매', '비교', '품목', '결제']",온라인 구매 비교 품목 결제,0
4068,"생각보다 온라인으로 견적 잘 안내주더라구요ㅠㅠ 저는 발품팔고있어용.,","[-0.00891113  0.03048706 -0.02127075 ... -0.04046631 -0.03198242
 -0.0021801 ]",2,"['생각', '온라인', '견적', '내다', '발품', '팔다']",생각 온라인 견적 내다 발품 팔다,0
4069,오프라인 돌면서 결제 후 모델명 받아서 받은 모델명 들고 온라인으로 견적 받았어요!,"[-0.00306702  0.02029419 -0.02055359 ... -0.014328   -0.03909302
 -0.00514603]",2,"['오프라인', '돌다', '결제', '모델명', '모델명', '들다', '온라인', '견적']",오프라인 돌다 결제 모델명 모델명 들다 온라인 견적,0
4070,오프라인 발품 팔 수 밖에 없는 구조같아요... 온라인에서 아무리 잘받아도 오프라인만 못한 느낌..?,"[-0.01127625  0.02497864 -0.02857971 ... -0.02835083 -0.03189087
 -0.00828552]",2,"['오프라인', '발품', '팔다', '구조', '온라인', '오프라인', '느낌']",오프라인 발품 팔다 구조 온라인 오프라인 느낌,0
4071,오프라인이 더 좋은거같아요 오픈매장 뜨는곳 잘 검색해보셔요!,"[ 0.01502228  0.0035553  -0.04190063 ... -0.05230713 -0.02191162
 -0.00382233]",2,"['오프라인', '좋다', '오픈', '매장', '뜨다', '검색']",오프라인 좋다 오픈 매장 뜨다 검색,2
4072,온라인으로 발품 파시는게 좋을 것 같아요!,"[-0.00697327  0.0302887  -0.01325989 ... -0.04418945 -0.03652954
 -0.01314545]",2,"['온라인', '발품', '파', '좋다']",온라인 발품 파 좋다,0
4073,대충 온라인에서 가격보고 오프라인에서 좀 비교하고 여러군데 다녀보세용!,"[-0.00659943  0.01824951 -0.03115845 ... -0.03851318 -0.02308655
 -0.00854492]",2,"['온라인', '가격', '오프라인', '비교', '다니다']",온라인 가격 오프라인 비교 다니다,0
4074,저는 오프라인으로 발품팔다가 카드 새로 만들어야하고 보험들어야하고 이런게 귀찮아서 온라인으로 구매했어요!,"[-0.01023102  0.02986145 -0.02571106 ... -0.02474976 -0.0484314
 -0.0149231 ]",2,"['오프라인', '발품', '팔다', '카드', '만들다', '보험', '들다', '귀찮다', '온라인', '구매']",오프라인 발품 팔다 카드 만들다 보험 들다 귀찮다 온라인 구매,0
4075,오프라인에서 모델 받고 온라인으로 견적 받는 방법도 있다고 하더라구요,"[-0.00654221  0.02558899 -0.01731873 ... -0.03025818 -0.03244019
 -0.01071167]",2,"['오프라인', '모델', '온라인', '견적', '방법']",오프라인 모델 온라인 견적 방법,0
4076,온라인으로 생각했는데 댓글들이 다들 오프라인이 더 좋다고 하시네요~?! 저도 정보 얻어가요~!,"[ 0.00798798  0.015625   -0.03463745 ... -0.0385437  -0.01461792
  0.00262451]",2,"['온라인', '생각', '댓글', '오프라인', '좋다', '정보']",온라인 생각 댓글 오프라인 좋다 정보,0
4077,발품 오프라인으로 발품 다녀보려구요!,"[-0.00714111  0.04501343  0.0001477  ... -0.03747559 -0.03695679
 -0.01273346]",2,"['발품', '오프라인', '발품', '다니다']",발품 오프라인 발품 다니다,0
4078,저는 오프라인으로 계속 알아보는 중이에요ㅎ 그게 더 저렴하더라구요ㅎㅎ,"[-0.01495361  0.03158569 -0.0196228  ... -0.03491211 -0.01625061
 -0.00017047]",2,"['오프라인', '알아보다', '저렴하다']",오프라인 알아보다 저렴하다,0
4079,후기 보니까 오프라인 여러곳 견적 받아봐야겠더라구요..ㅠㅠ,"[-0.00550842  0.02813721 -0.01387787 ... -0.04449463 -0.02108765
  0.00728226]",2,"['후기', '오프라인', '견적']",후기 오프라인 견적,0
4080,발품팔아서 오프라인으로 방문해야될것 같아요 ㅜ,"[-0.0088501   0.02516174 -0.00707245 ... -0.0329895  -0.04147339
 -0.00995636]",2,"['발품', '팔다', '오프라인', '방문']",발품 팔다 오프라인 방문,0
4081,저는 오프라인 발품했어요 오픈매장 위주로요 ㄷ,"[-0.00245857  0.01724243 -0.01708984 ... -0.03198242 -0.03381348
 -0.00282288]",2,"['오프라인', '발품', '오픈', '매장', '위주']",오프라인 발품 오픈 매장 위주,2
4082,오프라인 발품으로 많이들 구매하시더라구요ㅠ 인터넷특가로 드래곤볼 하면 시간이 오래걸려요... ㄷ,"[-0.00607681  0.025177   -0.02874756 ... -0.02919006 -0.02163696
  0.0008955 ]",2,"['오프라인', '발품', '구매', '인터넷', '특가', '드래곤', '시간', '걸리다']",오프라인 발품 구매 인터넷 특가 드래곤 시간 걸리다,0
4083,온라인 전용 모델이라 온라인이랑 오프라인 가격 비교하는게 그렇게 큰 의미는 없어서 저는 오프라인으로 발품 팔았어요! 인터넷은 정말 어려워요 ㅠㅠ,"[-0.01695251  0.02719116 -0.02661133 ... -0.01795959 -0.03347778
 -0.00912476]",2,"['온라인', '전용', '모델', '온라인', '오프라인', '가격', '비교', '크다', '의미', '오프라인', '발품', '팔다', '인터넷']",온라인 전용 모델 온라인 오프라인 가격 비교 크다 의미 오프라인 발품 팔다 인터넷,0
4084,"백화점은 최신상이고 4종해도 5종 값하고 큰차이없어서 5,8 이런식으로 구성늘리더라고요 구성늘려서 사고 중고나라에 박스미개봉으로 팔아도됩니다.","[ 0.02688599  0.01308441 -0.02894592 ... -0.02513123 -0.03900146
  0.02578735]",2,"['백화점', '최신', '크다', '차이', '구성', '늘리다', '구성', '늘리다', '사다', '중고나라', '박스', '개봉', '팔다']",백화점 최신 크다 차이 구성 늘리다 구성 늘리다 사다 중고나라 박스 개봉 팔다,1
4085,발품을 더 팔아보세요 백화점은 원래 비싸요ㅠ 저는 전자랜드에서 했는데 5종800대로맞췄어요,"[-0.0009079   0.01526642 -0.02973938 ... -0.03994751 -0.05126953
  0.02752686]",2,"['발품', '팔다', '백화점', '비싸다', '전자랜드', '맞추다']",발품 팔다 백화점 비싸다 전자랜드 맞추다,2
4086,저라면 오프라인 2~3군데가격 하고 인터넷최저가 비교해서 구매할거같아요,"[ 0.00410843  0.02568054 -0.03601074 ... -0.02478027 -0.02412415
 -0.00367737]",2,"['오프라인', '가격', '인터넷', '최저', '비교', '구매']",오프라인 가격 인터넷 최저 비교 구매,0
4087,오프라인으로 보고 품명 알아와서 인터넷 최저가로 구매하는게 낫지않을까용 ?,"[-0.00387955  0.02232361 -0.04162598 ... -0.034729   -0.02740479
  0.00118065]",2,"['오프라인', '보다', '인터넷', '최저', '구매']",오프라인 보다 인터넷 최저 구매,1
4088,품번이랑 이런게 인터넷이랑 묘하게 달라서 어렵더라고요..오프라인이 좋은거같아요 ㅠ,"[ 0.00595856  0.02096558 -0.0231781  ... -0.02920532 -0.00993347
  0.01239777]",2,"['인터넷', '묘', '다르다', '오프라인', '좋다']",인터넷 묘 다르다 오프라인 좋다,2
4089,저는 오프라인으로 사려규여! 사게되면 베스트샵!,"[-0.00193977  0.02027893 -0.03384399 ... -0.02912903 -0.03765869
 -0.0069046 ]",2,"['오프라인', '사려규여', '사다', '베스트']",오프라인 사려규여 사다 베스트,2
4090,단품구매면 인터넷이 낫고 여러개면 오프라인이요!,"[-0.00260162  0.02119446 -0.02885437 ... -0.034729   -0.03311157
  0.00963593]",2,"['구매', '인터넷', '오프라인']",구매 인터넷 오프라인,2
4091,오프라인 몇군데 다녀보몀서 견적 받아보고 결정햏어요!,"[-0.0014143   0.0411377  -0.0177002  ... -0.03683472 -0.02191162
  0.00232124]",2,"['오프라인', '다니다', '견적', '결정']",오프라인 다니다 견적 결정,0
4092,오프라인으로 사이즈 보고 온라인으로 샀어요! 급하지 않아서 천천히 와도 되서요! ㄷ!,"[-0.01300049  0.03259277 -0.03262329 ... -0.01872253 -0.04226685
 -0.01715088]",2,"['오프라인', '사이즈', '온라인', '사다', '급하다']",오프라인 사이즈 온라인 사다 급하다,1
4093,시간 여유 있으시다면 온라인으로 주문하시는 것 추천해요~,"[ 0.00163364  0.02815247  0.00179768 ... -0.04101562 -0.03842163
 -0.00099373]",2,"['시간', '여유', '온라인', '주문', '추천']",시간 여유 온라인 주문 추천,1
4094,인터넷으로 사기 전에 먼저 오프라인 가격이랑 비교해볼 것 같아요! 한꺼번에 사면 혜택 주니깐 오프라인도 좋을 것 같아여,"[-0.00470352  0.03939819 -0.03010559 ... -0.02571106 -0.02722168
 -0.01293182]",2,"['인터넷', '사다', '오프라인', '가격', '비교', '사면', '혜택', '오프라인', '좋다']",인터넷 사다 오프라인 가격 비교 사면 혜택 오프라인 좋다,0
4095,인터넷이 더 저렴하겠지만... 오프라인에서 살래요,"[-0.00416946  0.03686523 -0.02349854 ... -0.03050232 -0.02896118
  0.00068903]",2,"['인터넷', '저렴하다', '오프라인', '살다']",인터넷 저렴하다 오프라인 살다,1
4096,인터넷이랑 오프라인이랑 스팩이 다르다고 해서 전 그냥 오프라인으로 샀어요.,"[-0.00858307  0.01628113 -0.02842712 ... -0.02038574 -0.04168701
 -0.01229858]",2,"['인터넷', '오프라인', '스다', '다르다', '오프라인', '사다']",인터넷 오프라인 스다 다르다 오프라인 사다,2
4097,몇군데 발품팔아보면 오프라인가 비교가능할꺼예요,"[ 0.0065918   0.01095581 -0.03125    ... -0.04077148 -0.0317688
  0.01348114]",2,"['발품', '팔다', '오프라인', '비교', '가능']",발품 팔다 오프라인 비교 가능,0
4098,둘다 견적받아보세요 근데 4개만 사면 오프라인 할인 많이 안들어갈거 같긴 해요,"[-0.00110817  0.02372742 -0.03915405 ... -0.03179932 -0.02494812
  0.0213623 ]",2,"['견적', '사다', '오프라인', '할인', '들어가다']",견적 사다 오프라인 할인 들어가다,2
4099,오프라인으로 견적받아보시고 제품도 한번 보시는게 좋지 않을까요? 완료! 감사합니다!,"[-0.00174618  0.03405762 -0.03594971 ... -0.04693604 -0.02612305
 -0.00073814]",2,"['오프라인', '견적', '제품', '좋다', '완료', '감사']",오프라인 견적 제품 좋다 완료 감사,0
4100,오프라인매장 견적 받아보시는거 추천이용! ㄷ,"[-0.00196838  0.03326416 -0.02326965 ... -0.03988647 -0.03031921
  0.00905609]",2,"['오프라인', '매장', '견적', '추천']",오프라인 매장 견적 추천,0
4101,둘다 받아보셔요 견적 전 오프라인 했어요,"[-0.00264168  0.02349854 -0.0218811  ... -0.03585815 -0.03488159
 -0.0030899 ]",2,"['견적', '오프라인']",견적 오프라인,0
4102,그래도 오프라인 매장가서 살 것 같아요,"[ 0.01338959  0.03216553 -0.02102661 ... -0.02148438 -0.04550171
 -0.00830078]",2,"['오프라인', '매장', '살다']",오프라인 매장 살다,1
4103,인터넷도 찾아보고 오프라인 매장에서 견적도 받아보고 둘 중 비교해서 저렴한 걸로 결정할 것 같습니다! 그래도 저라면 오프라인이요ㅠㅠ,"[-0.00521088  0.02368164 -0.03115845 ... -0.04504395 -0.02603149
  0.00885773]",2,"['인터넷', '찾아보다', '오프라인', '매장', '견적', '비교', '저렴하다', '결정', '오프라인']",인터넷 찾아보다 오프라인 매장 견적 비교 저렴하다 결정 오프라인,0
4104,품명 알아두고 일단 오프라인 매장에서 견적 받아보고 그다음에 인터넷과 비교해보면 좋을 것 같아요! ㄷ,"[-0.00097179  0.02531433 -0.03601074 ... -0.04266357 -0.02767944
  0.00290489]",2,"['오프라인', '매장', '견적', '다음', '인터넷', '비교', '좋다']",오프라인 매장 견적 다음 인터넷 비교 좋다,0
4105,오프라인에서도 이벤트해서 그 달만 할인하거나 묶여서 할인되는 경우들이 많으니 먼저 오프라인에서 견적받아보고 비교할 거 ㅅ같아요 ㄷ,"[-0.01084137  0.02409363 -0.02474976 ... -0.02345276 -0.02104187
 -0.00680161]",2,"['오프라인', '이벤트', '할인', '묶이다', '할인', '많다', '오프라인', '견적', '비교']",오프라인 이벤트 할인 묶이다 할인 많다 오프라인 견적 비교,0
4106,4종이면 오프라인에서 할인폭이 좀 작을 수 있어서 ㅠㅠ 온라인으로 알아보시는 것도 좋을 것 같아요! ㄷ,"[ 0.00137234  0.02378845 -0.02842712 ... -0.02987671 -0.0236969
  0.00757217]",2,"['오프라인', '할인', '작다', '온라인', '알아보다', '좋다']",오프라인 할인 작다 온라인 알아보다 좋다,0
4107,오프라인 매장으로 가셔서 꼭 사세요! 혜택 더 다양합니다!,"[ 0.00343513  0.0368042  -0.03128052 ... -0.02311707 -0.04553223
  0.00214005]",2,"['오프라인', '매장', '사다', '혜택', '다양']",오프라인 매장 사다 혜택 다양,2
4108,일단 오프라인 상담받아보고 나서 가격비교 해볼것 같아요!,"[-0.00664139  0.02099609 -0.01974487 ... -0.03900146 -0.01985168
 -0.0133667 ]",2,"['오프라인', '상담', '가격', '비교']",오프라인 상담 가격 비교,0
4109,오프에서 직접 보고 온라인 가격이랑 비교해서 살래요 ㄷ,"[ 0.0043602   0.03059387 -0.0196228  ... -0.03170776 -0.02311707
 -0.01815796]",2,"['오프', '온라인', '가격', '비교', '살다']",오프 온라인 가격 비교 살다,1
4110,온라인으로 브랜드 구애 받지 않고 구매하셨나용? 그게 저렴한가요 ㅠㅠ,"[-0.00675201  0.02030945 -0.03521729 ... -0.04034424 -0.03955078
 -0.00353622]",2,"['온라인', '브랜드', '구애', '구매', '저렴하다']",온라인 브랜드 구애 구매 저렴하다,1
4111,4가지만 필요하시다면 굳이 오프라인매장에서 구매 안하셔도 될꺼같아요!,"[ 1.24664307e-02  2.67333984e-02 -3.25622559e-02 ... -1.85852051e-02
 -4.34570312e-02 -2.20537186e-05]",2,"['필요', '오프라인', '매장', '구매']",필요 오프라인 매장 구매,1
4112,오프라인매장이 좋았어요 인터넷은 이월상품 많더라구요,"[ 0.01218414  0.01434326 -0.0352478  ... -0.03887939 -0.03909302
 -0.0089798 ]",2,"['오프라인', '매장', '좋다', '인터넷', '이월', '상품', '많다']",오프라인 매장 좋다 인터넷 이월 상품 많다,2
4113,중요한건 오프라인에서 직접 보는게 마음이 편할 것 같아요~,"[ 0.01924133  0.04107666 -0.01661682 ... -0.02268982 -0.0269165
 -0.0151825 ]",2,"['중요', '오프라인', '마음', '편하다']",중요 오프라인 마음 편하다,1
4114,4종이면 인터넷도 좋은데 최신제품은 오프라인인 것 같아요,"[ 0.01464844  0.01689148 -0.02383423 ... -0.03305054 -0.02822876
 -0.00163364]",2,"['인터넷', '좋다', '최신', '제품', '오프라인']",인터넷 좋다 최신 제품 오프라인,2
4115,저는 매장에서 오프라인 구매했어용 ㅎㅎ,"[ 0.00801086  0.0199585  -0.02587891 ... -0.02377319 -0.04647827
 -0.01145172]",2,"['매장', '오프라인', '구매']",매장 오프라인 구매,2
4116,온라인으로 업체들 보고 견적 받아보고 하니까 괜찮더라구요 편하구,"[ 0.00252151  0.03973389 -0.0209198  ... -0.04995728 -0.02275085
  0.00727463]",2,"['온라인', '업체', '견적', '괜찮다', '편하다']",온라인 업체 견적 괜찮다 편하다,1
4117,그렇군요 저도 오프라인 발품 팔아서 좀 더 찾아봐야겠습니다,"[-0.01129913  0.02638245 -0.02420044 ... -0.02337646 -0.03387451
 -0.01473236]",2,"['오프라인', '발품', '팔다', '찾아보다']",오프라인 발품 팔다 찾아보다,0
4118,"많이 사실거면 백화점가서 사시고, 아니면 인터넷 최저가로 사시는게 좋아요~","[ 0.00411224  0.01882935 -0.0319519  ... -0.04333496 -0.03683472
  0.01167297]",2,"['사다', '백화점', '사다', '인터넷', '최저', '사다', '좋다']",사다 백화점 사다 인터넷 최저 사다 좋다,2
4119,저는 여러매장 돌아다녀보려구요 ! 비대면 견적도 받아보고 제일 저렴한데서 구매할까 생각중입니다 !,"[-0.00216293  0.0368042  -0.02998352 ... -0.04837036 -0.03445435
  0.00849915]",2,"['매장', '돌아다니다', '대면', '견적', '저렴하다', '구매', '생각']",매장 돌아다니다 대면 견적 저렴하다 구매 생각,0
4120,오픈매장이나 온라인 최저가 등을 확인하는건 어떨까여!?,"[ 0.00964355  0.01079559 -0.03161621 ... -0.04586792 -0.03274536
 -0.00395203]",2,"['오픈', '매장', '온라인', '최저', '확인']",오픈 매장 온라인 최저 확인,1
4121,오픈매장 견적상담도 받고 온라인으로도 제품명 검색하고해서 반반 섞어서 햇어요!,"[ 0.0227356   0.02012634 -0.02622986 ... -0.026474   -0.02082825
  0.00674057]",2,"['오픈', '매장', '견적', '상담', '온라인', '제품명', '검색', '반반', '섞다']",오픈 매장 견적 상담 온라인 제품명 검색 반반 섞다,0
4122,"발품 팔아서 온라인, 오프라인 엄청 알아보고 가격 비교했더니 온라인 몰이 싸더라구요ㅎㅎ 카드 혜택 받고해서 온라인에서 구입했어용","[-0.01340485  0.03063965 -0.0276947  ... -0.0196991  -0.04232788
 -0.02502441]",2,"['발품', '팔다', '온라인', '오프라인', '가격', '비교', '온라인', '싸다', '카드', '혜택', '온라인', '구입']",발품 팔다 온라인 오프라인 가격 비교 온라인 싸다 카드 혜택 온라인 구입,0
4123,세트로 다맞추시는거면 백화점 많이가시더라구요,"[ 0.02119446  0.02285767 -0.02688599 ... -0.04013062 -0.03720093
  0.02677917]",2,"['세트', '맞추다', '백화점']",세트 맞추다 백화점,2
4124,여러개 구입하시려면 오픈매장에서 구매하는게 저렴한걸로 알아요!,"[ 0.01136017  0.02870178 -0.03747559 ... -0.01907349 -0.03863525
  0.00240517]",2,"['구입', '오픈', '매장', '구매']",구입 오픈 매장 구매,2
4125,비대면 결제 받아보시고 오픈매장 가시는거 추천해요~,"[ 0.00537491  0.02619934 -0.0146637  ... -0.02589417 -0.03543091
  0.00195503]",2,"['대면', '결제', '오픈', '매장', '추천']",대면 결제 오픈 매장 추천,0
4126,발품 팔아서 매장 다녀 보는 게 좋은거 같아요,"[ 0.01436615  0.02218628 -0.01109314 ... -0.05001831 -0.04727173
  0.01387024]",2,"['발품', '팔다', '매장', '다니다', '좋다']",발품 팔다 매장 다니다 좋다,0
4127,"묶어 사시면 백화점이 싸더라구요~ 한 두개 정도 사실거면 인터넷으루,,,","[ 0.00113773  0.02742004 -0.03549194 ... -0.0249176  -0.03530884
  0.02261353]",2,"['묶다', '사다', '백화점', '싸다', '사다', '인터넷']",묶다 사다 백화점 싸다 사다 인터넷,2
4128,오프에서 보고 온라인에서 구입할거같아요 ㅎㅎ,"[-9.35196877e-05  2.43377686e-02 -2.57110596e-02 ... -2.52990723e-02
 -2.85186768e-02 -1.14135742e-02]",2,"['오프', '온라인', '구입']",오프 온라인 구입,1
4129,저는 오프라인에서 확인해보고 카드혜택 이런거 비교해보고 온라인이 더 괜찮으면 온라인할거 같아요 ㅋㅋ,"[-0.01042938  0.01486969 -0.0242157  ... -0.03726196 -0.01675415
 -0.01177979]",2,"['오프라인', '확인', '카드', '혜택', '비교', '온라인', '괜찮다', '온라인']",오프라인 확인 카드 혜택 비교 온라인 괜찮다 온라인,1
4130,오프라인에서 혼수가전은 샀는데 단품은 온라인이 싼 것 같아요!,"[ 0.01390076  0.02592468 -0.03826904 ... -0.0015955  -0.0383606
 -0.01006317]",2,"['오프라인', '혼수', '가전', '사다', '온라인', '싸다']",오프라인 혼수 가전 사다 온라인 싸다,1
4131,저렴하게 사려면 온라인 최저가가 최고인것 같아요,"[ 0.00831604  0.03170776 -0.01837158 ... -0.03384399 -0.03421021
 -0.00458908]",2,"['저렴하다', '사다', '온라인', '최저', '최고']",저렴하다 사다 온라인 최저 최고,1
4132,저렴하게는 온라인이죠 오프에서 보고 온라인 구매도 괜찮은 것 같아요,"[ 0.00063181  0.02287292 -0.03659058 ... -0.02964783 -0.03240967
 -0.0105896 ]",2,"['저렴하다', '온라인', '오프', '온라인', '구매', '괜찮다']",저렴하다 온라인 오프 온라인 구매 괜찮다,1
4133,"한두개 구매하시는거면 온라인, 한꺼번에면 오프라인이용","[ 0.00910187  0.01913452 -0.02500916 ... -0.02879333 -0.03347778
  0.00401306]",2,"['구매', '온라인', '오프라인']",구매 온라인 오프라인,1
4134,"임직원몰, 쇼핑몰 등에서 발품팔아서 가장 싼 곳에서 온라인으로 샀어요!","[-0.01511383  0.02346802 -0.02937317 ... -0.01753235 -0.05496216
 -0.02000427]",2,"['임직원', '쇼핑몰', '발품', '팔다', '싸다', '온라인', '사다']",임직원 쇼핑몰 발품 팔다 싸다 온라인 사다,1
4135,오프라인이랑 온라인 정보 비교해보고 고를거같아요!,"[ 0.00767136  0.0125885  -0.01847839 ... -0.03540039 -0.0229187
 -0.02330017]",2,"['오프라인', '온라인', '정보', '비교', '고르다']",오프라인 온라인 정보 비교 고르다,0
4136,오프라인으로 구매했어요! 웨딩으로 하면 많이 저렴하더라구요,"[-0.0005331   0.03198242 -0.04193115 ... -0.01704407 -0.01994324
  0.00303268]",2,"['오프라인', '구매', '웨딩', '저렴하다']",오프라인 구매 웨딩 저렴하다,1
4137,여기저기 알아보고 온라인도 알아본 뒤에 비교해서 사시는구 추천이여,"[ 0.00029826  0.02156067 -0.0308075  ... -0.04083252 -0.01556396
 -0.01638794]",2,"['여기저기', '알아보다', '온라인', '알아보다', '비교', '사다', '추천']",여기저기 알아보다 온라인 알아보다 비교 사다 추천,0
4138,확실한 오프라인 루트면 오프라인으러 사도될것같아요,"[ 0.01512909  0.02764893 -0.01905823 ... -0.02760315  0.00087881
  0.0065918 ]",2,"['오프라인', '루트', '오프라인', '사다']",오프라인 루트 오프라인 사다,1
4139,다들 비슷하네요. 자도 오프에서 보고 가격 비교한 뒤 온라인에서 살 것 같아요!,"[-0.00535583  0.01797485 -0.03222656 ... -0.02467346 -0.02845764
 -0.01137543]",2,"['오프', '가격', '비교', '온라인', '살다']",오프 가격 비교 온라인 살다,1
4140,오프라인으로 충분히 살펴보고 온라인으로 갑니다ㅎㅎ,"[ 0.00060415  0.02775574  0.0015831  ... -0.02606201 -0.02020264
 -0.00604248]",2,"['오프라인', '살펴보다', '온라인']",오프라인 살펴보다 온라인,1
4141,온라인보다 싼곳이면 오프라인에서 사는게 좋죠! 대부분은 아무리 할인해도 온라인이 싸더라구요ㅎㅎ,"[-0.00305748  0.02752686 -0.0319519  ... -0.02658081 -0.03460693
 -0.00610733]",2,"['온라인', '싸다', '오프라인', '사다', '좋다', '부분', '할인', '온라인', '싸다']",온라인 싸다 오프라인 사다 좋다 부분 할인 온라인 싸다,1
4142,필요한것만구매하는거면온라인이더싸더라구요,"[ 0.01117706  0.05004883 -0.03115845 ... -0.01409912 -0.02133179
 -0.01231384]",2,"['필요', '구매', '온라인', '싸다']",필요 구매 온라인 싸다,1
4143,오프 견적부터 내보고 온라인 비교요!,"[ 0.00344849  0.03610229 -0.01468658 ... -0.03445435 -0.03182983
 -0.00837708]",2,"['오프', '견적', '내다', '온라인', '비교']",오프 견적 내다 온라인 비교,0
4144,단품은 온라인이고 몇가지 사실거면 오프라인으로 사세요,"[ 0.00343704  0.02467346 -0.03001404 ... -0.02186584 -0.02583313
 -0.01713562]",2,"['온라인', '오프라인', '사다']",온라인 오프라인 사다,1
4145,"새로 오픈한 매장이 혜택을 잘 챙겨준다는 얘기는 들어봤어요! 사려는 제품이 많으 오프라인 매장, 한 두개씩 개별로 살꺼면 온라인에서 사라더라구용!","[ 0.01288605  0.02275085 -0.04266357 ... -0.01905823 -0.03985596
  0.00424957]",2,"['오픈', '매장', '혜택', '챙기다', '얘기', '사다', '제품', '많다', '오프라인', '매장', '개별', '살다', '온라인', '사다']",오픈 매장 혜택 챙기다 얘기 사다 제품 많다 오프라인 매장 개별 살다 온라인 사다,2
4146,그냥 한번에 구매하는거라 오프라인에서 구매했어요!,"[-3.48091125e-05  2.76336670e-02 -2.22930908e-02 ... -7.56835938e-03
 -4.02526855e-02 -1.22299194e-02]",2,"['구매', '오프라인', '구매']",구매 오프라인 구매,1
4147,온라인 오프라인 전부 비교해보고 혜택 확인하고 살 거 같아요.,"[ 0.00778961  0.02207947 -0.02102661 ... -0.03585815 -0.03521729
 -0.01803589]",2,"['온라인', '오프라인', '비교', '혜택', '확인', '살다']",온라인 오프라인 비교 혜택 확인 살다,1
4148,온오프 다 견적 내보려구해용 한두개면 당연히 온라인이 쌀듯합니다!,"[-0.00378418  0.03649902 -0.03491211 ... -0.02664185 -0.01994324
  0.00311279]",2,"['오프', '견적', '내다', '온라인', '싸다']",오프 견적 내다 온라인 싸다,0
4149,저희는 오프라인으로 준비했어용 꼼곰히 상담받구요 부탁해용,"[ 0.00836945  0.0329895  -0.01745605 ... -0.02380371 -0.02470398
 -0.01241302]",2,"['오프라인', '준비', '꼼곰히', '상담', '부탁']",오프라인 준비 꼼곰히 상담 부탁,0
4150,저는 온라인이 더 저렴하다고 해서 그렇게 살려구용!,"[-0.00917816  0.03198242 -0.02566528 ... -0.03137207 -0.02484131
 -0.01331329]",2,"['온라인', '저렴하다', '살다']",온라인 저렴하다 살다,1
4151,여러곳 견적내보고 사는게 좋을것같긴한데 되게 많이 사는경우 아니면 온라인이 더 좋은 것 같아요,"[ 0.00849152  0.02320862 -0.04159546 ... -0.04992676 -0.02932739
  0.00861359]",2,"['견적', '내다', '사다', '좋다', '사다', '온라인', '좋다']",견적 내다 사다 좋다 사다 온라인 좋다,0
4152,저도 온라인으로 알아보려고 하다가 견적은 무료이고 선택도 자유여서 동네에서 했어요 ㅎㅎ 꽤나 유명한곳!,"[-0.00391769  0.01959229 -0.02738953 ... -0.04171753 -0.01264954
  0.01719666]",2,"['온라인', '알아보다', '견적', '무료', '선택', '자유', '동네', '유명']",온라인 알아보다 견적 무료 선택 자유 동네 유명,0
4153,그냥 인터넷이나 오프라인으로 사서 셀프도 많이하더라구요,"[-0.00589752  0.0193634  -0.01189423 ... -0.0440979  -0.03515625
  0.00514603]",2,"['인터넷', '오프라인', '사다', '셀프']",인터넷 오프라인 사다 셀프,2
4154,근처에 있는 업체에서 했는데 확실히 온라인에서 알아봤던것보다 가격은 훨씬 많이 나갔어요ㅜㅜ셀프로 다실 수 있으면 온라인에서 하는거를 저는 추천해용,"[ 0.00635529  0.03048706 -0.02822876 ... -0.04187012 -0.01015472
  0.01808167]",2,"['근처', '업체', '온라인', '알아보다', '가격', '나가다', '셀프', '다시다', '온라인', '추천']",근처 업체 온라인 알아보다 가격 나가다 셀프 다시다 온라인 추천,1
4155,집근처에서 하시는게 좋으실 것 같아요! 저는 신혼집은 아니지만! 자취방에 온라인은 사이즈 체크하기 어려워서 오프라인으로 했는데 완전 만족스러워용!,"[-0.00214386  0.02864075 -0.04431152 ... -0.04376221 -0.04177856
  0.00444412]",2,"['근처', '좋다', '신혼', '자취방', '온라인', '사이즈', '체크', '오프라인', '만족']",근처 좋다 신혼 자취방 온라인 사이즈 체크 오프라인 만족,1
4156,온라인 박람회가 편하기도 한데 직접 못 보는건 아쉽죠~,"[-0.00764847  0.0249176  -0.01443481 ... -0.04922485 -0.04205322
 -0.00710678]",2,"['온라인', '박람회', '편하다']",온라인 박람회 편하다,1
4157,그러네요 오프라인이면.. 만져도보고 작동도 하게 해주지.. 전시제품 하나로ㅠㅠ,"[ 0.00495148  0.02197266 -0.02104187 ... -0.03567505 -0.01074982
 -0.00751495]",2,"['오프라인', '만지다', '작동', '전시', '제품']",오프라인 만지다 작동 전시 제품,1
4158,백화점 오픈매장으로 찾아서 발품팔아 결정했습니다! 매장끼리도 견적 알려달라도 하면서 맞춰주는 곳에서 했어요,"[ 0.01647949  0.01960754 -0.03207397 ... -0.03982544 -0.04760742
 -0.00417709]",2,"['백화점', '오픈', '매장', '찾다', '발품', '팔다', '결정', '매장', '견적', '알리다', '맞추다']",백화점 오픈 매장 찾다 발품 팔다 결정 매장 견적 알리다 맞추다,2
4159,인터넷에서 알아보고 매장가고 각각 비교해서 샀습니다,"[ 0.01328278  0.0144577  -0.02706909 ... -0.03268433 -0.03671265
 -0.00933838]",2,"['인터넷', '알아보다', '매장', '비교', '사다']",인터넷 알아보다 매장 비교 사다,2
4160,저희는 매장 발품팔아서 가장 잘 맞춰주시는 매장에서 선택했어요!,"[ 0.03201294  0.03041077 -0.03567505 ... -0.027771   -0.05532837
  0.00645447]",2,"['매장', '발품', '팔다', '맞추다', '매장', '선택']",매장 발품 팔다 맞추다 매장 선택,0
4161,저는 백화점 생각하고 있었는데 다들 할인매장이 더 싸대서 발품 팔아봐야할 것 같아요!,"[ 0.01110077  0.01792908 -0.03924561 ... -0.04083252 -0.0559082
  0.01304626]",2,"['백화점', '생각', '할인', '매장', '싸다', '발품', '팔다']",백화점 생각 할인 매장 싸다 발품 팔다,2
4162,먼저 오프라인 매장에서 발품팔고 인터넷이랑 비교해보고 결정하려고요!,"[-0.00711441  0.03038025 -0.01716614 ... -0.02615356 -0.04580688
 -0.0125351 ]",2,"['오프라인', '매장', '발품', '팔다', '인터넷', '비교', '결정']",오프라인 매장 발품 팔다 인터넷 비교 결정,0
4163,백화점에서 한번에 했는데 인터넷이나 할인점에 없는 신상모델이 많긴해요 ㄷ,"[ 0.00509262  0.00551224 -0.02659607 ... -0.03314209 -0.03878784
  0.00156307]",2,"['백화점', '인터넷', '할인점', '신상', '모델', '많다']",백화점 인터넷 할인점 신상 모델 많다,2
4164,소소한 생활용품은 봐야 그 느낌 알 수 있는 거 같아요 오프라인에서 보고 온라인 최저가 알아보는 거 추천이용,"[ 0.01197052  0.01812744 -0.03060913 ... -0.040802   -0.02841187
 -0.01863098]",2,"['소소하다', '생활', '용품', '느낌', '오프라인', '온라인', '최저', '알아보다', '추천']",소소하다 생활 용품 느낌 오프라인 온라인 최저 알아보다 추천,0
4165,온라인이 좋은데 실패한것들도 있어요..ㅎㅎ,"[ 0.00177002  0.01660156 -0.02349854 ... -0.04122925 -0.01782227
 -0.0134964 ]",2,"['온라인', '좋다', '실패']",온라인 좋다 실패,2
4166,종류가 많으면 오프라인으로 사는게 더 싸다고 본 것 같아요!,"[ 0.00060606  0.02783203 -0.02813721 ... -0.01977539 -0.03912354
  0.00152302]",2,"['종류', '많다', '오프라인', '사다', '싸다']",종류 많다 오프라인 사다 싸다,0
4167,"혼수가전으로 잔득살꺼면, 오프라인이 더 괜찮드라구요 근데 하나씩 살꺼면 온라인!","[ 0.01693726  0.01737976 -0.03186035 ... -0.03619385 -0.03451538
 -0.00021768]",2,"['혼수', '가전', '자다', '살다', '오프라인', '괜찮다', '사다', '온라인']",혼수 가전 자다 살다 오프라인 괜찮다 사다 온라인,1
4168,한두개 사면 온라인 여러가 묶어 사면 오프라인으로 발품팔것같습니다!@,"[-0.01292419  0.02796936 -0.03808594 ... -0.0163269  -0.03170776
  0.00299835]",2,"['사다', '온라인', '묶다', '사면', '오프라인', '발품', '팔다']",사다 온라인 묶다 사면 오프라인 발품 팔다,0
4169,사시는 물건이 많지 않으면 인터넷이 싸고 많으면 발품 파셔서 오프라인으로 사세요 ! 결합할인 이런게 많이 들어가요 ㅎㅎ,"[-0.01013947  0.03460693 -0.01773071 ... -0.02867126 -0.03192139
 -0.00482178]",2,"['사다', '물건', '많다', '인터넷', '싸다', '많다', '발품', '파', '오프라인', '사다', '결합', '할인', '들어가다']",사다 물건 많다 인터넷 싸다 많다 발품 파 오프라인 사다 결합 할인 들어가다,2
4170,전 오프라인으로 구매했어요 여러개는 오프라인이 낫드라고여,"[ 0.01070404  0.00952148 -0.03884888 ... -0.02229309 -0.02832031
 -0.01502991]",2,"['오프라인', '구매', '오프라인']",오프라인 구매 오프라인,0
4171,저희는 자잘한거는 온라인으로도 구매했는데요~ 그래도 큼직한 것들은 오프라인으로 구매했어요~! 온라인이 더 싸다고 해도 뭔가 더 믿음직스러워서요..!,"[-0.00693893  0.03344727 -0.03149414 ... -0.02236938 -0.03302002
 -0.01174927]",2,"['자잘하다', '온라인', '구매', '오프라인', '구매', '온라인', '싸다']",자잘하다 온라인 구매 오프라인 구매 온라인 싸다,1
4172,"온러인이 저렴해서 온라인이 좋을거 같긴한데, 한번에 많이사야하니 오프라인 추천이용 ㅎㅎ","[-0.00080872  0.03179932 -0.0324707  ... -0.02249146 -0.01596069
  0.00056505]",2,"['온러', '온라인', '좋다', '사다', '오프라인', '추천']",온러 온라인 좋다 사다 오프라인 추천,0
4173,많이 살거면 오프라인으로 할인 뽝세게 받고! 고고하시죵,"[-0.00067949  0.02687073 -0.02830505 ... -0.03161621 -0.0302124
  0.0037632 ]",2,"['사다', '오프라인', '할인', '세다']",사다 오프라인 할인 세다,2
4174,고가제품 같은 경우는 가급적 오프라인에서 사시는 걸 추천 드려요 온라인 제품의 경우는 고객센터 연결도 잘 안 되고 곤란한 상황이 종종 생기더라구요,"[-0.00643921  0.01776123 -0.02859497 ... -0.03308105 -0.01741028
 -0.01654053]",2,"['고가', '제품', '오프라인', '사다', '추천', '드리다', '온라인', '제품', '고객', '센터', '연결', '곤란', '상황', '생기다']",고가 제품 오프라인 사다 추천 드리다 온라인 제품 고객 센터 연결 곤란 상황 생기다,2
4175,종류가 많으면 오프라인! 몇개 없으면 온라인이 좋다고 들었어요 부탁드려요,"[ 0.00215149  0.00973511 -0.029953   ... -0.02987671 -0.02088928
  0.00255966]",2,"['종류', '많다', '오프라인', '온라인', '좋다', '부탁드리다']",종류 많다 오프라인 온라인 좋다 부탁드리다,0
4176,저는 가짓수가 많아서 오프라인으로 했어여,"[ 0.02380371  0.02861023 -0.01591492 ... -0.01934814 -0.0224762
 -0.00524521]",2,"['가짓수', '많다', '오프라인']",가짓수 많다 오프라인,0
4177,저는 오프라인으로 쭉 돌고 견적받아서 구매하려구여!,"[-0.01461792  0.03555298 -0.01867676 ... -0.02877808 -0.03759766
 -0.00309563]",2,"['오프라인', '돌다', '견적', '구매']",오프라인 돌다 견적 구매,0
4178,당연히 오프라인이지만 요즘에 온라인으로도 견적 문의 많이 하더라구요 저도 온 오프 가리지 않고 할 예정이에용,"[-0.00963593  0.03823853 -0.01881409 ... -0.02503967 -0.02354431
  0.0053978 ]",2,"['오프라인', '요즘', '온라인', '견적', '문의', '오프', '가리다', '예정']",오프라인 요즘 온라인 견적 문의 오프 가리다 예정,1
4179,많이 사는거면 오프라인 수량이 적으면 온라인,"[ 0.00556183  0.0206604  -0.02020264 ... -0.02020264 -0.0241394
  0.0043335 ]",2,"['사다', '오프라인', '수량', '적다', '온라인']",사다 오프라인 수량 적다 온라인,0
4180,사은품이나 포인트가 있어서 오프라인으로 구매했어요,"[ 0.00895691  0.01407623 -0.01543427 ... -0.01285553 -0.03927612
 -0.02908325]",2,"['사은품', '포인트', '오프라인', '구매']",사은품 포인트 오프라인 구매,2
4181,묶어서 잔뜩 살 때는 오프라인으로 샀어요 오프닝 지점으로요~,"[ 0.02680969  0.02244568 -0.03067017 ... -0.01649475 -0.03259277
 -0.01329803]",2,"['묶다', '사다', '오프라인', '사다', '오프닝', '지점']",묶다 사다 오프라인 사다 오프닝 지점,1
4182,오프라인으로 둘러보고 저렴하게 온라인 구매도 좋을 것 같아요,"[ 0.0026226   0.03022766 -0.02494812 ... -0.02816772 -0.03668213
 -0.01364136]",2,"['오프라인', '둘러보다', '저렴하다', '온라인', '구매', '좋다']",오프라인 둘러보다 저렴하다 온라인 구매 좋다,1
4183,저는 온라인으로 가격비교 하고 오프라인가서 직접 봤어요! 제가 듣기로는 같은 제품이여도 온라인판매 제품은 질이 떨어진다고 들은바가 있어서ㅜㅜ 최대한 온라인으로 최저가 알아보고 가서 가격비교 하고 구매했어요!,"[-0.0028553   0.02099609 -0.03369141 ... -0.02539062 -0.02322388
 -0.0059166 ]",2,"['온라인', '가격', '비교', '오프라인', '제품', '온라인', '판매', '제품', '떨어지다', '온라인', '최저', '알아보다', '가격', '비교', '구매']",온라인 가격 비교 오프라인 제품 온라인 판매 제품 떨어지다 온라인 최저 알아보다 가격 비교 구매,0
4184,다품목이면 오프라인 단품이면 온라인이 좋아요!,"[ 0.00676727  0.01911926 -0.02792358 ... -0.02310181 -0.03466797
 -0.00405884]",2,"['품목', '오프라인', '온라인', '좋다']",품목 오프라인 온라인 좋다,0
4185,다품목이면 전 오프라인에서 한꺼번에 견적을 뽑아서 구매하는게 좋더라구요!,"[ 0.00041461  0.03149414 -0.02626038 ... -0.02288818 -0.04049683
 -0.0056572 ]",2,"['품목', '오프라인', '견적', '구매', '좋다']",품목 오프라인 견적 구매 좋다,0
4186,저는 오프라인 추천드려요! 온라인으로 다 찾아보기도 귀찮아서..,"[-0.00694656  0.01803589 -0.02911377 ... -0.02494812 -0.0198822
  0.00104523]",2,"['오프라인', '추천', '드리다', '온라인', '찾아보다', '귀찮다']",오프라인 추천 드리다 온라인 찾아보다 귀찮다,0
4187,다품목에는 오프라인 강추! 사람끼리 부딪히니 오히려 사은품도 좋고 추가 혜택도 챙겨주려하고요~,"[ 0.0055809   0.02615356 -0.03016663 ... -0.01953125 -0.02362061
 -0.0067215 ]",2,"['품목', '오프라인', '사람', '부딪히다', '사은품', '좋다', '추가', '혜택', '챙기다']",품목 오프라인 사람 부딪히다 사은품 좋다 추가 혜택 챙기다,0
4188,온라인이 더 저렴하긴 한데 오프라인에서 함께 묶어서 살 때는 그게 더 싼 거 같기도 해요,"[ 0.00015032  0.03677368 -0.03302002 ... -0.0050354  -0.029953
  0.00051212]",2,"['온라인', '저렴하다', '오프라인', '묶다', '사다', '싸다']",온라인 저렴하다 오프라인 묶다 사다 싸다,1
4189,"카드혜택 챙기려면 오프라인, 달에 몇십이상써야하는거 싫고 상관없다 싶으면 오프라인으로 구경,비교후 온라인구매용ㅋㅋ","[-0.01132202  0.01184845 -0.03286743 ... -0.03518677 -0.03155518
 -0.00230217]",2,"['카드', '혜택', '챙기다', '오프라인', '이상', '쓰다', '싫다', '상관없다', '오프라인', '구경', '비교', '온라인', '구매']",카드 혜택 챙기다 오프라인 이상 쓰다 싫다 상관없다 오프라인 구경 비교 온라인 구매,0
4190,저희는 오프라인에서 설명듣고 구입하려구요,"[ 0.02142334  0.03289795 -0.02764893 ... -0.02366638 -0.02734375
 -0.02902222]",2,"['오프라인', '설명', '구입']",오프라인 설명 구입,0
4191,종류가 많을때 무조건 패키지로 묶어서 오프라인이싸더라구요 ! 저 발품손품 30군데 넘게 팔아서 졸업햇어용 쪽지드려볼께요!,"[-0.0013237   0.00601959 -0.03488159 ... -0.03912354 -0.03329468
  0.02444458]",2,"['종류', '많다', '패키지', '묶다', '오프라인', '싸다', '넘다', '팔다', '졸업', '쪽지', '드리다']",종류 많다 패키지 묶다 오프라인 싸다 넘다 팔다 졸업 쪽지 드리다,0
4192,저는 오프라인에서햇어요! 오픈매장가시면 할인많이해주더라구요. 아니시면 매장가서 한번 둘러보시고 온라인에서 하나하나 보는것두뭐.. 대신 시간이 많이 들겠지만요,"[-0.00258446  0.0040741  -0.02406311 ... -0.03359985 -0.02420044
  0.00492096]",2,"['오프라인', '오픈', '매장', '할인', '매장', '둘러보다', '온라인', '대신', '시간', '들다']",오프라인 오픈 매장 할인 매장 둘러보다 온라인 대신 시간 들다,2
4193,온라인으로 비교해보고 오프라인으로 넘어가서 비교해보는것같아요!,"[ 0.00025725  0.01233673 -0.01428986 ... -0.03170776 -0.02275085
 -0.01667786]",2,"['온라인', '비교', '오프라인', '넘어가다', '비교']",온라인 비교 오프라인 넘어가다 비교,0
4194,"오프라인으로 구매했어요! 비교는안하고 바로 매장에서 사긴했는데 뭐,, 이것저것 할인하는 견적 짜주시더라구요","[ 0.00758743  0.03079224 -0.0489502  ... -0.01196289 -0.03137207
 -0.01530457]",2,"['오프라인', '구매', '비교', '매장', '사다', '이것저것', '할인', '견적', '짜다']",오프라인 구매 비교 매장 사다 이것저것 할인 견적 짜다,0
4195,"저는 가전은 오프라인으로만 사봤는데 , 예랑이는 무조건 온라인이더라구요 ㅎㅎ 이번엔 여러개라 발품팔아볼 생각입니다.","[-0.00414658  0.02728271 -0.01501465 ... -0.02780151 -0.04089355
 -0.00054741]",2,"['가전', '오프라인', '사다', '예랑이', '온라인', '발품', '팔다', '생각']",가전 오프라인 사다 예랑이 온라인 발품 팔다 생각,1
4196,저도 견적비교해소 오프라인으로 사려구요,"[ 0.00255203  0.03863525 -0.0222168  ... -0.02607727 -0.04135132
 -0.01464844]",2,"['견적', '비교', '오프라인', '사다']",견적 비교 오프라인 사다,0
4197,전 온라인이 더 싼줄알았는데 오프라인가서 여러개 한번에하니까 최신모델로 더 저렴하게 할 수 있었어용,"[ 0.00685501  0.03234863 -0.03833008 ... -0.02073669 -0.0255127
  0.00547028]",2,"['온라인', '싸다', '오프라인', '최신', '모델', '저렴하다']",온라인 싸다 오프라인 최신 모델 저렴하다,1
4198,저는 신혼부부헤택으로 오프라인에서 구매했어용,"[ 0.00590515  0.01733398 -0.03100586 ... -0.01186371 -0.04998779
 -0.01702881]",2,"['신혼부부', '오프라인', '구매']",신혼부부 오프라인 구매,1
4199,싸게하려면 온라인이 젤 싼데 아무래도 눈으로 봐야 좋을 것 같아서 오프라인으로 보려구용,"[-0.00991058  0.03131104 -0.03393555 ... -0.02418518 -0.01477814
 -0.0001142 ]",2,"['싸다', '온라인', '싸다', '좋다', '오프라인']",싸다 온라인 싸다 좋다 오프라인,1
4200,"여러개를 하면 견적받아서 하는게 좋고, 단품으로 몇개사실꺼면 온라인으로 사도 괜찮다고 하더라구요. 그리고 아무래도 엘쥐가 조금더 견적이 높다고 하는 것 같아요 ㅎㅎ","[-0.0173645   0.03225708 -0.02403259 ... -0.04129028 -0.01496124
  0.03662109]",2,"['견적', '좋다', '사다', '온라인', '사다', '괜찮다', '엘쥐', '견적', '높다']",견적 좋다 사다 온라인 사다 괜찮다 엘쥐 견적 높다,1
4201,온라인최저가도 알아보고 했는데 구매품목이 4개이상이면 오프라인에서 구매하는게 훨씬 유리해요.!,"[ 0.00205421  0.03240967 -0.03729248 ... -0.0164032  -0.03436279
 -0.00578308]",2,"['온라인', '최저', '알아보다', '구매', '품목', '이상', '오프라인', '구매', '유리']",온라인 최저 알아보다 구매 품목 이상 오프라인 구매 유리,1
4202,저는 엘지샀는데 품목 많이사면 오프라인이 저렴하더라고요!,"[-0.00893402  0.00872803 -0.03918457 ... -0.03439331 -0.02819824
  0.00239754]",2,"['엘지', '사다', '품목', '사다', '오프라인']",엘지 사다 품목 사다 오프라인,1
4203,저는 삼성으로 일단ㅋㅋ 선택했어요 그리고 발품팔아 오프라인으로!,"[-0.01565552  0.01766968 -0.02708435 ... -0.03738403 -0.0296936
 -0.01693726]",2,"['삼성', '선택', '발품', '팔다', '오프라인']",삼성 선택 발품 팔다 오프라인,0
4204,"저희는 그냥 온라인으로 알아볼 생각이에요~ 장거리기도 하고, 오프라인으로 돌 체력이 안될거같아서요ㅠㅠ","[ 0.00096798  0.0254364  -0.01394653 ... -0.03210449 -0.02572632
 -0.00029683]",2,"['온라인', '생각', '장거리', '오프라인', '돌다', '체력']",온라인 생각 장거리 오프라인 돌다 체력,0
4205,온라인이 더 저렴해서 온라인으로 해결했어요 ~,"[ 0.00757217  0.02600098 -0.01477814 ... -0.02346802 -0.01776123
 -0.01748657]",2,"['온라인', '저렴하다', '온라인', '해결']",온라인 저렴하다 온라인 해결,1
4206,오프라인으로 눈으로 직접보고 설명 듣고 하는게 더 안심되더라구요,"[ 0.01061249  0.03948975 -0.0114975  ... -0.02223206  0.00254631
 -0.00489426]",2,"['오프라인', '설명', '안심']",오프라인 설명 안심,0
4207,여러개 한꺼번에 사는건 새로 오픈하는 오프라인 매장이 더 저렴하다고 하더라구요,"[ 0.00952911  0.0350647  -0.03201294 ... -0.01751709 -0.02842712
  0.01979065]",2,"['사다', '오픈', '오프라인', '매장', '저렴하다']",사다 오픈 오프라인 매장 저렴하다,2
4208,오프라인으로 상담받구 온라인도 비교견적해보심 될거같아용!,"[-0.01207733  0.02339172 -0.01675415 ... -0.04089355 -0.02392578
 -0.00144672]",2,"['오프라인', '상담', '온라인', '비교', '견적']",오프라인 상담 온라인 비교 견적,0
4209,여러개를 한번에 사시려면 오프라인이 당연히 좋죠! 개별구매는 온라인이 저렴하구용,"[ 0.00807953  0.01931763 -0.03930664 ... -0.03128052 -0.03320312
  0.01786804]",2,"['사다', '오프라인', '좋다', '개별', '구매', '온라인', '저렴하다']",사다 오프라인 좋다 개별 구매 온라인 저렴하다,1
4210,"3개 이하면 온라인, 그 이상은 오프라인으로 구매하는게 할인이 더 들어가요","[ 0.00745773  0.01896667 -0.03692627 ... -0.01911926 -0.02589417
 -0.00301552]",2,"['이하', '온라인', '이상', '오프라인', '구매', '할인', '들어가다']",이하 온라인 이상 오프라인 구매 할인 들어가다,1
4211,패키지 품목 많으시면 오프라인이 좋고 품목이 그리 많지 않으면 온라인이 더 싸다고 하더라구요~,"[ 0.0033474   0.01061249 -0.04318237 ... -0.03289795 -0.02745056
 -0.01147461]",2,"['패키지', '품목', '많다', '오프라인', '좋다', '품목', '많다', '온라인', '싸다']",패키지 품목 많다 오프라인 좋다 품목 많다 온라인 싸다,0
4212,저는 오프라인으로 발품 팔아서 준비하려구 합니다! 실제로 보면서 준비하는 게 더 나을 것 같아서요,"[-0.00793457  0.03283691 -0.0214386  ... -0.02990723 -0.03320312
 -0.01077271]",2,"['오프라인', '발품', '팔다', '준비', '준비']",오프라인 발품 팔다 준비 준비,0
4213,저는 상담받아보고 온라인으로도 비교견적 내볼래요!,"[-0.00771713  0.0269928  -0.01255035 ... -0.04626465 -0.03082275
  0.00260925]",2,"['상담', '온라인', '비교', '견적', '내다']",상담 온라인 비교 견적 내다,0
4214,저는 온라인으로 모든걸 해결했습니다~ㅎㅎ,"[ 0.01127625  0.01245117 -0.0112915  ... -0.01930237 -0.02319336
 -0.00420761]",2,"['온라인', '해결']",온라인 해결,0
4215,저도 오프라인으로 가서 다 물어보고! 할인 알아보고 해서! 구매할거 같습니다!,"[ 0.00066376  0.01571655 -0.03585815 ... -0.02333069 -0.02865601
  0.0047493 ]",2,"['오프라인', '할인', '알아보다', '구매']",오프라인 할인 알아보다 구매,0
4216,오프라인으로 상담받아야 할인이 많이 되고 이것저것 챙겨주시더라구요 !,"[-0.00463486  0.02577209 -0.02037048 ... -0.02697754 -0.02137756
  0.00044203]",2,"['오프라인', '상담', '이것저것', '챙기다']",오프라인 상담 이것저것 챙기다,0
4217,"온라인, 오프라인 둘 다 견적 내보고 오프라인가서 구매요","[ 0.0047493   0.02528381 -0.02850342 ... -0.03115845 -0.03436279
 -0.00724411]",2,"['온라인', '오프라인', '견적', '내다', '오프라인', '구매']",온라인 오프라인 견적 내다 오프라인 구매,0
4218,디자인은 같아도 같은 모델명으로 보면 아마 다르실꺼에요! 같은 디자인이더라도 품번에 따라 국내 제작이냐 중국제작이냐 등급이 어떤거냐에 따라서 가격이 다르더라구요! 2개 이상 구매하시는거면 인터넷보다 오프라인이 저렴한 걸로 알고 있습니다.,"[-0.00407791  0.01072693 -0.04931641 ... -0.02282715 -0.01826477
  0.00337029]",2,"['디자인', '모델명', '다르다', '디자인', '따르다', '국내', '제작', '중국', '제작', '등급', '따르다', '가격', '다르다', '이상', '구매', '인터넷', '오프라인']",디자인 모델명 다르다 디자인 따르다 국내 제작 중국 제작 등급 따르다 가격 다르다 이상 구매 인터넷 오프라인,0
4219,그래도 발품 팔아서 오프라인으로 사는 게 더 좋을 것 같아요 ㄷ,"[-0.00820923  0.03561401 -0.01612854 ... -0.03866577 -0.04415894
 -0.01257324]",2,"['발품', '팔다', '오프라인', '사다', '좋다']",발품 팔다 오프라인 사다 좋다,0
4220,온라인도 괜찮은거같아요!어차피 집에 놔두면 온라인이나 오프라인이나 차이없을듯요,"[ 0.00370979  0.01381683 -0.04000854 ... -0.03540039 -0.0269165
  0.00681686]",2,"['온라인', '괜찮다', '놔두다', '온라인', '오프라인', '차이']",온라인 괜찮다 놔두다 온라인 오프라인 차이,1
4221,"일단 오프라인도 다녀보시고, 품명 온라인검색해보시고 비교하면될거같아요!","[-0.00328827  0.00681686 -0.03686523 ... -0.02912903 -0.01805115
 -0.00498962]",2,"['오프라인', '다니다', '온라인', '검색', '비교']",오프라인 다니다 온라인 검색 비교,0
4222,오프라인으로 다녀보고 온라인도 비교해보려구요,"[ 0.00621796  0.02154541 -0.01316071 ... -0.02444458 -0.02168274
 -0.01055908]",2,"['오프라인', '다니다', '온라인', '비교']",오프라인 다니다 온라인 비교,0
4223,일단 오프라인으로 가셔서 견적 받아보시면 의외로 괜찮을 수도 있어요 발품 파시는게 좋아요 ㄷ,"[-0.01205444  0.02555847 -0.02378845 ... -0.0491333  -0.0254364
  0.01221466]",2,"['오프라인', '견적', '괜찮다', '발품', '파', '좋다']",오프라인 견적 괜찮다 발품 파 좋다,0
4224,오프라인으로 실물로 봐야된다고 생각해용!ㄷ,"[-0.00522614  0.03123474 -0.01049042 ... -0.01986694 -0.02153015
 -0.01048279]",2,"['오프라인', '실물', '생각']",오프라인 실물 생각,1
4225,그정도 갯수로 사실거면 온라인 최저가 보다 오프라인이 더 저렴해요~! 백화점도 백화점이지만 오픈 매장 찾아서 견적받아보세요!,"[ 0.01398468  0.02790833 -0.03970337 ... -0.03765869 -0.03079224
  0.01551056]",2,"['갯수', '사다', '온라인', '최저', '오프라인', '저렴하다', '백화점', '백화점', '오픈', '매장', '찾다', '견적']",갯수 사다 온라인 최저 오프라인 저렴하다 백화점 백화점 오픈 매장 찾다 견적,2
4226,뭔가 온라인보다는 오프라인이 괜히 더 믿음직하다는 생각이 들어요 ㅎㅎ,"[ 0.00097227  0.02482605 -0.01992798 ... -0.03756714 -0.022995
 -0.01254272]",2,"['온라인', '오프라인', '생각', '들다']",온라인 오프라인 생각 들다,1
4227,필수품은 다 사시는 것 같은데 오프라인에서 상담받고 구매하시면 견적 더 저렴하게도 받을 수 있을 것 같아요!,"[-0.0008812   0.02989197 -0.04495239 ... -0.0287323  -0.03077698
  0.00822449]",2,"['필수품', '사다', '오프라인', '상담', '구매', '견적', '저렴하다']",필수품 사다 오프라인 상담 구매 견적 저렴하다,1
4228,저도 오프라인추천드려요 ~! 온라인상품과는 뭔가 다르다고 하더라구용ㅎㅎ,"[-0.00627136  0.02307129 -0.02851868 ... -0.02851868 -0.02026367
 -0.02365112]",2,"['오프라인', '추천', '드리다', '온라인', '상품', '다르다']",오프라인 추천 드리다 온라인 상품 다르다,0
4229,신상욕심이 없어서 온라인이 자꾸 끌리네용..하하,"[-0.0032196   0.01164246 -0.01535797 ... -0.0249176  -0.03231812
 -0.01768494]",2,"['신상', '욕심', '온라인', '끌리다']",신상 욕심 온라인 끌리다,1
4230,저는 2년전 결혼할때 온라인으로 각개 구매 했습니다 ㅋㅋ,"[ 0.00552368  0.02949524 -0.0385437  ... -0.03149414 -0.03787231
  0.00782776]",2,"['결혼', '온라인', '개', '구매']",결혼 온라인 개 구매,1
4231,전체 한곳에서 하실꺼면 오프라인이 좋은거같아요! 따로하실거면 온라인~~,"[ 0.0099411   0.00865936 -0.03137207 ... -0.04238892 -0.02146912
  0.01131439]",2,"['전체', '오프라인', '좋다', '온라인']",전체 오프라인 좋다 온라인,0
4232,발품 팔고 백화점에서 구매했어요! 아무래도 제일 깔끔하더라구요,"[ 0.00879669  0.02598572 -0.02760315 ... -0.04321289 -0.04827881
 -0.00405884]",2,"['발품', '팔다', '백화점', '구매', '깔끔']",발품 팔다 백화점 구매 깔끔,0
4233,비교해봤는데 온라인이 싼게있고 오프라인 패키지로했을때 싼게있어요! 전 날짜 일괄적으로 받는게 편해서 오프라인으로했습니다,"[-0.0109787   0.01403809 -0.03564453 ... -0.02487183 -0.02818298
 -0.01100922]",2,"['비교', '온라인', '싸다', '오프라인', '패키지', '싸다', '날짜', '일괄', '편하다', '오프라인']",비교 온라인 싸다 오프라인 패키지 싸다 날짜 일괄 편하다 오프라인,1
4234,저도 이거 진짜 고민많았는데ㅠㅠㅠㅠ아무래도 온라인은 제품사양을 제가 다 꼼꼼히 확인을 해봐야해서 너무 어렵더라구요.. 그래서 결국 오프라인으로 정했어요! 여러 할인받으면 사실 엄청큰 차이가 있지두않더라구요 ㅎㅎ,"[-0.00260735  0.02656555 -0.03031921 ... -0.03042603 -0.01622009
  0.00181866]",2,"['고민', '많다', '온라인', '제품', '사양', '확인', '오프라인', '정하다', '할인', '크다', '차이']",고민 많다 온라인 제품 사양 확인 오프라인 정하다 할인 크다 차이,2
4235,오프라인으로 발품팔아보세요 온라인이랑다르게 할인폭이 다양해요~!,"[-0.01403809  0.03540039 -0.02079773 ... -0.02861023 -0.03973389
 -0.02264404]",2,"['오프라인', '발품', '팔다', '온라인', '다르다', '할인']",오프라인 발품 팔다 온라인 다르다 할인,0
4236,오프라인 매장 다니시면 그날그날 할인이 다르더라구요 한번 알아보세요,"[ 0.00157738  0.02172852 -0.03643799 ... -0.02023315 -0.03643799
 -0.00187492]",2,"['오프라인', '매장', '다니다', '그날', '그날', '할인', '다르다', '알아보다']",오프라인 매장 다니다 그날 그날 할인 다르다 알아보다,2
4237,온라인보단 오픈매장도 같이 보시는거 추천해요 오픈매장 마다도 가격이 천차만별이더라구요,"[-0.00083351  0.01972961 -0.03292847 ... -0.02731323 -0.02174377
 -0.00608444]",2,"['온라인', '오픈', '매장', '추천', '오픈', '매장', '가격', '천차만별']",온라인 오픈 매장 추천 오픈 매장 가격 천차만별,2
4238,온라인 오프라인 저도 다 비교했는데요..온라인이 확실히 가격이 싸지만 등급이 낮더라구요.... 그래서 저희는 신혼 할인 등의 할인 받으면서 등급 높은걸로 사자고해서 오프라인으로 진행했어요!,"[-0.01169586  0.02232361 -0.02534485 ... -0.02383423 -0.01734924
  0.00117874]",2,"['온라인', '오프라인', '비교', '온라인', '가격', '싸다', '등급', '낮다', '신혼', '할인', '할인', '등급', '높다', '사다', '오프라인', '진행']",온라인 오프라인 비교 온라인 가격 싸다 등급 낮다 신혼 할인 할인 등급 높다 사다 오프라인 진행,2
4239,신상 구매아니면 온라인이 더 싸긴할 것 같아요,"[ 0.01009369  0.02705383 -0.03387451 ... -0.02854919 -0.03689575
 -0.00839996]",2,"['신상', '구매', '온라인', '싸다']",신상 구매 온라인 싸다,1
4240,"저는 신상품엔 욕심없어서 최저가로 온라인, 홈쇼핑에서 구매 했네용ㅎㅎ","[ 0.00231361  0.00400925 -0.03271484 ... -0.03050232 -0.04962158
 -0.00077057]",2,"['상품', '욕심', '최저', '온라인', '홈', '쇼핑', '구매']",상품 욕심 최저 온라인 홈 쇼핑 구매,1
4241,오프라인으로 신규점 찾아서 가면 젤 저렴하다고 해요,"[-0.00310898  0.02824402 -0.02215576 ... -0.02696228 -0.0242157
 -0.00240135]",2,"['오프라인', '신규', '찾다', '저렴하다']",오프라인 신규 찾다 저렴하다,1
4242,매장가서 묶어서 한번에 구매하는게 나으세요! 온라인으로 삼성페스타할때 가격비교했는데 차이 있어서 매장에서 구매했오요,"[ 0.01898193  0.0244751  -0.04681396 ... -0.03062439 -0.04098511
  0.01850891]",2,"['매장', '묶다', '구매', '온라인', '삼성', '페스', '가격', '비교', '차이', '매장', '구매']",매장 묶다 구매 온라인 삼성 페스 가격 비교 차이 매장 구매,0
4243,발품파셨는데도 온라인이 더 싸군요 ㅠㅠ 한번에 다 사면 추가할인이 더 될줄알았는데 저도 더 발품 팔아봐야겠어욤,"[-0.00796509  0.02931213 -0.0239563  ... -0.03811646 -0.03314209
  0.00870514]",2,"['발품', '파', '온라인', '싸다', '사다', '추가', '할인', '발품', '팔다']",발품 파 온라인 싸다 사다 추가 할인 발품 팔다,0
4244,원래 온라인이 제일 쌉니다! 오프라인은 결합으로 진행했을때 조금 더 저렴햐요! 단품은 온라인이 최고에요,"[ 0.0019083   0.02362061 -0.02958679 ... -0.02516174 -0.0252533
  0.01056671]",2,"['원래', '온라인', '싸다', '오프라인', '결합', '진행', '저렴햐', '달다', '온라인', '최고']",원래 온라인 싸다 오프라인 결합 진행 저렴햐 달다 온라인 최고,0
4245,한번에 많이 구매하셔야 금액대별로 할인율이 높아져서 좋아요. 온라인제품하고 오프라인제품이 다른걸로 알고 있는데 오프라인에서 여러품목 구입하면 할인도 많이 되고 사은품도 주니 좋더라구요. 저 살 때는 백화점이 제일 조건이 좋았어요.,"[ 0.00704193  0.00439835 -0.04586792 ... -0.03451538 -0.02580261
 -0.00772095]",2,"['구매', '금액', '할인', '높다', '좋다', '온라인', '제품', '오프라인', '제품', '오프라인', '품목', '구입', '할인', '사은품', '좋다', '사다', '백화점', '조건', '좋다']",구매 금액 할인 높다 좋다 온라인 제품 오프라인 제품 오프라인 품목 구입 할인 사은품 좋다 사다 백화점 조건 좋다,2
4246,오프라인 발품파는게 제일 좋다고는 하더라구요 금액차도 있고요ㅠ,"[-0.01194763  0.03067017 -0.02902222 ... -0.03625488 -0.03152466
 -0.00772858]",2,"['오프라인', '발품', '파', '좋다', '금액']",오프라인 발품 파 좋다 금액,0
4247,"온라인몰에서 가격비교해놓고, 오프라인으로 가서 비교하면되여","[ 0.01220703  0.01760864 -0.0249939  ... -0.02650452 -0.03149414
 -0.0148468 ]",2,"['온라인', '가격', '비교', '오프라인', '비교']",온라인 가격 비교 오프라인 비교,0
4248,온라인 오프라인 둘다 따져볼거같아요!,"[ 0.00020981  0.01219177 -0.01676941 ... -0.02410889 -0.01795959
 -0.00807953]",2,"['온라인', '오프라인', '따지다']",온라인 오프라인 따지다,1
4249,오프라인에서 가격 비교하고 발품팔거같아요!,"[-0.00494385  0.02922058 -0.02575684 ... -0.02102661 -0.03417969
 -0.01432037]",2,"['오프라인', '가격', '비교', '발품', '팔다']",오프라인 가격 비교 발품 팔다,0
4250,오프라인으로 가서 직접보고 인터넷으로 할인 최대한 받아보고 그럴거같아요 ㅎㅎ,"[-0.00866699  0.02139282 -0.01383972 ... -0.04244995 -0.02557373
  0.01119232]",2,"['오프라인', '인터넷', '할인', '최대한']",오프라인 인터넷 할인 최대한,2
4251,전 세가지정도만 사면 되서 온라인으로요 5가지 이상은 오프라인 발품파시는게 저렴할것같아요,"[-0.00924683  0.02171326 -0.03268433 ... -0.02554321 -0.02456665
  0.00980377]",2,"['사다', '온라인', '이상', '오프라인', '발품', '파', '저렴하다']",사다 온라인 이상 오프라인 발품 파 저렴하다,1
4252,한 번에 많이 구입하실거면 오프라인으로 사는게 더 좋을 거 같아요!,"[ 0.00331879  0.03485107 -0.02720642 ... -0.02758789 -0.04553223
 -0.0021019 ]",2,"['구입', '오프라인', '사다', '좋다']",구입 오프라인 사다 좋다,1
4253,"오오 저는 직접 다녀보면서 봤는데, 온라인으로 둘러봐도 되는지 첨 알았네요 ㅎㅎ","[-0.01138306  0.0171051   0.00050354 ... -0.03469849 -0.0259552
 -0.00575638]",2,"['다니다', '온라인', '둘러보다']",다니다 온라인 둘러보다,1
4254,오프라인에서 일괄구매하며 받는 혜택이 큰 것 같았어요,"[ 0.019104    0.0406189  -0.02981567 ... -0.01049042 -0.05422974
 -0.00334167]",2,"['오프라인', '일괄', '구매', '혜택', '크다']",오프라인 일괄 구매 혜택 크다,0
4255,"오프라인으로 사길 추천드리는데, 시간이 없으면 비대면 견적도 받아보세요~ 전 그렇게 샀어요!","[-0.01376343  0.0271759  -0.03305054 ... -0.0362854  -0.03683472
 -0.00283623]",2,"['오프라인', '사다', '추천', '드리다', '시간', '대면', '견적', '사다']",오프라인 사다 추천 드리다 시간 대면 견적 사다,0
4256,오프라인으로 직접 보고 사는거 추천합니당 ㅎㅎ,"[-0.01154327  0.02593994 -0.00852966 ... -0.03656006 -0.02351379
 -0.00413895]",2,"['오프라인', '사다', '추천']",오프라인 사다 추천,0
4257,오프라인으로 직접 뛰시는게 좋을꺼같아요!,"[-0.00385094  0.03222656 -0.02174377 ... -0.03781128 -0.01143646
  0.00852966]",2,"['오프라인', '뛰다', '좋다']",오프라인 뛰다 좋다,0
4258,온라인 오프라인 전부 비교해보시고 사세용 많이 구입하실수록 매장이 저렴하긴해용,"[ 0.00249672  0.02436829 -0.02810669 ... -0.03277588 -0.03204346
  0.00810242]",2,"['온라인', '오프라인', '비교', '사다', '구입', '매장']",온라인 오프라인 비교 사다 구입 매장,1
4259,오프라인으로 구경하고 인터넷 최저가도 찾아보려구요!,"[-0.01039886  0.03555298 -0.01924133 ... -0.02674866 -0.03494263
 -0.01279449]",2,"['오프라인', '구경', '인터넷', '최저', '찾아보다']",오프라인 구경 인터넷 최저 찾아보다,1
4260,온라인구경 후에 오프라인으로 구매하려구요~!,"[-0.00038457  0.03649902 -0.02340698 ... -0.03237915 -0.03231812
 -0.02891541]",2,"['온라인', '구경', '오프라인', '구매']",온라인 구경 오프라인 구매,1
4261,오프라인 온라인 견적 내서 비교해보고 선택할 것 같아여~,"[ 0.00413132  0.03646851 -0.01802063 ... -0.04034424 -0.02790833
 -0.0089035 ]",2,"['오프라인', '온라인', '견적', '내다', '비교', '선택']",오프라인 온라인 견적 내다 비교 선택,0
4262,오프라인발품팔아가격비교하는게 좋을거같아욘,"[ 0.01033783  0.02905273 -0.04452515 ... -0.03256226 -0.03445435
 -0.00537491]",2,"['오프라인', '발품', '팔다', '가격', '비교', '좋다']",오프라인 발품 팔다 가격 비교 좋다,0
4263,매장가본건 아니고 여기서 싸다고 유명한분한테 비대면 견적받았습니다. 결제가가 1250만원이였고 체감가가 결제가 대비 70프로라 이정도면 다들 잘하신거라고 하시길래 온라인 비교해보니 크게 차이나는 가격이 아니라 의아해서 질문드렸습니다!,"[ 0.00221062  0.02764893 -0.03720093 ... -0.03466797 -0.02433777
  0.00773621]",2,"['매장', '싸다', '유명', '대면', '견적', '결제', '체감', '결제', '대비', '온라인', '비교', '크다', '차이', '가격', '의아', '질문', '드리다']",매장 싸다 유명 대면 견적 결제 체감 결제 대비 온라인 비교 크다 차이 가격 의아 질문 드리다,0
4264,오프라인 매장 발품팔고 다녀서 백화점에서 샀습니당,"[-0.00201035  0.02688599 -0.02514648 ... -0.02244568 -0.05929565
 -0.01263428]",2,"['오프라인', '매장', '발품', '팔다', '다니다', '백화점', '사다']",오프라인 매장 발품 팔다 다니다 백화점 사다,0
4265,오프라인 매장 여러군데 찾아볼 것 같아요~~,"[ 0.02215576  0.02151489 -0.02583313 ... -0.0249176  -0.03817749
 -0.00564575]",2,"['오프라인', '매장', '찾아보다']",오프라인 매장 찾아보다,2
4266,여러개 같이사면 매장이 싸지만 하나씩 사시는건 인터넷이 가장 싸다고 들었습니당,"[ 0.00106525  0.03518677 -0.0329895  ... -0.01864624 -0.03344727
  0.02801514]",2,"['사다', '매장', '싸다', '사다', '인터넷', '싸다']",사다 매장 싸다 사다 인터넷 싸다,2
4267,염려되시면 오프라인으로 보고 구매하시는걸 추천드려요,"[-0.00175571  0.00485611 -0.0324707  ... -0.04312134 -0.02241516
 -0.00167179]",2,"['염려', '오프라인', '구매', '추천', '드리다']",염려 오프라인 구매 추천 드리다,0
4268,전 롯데백화점서 구매했어요 발품팔아보세요~,"[-0.00874329  0.01525116 -0.02598572 ... -0.04644775 -0.0512085
 -0.00195312]",2,"['롯데백화점', '구매', '발품', '팔다']",롯데백화점 구매 발품 팔다,0
4269,온라인 구매 보다는 오프라인으로 구매 하는게 제품 자체가 좋대요!,"[ 0.00337219  0.02590942 -0.03198242 ... -0.01951599 -0.0340271
 -0.01558685]",2,"['온라인', '구매', '오프라인', '구매', '제품', '자체', '좋다']",온라인 구매 오프라인 구매 제품 자체 좋다,0
4270,하나만 사시면 인터넷이 나아용! 품목이 여러개면 매장이 낫구요~,"[-0.0014267   0.0294342  -0.03768921 ... -0.0317688  -0.02789307
  0.01422119]",2,"['사다', '인터넷', '품목', '매장']",사다 인터넷 품목 매장,2
4271,오프라인도 괜찮아요 ! 잘 찾으면 좋습니다!,"[ 0.00732422  0.02192688 -0.03158569 ... -0.02209473 -0.02416992
 -0.00421906]",2,"['오프라인', '괜찮다', '찾다', '좋다']",오프라인 괜찮다 찾다 좋다,1
4272,단품으로 사시는거면 인터넷이 저렴하긴 할거에요 ! 오프라인 매장도 발품 파시면 괜찮은 가격에 사실수 있을거에요 ㅎㅎ,"[-0.02049255  0.03768921 -0.01968384 ... -0.02236938 -0.04251099
  0.01301575]",2,"['사다', '인터넷', '오프라인', '매장', '발품', '파', '괜찮다', '가격', '사다']",사다 인터넷 오프라인 매장 발품 파 괜찮다 가격 사다,0
4273,인터넷최저가도 아마 정품보증되어있고 그런거면 오프라인이랑 똑같을거에요! 다만이제 오프라인에서는 세트로사서 할인이나 캐시백을 받아서 혜택이 커지는거같아요,"[ 0.00459671  0.00246429 -0.04196167 ... -0.02555847 -0.03668213
 -0.00712204]",2,"['인터넷', '최저', '정품', '보증', '오프라인', '똑같다', '오프라인', '세트', '사다', '할인', '캐시백', '혜택', '커지다']",인터넷 최저 정품 보증 오프라인 똑같다 오프라인 세트 사다 할인 캐시백 혜택 커지다,2
4274,저는 오프라인으로 알아보려고 생각중이에요!,"[-0.0009017   0.02545166 -0.01338196 ... -0.02508545 -0.01542664
 -0.01100922]",2,"['오프라인', '알아보다', '생각']",오프라인 알아보다 생각,0
4275,저는 오프라인으로 알아보려구요~ 온라인이 싸다고는 하던데 또 후기보니 오프라인 방문해주면 견적을 더 잘주기도한대서요ㅎㅎ,"[-0.02182007  0.03253174 -0.02180481 ... -0.04162598 -0.019104
  0.00288391]",2,"['오프라인', '알아보다', '온라인', '싸다', '후기', '오프라인', '방문', '견적']",오프라인 알아보다 온라인 싸다 후기 오프라인 방문 견적,0
4276,무조건 오프라인으로 보세요~ 한 두개 살때야 온라인 되도 많이 사실땐 오픈점 다니면서 발품파셔여,"[-0.00437546  0.02153015 -0.02862549 ... -0.02705383 -0.03152466
  0.01226807]",2,"['오프라인', '보세', '사다', '온라인', '사다', '오픈', '다니다', '발품', '파']",오프라인 보세 사다 온라인 사다 오픈 다니다 발품 파,0
4277,온라인은 조금 어려울것같고 저희는 오프라인에서 발품필았어요!,"[-0.00627899  0.03044128 -0.01407623 ... -0.0198822  -0.03573608
 -0.00879669]",2,"['온라인', '오프라인', '발품필았어요']",온라인 오프라인 발품필았어요,1
4278,오프라인으로 많이 알아봤었는데 많이 발품파는게 저렴하게 사는 방법이더라구요ㅠ 부탁드려요!,"[-0.01205444  0.02418518 -0.02430725 ... -0.03808594 -0.0271759
 -0.00452805]",2,"['오프라인', '알아보다', '발품', '파', '사다', '방법', '부탁드리다']",오프라인 알아보다 발품 파 사다 방법 부탁드리다,0
4279,오프라인으로 가보면 할인 해줄 떄가 있더라고요! 발품팔아야해요 ㅠㅠ,"[-0.01702881  0.03117371 -0.02348328 ... -0.02766418 -0.04031372
 -0.00108624]",2,"['오프라인', '할인', '발품', '팔다']",오프라인 할인 발품 팔다,0
4280,오프라인으로 보고 인터넷으로 사면 됩니당! 인터넷이 대부분 더 싸요.. 특히 행사때는 상상이상이구요,"[-0.00888824  0.0246582  -0.03421021 ... -0.02244568 -0.03079224
  0.00097227]",2,"['오프라인', '인터넷', '사다', '인터넷', '싸다', '행사', '상상', '이상']",오프라인 인터넷 사다 인터넷 싸다 행사 상상 이상,2
4281,인터넷이 아무래도 좀더 싸긴 하겟지만 전 오프라인이요. 얼굴보고 직접 이야기 해야 풀리는 성격이라 ㅋㅋ,"[-0.00667572  0.01911926 -0.01418304 ... -0.02603149 -0.02383423
  0.00983429]",2,"['인터넷', '싸다', '오프라인', '얼굴', '이야기', '풀리다', '성격']",인터넷 싸다 오프라인 얼굴 이야기 풀리다 성격,2
4282,오프라인이 더 좋다고 들었어요. 한꺼번에 혼수로 사는건 할인이 더 많이 들어간다고 들어서요.,"[ 0.02651978  0.01881409 -0.03253174 ... -0.03509521 -0.03268433
  0.01596069]",2,"['오프라인', '좋다', '혼수', '사다', '할인', '들어가다', '들다']",오프라인 좋다 혼수 사다 할인 들어가다 들다,2
4283,인터넷으로도보고 오프라인매장도 가보세요 한두개 사는거면 인터넷이 낫고 여러개 사면 오프라인이 낫다더라고요,"[ 0.00429916  0.00942993 -0.03961182 ... -0.03933716 -0.01974487
  0.00614548]",2,"['인터넷', '오프라인', '매장', '사다', '인터넷', '사다', '오프라인']",인터넷 오프라인 매장 사다 인터넷 사다 오프라인,2
4284,오프라인 행사할 때 구매하면 할인이 커서 오프라인으로 할 것 같아요,"[ 0.01908875  0.02590942 -0.04318237 ... -0.01844788 -0.03302002
 -0.01805115]",2,"['오프라인', '행사', '구매', '할인', '크다', '오프라인']",오프라인 행사 구매 할인 크다 오프라인,2
4285,저희는 오프라인 발품팔았어요ㅠ 매장마다 혜택등등너무달라서ㅜㅜㅜㅜ,"[-0.0007205   0.03408813 -0.02441406 ... -0.03286743 -0.04733276
 -0.00928497]",2,"['오프라인', '발품', '팔다', '매장', '혜택', '다르다']",오프라인 발품 팔다 매장 혜택 다르다,0
4286,여러개 한번에 살땐 오프라인에서 발품 팔아보고 혜택조은곳으로 하는 게 낫더라구용!,"[-0.01037598  0.03485107 -0.03155518 ... -0.03222656 -0.03536987
  0.00300026]",2,"['살다', '오프라인', '발품', '팔다', '혜택']",살다 오프라인 발품 팔다 혜택,0
4287,오프라인이요~ 발품파세요. 온라인은 사기업체 많아요,"[-0.01600647  0.019104   -0.04049683 ... -0.04788208 -0.02304077
 -0.01864624]",2,"['오프라인', '발품', '파', '온라인', '사기', '업체', '많다']",오프라인 발품 파 온라인 사기 업체 많다,0
4288,혼수용품은 오프라인도 할인 들어가서 꽤 저렴해요. 저라면 실물 보고 살 것 같아요.,"[ 0.00743103  0.03018188 -0.03982544 ... -0.0141983  -0.03128052
  0.00122833]",2,"['혼수', '용품', '오프라인', '할인', '들어가다', '저렴하다', '실물', '살다']",혼수 용품 오프라인 할인 들어가다 저렴하다 실물 살다,2
4289,저는 발품팔아 오프라인으로 했는데 온라인보다 훨씬 저렴했어요 ㄷ,"[-0.01280975  0.02883911 -0.02105713 ... -0.03022766 -0.03485107
 -0.01335144]",2,"['발품', '팔다', '오프라인', '온라인']",발품 팔다 오프라인 온라인,0
4290,친언니 온라인으로도 구매했는데 저렴하더라구요 둘다 해보시는게 좋을거같아요,"[-0.00678253  0.0266571  -0.04467773 ... -0.03613281 -0.03164673
  0.00852966]",2,"['언니', '온라인', '구매', '저렴하다', '좋다']",언니 온라인 구매 저렴하다 좋다,1
4291,저희도 고민하다가 오프라인 발품팔면서 구매했어요!,"[-0.01207733  0.03640747 -0.02287292 ... -0.02857971 -0.05133057
 -0.00919342]",2,"['고민', '오프라인', '발품', '팔다', '구매']",고민 오프라인 발품 팔다 구매,0
4292,저희는 온라인으로 손품 팔았어요~ 물론 오프라인도 알아보긴 했어요!,"[-0.00943756  0.02909851 -0.03048706 ... -0.01947021 -0.04394531
 -0.01582336]",2,"['온라인', '팔다', '오프라인', '알아보다']",온라인 팔다 오프라인 알아보다,0
4293,의외로 백화점이 더 싼 경우도 있다고해서 발품 팔아보시는게 좋아요!,"[-0.00540924  0.03091431 -0.02177429 ... -0.04135132 -0.05038452
  0.00421143]",2,"['백화점', '싸다', '발품', '팔다', '좋다']",백화점 싸다 발품 팔다 좋다,0
4294,오프라인 매장가셔서 견적먼저 받아보세요 그리고 온라인이랑 비교하시는 것도 좋을 듯 해요! 제일 저렴한건 무엇보다도 오픈한 오프라인매장이 제일 저렴한 것 같아용!,"[ 0.00531006  0.02532959 -0.03347778 ... -0.03375244 -0.02624512
  0.01255035]",2,"['오프라인', '매장', '견적', '온라인', '비교', '좋다', '저렴하다', '오픈', '오프라인', '매장', '저렴하다']",오프라인 매장 견적 온라인 비교 좋다 저렴하다 오픈 오프라인 매장 저렴하다,0
4295,"한꺼번에 많이사면 오프라인으로, 대리점으로요!","[ 0.01376343  0.02748108 -0.02500916 ... -0.02412415 -0.04022217
  0.01358795]",2,"['사다', '오프라인', '대리점']",사다 오프라인 대리점,2
4296,오프라인에서 한번에 구매한다고 견적 받아보는게 제일 싼걸로 알아요. 금액 할인 뿐만 아니라 추가로 주는 상품도 나중에 중고나라에 팔면 이득이더라구요~,"[-0.00967407  0.01934814 -0.03982544 ... -0.03036499 -0.02250671
  0.00093603]",2,"['오프라인', '구매', '견적', '싸다', '금액', '할인', '추가', '상품', '중고나라', '팔다', '이득']",오프라인 구매 견적 싸다 금액 할인 추가 상품 중고나라 팔다 이득,2
4297,저는 온라인으로 그냥 저렴한 품목들 골라서 샀어요~ㄷ,"[-0.00587082  0.02157593 -0.01882935 ... -0.02139282 -0.03114319
 -0.02888489]",2,"['온라인', '저렴하다', '품목', '고르다', '사다']",온라인 저렴하다 품목 고르다 사다,1
4298,저는 온라인은 하나씩 사야하니까 귀찮아서 아예 안봤고 오프라인도 카드사용이런거 피곤할 것 같아서 백화점 위주로 돌았어요!,"[-0.00616837  0.0211792  -0.03048706 ... -0.02856445 -0.04449463
  0.01485443]",2,"['온라인', '사다', '귀찮다', '오프라인', '카드', '피곤', '백화점', '위주', '돌다']",온라인 사다 귀찮다 오프라인 카드 피곤 백화점 위주 돌다,1
4299,오프라인 중에서 백화점 말고 하이마트 같은데 돌아다녀서 저렴한데로 할거 같아요,"[ 0.00521851  0.02156067 -0.03108215 ... -0.03393555 -0.034729
  0.00020993]",2,"['오프라인', '백화점', '말', '하이마트', '돌아다니다', '저렴하다']",오프라인 백화점 말 하이마트 돌아다니다 저렴하다,0
4300,결국 오프라인이 더 싸진다고하더라구요 오프라인 한표!ㄷ,"[ 0.00192451  0.0328064  -0.02056885 ... -0.02787781 -0.0302887
 -0.01091003]",2,"['결국', '오프라인', '싸다', '오프라인']",결국 오프라인 싸다 오프라인,1
4301,오프라인이 더 싼가요? 저는 온라인으로 알고있었는데여,"[ 0.00129795  0.02116394 -0.03884888 ... -0.0350647  -0.02415466
 -0.00746155]",2,"['오프라인', '싸다', '온라인']",오프라인 싸다 온라인,1
4302,그래도 온라인보단 오프라인 좋지 않을까용? 저라면 오프라인이용! ㄷ,"[ 0.00075054  0.02017212 -0.02534485 ... -0.03378296 -0.01914978
  0.00468063]",2,"['온라인', '오프라인', '좋다', '오프라인']",온라인 오프라인 좋다 오프라인,0
4303,오프라인/온라인 견적 비교해보셔요! 오프라인은 프로모션같은 현장이벤트가 있어서 언제 보러가느냐에 따라 다르더라구요.,"[-0.00754929  0.01020813 -0.03004456 ... -0.04055786 -0.03161621
 -0.00236511]",2,"['오프라인', '온라인', '견적', '비교', '오프라인', '프로모션', '현장', '이벤트', '따르다', '다르다']",오프라인 온라인 견적 비교 오프라인 프로모션 현장 이벤트 따르다 다르다,0
4304,오프라인으로 직접한번보고 비교하고정할거같아요!,"[ 0.00183201  0.02561951 -0.0109024  ... -0.03561401 -0.01631165
 -0.01266479]",2,"['오프라인', '비교', '정하다']",오프라인 비교 정하다,0
4305,온라인으로 그냥 알아볼까 했는데 오프라인으로 견적 잘받으면 훨씬 싸고 이득이라고 해서 저도 오프라인 발품 팔아보려구요!,"[-0.01228333  0.0423584  -0.02915955 ... -0.03302002 -0.03149414
 -0.00240517]",2,"['온라인', '알아보다', '오프라인', '견적', '싸다', '이득', '오프라인', '발품', '팔다']",온라인 알아보다 오프라인 견적 싸다 이득 오프라인 발품 팔다,0
4306,발품많이 파는게 좋지않을까요 저는 일단 오프라인으로 이리저리알아볼려구요,"[-0.0063858   0.0242157  -0.02882385 ... -0.03762817 -0.02375793
 -0.00138092]",2,"['발품', '파', '좋다', '오프라인', '알아보다']",발품 파 좋다 오프라인 알아보다,0
4307,백화점온라인다장단점 있으니 가보세요!,"[ 0.00153446  0.02670288 -0.02581787 ... -0.03167725 -0.04129028
 -0.00710297]",2,"['백화점', '온라인', '장단점']",백화점 온라인 장단점,1
4308,오프라인 행사 또는 오픈매장에서 한꺼번에 사는게 제일 저렴해요 ㄷ,"[ 0.0067749   0.02284241 -0.02326965 ... -0.02133179 -0.03561401
  0.00342369]",2,"['오프라인', '행사', '오픈', '매장', '사다', '저렴하다']",오프라인 행사 오픈 매장 사다 저렴하다,2
4309,오프라인으로 이전 지점에서 견적받은거 슬쩍 흘리면서 조금씩 깍았어요! ㄷ,"[-0.0092392   0.04763794 -0.01351166 ... -0.02311707 -0.03387451
 -0.01194763]",2,"['오프라인', '이전', '지점', '견적', '흘리다', '깍다']",오프라인 이전 지점 견적 흘리다 깍다,0
4310,오프라인으로 발품 파는게 더 싸다고 하더라고요~ 저희도 그렇게 하려고 생각하고 있습니다 ㄷ,"[-0.01371002  0.04574585 -0.02319336 ... -0.02766418 -0.03659058
  0.00142956]",2,"['오프라인', '발품', '파', '싸다', '생각']",오프라인 발품 파 싸다 생각,0
4311,"많이 구매하실꺼면 발품팔아 오프라인으로 하는게 저렴하고, 몇개만 하실꺼면 온라인에서 사는게 제일 저렴하더라구요","[-0.00180531  0.03250122 -0.02902222 ... -0.02688599 -0.03089905
  0.0140152 ]",2,"['구매', '발품', '팔다', '오프라인', '온라인', '사다', '저렴하다']",구매 발품 팔다 오프라인 온라인 사다 저렴하다,1
4312,온라인으론 어느정도던가요? 혼수 다품목은 오프라인이 진리로 알고있는뎅..단품목은 온라인이지만요!,"[ 0.00127888  0.00352287 -0.03463745 ... -0.03106689 -0.02752686
  0.0011282 ]",2,"['온라인', '혼수', '품목', '오프라인', '진리', '품목', '온라인']",온라인 혼수 품목 오프라인 진리 품목 온라인,1
4313,오프라인 여기저기 다녀보세요!ㅎㅎ전 베스트샵이나 백화점으로 가려구용,"[ 0.00336838  0.0188446  -0.02055359 ... -0.03274536 -0.02980042
 -0.00208664]",2,"['오프라인', '여기저기', '다니다', '베스트', '백화점']",오프라인 여기저기 다니다 베스트 백화점,0
4314,오프라인에서 한번에 구매하면 상품권이나 할인이 많이 들어가는거같아요! ㄷ,"[ 0.00359154  0.03271484 -0.01985168 ... -0.02030945 -0.03744507
 -0.01061249]",2,"['오프라인', '구매', '상품', '할인', '들어가다']",오프라인 구매 상품 할인 들어가다,2
4315,발품팔아서 여러군데 다녀보구 오프라인으로 사지않을까 싶어요 ! ㄷ,"[-0.01654053  0.0369873  -0.01776123 ... -0.03701782 -0.04055786
 -0.00723267]",2,"['발품', '팔다', '다니다', '오프라인', '사다']",발품 팔다 다니다 오프라인 사다,0
4316,"코로나가 풀렸다고는 하지만, 사람 많은데 싫어하는 저는 온라인이 좋은 것 같아요! ㅎㅎ","[ 0.01057434  0.02560425 -0.03637695 ... -0.0221405  -0.02357483
 -0.00902557]",2,"['코로나', '풀리다', '사람', '많다', '싫다', '온라인', '좋다']",코로나 풀리다 사람 많다 싫다 온라인 좋다,2
4317,발품도 다 시간인데 견적 온라인으로 보고 좋네용!,"[-0.00035572  0.04022217 -0.02348328 ... -0.04821777 -0.04629517
  0.00579834]",2,"['발품', '시간', '견적', '온라인', '좋다']",발품 시간 견적 온라인 좋다,0
4318,아는언니 온라인몰에서 가성비로 했는데 괜찮았어요! 후기 잘보고 사면 괜찮을거같아용~!,"[ 0.00647354  0.01657104 -0.04776001 ... -0.03421021 -0.0355835
  0.00012004]",2,"['언니', '온라인', '가성비', '괜찮다', '후기', '사다', '괜찮다']",언니 온라인 가성비 괜찮다 후기 사다 괜찮다,1
4319,리바트도 괜찮으니까 그냥 싹다 온라인으로 구매해도 괜찮을거같아여!,"[ 0.00079298  0.03744507 -0.02349854 ... -0.03479004 -0.03277588
  0.01802063]",2,"['리바트', '괜찮다', '온라인', '구매', '괜찮다']",리바트 괜찮다 온라인 구매 괜찮다,1
4320,요새 인터넷 후기가 많으니까 괜찮을거같아요! 온라인이 확실히 저렴하죠!,"[-0.0092392   0.02033997 -0.03683472 ... -0.03244019 -0.02850342
  0.00351906]",2,"['인터넷', '후기', '많다', '괜찮다', '온라인', '저렴하다']",인터넷 후기 많다 괜찮다 온라인 저렴하다,1
4321,온라인몰이랑 오프라인매장에서 견적받는게 크게 차이가 안났어요!,"[ 0.00385094  0.0350647  -0.02684021 ... -0.01403046 -0.05426025
 -0.01820374]",2,"['온라인', '오프라인', '매장', '견적', '크다', '차이']",온라인 오프라인 매장 견적 크다 차이,0
4322,"시간되심 매장에서 한번 구경해보시고, 온라인으로 구매하셔도 괜찮을거같아요","[ 0.0091629   0.01490021 -0.03274536 ... -0.04400635 -0.03335571
  0.00423813]",2,"['시간', '매장', '구경', '온라인', '구매', '괜찮다']",시간 매장 구경 온라인 구매 괜찮다,1
4323,저도 리바트 온라인몰에서 구입했는데 만족합니당!,"[ 0.00374603  0.02749634 -0.0380249  ... -0.0369873  -0.04360962
  0.00617218]",2,"['리바트', '온라인', '구입', '만족']",리바트 온라인 구입 만족,1
4324,리바트 온라인 가성비 좋은것같은데 괜찮을것같아요,"[ 0.01361847  0.03091431 -0.03521729 ... -0.04544067 -0.00914764
  0.00291252]",2,"['리바트', '온라인', '가성비', '좋다', '괜찮다']",리바트 온라인 가성비 좋다 괜찮다,1
4325,저라면 매장 한번 가서 보고 인터넷에서 싸게 구매할 것 같아요! 실물로 봐야지 입장이라;ㅎㅎ,"[-0.00050259  0.02192688 -0.02650452 ... -0.04367065 -0.03475952
  0.00968933]",2,"['매장', '인터넷', '싸다', '구매', '실물', '입장']",매장 인터넷 싸다 구매 실물 입장,1
4326,인터넷도 괜찮지만 매장에서 구매하면 이런저런 이벤트나 행사할인같은거 적용 받을 수 있어서 두군데 다 비교해보고 결정할 것 같아요 ~,"[ 0.00914764  0.01208496 -0.03991699 ... -0.037323   -0.03851318
 -0.00193405]",2,"['인터넷', '괜찮다', '매장', '구매', '이벤트', '행사', '할인', '적용', '비교', '결정']",인터넷 괜찮다 매장 구매 이벤트 행사 할인 적용 비교 결정,2
4327,쇼룸한번가서 견적받아보시구 질감확인하고 온라인으로 구매하셔도 괜찮을것같아요:,"[ 0.00125027  0.01560211 -0.0401001  ... -0.05395508 -0.03071594
  0.00735474]",2,"['견적', '질감', '확인', '온라인', '구매', '괜찮다']",견적 질감 확인 온라인 구매 괜찮다,1
4328,온라인이랑 오프라인이랑 제품이 다르더라구요 ㅠㅠ 감안하시면 괜찮을거같아요!,"[-0.00019443  0.00225639 -0.03479004 ... -0.04168701 -0.02095032
 -0.01271057]",2,"['온라인', '오프라인', '제품', '다르다', '감안', '괜찮다']",온라인 오프라인 제품 다르다 감안 괜찮다,0
4329,리바트 온라인몰 그거 리바트 제품아닌거같아요.. 잘 보면 리바트가 아니고 타 브랜드 메이커도라고요ㅠㅠ,"[ 0.00461578  0.02330017 -0.04129028 ... -0.04324341 -0.01179504
 -0.001091  ]",2,"['리바트', '온라인', '리바트', '제품', '리바트', '브랜드', '메이커']",리바트 온라인 리바트 제품 리바트 브랜드 메이커,1
4330,온라인으로 구매하셔도 좋지만 꼭 사이즈 측정 잘하세요!,"[-0.0051918   0.02844238 -0.0489502  ... -0.03128052 -0.03787231
  0.00517273]",2,"['온라인', '구매', '좋다', '사이즈', '측정']",온라인 구매 좋다 사이즈 측정,1
4331,개별물품 살때는 최저가로 사는게 좋고 여러품목살떄는 오프라인 발품파는게 좋더라구요,"[ 0.00386047  0.02215576 -0.03201294 ... -0.03164673 -0.03366089
 -0.01319122]",2,"['개별', '물품', '사다', '최저', '사다', '좋다', '품목', '사다', '오프라인', '발품', '파', '좋다']",개별 물품 사다 최저 사다 좋다 품목 사다 오프라인 발품 파 좋다,0
4332,200만원이면 온라인으로 구매할것같은데 사양 잘 확인해봐야할것같아요!,"[ 0.00329971  0.03317261 -0.04693604 ... -0.02848816 -0.02694702
  0.00066519]",2,"['온라인', '구매', '사양', '확인']",온라인 구매 사양 확인,1
4333,200만원이라면 당장 온라인으로 살거같아요 ㅎㅎ,"[ 0.00190735  0.04437256 -0.01266479 ... -0.03475952 -0.03567505
 -0.0008769 ]",2,"['당장', '온라인', '사다']",당장 온라인 사다,1
4334,150-200이면 차이가크죠 ㅠ 온라인이요!,"[ 0.00032854  0.00658798 -0.01737976 ... -0.03839111 -0.01527405
  0.00109577]",2,"['차이', '크다', '온라인']",차이 크다 온라인,2
4335,그래도 한번에 배송되고 나중에 관리하는거 생각하면 오프라인에서 살 꺼 같아요,"[-0.00132275  0.03543091 -0.03074646 ... -0.01864624 -0.03253174
 -0.00081825]",2,"['배송', '관리', '생각', '오프라인', '살다']",배송 관리 생각 오프라인 살다,1
4336,같은 제품인데 차이 나면 인터넷이지만 다운 시킨거면 그냥 오프라인이요,"[ 0.00531387  0.00581741 -0.02549744 ... -0.02430725 -0.02130127
 -0.00142002]",2,"['제품', '차이', '인터넷', '다운', '시키다', '오프라인']",제품 차이 인터넷 다운 시키다 오프라인,2
4337,오프라인이면 다른 서비스들도 있지 않을까요? 최대한 오프라인으로 가격 좀더 조율해 볼꺼 같아요~,"[-0.00569153  0.03091431 -0.02960205 ... -0.03543091 -0.02484131
  0.00206566]",2,"['오프라인', '서비스', '오프라인', '가격', '조율']",오프라인 서비스 오프라인 가격 조율,2
4338,발품을 근데 많이 파는게 중요할 것 같애요! 백화점이 비싸다는 것도 고정관념인 것 같구요 ㅎㅎ,"[-0.0008769   0.02230835 -0.02488708 ... -0.03216553 -0.03921509
  0.015625  ]",2,"['발품', '파', '중요', '백화점', '비싸다', '고정관념']",발품 파 중요 백화점 비싸다 고정관념,0
4339,발품파는게 좋긴한데 너무 힘들면 오픈점만 가셔요 오픈점이 제일 싸요 오프라인에서는,"[ 0.00605011  0.01552582 -0.04278564 ... -0.03619385 -0.02973938
  0.01473236]",2,"['발품', '파', '좋다', '힘들다', '오픈', '오픈', '싸다', '오프라인']",발품 파 좋다 힘들다 오픈 오픈 싸다 오프라인,0
4340,모델명이 다르기두 하고 품목이 많으면 오프라인이 더 싸요!,"[ 0.00044274  0.00778961 -0.0423584  ... -0.02523804 -0.02688599
  0.00708008]",2,"['모델명', '다르다', '품목', '많다', '오프라인', '싸다']",모델명 다르다 품목 많다 오프라인 싸다,0
4341,구매하는 품목이 많아지면 오프라인이 더 싼 것같아요! 모델버전도 다르구요!,"[ 0.00353432  0.00699615 -0.0383606  ... -0.02128601 -0.0368042
  0.00130367]",2,"['구매', '품목', '많다', '오프라인', '싸다', '모델', '버전', '다르다']",구매 품목 많다 오프라인 싸다 모델 버전 다르다,0
4342,"상급라인을 할인받아서 싸게살수 있다는 장점이.. 중급라인만 구입한다면 온라인이 싸긴 해요. 보통 백화점가면 최고급라인으로 구성해서 정가대비 40%가까이 할인해주는거 같아요 근데 할인도 두달뒤 캐쉬백, 상품권, 사은품 지급 등으로 해주는거라.. 전 고민중이에요","[ 0.01672363  0.01116943 -0.04873657 ... -0.0236969  -0.01165771
  0.01170349]",2,"['상급', '라인', '할인', '싸다', '사다', '장점', '중급', '라인', '구입', '온라인', '싸다', '백화점', '고급', '라인', '구성', '정가', '대비', '할인', '할인', '캐쉬', '상품', '사은품', '지급', '고민']",상급 라인 할인 싸다 사다 장점 중급 라인 구입 온라인 싸다 백화점 고급 라인 구성 정가 대비 할인 할인 캐쉬 상품 사은품 지급 고민,2
4343,2000만원이상 한 곳에서 사시면 온라인에서 개별적으로 살때보다 더 저렴하게 견적을 받을 수있기도 해요. 그리고 백화점은 vip등급이나 다른 혜택도 있어서 비교해보고 자기 상황에 맞는 걸로 선택하시면 되용,"[ 0.00033402  0.02993774 -0.03323364 ... -0.03997803 -0.04162598
  0.0065918 ]",2,"['이상', '사다', '온라인', '개별', '살다', '저렴하다', '견적', '백화점', '등급', '다르다', '혜택', '비교', '상황', '맞다', '선택']",이상 사다 온라인 개별 살다 저렴하다 견적 백화점 등급 다르다 혜택 비교 상황 맞다 선택,2
4344,개별로 사면 온라인이 더 싸긴 한데 한 번에 묶어서 사면 오프라인이 더 싸요 그리고 개별로 온라인에서 사는 경우에는 요즘 사기가 많아서요.,"[ 0.00657272  0.03009033 -0.03475952 ... -0.01261139 -0.03118896
  0.00528336]",2,"['개별', '사다', '온라인', '싸다', '묶다', '사다', '오프라인', '싸다', '온라인', '사다', '요즘', '사기', '많다']",개별 사다 온라인 싸다 묶다 사다 오프라인 싸다 온라인 사다 요즘 사기 많다,1
4345,역시 온라인 못따라오나보네요! 댓글감사합니다~~~,"[ 0.00803375  0.02252197 -0.01052094 ... -0.03329468 -0.03555298
 -0.00078058]",2,"['온라인', '따라오다', '댓글', '감사']",온라인 따라오다 댓글 감사,0
4346,오프라인 매장에서 전체로 견적받아보고 비교해서 구매하는거 추천이요! 요즘 쿠팡으로도 많이 구매하긴하는데 많이 구매하면 오프라인이 더 저렴할 수 도 있어서요,"[-0.0072403   0.02490234 -0.03170776 ... -0.02900696 -0.02935791
  0.00577927]",2,"['오프라인', '매장', '전체', '견적', '비교', '구매', '추천', '요즘', '쿠팡', '구매', '구매', '오프라인', '저렴하다']",오프라인 매장 전체 견적 비교 구매 추천 요즘 쿠팡 구매 구매 오프라인 저렴하다,0
4347,한 번에 오프라인에서 구매하시는게 할인율도 높고 제품 퀄리티도 더 좋을 거 같아요!,"[-0.00219917  0.03762817 -0.03536987 ... -0.02947998 -0.02484131
 -0.00268364]",2,"['오프라인', '구매', '할인', '높다', '제품', '퀄리티', '좋다']",오프라인 구매 할인 높다 제품 퀄리티 좋다,2
4348,가격 비교해보시고 온라인이 더 저렴하면 괜찮죠~!,"[ 0.00502014  0.02874756 -0.03204346 ... -0.03823853 -0.02561951
 -0.00590897]",2,"['가격', '비교', '온라인', '저렴하다', '괜찮다']",가격 비교 온라인 저렴하다 괜찮다,1
4349,여러 품목을 사는 거면 인터넷 최저가로 하나하나 사는 것보다 매장에서 전체 할인 받아 사는게 더 이득이던데요!,"[ 0.01191711  0.02947998 -0.03378296 ... -0.02325439 -0.0401001
  0.00324821]",2,"['품목', '사다', '인터넷', '최저', '사다', '매장', '전체', '할인', '사다', '이득']",품목 사다 인터넷 최저 사다 매장 전체 할인 사다 이득,2
4350,하나하나 개별적으로 구매하는건 온라인이 싼데 여러개 묶어서 살때는 백회점 추천이요!,"[ 0.00632477  0.02597046 -0.04104614 ... -0.01721191 -0.02365112
  0.01370239]",2,"['개별', '구매', '온라인', '싸다', '묶다', '사다', '추천']",개별 구매 온라인 싸다 묶다 사다 추천,1
4351,인터넷이 싼 이유가 내부 부품이 다르데요 as도 좀 다른거로 알고있어요! 그래서 자세히 알아보면 제품번호도 온라인이랑 오프라인이랑 달라요,"[-0.00019181  0.02462769 -0.02212524 ... -0.01893616 -0.03173828
 -0.00771713]",2,"['인터넷', '싸다', '이유', '내부', '부품', '다르다', '다르다', '알아보다', '제품', '번호', '온라인', '오프라인', '다르다']",인터넷 싸다 이유 내부 부품 다르다 다르다 알아보다 제품 번호 온라인 오프라인 다르다,2
4352,온라인 박람회가 있군요! 이제 준비를 시작하려니 모르는게 많은데 좋은 정보네용 ㅎㅎ,"[-0.0098877   0.01353455 -0.02949524 ... -0.04321289 -0.02111816
 -0.00859833]",2,"['온라인', '박람회', '준비', '시작', '많다', '좋다', '정보']",온라인 박람회 준비 시작 많다 좋다 정보,2
4353,오 ... 온라인 박람회가 있는줄 몰랐는데 좋은정보 감사합니다. 시간날때 한번 둘러봐야겠어요 ~,"[-0.00946808  0.00707245 -0.03250122 ... -0.04522705 -0.03799438
 -0.01516724]",2,"['온라인', '박람회', '좋다', '정보', '감사', '시간', '둘러보다']",온라인 박람회 좋다 정보 감사 시간 둘러보다,1
4354,오프라인방문 전에 미리 알아보는것도 좋은것같아용ㅎㅎ,"[ 0.00611496  0.029953   -0.01544189 ... -0.03167725 -0.01064301
 -0.02418518]",2,"['오프라인', '방문', '알아보다', '좋다']",오프라인 방문 알아보다 좋다,0
4355,정찰제라 온라인으로 견적이 가능한것같네영~굿!,"[-0.00232887  0.03213501 -0.01727295 ... -0.05297852 -0.04458618
  0.0023098 ]",2,"['정찰', '온라인', '견적', '가능', '좋다']",정찰 온라인 견적 가능 좋다,0
4356,구매하려는 제품 종류가 적으면 인터넷이 저렴하긴 해요.. 많은 종류 살때가 오프라인이 메리트가 있구.. 오프라인이든 온라인이든 다 뽑기운인거같아요..,"[-0.00227547  0.01372528 -0.03044128 ... -0.03540039 -0.01933289
 -0.00248718]",2,"['구매', '제품', '종류', '적다', '인터넷', '많다', '종류', '사다', '오프라인', '메리트', '오프라인', '온라인', '뽑기']",구매 제품 종류 적다 인터넷 많다 종류 사다 오프라인 메리트 오프라인 온라인 뽑기,0
4357,혹시 모르니 매장 방문하셔서 상담 받아보세요~ 묶음으로 사면 더 할인이 많이 될 수도 있어영!,"[ 0.00471497  0.0269165  -0.03234863 ... -0.04067993 -0.03744507
  0.01914978]",2,"['매장', '방문', '상담', '묶음', '사다', '할인']",매장 방문 상담 묶음 사다 할인,2
4358,맞아용 박람회 멀어서 온라인으로도 괜찮은 것 같더라구요!,"[-0.00654984  0.01934814 -0.02685547 ... -0.03720093 -0.0300293
 -0.00204468]",2,"['맞다', '박람회', '멀다', '온라인', '괜찮다']",맞다 박람회 멀다 온라인 괜찮다,1
4359,간편하게 스드매 비교도 하고 플래너님도 배정되고 그래서 온라인이 오프라인보다 더 좋은점도 있는 것 같아요 ㅎㅎ,"[ 0.00468063  0.02516174 -0.03170776 ... -0.03007507 -0.01546478
 -0.00556946]",2,"['간편하다', '스드매', '비교', '플래너', '배정', '온라인', '오프라인', '좋다']",간편하다 스드매 비교 플래너 배정 온라인 오프라인 좋다,2
4360,온라인으로 했군요. 저희는 오프라인으로 했었는데. 방문해서 보는 것도 나름 재미있어요,"[ 0.00904083  0.01712036 -0.01358795 ... -0.03445435 -0.03146362
 -0.00907898]",2,"['온라인', '오프라인', '방문', '재미있다']",온라인 오프라인 방문 재미있다,0
4361,온라인박람회 너무 좋은거 같아요 편해요,"[ 0.01031494  0.01356506 -0.02606201 ... -0.04574585 -0.0249939
 -0.00226402]",2,"['온라인', '박람회', '좋다', '편하다']",온라인 박람회 좋다 편하다,1
4362,온라인 박람회가 견적까지 낼수 있는거 같아서 좋아요.,"[-0.00297737  0.01485443 -0.02941895 ... -0.04150391 -0.04516602
 -0.01416779]",2,"['온라인', '박람회', '견적', '내다', '좋다']",온라인 박람회 견적 내다 좋다,0
4363,온라인 박람회도 이것저것 상세하게 나와있네요! 편하게 확인하고 계약할 수 있어서 좋을 것 같아요!,"[ 0.00144005  0.02178955 -0.0302887  ... -0.03704834 -0.0292511
 -0.00311089]",2,"['온라인', '박람회', '이것저것', '나오다', '편하다', '확인', '계약', '좋다']",온라인 박람회 이것저것 나오다 편하다 확인 계약 좋다,1
4364,온라인 박람회도 좋은것같네요! ㅎㅎ 결혼식까지 화이팅입니다! ㅎㅎ,"[-0.0039444   0.01519775 -0.0236969  ... -0.04125977 -0.0219574
  0.00730133]",2,"['온라인', '박람회', '좋다', '결혼식']",온라인 박람회 좋다 결혼식,1
4365,오프라인 다니면서 몇군데 견적내고 모델명 받아서 온라인 견적도 몇군데 받고 제일 싼데서 했어요 머리터져요 ㅜㅜ,"[-0.00046659  0.02351379 -0.02224731 ... -0.03292847 -0.02163696
  0.00158978]",2,"['오프라인', '다니다', '견적', '모델명', '온라인', '견적', '싸다', '머리', '터지다']",오프라인 다니다 견적 모델명 온라인 견적 싸다 머리 터지다,0
4366,와 ㅠㅠ고생하셨어요 저도 부산까지 내려가고싶어지네요! 발품팔다가 온라인구매로 마음 돌리고 있었는데 좀 더 해봐야겠어요 꿀팁감사드려요~,"[-0.01771545  0.00251579 -0.02156067 ... -0.02888489 -0.02012634
  0.00484467]",2,"['고생', '부산', '내려가다', '발품', '팔다', '온라인', '구매', '마음', '돌리다', '감사', '드리다']",고생 부산 내려가다 발품 팔다 온라인 구매 마음 돌리다 감사 드리다,1
4367,저 전국 단위로 견적 다 받아봤어요ㅋㅋ! 결과적으로 운좋게 제가 사는 지역에서 온라인보다 더 저렴하게 되긴 되더라구요! 팟팅입니다!,"[ 0.00152016  0.02401733 -0.01947021 ... -0.03771973 -0.02552795
  0.00592804]",2,"['전국', '단위', '견적', '결과', '좋다', '사다', '지역', '온라인', '저렴하다', '팟팅']",전국 단위 견적 결과 좋다 사다 지역 온라인 저렴하다 팟팅,1
4368,여러품목사시는거면 온라인보다 오프라인이 더 싸요!,"[ 0.00173759  0.02745056 -0.03643799 ... -0.02140808 -0.02816772
 -0.01585388]",2,"['품목', '사다', '온라인', '오프라인', '싸다']",품목 사다 온라인 오프라인 싸다,1
4369,오프라인에서 한번에 계약하는게 더 싸요! 사실 온라인이랑 오프라인이랑 다를건 없지만,"[-0.01156616  0.02859497 -0.02893066 ... -0.01930237 -0.01861572
 -0.01103973]",2,"['오프라인', '계약', '싸다', '온라인', '오프라인', '다르다']",오프라인 계약 싸다 온라인 오프라인 다르다,0
4370,하나 구입하는건 온라인이 싼데 여러개사는건 오프라인이 저렴하더라구요 저희도 견적받으러 돌아다녀보려구요,"[ 0.00308609  0.03701782 -0.03518677 ... -0.02929688 -0.02996826
  0.01771545]",2,"['구입', '온라인', '싸다', '사다', '오프라인', '견적', '돌아다니다']",구입 온라인 싸다 사다 오프라인 견적 돌아다니다,1
4371,주변에 온라인으로 다 장만한 지인도 있더라구요! 괜찮지 않을까 합니다!,"[ 0.00530624  0.03695679 -0.03814697 ... -0.0350647  -0.03918457
  0.00312805]",2,"['주변', '온라인', '장만', '지인', '괜찮다']",주변 온라인 장만 지인 괜찮다,1
4372,하나씩 구매하는거면 온라인이 싸다고는 하더라구용,"[ 0.00753403  0.04370117 -0.03292847 ... -0.02290344 -0.02861023
  0.01169586]",2,"['구매', '온라인', '싸다']",구매 온라인 싸다,1
4373,오프라인으로 돌아다니면서 성능이나 그런거 확인한뒤에 온라인으로 구매하면좋을거같아요! 사실 온라인이 더 저렴한건 다 알고있으니까요?ㅋㅋ,"[-0.00712204  0.03070068 -0.03814697 ... -0.02842712 -0.01489258
 -0.00341415]",2,"['오프라인', '돌아다니다', '성능', '확인', '온라인', '구매', '좋다', '온라인', '저렴하다']",오프라인 돌아다니다 성능 확인 온라인 구매 좋다 온라인 저렴하다,1
4374,그럼요 요새는 온라인으로도 많이들 구매해요,"[ 0.01295471  0.03182983 -0.01858521 ... -0.02702332 -0.03875732
 -0.00352669]",2,"['요새', '온라인', '구매']",요새 온라인 구매,1
4375,다같이 묶음하시고 남는건 온라인구매하심될거같습니다 ㅎㅎ,"[ 0.00798798  0.02766418 -0.02320862 ... -0.02394104 -0.03811646
  0.01377869]",2,"['묶음', '남다', '온라인', '구매']",묶음 남다 온라인 구매,0
4376,혼수혜택 들어가서 오프라인도 할인률 큰거지 하나만 사는 거면 온라인도 괜찮을 것 같아요,"[ 0.01131439  0.02601624 -0.02914429 ... -0.00650787 -0.03149414
  0.00527573]",2,"['혼수', '혜택', '들어가다', '오프라인', '할인', '크다', '거지', '사다', '온라인', '괜찮다']",혼수 혜택 들어가다 오프라인 할인 크다 거지 사다 온라인 괜찮다,2
4377,온라인으로 사도 아무 문제없이 사실 수 있을거에용,"[ 0.0140686   0.03056335 -0.02220154 ... -0.02468872 -0.03158569
 -0.00262451]",2,"['온라인', '사다', '문제', '사다']",온라인 사다 문제 사다,1
4378,저희도 몇개만 살거라 온라인 생각하고 있어요 근데 요새 사기많아서 조심하세요ㅠㅠ,"[-0.00575638  0.04074097 -0.0328064  ... -0.01843262 -0.03019714
 -0.00797272]",2,"['사다', '온라인', '생각', '사다', '많다', '조심']",사다 온라인 생각 사다 많다 조심,1
4379,전 몇개 구매안해서 온라인 구매했는데 괜찮던데요~,"[ 0.00912476  0.01412201 -0.04467773 ... -0.03155518 -0.03341675
 -0.00349045]",2,"['구매', '온라인', '구매', '괜찮다']",구매 온라인 구매 괜찮다,1
4380,네 저도 온라인구매했어요 ! 많이사는거 아니면 온라인구매좋아요,"[ 0.00023961  0.0198822  -0.03427124 ... -0.03134155 -0.03930664
 -0.00379372]",2,"['온라인', '구매', '사다', '온라인', '구매', '좋다']",온라인 구매 사다 온라인 구매 좋다,1
4381,단품은 온라인이 가격이 제일 좋다고 들었어요답완,"[ 0.01889038  0.02809143 -0.0390625  ... -0.02651978 -0.03031921
  0.00336075]",2,"['온라인', '가격', '좋다']",온라인 가격 좋다,0
4382,한두개 구매하시는거면 상관없지만 많이 구매한다면 오프라인매장이 할인율이 더 좋다 그러더라고요,"[ 0.00534058  0.02018738 -0.06027222 ... -0.01472473 -0.03237915
  0.00088787]",2,"['구매', '상관없다', '구매', '오프라인', '매장', '할인', '좋다', '그러다']",구매 상관없다 구매 오프라인 매장 할인 좋다 그러다,2
4383,오프라인에서 사면 사은품 주는 것들도 많아서 그런 것들도 한 번 비교해보시면 좋을 것 같아요!,"[-0.00549316  0.01727295 -0.03044128 ... -0.0340271  -0.03686523
 -0.01573181]",2,"['오프라인', '사다', '사은품', '많다', '비교', '좋다']",오프라인 사다 사은품 많다 비교 좋다,0
4384,일단 오픈한매장 더 발품해보시고 그래도 인터넷이싸면 인터넷으로하는게 맞는거같아용!,"[-0.00224495  0.02049255 -0.02082825 ... -0.04611206 -0.02644348
  0.00354767]",2,"['오픈', '매장', '발품', '인터넷', '싸다', '인터넷', '맞다']",오픈 매장 발품 인터넷 싸다 인터넷 맞다,2
4385,오프라인도 가보구 인터넷으로 검색도 해보고 가성비있는게 제일 좋더라구요,"[-0.00192451  0.02401733 -0.0276947  ... -0.03839111 -0.01554108
 -0.00520706]",2,"['오프라인', '인터넷', '검색', '가성비', '좋다']",오프라인 인터넷 검색 가성비 좋다,1
4386,아아 온라인몰들은 거의 오프라인 쇼룸은 없어보이더라구요 ㅠ,"[ 0.0066185   0.02685547 -0.01675415 ... -0.04571533 -0.04589844
 -0.01965332]",2,"['온라인', '오프라인', '보이다']",온라인 오프라인 보이다,1
4387,오프라인도아니고..온라인이면 전 비추요ㅠㅠ위험할거같아요,"[ 0.00181961  0.01956177 -0.02206421 ... -0.02244568 -0.00040579
  0.00358391]",2,"['오프라인', '온라인', '비추다', '위험']",오프라인 온라인 비추다 위험,1
4388,저는 오프라인 먼저 갔다오고 나서 온라인 박람회를 알아서 조금 아쉬웠는데 미리 확인하고 가신다니 좋네요! ㅎㅎ 담주 오프라인도 화이팅 입니다 ㅎㅎ,"[-0.00251007  0.0079422  -0.02386475 ... -0.02653503 -0.0226593
  0.01298523]",2,"['오프라인', '온라인', '박람회', '확인', '좋다', '오프라인']",오프라인 온라인 박람회 확인 좋다 오프라인,1
4389,온라인 박람회도 있군요 ! 곧 박람회 갈 예정인데 온라인으로 한번 훑어보고 가야겠어요,"[-0.01515198  0.0213623  -0.02714539 ... -0.03762817 -0.03747559
 -0.0008812 ]",2,"['온라인', '박람회', '박람회', '예정', '온라인', '훑어보다']",온라인 박람회 박람회 예정 온라인 훑어보다,1
4390,저도 온라인박람회 한번 가봐야 겠네요. 오프라인만 생각했는데...,"[-0.02223206  0.01568604 -0.01005554 ... -0.02613831 -0.03475952
 -0.00374031]",2,"['온라인', '박람회', '오프라인', '생각']",온라인 박람회 오프라인 생각,1
4391,저도 온라인 이용해봤는데 견적도 바로바로 오픈되어있어서 너무 편하더라구요,"[ 0.00688553  0.03137207 -0.01538849 ... -0.03598022 -0.0255127
  0.0031395 ]",2,"['온라인', '견적', '오픈', '편하다']",온라인 견적 오픈 편하다,1
4392,온라인 박람회로 장소에 구애받지 않고 잘 알아볼 수 있어서 좋았어요!,"[-0.00567627  0.01712036 -0.0247345  ... -0.02893066 -0.05062866
 -0.02261353]",2,"['온라인', '박람회', '장소', '구애', '알아보다', '좋다']",온라인 박람회 장소 구애 알아보다 좋다,1
4393,품목이많으면 오프라인으로 하시고 몇가지 안돼면 인터넷이싸요!,"[-0.00579453  0.02052307 -0.02842712 ... -0.02467346 -0.0308075
 -0.00144005]",2,"['품목', '많다', '오프라인', '인터넷', '싸다']",품목 많다 오프라인 인터넷 싸다,2
4394,백화점 여러군데 발품 팔아보는거 추천이용,"[ 0.00449371  0.01799011 -0.01890564 ... -0.04431152 -0.03353882
  0.00835419]",2,"['백화점', '발품', '팔다', '추천']",백화점 발품 팔다 추천,0
4395,인터넷이 싸다는데 저는 무조건 매장에서 사야 마음이 놓여서ㅠㅠ비싸더라도 오프라인매장에서 살것같아용,"[-0.00037909  0.02549744 -0.03323364 ... -0.02342224 -0.03753662
  0.01168823]",2,"['인터넷', '싸다', '매장', '사다', '마음', '놓이다', '비싸다', '오프라인', '매장', '살다']",인터넷 싸다 매장 사다 마음 놓이다 비싸다 오프라인 매장 살다,2
4396,하나만 구매하실거라면 온라인 구매 한번 알아보세요,"[ 0.01378632  0.03594971 -0.01543427 ... -0.03102112 -0.03613281
 -0.00291443]",2,"['구매', '온라인', '구매', '알아보다']",구매 온라인 구매 알아보다,0
4397,온라인이 저렴해요! 오프라인 매장은 다품목 할인 받기 좋은거구요!,"[ 0.0021019   0.0266571  -0.03689575 ... -0.02288818 -0.03872681
 -0.00431824]",2,"['온라인', '저렴하다', '오프라인', '매장', '품목', '할인', '좋다']",온라인 저렴하다 오프라인 매장 품목 할인 좋다,2
4398,"온라인, 오프라인 가격 비교 다해보시고 구매하시는것 추천드립니다!","[-0.00040197  0.02760315 -0.02835083 ... -0.0244751  -0.02960205
 -0.01350403]",2,"['온라인', '오프라인', '가격', '비교', '구매', '추천', '드리다']",온라인 오프라인 가격 비교 구매 추천 드리다,0
4399,인터넷 검색해보세요! 저도 두가지만 구매하느라 인터넷최저가로 구매했어요! 오프라인은 비싸더라고요,"[ 0.00196266  0.01007843 -0.05319214 ... -0.03027344 -0.02635193
  0.00343132]",2,"['인터넷', '검색', '구매', '인터넷', '최저', '구매', '오프라인', '비싸다']",인터넷 검색 구매 인터넷 최저 구매 오프라인 비싸다,2
4400,헉 패키지 구매로 할인들어가는거 따져도 온라인이 더 싼건가요?,"[-0.00366402  0.02958679 -0.03143311 ... -0.03146362 -0.03710938
  0.00336266]",2,"['패키지', '구매', '할인', '들어가다', '따지다', '온라인', '싸다']",패키지 구매 할인 들어가다 따지다 온라인 싸다,1
4401,좋은 팁 감사합니다 무조건 온라인 가격 파악하고 가야겠네요ㅠㅠ,"[-0.00044513  0.02085876 -0.02154541 ... -0.03753662 -0.02476501
  0.00297928]",2,"['좋다', '감사', '온라인', '가격', '파악']",좋다 감사 온라인 가격 파악,0
4402,넹 가격이여 비싸네요ㅜㅜ 어디서 사실 계획이시요?온라인? 오프라인?,"[ 0.00245094  0.02519226 -0.03140259 ... -0.03759766 -0.01979065
  0.01817322]",2,"['가격', '비싸다', '사다', '계획', '온라인', '오프라인']",가격 비싸다 사다 계획 온라인 오프라인,1
4403,온라인으로 샀는데 30만원 초반이었어요!,"[ 0.00101089  0.02868652 -0.03875732 ... -0.02833557 -0.03860474
  0.00367546]",2,"['온라인', '사다', '초반']",온라인 사다 초반,1
4404,저도 온라인으로 30중반에 사기는 했어용 ㅋㅋ,"[-0.00823212  0.02241516 -0.01635742 ... -0.0397644  -0.02481079
  0.00293541]",2,"['온라인', '중반', '사다']",온라인 중반 사다,1
4405,저흰 오프라인으로 할인받아서 쿠첸 올스텐 49만원대에 구매했어요,"[ 0.00558853  0.03167725 -0.03424072 ... -0.01977539 -0.03448486
 -0.00804138]",2,"['오프라인', '할인', '쿠첸', '스텐', '구매']",오프라인 할인 쿠첸 스텐 구매,2
4406,그렇구나 오프라인도 가서 보긴해야겠네요 감사합니다~,"[ 0.00405121  0.02792358 -0.00889587 ... -0.02149963 -0.02110291
 -0.00513458]",2,"['오프라인', '감사']",오프라인 감사,0
4407,저정도만 딱 사실꺼면 온라인쪽도 나쁘지않을듯ㅎㅎ 보통 처음이니깐 다사는거라 발품많이팔긴하져,"[-0.00873566  0.01047516 -0.02761841 ... -0.03512573 -0.01940918
  0.01119232]",2,"['사다', '온라인', '나쁘다', '사다', '발품', '팔다']",사다 온라인 나쁘다 사다 발품 팔다,1
4408,오프라인 한번 돌아보고 견적받아서 온라인 견적이랑 비교해보세여 오프라인 행사할때 온라인 보다 쌀때 있어요~,"[-0.00769806  0.02565002 -0.02830505 ... -0.03314209 -0.02125549
 -0.00860596]",2,"['오프라인', '돌아보다', '견적', '온라인', '견적', '비교', '오프라인', '행사', '온라인', '싸다']",오프라인 돌아보다 견적 온라인 견적 비교 오프라인 행사 온라인 싸다,0
4409,품목이 많을경우에는 오프라인으로 구매하시는게 저렴하구요 품목이적으면 인터넷추천이요 근데 저라면 오프라인에서도 견적받아보고진행할래요,"[-0.00811005  0.02584839 -0.03918457 ... -0.03720093 -0.01966858
  0.00613785]",2,"['품목', '많다', '오프라인', '구매', '저렴하다', '품목', '적다', '인터넷', '추천', '오프라인', '견적', '진행']",품목 많다 오프라인 구매 저렴하다 품목 적다 인터넷 추천 오프라인 견적 진행,0
4410,오프라인 견적 받아보시고 깉은 모델로 비교해보세요,"[ 0.00982666  0.03125    -0.02062988 ... -0.03356934 -0.03424072
  0.00118446]",2,"['오프라인', '견적', '모델', '비교']",오프라인 견적 모델 비교,0
4411,오프라인 돌아보고 견적받아서 온라인이랑 비교해보려구요,"[ 0.00113297  0.03311157 -0.01841736 ... -0.0369873  -0.02880859
 -0.01019287]",2,"['오프라인', '돌아보다', '견적', '온라인', '비교']",오프라인 돌아보다 견적 온라인 비교,0
4412,전 온라인에서 하나하나 했는데 오히려 그게 더 싸게 먹혔어요,"[ 0.00108624  0.03955078 -0.01574707 ... -0.01461792 -0.02900696
  0.00485611]",2,"['온라인', '싸다', '먹히다']",온라인 싸다 먹히다,1
4413,품목이 적으면 온라인이 더 낫다고 하더라구요 온라인으로 하나씩 금액 봐보세용,"[-0.00607681  0.01986694 -0.03445435 ... -0.03738403 -0.02069092
 -0.00448608]",2,"['품목', '적다', '온라인', '온라인', '금액']",품목 적다 온라인 온라인 금액,0
4414,오프라인에서 한번에 결제하는것을 추천해드립니다~,"[-0.01192474  0.03173828 -0.01039886 ... -0.0223999  -0.03077698
 -0.00539398]",2,"['오프라인', '결제', '추천']",오프라인 결제 추천,0
4415,여러개사시는거면 오프라인으로 사시는게좋을거같아요 ㅎㅎ,"[-0.0033474   0.02757263 -0.02984619 ... -0.02572632 -0.02532959
  0.004673  ]",2,"['사다', '오프라인', '사다', '좋다']",사다 오프라인 사다 좋다,1
4416,"여러개 사시는거면 오프라인, 몇개만 사시는거면 온라인 추천해요~","[-0.00305939  0.0243988  -0.02682495 ... -0.01959229 -0.02262878
 -0.00683594]",2,"['사다', '오프라인', '사다', '온라인', '추천']",사다 오프라인 사다 온라인 추천,1
4417,요즘엔 오프라인으로 사면 상품권도 많이 주는 거 같더라구요~!,"[-0.00616074  0.03216553 -0.01924133 ... -0.02183533 -0.03817749
 -0.02403259]",2,"['요즘', '오프라인', '사다', '상품']",요즘 오프라인 사다 상품,2
4418,저두 그렇게 생각했다가 오프라인매장에서 한번에 결제했어요!,"[-0.00157738  0.03237915 -0.02502441 ... -0.01667786 -0.04971313
  0.00313187]",2,"['생각', '오프라인', '매장', '결제']",생각 오프라인 매장 결제,0
4419,오프라인으로 한방에 결제해서 할인률 높이세여,"[ 0.00920105  0.03829956 -0.0168457  ... -0.01737976 -0.0289917
 -0.00240707]",2,"['오프라인', '결제', '할인', '높이']",오프라인 결제 할인 높이,2
4420,오프라인에서 직접보고 혜택도 마니 물어보고 비교할 수 있어서 좋은거 같아요~,"[ 0.00677872  0.02996826 -0.02323914 ... -0.04333496 -0.01980591
 -0.01522064]",2,"['오프라인', '혜택', '말', '비교', '좋다']",오프라인 혜택 말 비교 좋다,0
4421,오프라인으로 한번에 구매하시는게 혜택 좋은것 같아요! 견적 몇군데 받아보세요,"[-1.44195557e-03  3.70788574e-02 -4.09545898e-02 ... -3.64379883e-02
 -4.01306152e-02 -9.04798508e-05]",2,"['오프라인', '구매', '혜택', '좋다', '견적']",오프라인 구매 혜택 좋다 견적,0
4422,저는 브랜드 정해두고 오프라인 매장마다 견적 알아보다가 결국 오픈매장가서 할인받고 싸게 했어용!,"[ 0.0085907   0.01889038 -0.04052734 ... -0.02336121 -0.0335083
 -0.00613022]",2,"['브랜드', '정하다', '오프라인', '매장', '견적', '알아보다', '오픈', '매장', '할인', '싸다']",브랜드 정하다 오프라인 매장 견적 알아보다 오픈 매장 할인 싸다,2
4423,오프라인에서 혜택 많이 받으시고 구매하는거 추천드립니다,"[ 0.00372887  0.02984619 -0.03521729 ... -0.02101135 -0.02752686
 -0.01608276]",2,"['오프라인', '혜택', '구매', '추천', '드리다']",오프라인 혜택 구매 추천 드리다,0
4424,오프라인 패키지로 구매하는 걸 추천드려요,"[ 0.00143814  0.02735901 -0.02684021 ... -0.02200317 -0.03405762
 -0.00845337]",2,"['오프라인', '패키지', '구매', '추천', '드리다']",오프라인 패키지 구매 추천 드리다,0
4425,"다품목 하실거면은 오프라인이요! 저는 품목 꽤나 많이 해가지고,,, 백화점 가서 다 구매했어용 :","[ 0.00898743 -0.00165844 -0.03555298 ... -0.04199219 -0.03775024
  0.01274872]",2,"['품목', '오프라인', '품목', '백화점', '구매']",품목 오프라인 품목 백화점 구매,0
4426,보통 오프라인 가셔서 한꺼번에 쫙 구매하시는 경우가 많은 것 같더라구요 저도 오프라인에서 구매 할 예정이기도 하고요,"[ 0.00422668  0.03250122 -0.02215576 ... -0.01972961 -0.03120422
  0.00583649]",2,"['오프라인', '구매', '많다', '오프라인', '구매', '예정']",오프라인 구매 많다 오프라인 구매 예정,1
4427,모든 살림 다 사야하는거면 오프라인으로 한번에 결제가 더 싸지용,"[ 0.00417328  0.03826904 -0.02073669 ... -0.02554321 -0.04190063
  0.00079632]",2,"['살림', '사다', '오프라인', '결제', '싸다']",살림 사다 오프라인 결제 싸다,1
4428,오프라인보고 온라인 가격조회해보고 가성비좋은곳으로요 ㅎㅎ,"[ 0.00322151  0.02961731 -0.02944946 ... -0.03074646 -0.01998901
 -0.00714111]",2,"['오프라인', '온라인', '가격', '조회', '가성비', '좋다']",오프라인 온라인 가격 조회 가성비 좋다,1
4429,"품목이 많은거라면 오프라인, 품목이 적다면 온라인이 싼 것으로 알아요","[ 0.00296402  0.01754761 -0.03005981 ... -0.02729797 -0.02200317
 -0.01455688]",2,"['품목', '많다', '오프라인', '품목', '적다', '온라인', '싸다']",품목 많다 오프라인 품목 적다 온라인 싸다,0
4430,오프라인 매장 몇군데 견적 받아보심 좋을 것 같아요,"[ 0.01457214  0.03320312 -0.03323364 ... -0.04736328 -0.03497314
  0.01032257]",2,"['오프라인', '매장', '견적', '좋다']",오프라인 매장 견적 좋다,0
4431,여러개면 오프라인에서 혼수할인 받는게 더 저렴해요,"[ 0.01924133  0.03457642 -0.02954102 ... -0.01016998 -0.02645874
  0.01377106]",2,"['오프라인', '혼수', '할인', '저렴하다']",오프라인 혼수 할인 저렴하다,2
4432,저는 오프라인 발품팔아서 혼수할인받았어요! 직접 보고 정하는게 좋은거같아요,"[ 0.00426483  0.01567078 -0.03082275 ... -0.03117371 -0.03494263
 -0.0032692 ]",2,"['오프라인', '발품', '팔다', '혼수', '할인', '정하다', '좋다']",오프라인 발품 팔다 혼수 할인 정하다 좋다,0
4433,여러개면 오프라인 할일은로 받는게 이득인거같아요,"[ 0.00875854  0.02661133 -0.03240967 ... -0.02207947 -0.02148438
 -0.00255013]",2,"['오프라인', '이득']",오프라인 이득,1
4434,오프라인에서 사는게 더 저렴해요~ 묶으면 할인이나 뭐 더 얹어줘요,"[-0.00187016  0.03356934 -0.03015137 ... -0.01374817 -0.02853394
 -0.00627518]",2,"['오프라인', '사다', '저렴하다', '묶다', '할인', '얹다']",오프라인 사다 저렴하다 묶다 할인 얹다,1
4435,한번에 오프라인에서 사는게 저렴해요! 요청,"[-0.00508881  0.05096436 -0.02523804 ... -0.02476501 -0.03527832
 -0.01750183]",2,"['오프라인', '사다', '저렴하다', '요청']",오프라인 사다 저렴하다 요청,1
4436,"품목수가 적다면 온라인 더좋고, 저는 품목수가 많아서 오프라인이 더싸더라구여","[ 0.00431442  0.00761795 -0.0453186  ... -0.03399658 -0.0252533
  0.00044823]",2,"['품목', '적다', '온라인', '좋다', '품목', '많다', '오프라인', '싸다']",품목 적다 온라인 좋다 품목 많다 오프라인 싸다,0
4437,오프라인에서 실물이나 사이즈도 직접확인하고 할인도 많이 받을 수 있을거 같아요,"[-0.00049257  0.02709961 -0.03378296 ... -0.02612305 -0.02557373
 -0.01069641]",2,"['오프라인', '실물', '사이즈', '확인', '할인']",오프라인 실물 사이즈 확인 할인,1
4438,여러개 구마하시는거면 오프라인으로 여러군데 견적내셔서 구매하시는게 좀더 좋으실거에요! 부탁드려요,"[-0.01215363  0.02938843 -0.04135132 ... -0.03930664 -0.0269165
  0.00225258]",2,"['오프라인', '견적', '내다', '구매', '좋다', '부탁드리다']",오프라인 견적 내다 구매 좋다 부탁드리다,0
4439,오프라인가서 제품 설명듣고 비대면도 견적받고 여러군데 발품팔아보심이 좋을것같아요~!,"[ 3.91721725e-04  2.48107910e-02 -4.14733887e-02 ... -4.36401367e-02
 -2.59552002e-02 -8.98838043e-05]",2,"['오프라인', '제품', '설명', '대면', '견적', '발품', '팔다', '좋다']",오프라인 제품 설명 대면 견적 발품 팔다 좋다,0
4440,많이 구매하시는거면 오프라인으로 크게 할인 받는게 낫고 온라인은 사실 온라인 전문 모델도 있고해서 싸긴한데 제품 차이가 있을 수 있더라구요..,"[-0.00129986  0.02337646 -0.0456543  ... -0.01959229 -0.02180481
 -0.00450134]",2,"['구매', '오프라인', '크다', '할인', '온라인', '온라인', '전문', '모델', '싸다', '제품', '차이']",구매 오프라인 크다 할인 온라인 온라인 전문 모델 싸다 제품 차이,2
4441,오프라인에서 견적을내고 할인율을 봐서 어느쪽이 더 이득인지 봐야 할꺼같아요~,"[-0.00121021  0.03201294 -0.02651978 ... -0.0390625  -0.02496338
 -0.00225258]",2,"['오프라인', '견적', '내다', '할인', '이득']",오프라인 견적 내다 할인 이득,0
4442,온라인 보다는 오프라인에서 묶어서 한번에 결재 하는게 핵이득이라고 하더 라구여,"[ 0.00281143  0.03170776 -0.01502228 ... -0.01754761 -0.03051758
 -0.00068951]",2,"['온라인', '오프라인', '묶다', '결재', '이득']",온라인 오프라인 묶다 결재 이득,1
4443,한두개 살때는 온라인이 저렴하다하고 여러개는 오프라인으로 오픈지점에서 구매하는게 저렴하다고 했어요!,"[ 0.00013983  0.02420044 -0.03683472 ... -0.01268768 -0.03065491
 -0.00780869]",2,"['사다', '온라인', '오프라인', '오픈', '지점', '구매', '저렴하다']",사다 온라인 오프라인 오픈 지점 구매 저렴하다,1
4444,오프라인 매장에서 견적받고 구입했어요 ㅎ,"[ 0.00492859  0.03314209 -0.02316284 ... -0.02818298 -0.04598999
 -0.00679398]",2,"['오프라인', '매장', '견적', '구입']",오프라인 매장 견적 구입,0
4445,저는 오프라인으로 하는게 더 저렴하기도 하고 한번에 온다는 점이 너무 좋더라고요!ㅎㅎ,"[-0.00408936  0.03900146 -0.02003479 ... -0.03001404 -0.02911377
  0.00840759]",2,"['오프라인', '저렴하다', '좋다']",오프라인 저렴하다 좋다,1
4446,저도 온라인에서 구매하려고 알아보다가 오프라인 매장 견적받아봤는데 생각보다 혜택이 많더라구요 그래서 매장에서 사는게 더 싸길래 오프라인매장에서 구매해요 ㅎㅎ,"[ 0.00672531  0.04040527 -0.03219604 ... -0.02354431 -0.03890991
  0.00400925]",2,"['온라인', '구매', '알아보다', '오프라인', '매장', '견적', '생각', '혜택', '많다', '매장', '사다', '싸다', '오프라인', '매장', '구매']",온라인 구매 알아보다 오프라인 매장 견적 생각 혜택 많다 매장 사다 싸다 오프라인 매장 구매,0
4447,많이 사시는거면 무조건 오프라인 발품이요!,"[-0.00683212  0.03530884 -0.01889038 ... -0.03289795 -0.03649902
  0.00291061]",2,"['사다', '오프라인', '발품']",사다 오프라인 발품,0
4448,백화점 오프라인이요! 생각보다 할인도 많이 들어가고 혜택도 많더라구요~! 그래서 무조건 백화점 오프라인으로 하기로 헀답니다.,"[ 0.01774597  0.02548218 -0.03683472 ... -0.02833557 -0.03894043
 -0.00965118]",2,"['백화점', '오프라인', '생각', '할인', '들어가다', '혜택', '많다', '백화점', '오프라인']",백화점 오프라인 생각 할인 들어가다 혜택 많다 백화점 오프라인,2
4449,행사하는 곳에서 오프라인으로 쫙 모아서 사시면 혜택 엄청 주시더라구요! 부탁드려요 ♥,"[ 0.00099564  0.02397156 -0.03878784 ... -0.02230835 -0.03152466
  0.00348473]",2,"['행사', '오프라인', '모으다', '사다', '혜택', '부탁드리다']",행사 오프라인 모으다 사다 혜택 부탁드리다,2
4450,온라인이 훨씬 싼거같아요 ㅎㅎ 물론 진품인거 다 확인하고,"[-0.00526428  0.03286743 -0.02331543 ... -0.03213501 -0.01853943
 -0.00395203]",2,"['온라인', '싸다', '진품', '확인']",온라인 싸다 진품 확인,1
4451,온라인박람회 정말 편하고 좋죠~~! 저도 막막했는데 온라인박람회를 통해서 용기 얻고 스드메 계약했어요!,"[-0.01078033  0.01086426 -0.02502441 ... -0.04544067 -0.03677368
  0.00622177]",2,"['온라인', '박람회', '편하다', '좋다', '온라인', '박람회', '통하다', '용기', '스드메', '계약']",온라인 박람회 편하다 좋다 온라인 박람회 통하다 용기 스드메 계약,1
4452,온라인 박람회 정말 편하고 접근하기가 쉬운것같아용 ㅎㅎ,"[ 0.00225449  0.0234375  -0.00367737 ... -0.0357666  -0.02006531
 -0.00409317]",2,"['온라인', '박람회', '편하다', '접근']",온라인 박람회 편하다 접근,1
4453,온라인인데 정찰제고 제휴업체도 많아서 좋네영~!,"[-0.00340462  0.01812744 -0.01433563 ... -0.04440308 -0.0319519
  0.00836182]",2,"['온라인', '정찰', '제휴', '업체', '많다', '좋다']",온라인 정찰 제휴 업체 많다 좋다,0
4454,좋은 온라인으로 계약도 할수있고 좋네요,"[ 0.02351379  0.02819824 -0.02452087 ... -0.04421997 -0.02433777
 -0.0099411 ]",2,"['좋다', '온라인', '계약', '좋다']",좋다 온라인 계약 좋다,0
4455,영상으로까지 설명해 주시니 가 좋네요! ㅎㅎ 온라인은 진짜 편한 것 같아요,"[ 0.00901794  0.03274536 -0.01420593 ... -0.02577209 -0.00621414
 -0.01278687]",2,"['영상', '설명', '좋다', '온라인', '편하다']",영상 설명 좋다 온라인 편하다,1
4456,저도 온라인박람회 들어가서 이것저것 비교해보니까 좋더라구요 ㅎㅎ 견적 내기도 편하구요 ㅎㅎ,"[-0.01054382  0.02471924 -0.01576233 ... -0.04266357 -0.02981567
  0.00169277]",2,"['온라인', '박람회', '들어가다', '이것저것', '비교', '좋다', '견적', '내다', '편하다']",온라인 박람회 들어가다 이것저것 비교 좋다 견적 내다 편하다,0
4457,온라인 박람회 너무 간편하고 좋더라구요 ㅎㅎ 한눈에 비교도 쉽죠,"[-0.00129032  0.02368164 -0.01319122 ... -0.03723145 -0.02606201
 -0.01077271]",2,"['온라인', '박람회', '좋다', '비교']",온라인 박람회 좋다 비교,0
4458,온라인도 편하고 좋을거같아요 오프는 다녀오니 기운이 쪽 빨리더라구요,"[ 0.0161438   0.02827454 -0.02886963 ... -0.03062439 -0.01086426
  0.00657654]",2,"['온라인', '편하다', '좋다', '오프', '다녀오다', '기운', '빨리다']",온라인 편하다 좋다 오프 다녀오다 기운 빨리다,1
4459,매장에서 직접 보고 구매하는게좋을거같아요~ 최소한 어떤재질이 어떤느낌인지?,"[ 0.01803589  0.01263428 -0.04187012 ... -0.05984497 -0.02967834
  0.00708008]",2,"['매장', '구매', '좋다', '재질', '느낌']",매장 구매 좋다 재질 느낌,2
4460,온라인이 더저렴하군요 꿀팁 감사해요~ 쇼파는당근히 이뻐용,"[ 0.0038414   0.02931213 -0.03775024 ... -0.05514526 -0.0329895
 -0.01312256]",2,"['온라인', '저렴하다', '감사', '쇼파', '당근', '이쁘다']",온라인 저렴하다 감사 쇼파 당근 이쁘다,1
4461,많이사실꺼면 매장할인ㅋ소수면 인터넷구매ㅋ,"[ 0.01254272  0.02893066 -0.02024841 ... -0.03549194 -0.0451355
  0.02101135]",2,"['사다', '매장', '소수면', '인터넷', '구매']",사다 매장 소수면 인터넷 구매,2
4462,"다품목, 1천만 이상일시 매장혜택이 많은거죠? 1~2품목시에는 인터넷이 나은가요?","[-0.00136375  0.00484467 -0.03167725 ... -0.04275513 -0.04086304
  0.01853943]",2,"['품목', '이상', '매장', '혜택', '많다', '품목', '인터넷']",품목 이상 매장 혜택 많다 품목 인터넷,2
4463,1~2품목 사시면 인터넷이 더 저렴해요 여러개 들어가면 매장이 할인이 크구요 오프라인윽 품목 많아질수록할인이커지는거라서요,"[ 0.00474167  0.02644348 -0.0340271  ... -0.01861572 -0.02047729
 -0.00037146]",2,"['품목', '사다', '인터넷', '저렴하다', '들어가다', '매장', '할인', '크다', '오프라인', '품목', '많다', '할인', '커지다']",품목 사다 인터넷 저렴하다 들어가다 매장 할인 크다 오프라인 품목 많다 할인 커지다,2
4464,"1~2개 품목이라면 온라인으로 저렴하게 사도 괜찮지만 그 이상일 경우에는 매장에서 사는게 할인이나 배송, AS까지 좀 더 깔끔해요!","[ 0.00935364  0.03012085 -0.03237915 ... -0.02565002 -0.03613281
 -0.01043701]",2,"['품목', '온라인', '저렴하다', '사다', '괜찮다', '이상', '매장', '사다', '할인', '배송', '깔끔']",품목 온라인 저렴하다 사다 괜찮다 이상 매장 사다 할인 배송 깔끔,1
4465,매장이 더 나은 것 같아요~ 의외로 매장이 추가적인 혜택 부분도 많으면서 더 안심이 되더라구요~,"[ 0.01940918  0.02029419 -0.03001404 ... -0.05438232 -0.02728271
  0.01438904]",2,"['매장', '매장', '추가', '혜택', '많다', '안심']",매장 매장 추가 혜택 많다 안심,2
4466,인터넷이 더 싸게 보이는게 인터넷 전용 모델 번호로 봐서 그럴 수 있으니 오프라인 제품번호랑 확인해보시고~ 인터넷으로 사시면 배송일자도 다를 수 있어서 한방에 들어오는게 아니라 따로 들어올 수 도 있어요~ 오프라인은 알아서 다 관리해줘서 편하구요~,"[-0.00224686  0.01733398 -0.03720093 ... -0.02296448 -0.02352905
 -0.00217438]",2,"['인터넷', '싸다', '보이다', '인터넷', '전용', '모델', '번호', '오프라인', '제품', '번호', '확인', '인터넷', '사다', '배송', '일자', '다르다', '들어오다', '들어오다', '오프라인', '관리', '편하다']",인터넷 싸다 보이다 인터넷 전용 모델 번호 오프라인 제품 번호 확인 인터넷 사다 배송 일자 다르다 들어오다 들어오다 오프라인 관리 편하다,2
4467,저두 고민하다가 온라인으로 견적받고 오프라인 박람회도 참여했어용~!,"[-0.02053833  0.02679443 -0.02531433 ... -0.03723145 -0.03964233
  0.00766754]",2,"['고민', '온라인', '견적', '오프라인', '박람회', '참여']",고민 온라인 견적 오프라인 박람회 참여,1
4468,온라인이 싸긴한데 품목찾는것도 귀찮고 성능비교도 귀찮아서 그냥 백화점 적당하길래 계약했어요..,"[ 0.00704193  0.02842712 -0.03790283 ... -0.02754211 -0.03668213
 -0.00017452]",2,"['온라인', '싸다', '품목', '찾다', '귀찮다', '성능', '비교', '귀찮다', '백화점', '적당하다', '계약']",온라인 싸다 품목 찾다 귀찮다 성능 비교 귀찮다 백화점 적당하다 계약,0
4469,전 직접 매장 가서 설명 듣고 큰 돈 주는거 직접 보고 사야된다고 생각하는 사람이라..오프라인으로 사려구요!,"[ 0.00498581  0.02401733 -0.02935791 ... -0.02330017 -0.03167725
 -0.00271034]",2,"['매장', '설명', '크다', '사다', '생각', '사람', '오프라인', '사다']",매장 설명 크다 사다 생각 사람 오프라인 사다,2
4470,온라인이 확실히 싸긴한데 혼수로 하면 오프라인도 가격은 괜찮은거같아요 ! 전 백화점이 전부 상품권으로 돌려받아서 깔끔하게 결제했어요 ㅎㅎ,"[ 0.00162601  0.02738953 -0.03131104 ... -0.0109024  -0.03442383
  0.00882721]",2,"['온라인', '싸다', '혼수', '오프라인', '가격', '괜찮다', '백화점', '상품', '돌리다', '결제']",온라인 싸다 혼수 오프라인 가격 괜찮다 백화점 상품 돌리다 결제,1
4471,구매하실 품목이 많으시면 오프라인 적다면 온라인 최저가 구매 하ㅅ세요!,"[ 0.0037117   0.03102112 -0.02207947 ... -0.01494598 -0.03253174
 -0.00273323]",2,"['구매', '품목', '많다', '오프라인', '적다', '온라인', '최저', '구매']",구매 품목 많다 오프라인 적다 온라인 최저 구매,0
4472,큼직큼직한 품목 많이 하시는거라서 오프라인ㅁ ㅐ장 가서 상담 받아보시는게 좋을거같아용,"[-0.00621414  0.01911926 -0.02233887 ... -0.0430603  -0.021698
  0.0136261 ]",2,"['품목', '오프라인', '상담', '좋다']",품목 오프라인 상담 좋다,0
4473,온라인도싸다고는하는데 하나하나 비교견적 하기 너무 시간도없고 머리아파서백화점에서 상품권받고 한번에했어용,"[ 0.00333786  0.0244751  -0.03117371 ... -0.03616333 -0.03497314
 -0.00261116]",2,"['온라인', '싸다', '비교', '견적', '하다', '시간', '머리', '아프다', '백화점', '상품']",온라인 싸다 비교 견적 하다 시간 머리 아프다 백화점 상품,1
4474,가격적 메리트는 온라인이 훨씬 좋아서 오프라인으로 구경하시고 온라인에서 사는게 좋을거같아용 ㅎㅎ,"[-0.00101376  0.03013611 -0.0231781  ... -0.03317261 -0.03204346
  0.00253487]",2,"['가격', '메리트', '온라인', '좋다', '오프라인', '구경', '온라인', '사다', '좋다']",가격 메리트 온라인 좋다 오프라인 구경 온라인 사다 좋다,0
4475,안녕하세요. 오프라인이랑 온라인 모두 사봤는데요.. 오프라인이 배송일정 지정이라든가 더 편하더라구요..온라인은 뭔가 답답하더라구요...,"[-0.0021019   0.00270081 -0.03089905 ... -0.05371094 -0.03118896
 -0.02151489]",2,"['안녕', '오프라인', '온라인', '사다', '오프라인', '배송', '일정', '지정', '편하다', '온라인']",안녕 오프라인 온라인 사다 오프라인 배송 일정 지정 편하다 온라인,2
4476,전 일단 오프라인으로 보고 온라인으로 한번 더 비교해서 선택할것 같아요~!,"[-0.00551987  0.01686096 -0.01368713 ... -0.03585815 -0.01194763
 -0.0161438 ]",2,"['오프라인', '온라인', '비교', '선택']",오프라인 온라인 비교 선택,0
4477,오프로가서 온라인가격 검색해볼것 같아요 실물도보고 상담해주시는 분 얘기도 들어보고 ㅋㅋ,"[-0.00330544  0.0186615  -0.03134155 ... -0.04818726 -0.01434326
  0.00514221]",2,"['오프', '온라인', '가격', '검색', '실물', '상담', '얘기']",오프 온라인 가격 검색 실물 상담 얘기,1
4478,여력이 되시면 오프보고 온라인도 비교해보시면 될듯! 근데 저는 그냥 오프에서 보고 바로 계약할거같아요 ㅠㅠ 비교하는것도 일이에여,"[-0.01133728  0.01261139 -0.02076721 ... -0.03936768 -0.0098114
 -0.01036072]",2,"['여력', '오프', '온라인', '비교', '오프', '계약', '비교']",여력 오프 온라인 비교 오프 계약 비교,0
4479,온라인보다는 오프에서 사는게 좋을 것 같아여,"[ 0.01753235  0.02500916 -0.0262146  ... -0.02865601 -0.03201294
 -0.02398682]",2,"['온라인', '오프', '사다', '좋다']",온라인 오프 사다 좋다,1
4480,"저도 처음에 그렇게 해봤는데, 모델넘버도 다르고 신제품이 아닐수도 있고, 오프라인은 행사들어가면 더 할인되고 그래요~","[ 0.00521851 -0.00078201 -0.03372192 ... -0.03494263 -0.01768494
 -0.00616455]",2,"['모델', '넘버', '다르다', '제품', '오프라인', '행사', '들어가다', '할인']",모델 넘버 다르다 제품 오프라인 행사 들어가다 할인,2
4481,오프라인 먼저 발품팔아보시는걸루요! 근데 한 곳에서 묶어서 사야 할인률이 높으실거에요 ㅠㅠ,"[-0.01506805  0.02313232 -0.02645874 ... -0.03155518 -0.02992249
 -0.0039711 ]",2,"['오프라인', '발품', '팔다', '묶다', '사다', '할인', '높다']",오프라인 발품 팔다 묶다 사다 할인 높다,2
4482,온라인말고 오프라인 가셔서 발품파시고 보시는게 좋은거같아욧,"[-0.01111603  0.01576233 -0.02029419 ... -0.03515625 -0.03326416
 -0.00705719]",2,"['온라인', '말', '오프라인', '발품', '파', '좋다']",온라인 말 오프라인 발품 파 좋다,0
4483,살게 최신모델아니라면 온라인으로 사도 괜찮을거같아요!,"[ 0.00091124  0.02259827 -0.03225708 ... -0.03164673 -0.04559326
  0.00251198]",2,"['살다', '최신', '모델', '온라인', '사다', '괜찮다']",살다 최신 모델 온라인 사다 괜찮다,1
4484,뭔가 저도 온라인은 찝찝해가지고 ㅠㅠ 유튜브 보면서 엄청 공부 하고 잇어요,"[-0.00777054  0.03625488  0.00024629 ... -0.02827454 -0.01861572
  0.00584793]",2,"['온라인', '유튜브', '공부']",온라인 유튜브 공부,1
4485,온라인이랑 오프라인이랑 똑같은 제품으로 비교해봤는데 여러개 살꺼라고 하면 오프라인이 확실히 더 쌌어요! 한번 비교해보세요~,"[ 0.01585388  0.02812195 -0.04119873 ... -0.02914429 -0.02217102
 -0.00747299]",2,"['온라인', '오프라인', '똑같다', '제품', '비교', '사다', '오프라인', '싸다', '비교']",온라인 오프라인 똑같다 제품 비교 사다 오프라인 싸다 비교,0
4486,한번 여러군데 돌아보시고 인터넷이 저렴하면 온라인으로 사셔도 될것 같은데 가격차이 안나면 오프라인이 더 좋은 것 같아요!,"[-0.00126553  0.02766418 -0.03536987 ... -0.04364014 -0.02973938
  0.00485611]",2,"['돌아보다', '인터넷', '온라인', '사다', '가격', '차이', '오프라인', '좋다']",돌아보다 인터넷 온라인 사다 가격 차이 오프라인 좋다,0
4487,온라인 견적받앗는데 대면견적이 훨나앗어요,"[ 0.01853943  0.04553223 -0.01644897 ... -0.03015137 -0.02114868
 -0.00011492]",2,"['온라인', '견적', '대면', '견적']",온라인 견적 대면 견적,0
4488,온라인보다는 오프라인 한 브랜드에서 구매하는게 좋고 전 체감가 50%정도 했어욥!,"[-0.00193119  0.01503754 -0.04226685 ... -0.02941895 -0.03521729
 -0.01358795]",2,"['온라인', '오프라인', '브랜드', '구매', '좋다', '체감']",온라인 오프라인 브랜드 구매 좋다 체감,1
4489,한 브랜드 지정해서 몰빵하면 할인많이되는듯요~ 오프라인,"[ 0.01154327  0.01928711 -0.02296448 ... -0.03179932 -0.03048706
 -0.00499344]",2,"['브랜드', '지정', '할인', '오프라인']",브랜드 지정 할인 오프라인,2
4490,저도 고민하다가 오프라인에서 일괄 결제했어요~ 다품목으로 하니 할인이 많이 되더라구요!,"[-0.00854492  0.02549744 -0.03128052 ... -0.01631165 -0.04147339
  0.00720978]",2,"['고민', '오프라인', '일괄', '결제', '품목', '할인']",고민 오프라인 일괄 결제 품목 할인,0
4491,"품목이 많으면 온라인보단 오프라인 백화점, 하이마트 등 이 더 할인 해택이 좋을 수도 있어요!","[ 0.00977325  0.01853943 -0.03359985 ... -0.03096008 -0.04898071
 -0.01509094]",2,"['품목', '많다', '온라인', '오프라인', '백화점', '하이마트', '할인', '좋다']",품목 많다 온라인 오프라인 백화점 하이마트 할인 좋다,2
4492,하나씩만 사면 인터넷이 저렴할 거 같은데 묶어서 사면 백화점이 더 저렴하지 않을까요/,"[-0.00719833  0.04193115 -0.03231812 ... -0.02304077 -0.04013062
  0.01696777]",2,"['사다', '인터넷', '묶다', '사다', '백화점', '저렴하다']",사다 인터넷 묶다 사다 백화점 저렴하다,2
4493,꼭 백화점이 아니더라도 한번에 맞추시는거면 오프라인이죠! 할인이 많을듯 합니다~,"[ 0.00884247  0.0244751  -0.04708862 ... -0.03161621 -0.03518677
 -0.00426483]",2,"['백화점', '맞추다', '오프라인', '할인', '많다']",백화점 맞추다 오프라인 할인 많다,2
4494,"인터넷서 맘에드시는 모델 최저가로 알아보셔서 오프라인 가시면, 해당모델은 인터넷 전용모델이라 안판다고 최신형 다른모델을 추천해줍니다. 실질적으로 쓰이지도 않는 부가기능 몇개 더붙고 기본 몇십만원 더 비싸죠. 그모델로 다시 인터넷과 비교해보면, 온라인에선 인기있는 모델이 아니니 할인도 별로 안붙고해서 오프라인이 저렴하게 보여요. 실제론 저렴한게 아닌데말이죠. 저렴하게 꼭 필요한 기능만 있는 모델로만 맞추시려면 인터넷이 답입니다.","[ 0.00650024  0.0282135  -0.04244995 ... -0.02082825 -0.01068115
 -0.01159668]",2,"['인터넷', '드시다', '모델', '최저', '알아보다', '오프라인', '해당', '모델', '인터넷', '전용', '모델', '팔다', '최신', '모델', '추천', '실질', '쓰이다', '부가', '기능', '붙다', '기본', '비싸다', '모델', '인터넷', '비교', '온라인', '인기', '모델', '할인', '붙다', '오프라인', '보이다', '저렴하다', '필요', '기능', '모델', '맞추다', '인터넷']",인터넷 드시다 모델 최저 알아보다 오프라인 해당 모델 인터넷 전용 모델 팔다 최신 모델 추천 실질 쓰이다 부가 기능 붙다 기본 비싸다 모델 인터넷 비교 온라인 인기 모델 할인 붙다 오프라인 보이다 저렴하다 필요 기능 모델 맞추다 인터넷,2
4495,한번에 사실거면 매장에서 둘러보고 묶어서 사는게 젤 저렴할거같아요 부탁드려요,"[ 0.00793457  0.03381348 -0.02822876 ... -0.03268433 -0.03213501
  0.01885986]",2,"['사다', '매장', '둘러보다', '묶다', '사다', '저렴하다', '부탁드리다']",사다 매장 둘러보다 묶다 사다 저렴하다 부탁드리다,1
4496,오프라인에서 묶어서 사려구용! 부탁드려용ㅎㅎ,"[-0.00217819  0.03062439 -0.02676392 ... -0.01821899 -0.03048706
  0.00150871]",2,"['오프라인', '묶다', '사다', '부탁', '드리다']",오프라인 묶다 사다 부탁 드리다,0
4497,한두개 구매하실꺼면 오프라인이 더 저렴하고 다품목으로 구매하시는거면 매장이요! 인터넷에 파는 모델이랑 매장 모델이랑 또 다르니 한번쯤은 매장에 상담다녀오시는거 추천합니다ㅎㅎ답완,"[ 0.00398254  0.00977325 -0.04333496 ... -0.03417969 -0.01899719
  0.01248932]",2,"['구매', '오프라인', '저렴하다', '품목', '구매', '매장', '인터넷', '파', '모델', '매장', '모델', '다르다', '매장', '상담', '다녀오다', '추천']",구매 오프라인 저렴하다 품목 구매 매장 인터넷 파 모델 매장 모델 다르다 매장 상담 다녀오다 추천,2
4498,"소량구매시면 인터넷으로, 다량 구매면 오프라인 구매가 좋으실거에요! 할인률도 그렇고 포인트로 캐시백 해주는 것들이 있어서요!","[ 0.00323486  0.02308655 -0.03082275 ... -0.02702332 -0.03466797
 -0.00054073]",2,"['소량', '구매', '인터넷', '다량', '구매', '오프라인', '구매', '좋다', '할인', '포인트', '캐시백']",소량 구매 인터넷 다량 구매 오프라인 구매 좋다 할인 포인트 캐시백,2
4499,큼지막한건 그냥 오프라인으로 한꺼번에 하려구요~ 다녀갑니당:,"[ 0.00862122  0.03872681 -0.00695038 ... -0.02635193 -0.02877808
  0.00722122]",2,"['오프라인', '다녀가다']",오프라인 다녀가다,2
4500,저는 온라인으로 대부분 했어요 훨씬 저렴해요,"[ 0.00435257  0.02868652 -0.02418518 ... -0.03897095 -0.0243988
  0.00697708]",2,"['온라인', '부분', '저렴하다']",온라인 부분 저렴하다,1
4501,따로따로 사실거면 인터넷이구요 한번에 맞춰서 사실거면 오프라인이 더 더렴할 수 있다더라구요!,"[-0.00080824  0.01940918 -0.02577209 ... -0.04315186 -0.01771545
 -0.00640488]",2,"['사다', '인터넷', '맞추다', '사다', '오프라인']",사다 인터넷 맞추다 사다 오프라인,2
4502,백화점 오프라인에서 한꺼번에 싹! 살 것 같아용. 제품 품질도 다르다고하고 서비스나 혜택도 괜찮은 거 같더라구용,"[ 0.00977325  0.02352905 -0.03497314 ... -0.03417969 -0.04190063
 -0.0085144 ]",2,"['백화점', '오프라인', '살다', '제품', '품질', '다르다', '서비스', '혜택', '괜찮다']",백화점 오프라인 살다 제품 품질 다르다 서비스 혜택 괜찮다,2
4503,많이 하실거면 매장인데 적게 하실거면 인터넷최저가도 나쁘지 않다고 생각해요!,"[-0.00073862  0.0181427  -0.03790283 ... -0.040802   -0.03762817
  0.01823425]",2,"['매장', '적다', '인터넷', '최저', '나쁘다', '생각']",매장 적다 인터넷 최저 나쁘다 생각,2
4504,ㅋㅋ 온라인이 최고죠 전 온라인으로 다 햇어요. 아무리 싼 오프라인 매장 있다 하고 한꺼번에 견적때려서 할인한다해도 ... 온라인이 더 싸더라구요. 그런데 한꺼번에 배송이안되고 기다리고 해야하는 불편함은 있는데 가격면에서는 합리적이라고 생각해요,"[-0.00370789  0.04046631 -0.02314758 ... -0.02949524 -0.02920532
  0.02072144]",2,"['온라인', '최고', '온라인', '싸다', '오프라인', '매장', '견적', '때리다', '할인', '온라인', '싸다', '배송', '기다리다', '불편', '가격', '합리', '생각']",온라인 최고 온라인 싸다 오프라인 매장 견적 때리다 할인 온라인 싸다 배송 기다리다 불편 가격 합리 생각,2
4505,단일 품목이면 온라인으로 할 거 같아요~! 여러 개 살거면 오프라인 견적 몇 군데 받아보고용,"[-0.00639343  0.02320862 -0.02479553 ... -0.04379272 -0.03567505
  0.0096283 ]",2,"['단일', '품목', '온라인', '사다', '오프라인', '견적']",단일 품목 온라인 사다 오프라인 견적,0
4506,매장 상품과 다르다고 들엇어요 저는 가서 보고 사는걸 추천드립니댜,"[ 0.00901031 -0.00181866 -0.02468872 ... -0.04696655 -0.02450562
 -0.00969696]",2,"['매장', '상품', '다르다', '사다', '추천']",매장 상품 다르다 사다 추천,2
4507,"구매 품목이 적으면 인터넷 구매 추천해요, 매장 견적가는 할인률이 너무너무너무 적더라구요","[ 0.00197411  0.03128052 -0.03839111 ... -0.03549194 -0.04333496
  0.00798798]",2,"['구매', '품목', '적다', '인터넷', '구매', '추천', '매장', '견적', '할인', '적다']",구매 품목 적다 인터넷 구매 추천 매장 견적 할인 적다,0
4508,정해진 물건을 보셨고 마음 굽히셧으면 오프라인으로 또 방문 하는거보다 온라인으로 사는거 저는 편하고 좋다고 생각해요!,"[ 0.0005126   0.01286316 -0.0284729  ... -0.03311157 -0.03250122
 -0.02612305]",2,"['정하다', '물건', '마음', '굽히다', '오프라인', '방문', '온라인', '사다', '편하다', '좋다', '생각']",정하다 물건 마음 굽히다 오프라인 방문 온라인 사다 편하다 좋다 생각,2
4509,우선은 매장에서 직접 설명받고 온라인 비교가 베스트같아요,"[ 0.02615356  0.02497864 -0.02584839 ... -0.03536987 -0.01096344
 -0.01187897]",2,"['매장', '설명', '온라인', '비교', '베스트']",매장 설명 온라인 비교 베스트,0
4510,매장가서 견적보고 온라인이랑 비교해보면 어떨까요!,"[ 0.01300812  0.03289795 -0.02330017 ... -0.04730225 -0.03805542
  0.00730133]",2,"['매장', '견적', '보다', '온라인', '비교']",매장 견적 보다 온라인 비교,0
4511,그래도 오프라인 견적 한 번 받아보세요! 최근에 롯백 동탄점 가격 괜찮았는데ㅠㅠ 할인행사 15일까지라고 들어서ㅜㅜ,"[ 0.00305557  0.03213501 -0.03265381 ... -0.04815674 -0.02766418
  0.02612305]",2,"['오프라인', '견적', '최근', '동탄', '가격', '괜찮다', '할인', '행사']",오프라인 견적 최근 동탄 가격 괜찮다 할인 행사,0
4512,저두 완전 비슷한 상황이에요! 오프라인 견적 한번 받아봤었는데 1000만원 이상되면 할인 폭이 있어서 사은품도 주고 저도 아직 계약할 시기는 아니지만 오프라인 온라인 둘다 고려해볼것같아요!,"[-0.01812744  0.02696228 -0.020401   ... -0.03140259 -0.03494263
  0.01487732]",2,"['상황', '오프라인', '견적', '이상', '할인', '사은품', '계약', '시기', '오프라인', '온라인', '고려']",상황 오프라인 견적 이상 할인 사은품 계약 시기 오프라인 온라인 고려,2
4513,개수가 많지 않으시면 온라인이 훨씬 쌀 수 있으니 온라인 오프라인 가격 비교 한 번 해보세요! 그래도 가격대 있는 제품들이라 가격 할인이 있을 수 있습니다,"[ 0.01374817  0.03146362 -0.04397583 ... -0.0206604  -0.02407837
 -0.00670624]",2,"['개수', '많다', '온라인', '싸다', '온라인', '오프라인', '가격', '비교', '가격대', '제품', '가격', '할인']",개수 많다 온라인 싸다 온라인 오프라인 가격 비교 가격대 제품 가격 할인,0
4514,항목이 적을 때는 온라인 추천 드려요!,"[-0.01177216  0.03001404 -0.01216888 ... -0.02520752 -0.00634384
 -0.02799988]",2,"['항목', '적다', '온라인', '추천', '드리다']",항목 적다 온라인 추천 드리다,0
4515,온라인 오프라인 비교하고 발품파는게 좀 더 현명할것 같아용,"[ 0.00116444  0.02207947 -0.02749634 ... -0.04452515 -0.02748108
 -0.01033783]",2,"['온라인', '오프라인', '비교', '발품', '파', '현명']",온라인 오프라인 비교 발품 파 현명,0
4516,오프라인 돌아보시며 뭐가다른지보고 인터넷구매가 답이에요 난다긴다해서 할인들어가고 뭐하고 다햐도 인터넷가 못따라가요,"[-0.00061512  0.01992798 -0.02445984 ... -0.03286743 -0.03012085
 -0.00545883]",2,"['오프라인', '돌아보다', '다르다', '인터넷', '구매', '기', '할인', '들어가다', '다햐', '인터넷', '따라가다']",오프라인 돌아보다 다르다 인터넷 구매 기 할인 들어가다 다햐 인터넷 따라가다,2
4517,저정도 품목이면 온라인이나 홈쇼핑도 은근 좋아요!,"[ 0.00038481  0.02375793 -0.01956177 ... -0.04763794 -0.04180908
 -0.0134964 ]",2,"['품목', '온라인', '홈', '쇼핑', '은근', '좋다']",품목 온라인 홈 쇼핑 은근 좋다,0
4518,"비교해보세여! 갯수가 적을때는 온라인이 싼거 같긴 한데, 가끔 모델들 할인이 돌아가면서 해서 오프라인가더 괜찮을때 잇어요.","[ 0.00140953  0.0206604  -0.03796387 ... -0.02989197 -0.02354431
 -0.00616074]",2,"['비교', '갯수', '적다', '온라인', '싸다', '모델', '할인', '돌아가다', '오프라인', '괜찮다']",비교 갯수 적다 온라인 싸다 모델 할인 돌아가다 오프라인 괜찮다,0
4519,저도 품목 없어서 온라인으로 할까 고민준입니다 ㅎㅎ,"[-0.00787354  0.02781677 -0.0107193  ... -0.03930664 -0.02911377
  0.00129986]",2,"['품목', '온라인', '고민']",품목 온라인 고민,0
4520,온라인이 저렴할거 같아요~ 저도 3개정도 샀는데 온라인이 저렴했었어용ㅎㅎ,"[-0.00500488  0.02868652 -0.04336548 ... -0.02474976 -0.01818848
  0.00213814]",2,"['온라인', '사다', '온라인']",온라인 사다 온라인,1
4521,온라인이 저렴할거 같긴한데~ 그래도 근처에 매장 하나정돈 들려보시는게 좋을것 같아요~,"[ 0.00830841  0.03314209 -0.03515625 ... -0.03921509 -0.025177
  0.00546646]",2,"['온라인', '근처', '매장', '들리다', '좋다']",온라인 근처 매장 들리다 좋다,1
4522,인터넷 전용 모델 품번이 따로 있어요~ 오프라인이랑 다를수도 있어요! 오프라인으로 알아보시고 제품번호 비교해서 가격이 괜찮다 싶으면 인터넷으로 구매해도 되는데 한두개 살게 아니면 오프라인이 싸다고 알구 있어요~,"[-0.00135994  0.0110321  -0.04598999 ... -0.02644348 -0.01971436
  0.00322723]",2,"['인터넷', '전용', '모델', '오프라인', '다르다', '오프라인', '알아보다', '제품', '번호', '비교', '가격', '괜찮다', '인터넷', '구매', '사다', '오프라인', '싸다']",인터넷 전용 모델 오프라인 다르다 오프라인 알아보다 제품 번호 비교 가격 괜찮다 인터넷 구매 사다 오프라인 싸다,2
4523,"저는 다 인터넷으로 구매해서 쓰고 있는데, 만족하면서 쓰고 있어요! 대리점, 백화점하고는 모델이 다르다고는 하는데... 후기 보고 골라서 샀는데, 충분히 만족스럽습니다!;","[ 0.00561905  0.01586914 -0.0496521  ... -0.034729   -0.04205322
 -0.00311852]",2,"['인터넷', '구매', '쓰다', '만족', '쓰다', '대리점', '백화점', '모델', '다르다', '후기', '고르다', '사다', '만족']",인터넷 구매 쓰다 만족 쓰다 대리점 백화점 모델 다르다 후기 고르다 사다 만족,2
4524,리바트온라인몰에서 구입했어요~~ 7월에 구입한거라 지금도 세일하는지는 잘모르겠어요~,"[ 0.0008235   0.02778625 -0.06051636 ... -0.034729   -0.03442383
 -0.00140095]",2,"['리바트', '온라인', '구입', '구입', '지금', '세일']",리바트 온라인 구입 구입 지금 세일,1
4525,온라인 박람회가 편하고 좋더라구요 ㅎㅎ,"[ 0.0005331   0.02070618 -0.01423645 ... -0.04302979 -0.02189636
 -0.00494385]",2,"['온라인', '박람회', '편하다', '좋다']",온라인 박람회 편하다 좋다,1
4526,오프라인이 좋긴한데 아예 처음부터 온라인으로 계약하시는 분들도 꽤 있으시더라구요~:,"[ 0.00287819  0.01296997 -0.02937317 ... -0.04684448 -0.02485657
 -0.00807953]",2,"['오프라인', '좋다', '온라인', '계약']",오프라인 좋다 온라인 계약,0
4527,저도 거리가 멀어서 온라인으로 하려고 합니다 혼수는 박람회로 둘러보고 알아볼래요,"[ 0.00309181  0.01673889 -0.01889038 ... -0.03918457 -0.03726196
 -0.00793457]",2,"['거리', '멀다', '온라인', '혼수', '박람회', '두르다', '알아보다']",거리 멀다 온라인 혼수 박람회 두르다 알아보다,1
4528,한번에 사야지 할인도 많을 수 있어요 오프라인 매장에서도 한번에 사면 할인 엄청 해줍니다 그래서 저는 한번에 바꾸는걸 추천,"[ 0.00661087  0.03305054 -0.02891541 ... -0.02911377 -0.01860046
  0.01696777]",2,"['사다', '할인', '많다', '오프라인', '매장', '사다', '할인', '바꾸다', '추천']",사다 할인 많다 오프라인 매장 사다 할인 바꾸다 추천,2
4529,우와 용인이면 제가 있는곳에서도 멀지 않네요 저같은 경우는 온라인으로 구입하려고 했었는데 이벤트나 전시할인 등 오프라인도 고려해봐야 겠다는 생각이 들어요 ㅎㅎ 신혼집 인테리어에 잘 맞고 튼튼한 혼수가전 장만 하시길 바랄께요: 신혼집은 벌써 마련하셨나봐요! 저희는 8월에 발표나서 아직 아무것도 못하고 있는중 ㅎㅎ 그럼 화이팅하세요!,"[ 0.01463318  0.02275085 -0.02900696 ... -0.04129028 -0.04428101
  0.01734924]",2,"['용인', '멀다', '온라인', '구입', '이벤트', '전시', '할인', '오프라인', '고려', '생각', '들다', '신혼', '인테리어', '맞다', '혼수', '가전', '장만', '바라다', '신혼', '마련', '발표', '것']",용인 멀다 온라인 구입 이벤트 전시 할인 오프라인 고려 생각 들다 신혼 인테리어 맞다 혼수 가전 장만 바라다 신혼 마련 발표 것,1
4530,4개 이상이라면 묶어서 사는게 이득인것 같아요~ 백화점위주로 오픈하는 곳으로 찾아보시고 견적 내보세요,"[ 0.01985168  0.02267456 -0.03781128 ... -0.03857422 -0.0352478
  0.03964233]",2,"['이상', '묶다', '사다', '이득', '백화점', '위주', '오픈', '찾다', '견적', '내다']",이상 묶다 사다 이득 백화점 위주 오픈 찾다 견적 내다,1
4531,여러개 안사실거면 인터넷 최저가로 사시거나 매장가서 진열상품? 그거 사심 저렴할거같아요,"[-0.00729752  0.01991272 -0.03485107 ... -0.02836609 -0.02401733
  0.03019714]",2,"['사다', '인터넷', '최저', '사다', '매장', '진열', '상품', '사다', '저렴하다']",사다 인터넷 최저 사다 매장 진열 상품 사다 저렴하다,2
4532,"다품목이면 매장 가시고, 아니라면 인터넷으로 사세요!","[-5.78165054e-05  1.56707764e-02 -3.02429199e-02 ... -3.44238281e-02
 -4.69055176e-02  1.47552490e-02]",2,"['품목', '매장', '인터넷', '사다']",품목 매장 인터넷 사다,2
4533,다 묶어서 가는거면 오프라인이낫고 하나씩이라면 인터넷 추천이용!,"[-0.00054216  0.01262665 -0.03717041 ... -0.02545166 -0.02392578
  0.02476501]",2,"['묶다', '오프라인', '인터넷', '추천']",묶다 오프라인 인터넷 추천,0
4534,"다품목이면 오프라인, 단품목이면 온라인으로 구매 추천드려요","[ 0.00866699  0.02122498 -0.02766418 ... -0.02171326 -0.03631592
 -0.00888062]",2,"['품목', '오프라인', '품목', '온라인', '구매', '추천', '드리다']",품목 오프라인 품목 온라인 구매 추천 드리다,0
4535,품목이 적음 주변 임직원을 찾아보세요. 최신형 모델은 보통 온라인 최저가보다 싸요.,"[ 0.00146961  0.03396606 -0.0375061  ... -0.01461792 -0.0383606
 -0.01009369]",2,"['품목', '적다', '주변', '임직원', '찾다', '최신', '모델', '온라인', '최저', '싸다']",품목 적다 주변 임직원 찾다 최신 모델 온라인 최저 싸다,1
4536,저도 3-4개 구매하는 데 오프라인보다 온라인으로 구매하는 게 훨씬 저렴하더라구요..!,"[ 0.00011945  0.03552246 -0.02612305 ... -0.01141357 -0.03222656
 -0.00146294]",2,"['구매', '오프라인', '온라인', '구매', '저렴하다']",구매 오프라인 온라인 구매 저렴하다,1
4537,저도 몇개만 구매했는데 온라인이 더 저렴했어요! 오프라인은 대부분 비스포크나 오브제만 있어서 좀 비싸더라구요.,"[-0.00048733  0.01898193 -0.04367065 ... -0.01657104 -0.02076721
 -0.00150108]",2,"['구매', '온라인', '저렴하다', '오프라인', '부분', '비스', '포크', '오브제', '비싸다']",구매 온라인 저렴하다 오프라인 부분 비스 포크 오브제 비싸다,1
4538,3개정도면 온라인에서 최저가 검색해서 구매하는게 젤싼거같아요~,"[ 0.00222969  0.03372192 -0.04122925 ... -0.02651978 -0.02235413
  0.00733185]",2,"['온라인', '저가', '검색', '구매', '싸다']",온라인 저가 검색 구매 싸다,1
4539,3개면 최저가가 최곱니다~ 여러개 함께 맞출수록 오프라인이 좋구요~,"[ 0.02090454  0.01596069 -0.04415894 ... -0.0227356  -0.01241302
  0.00460052]",2,"['최저', '최고', '맞추다', '오프라인', '좋다']",최저 최고 맞추다 오프라인 좋다,2
4540,저정도면 그냥 온라인최저가가 나아요 ㅎㅎ,"[-0.00445557  0.01747131 -0.01919556 ... -0.04327393 -0.02030945
  0.004776  ]",2,"['온라인', '최저']",온라인 최저,1
4541,이정도 품목이면 오프라인매장이 더 괜찮을텐데요? 온라인쇼핑몰 말구 오프라인도 비교 해보셨어요?!,"[-0.00020504  0.02528381 -0.04473877 ... -0.03521729 -0.0430603
  0.00030398]",2,"['품목', '오프라인', '매장', '괜찮다', '온라인', '쇼핑몰', '말', '오프라인', '비교']",품목 오프라인 매장 괜찮다 온라인 쇼핑몰 말 오프라인 비교,0
4542,오프라인 입니다! 지역아울렛 가본거라 얼마나 되야 잘 받은건지 확인해보고싶어서여! 더 알아봐야겠네요 ㅎㅎ,"[ 0.00010753  0.01759338 -0.02363586 ... -0.04232788 -0.02226257
 -0.01261139]",2,"['오프라인', '지역', '아울렛', '확인', '이다', '알아보다']",오프라인 지역 아울렛 확인 이다 알아보다,1
4543,"몇개 안살땐 인터넷이 저렴하고 일정수량, 금액 이상살땐 오프라인이 저렴하고 서비스도 좋습니다. 백화점이면 백화점 등급도 올라가고, 설치일자 맞출수도 있고, 특정 기간에는 훨씬 더 쌀수도 있어요.. 솔직히 체감은 안되긴 하는데 백화점모델과 인터넷모델은 약간 다르긴 한데.. 막상쓰면 모르긴 하죠..","[ 0.00919342  0.01821899 -0.0350647  ... -0.04574585 -0.0378418
  0.01248932]",2,"['사다', '인터넷', '일정', '수량', '금액', '이상', '사다', '오프라인', '서비스', '좋다', '백화점', '백화점', '등급', '올라가다', '설치', '일자', '맞추다', '특정', '기간', '싸다', '체감', '백화점', '모델', '인터넷', '모델', '다르다', '쓰다']",사다 인터넷 일정 수량 금액 이상 사다 오프라인 서비스 좋다 백화점 백화점 등급 올라가다 설치 일자 맞추다 특정 기간 싸다 체감 백화점 모델 인터넷 모델 다르다 쓰다,2
4544,인터넷이 오프라인보다 싸다구요?… 오프라인 견적을 좀 비싸게 받으신거 아닐까요?… 여러개 묶어서 사면 온라인보다 훨 싸던데…,"[-0.01521301  0.04150391 -0.02528381 ... -0.02706909 -0.02931213
  0.00675964]",2,"['인터넷', '오프라인', '싸다', '오프라인', '견적', '비싸다', '묶다', '사다', '온라인', '싸다']",인터넷 오프라인 싸다 오프라인 견적 비싸다 묶다 사다 온라인 싸다,1
4545,품목 개수가 적다면 인터넷이 싸고 여러개사면 오프라인이 싸요!,"[-0.01135254  0.02488708 -0.02998352 ... -0.03036499 -0.03411865
  0.00130367]",2,"['품목', '개수', '적다', '인터넷', '싸다', '사다', '오프라인', '싸다']",품목 개수 적다 인터넷 싸다 사다 오프라인 싸다,2
4546,"저도 온라인으로 구매할 예정인데… 오프라인 상담도 가보긴 해야겟네요?,,","[-0.01379395  0.01591492 -0.02217102 ... -0.02851868 -0.02729797
 -0.00555801]",2,"['온라인', '구매', '예정', '오프라인', '상담']",온라인 구매 예정 오프라인 상담,1
4547,"몇 가지 구매 안할 때는 인터넷이 저렴할 수 있지만, 한 번에 여러 가지 구매할 땐 매장에서 한번에 사는게 더 저렴해요! 그리고 인터넷 사이트나 일반 마트 매장에 들어가는 제품과, 백화점에 들어가는 제품 다 다르다고 들었습니다!","[ 0.00835419  0.02781677 -0.02684021 ... -0.02438354 -0.03829956
  0.00697708]",2,"['구매', '인터넷', '구매', '매장', '사다', '저렴하다', '인터넷', '사이트', '일반', '마트', '매장', '들어가다', '제품', '백화점', '들어가다', '제품', '다르다']",구매 인터넷 구매 매장 사다 저렴하다 인터넷 사이트 일반 마트 매장 들어가다 제품 백화점 들어가다 제품 다르다,2
4548,댓글보고 배우고갑니다! 여러가지를 한 번에 구매한다는게 오프라인에서 큰 할인포인트로 작용하나보네요!,"[ 0.00894165  0.02072144 -0.02548218 ... -0.01913452 -0.02857971
 -0.00645065]",2,"['댓글', '배우', '구매', '오프라인', '크다', '할인', '포인트', '작용']",댓글 배우 구매 오프라인 크다 할인 포인트 작용,2
4549,저 품목이면 오프가 더 나을거에용 ㅋㅋ 한개 두개?... 이럴때만 온라인이 더 싸용,"[ 0.0037117   0.03720093 -0.04187012 ... -0.02922058 -0.0145874
 -0.00070572]",2,"['품목', '오프', '온라인', '싸다']",품목 오프 온라인 싸다,1
4550,"각각 사면 인터넷이 싸긴 한데, 한 번에 들어오는 걸 원하시면 오프라인에서 사는 게 좋아요.","[ 0.00274849  0.0176239  -0.03616333 ... -0.01853943 -0.03961182
  0.01055908]",2,"['사면', '인터넷', '싸다', '들어오다', '오프라인', '사다', '좋다']",사면 인터넷 싸다 들어오다 오프라인 사다 좋다,2
4551,온라인은 콜로 한번 더 전화오는데 주변에서 말하기로는 추가금이 있는경우도 있다고 하더라고요! 그리고 오프라인은 가게되면 묶어서 세트로 사면 사은품이나 혜택 따지니깐 오프라인이 더 싸더라고요!,"[-0.00582886  0.02409363 -0.03091431 ... -0.02911377 -0.02064514
 -0.00336838]",2,"['온라인', '전화', '주변', '추가', '오프라인', '묶다', '세트', '사다', '사은품', '혜택', '따지다', '오프라인', '싸다']",온라인 전화 주변 추가 오프라인 묶다 세트 사다 사은품 혜택 따지다 오프라인 싸다,1
4552,온라인이랑 오프라인은 내부적으로 다르다고하고 오프라인은 여러개살경우 저렴한게 많이 사면 살수록 할인과 프로모션이 많아져서 그래요~!,"[ 0.00692749  0.01480865 -0.03549194 ... -0.0266571  -0.02397156
 -0.01052856]",2,"['온라인', '오프라인', '내부', '다르다', '오프라인', '사다', '사다', '사다', '할인', '프로모션', '많다']",온라인 오프라인 내부 다르다 오프라인 사다 사다 사다 할인 프로모션 많다,2
4553,많이사면 오프라인으로 할인받고 덤도받고 그러는것같더라구요~한개씩 사면 그냥 온라인으로 사는게 맞구요,"[-0.00720596  0.01477814 -0.03204346 ... -0.02310181 -0.01713562
  0.00608444]",2,"['사다', '오프라인', '할인', '그러다', '사다', '온라인', '사다', '맞다']",사다 오프라인 할인 그러다 사다 온라인 사다 맞다,1
4554,단품이면 온라인이 확실히 저렴하다고 알고있어요! 여러개 살 경우엔 오프라인이요!,"[-0.00348091  0.0328064  -0.0395813  ... -0.02580261 -0.03439331
 -0.00024331]",2,"['온라인', '저렴하다', '사다', '오프라인']",온라인 저렴하다 사다 오프라인,1
4555,저는 온라인으로 제가 원하는 조건에 맞는 물건 최저가로 샀습니다 ! 딱 필요한것만 사서요ㅋㅋ,"[ 0.00628662  0.02574158 -0.0241394  ... -0.01576233 -0.029953
 -0.03317261]",2,"['온라인', '원하다', '조건', '맞다', '물건', '최저', '사다', '필요', '사다']",온라인 원하다 조건 맞다 물건 최저 사다 필요 사다,1
4556,오프라인으로 구경하고 가격 비교해보고 구매하려구요! 답완,"[-0.00113964  0.02937317 -0.02755737 ... -0.02668762 -0.03695679
 -0.01644897]",2,"['오프라인', '구경', '가격', '비교', '구매']",오프라인 구경 가격 비교 구매,0
4557,너무 그래보일 수 있지만..오프라인 가서 직접 확인해보고 집에 돌아와 가격 차이 후 별 차이 없으면 오프라인으로 장만하는 편입니다..! 오프라인은 한꺼번에 했을 때 금액대가 올라 할인 프로모션도 있는 곳이 많더라고요. 부탁드려요!,"[ 0.00548935  0.03359985 -0.0345459  ... -0.03601074 -0.02084351
  0.00709152]",2,"['보이다', '오프라인', '확인', '돌아오다', '가격', '차이', '차이', '오프라인', '장만', '오프라인', '금액', '오르다', '할인', '프로모션', '많다', '부탁드리다']",보이다 오프라인 확인 돌아오다 가격 차이 차이 오프라인 장만 오프라인 금액 오르다 할인 프로모션 많다 부탁드리다,0
4558,"가짓수가 적으면 온라인,여러개구입은 오프라인이라 하더라구요","[-0.00462723  0.0378418  -0.02027893 ... -0.03335571 -0.03521729
 -0.01019287]",2,"['가짓수', '적다', '온라인', '구입', '오프라인']",가짓수 적다 온라인 구입 오프라인,0
4559,저렴한거는 온라인으로 비싼거는 오프라인으로요,"[ 0.00440598  0.01273346 -0.01637268 ... -0.02577209 -0.0224762
 -0.01428986]",2,"['저렴하다', '온라인', '비싸다', '오프라인']",저렴하다 온라인 비싸다 오프라인,1
4560,오프라인으로 보고 구매는 온라인이요! 부탁드려요,"[-0.00095749  0.03001404 -0.02931213 ... -0.02615356 -0.04074097
 -0.01696777]",2,"['오프라인', '구매', '온라인', '부탁드리다']",오프라인 구매 온라인 부탁드리다,1
4561,매장가서 직접보고 인터넷으로 주문했어요! 매장에서 아무리 할인해줘도 공홈 쿠폰하면 확실히 더 저렴하더라구요,"[-0.00606155  0.0319519  -0.01525879 ... -0.02742004 -0.03320312
  0.00241089]",2,"['매장', '인터넷', '주문', '매장', '할인', '쿠폰', '저렴하다']",매장 인터넷 주문 매장 할인 쿠폰 저렴하다,2
4562,저는 구매 품목이 몇가지 되지 않아서 침대빼고는 온라인 주문하려구요ㅎㅎ,"[-0.00136089  0.03222656 -0.01724243 ... -0.04342651 -0.03668213
 -0.00837708]",2,"['구매', '품목', '침대', '빼다', '온라인', '주문']",구매 품목 침대 빼다 온라인 주문,1
4563,저는 온라인으로 사려구요! 몇년 살고 나갈 전셋집에 맞춰야하니깐 저렴하게 맞추고싶더라구요,"[ 0.00634766  0.03820801 -0.03991699 ... -0.04925537 -0.03375244
  0.00574875]",2,"['온라인', '사다', '살다', '나가다', '전셋집', '맞추다', '저렴하다', '맞추다']",온라인 사다 살다 나가다 전셋집 맞추다 저렴하다 맞추다,1
4564,눈으로 보시고 온라인으로 찾아서 가격비교 하시고 구매하세용,"[ 0.00498199  0.0284729  -0.02052307 ... -0.03010559 -0.02755737
 -0.00346184]",2,"['온라인', '찾다', '가격', '비교', '구매']",온라인 찾다 가격 비교 구매,0
4565,쇼룸이 있는곳으로 갈 예정이라 오프라인으로 구매할 생각이예요~!,"[-0.00105858  0.03561401 -0.04199219 ... -0.03100586 -0.05844116
 -0.0114212 ]",2,"['예정', '오프라인', '구매', '생각']",예정 오프라인 구매 생각,1
4566,품목이 적으면 할인율이 적기도 하고 해서 온라인으로 사는게 저렴할것 같긴 해요 ㅋㅋ,"[-0.00167084  0.03152466 -0.02600098 ... -0.02745056 -0.03494263
 -0.00152683]",2,"['품목', '적다', '할인', '적다', '온라인', '사다', '저렴하다']",품목 적다 할인 적다 온라인 사다 저렴하다,0
4567,오프라인은 카드사용이나 상품권페이백 같은게 별로인것같더라구용.. 품목이 적으시니 온라인 최저가 구매가 저렴하고 편할것같아요.,"[ 0.01137543  0.01256561 -0.03640747 ... -0.02552795 -0.03808594
 -0.00032687]",2,"['오프라인', '카드', '상품', '페이', '품목', '적다', '온라인', '최저', '구매', '편하다']",오프라인 카드 상품 페이 품목 적다 온라인 최저 구매 편하다,2
4568,오픈점이나 백화점 발품 팔아보세요. 은근히 백화점이 더 저렴하더라구요,"[ 0.00060034  0.02250671 -0.02481079 ... -0.04370117 -0.05047607
  0.00417709]",2,"['오픈', '백화점', '발품', '팔다', '백화점', '저렴하다']",오픈 백화점 발품 팔다 백화점 저렴하다,2
4569,품목이 적으면 인터넷도 괜찮을 것 같아요! 전 품목이 많아서 백화점에서 했는데 이것저것 결합해서 저렴해지는거더라고요,"[ 0.00060463  0.01976013 -0.03179932 ... -0.03164673 -0.03829956
  0.00379372]",2,"['품목', '적다', '인터넷', '괜찮다', '품목', '많다', '백화점', '이것저것', '결합']",품목 적다 인터넷 괜찮다 품목 많다 백화점 이것저것 결합,2
4570,오프라인 상담 받아보시는것을 추천드립니다 ~,"[-0.00024962  0.01371765 -0.00637436 ... -0.03759766 -0.0120163
 -0.00974274]",2,"['오프라인', '상담', '추천', '드리다']",오프라인 상담 추천 드리다,0
4571,"품목이 그래도 꽤 있으셔서, 오프라인 구매가 더 좋을꺼 같아요!","[ 0.00687027  0.03041077 -0.04177856 ... -0.02052307 -0.04348755
 -0.00848389]",2,"['품목', '오프라인', '구매', '좋다']",품목 오프라인 구매 좋다,0
4572,오프라인도 고ㅑㄴ찮을거같아요! 근데 홈쇼핑이런곳에서 사는것도 저는 고ㅑㄴ찮더라구요 !,"[ 0.0038166   0.01976013 -0.022995   ... -0.03555298 -0.0440979
  0.00082302]",2,"['오프라인', '홈', '쇼핑', '사다']",오프라인 홈 쇼핑 사다,0
4573,온라인보다는 그래도 오프라인가서 묶어서 한번에 사시는게 좋을거 같은데요?ㅎ,"[ 9.11951065e-06  2.86865234e-02 -2.92510986e-02 ... -3.17993164e-02
 -3.30810547e-02  1.05476379e-03]",2,"['온라인', '오프라인', '묶다', '사다', '좋다']",온라인 오프라인 묶다 사다 좋다,1
4574,오프라인 상담 한번 받아보세요 혜택 은근 많아요,"[ 0.00701523  0.02998352 -0.01203918 ... -0.04190063 -0.01651001
 -0.00815582]",2,"['오프라인', '상담', '혜택', '은근', '많다']",오프라인 상담 혜택 은근 많다,0
4575,일단 오프라인 상담받으시고 온라인도 검색해보세요!,"[-0.00845337  0.01625061 -0.01364136 ... -0.03967285 -0.01119995
 -0.01062012]",2,"['오프라인', '상담', '온라인', '검색']",오프라인 상담 온라인 검색,0
4576,단품이면 오프라인이 더 싼데 여러개면 여기저기 발품 팔아서 견적내는게 더 쌀거예요,"[-5.15580177e-05  2.11486816e-02 -3.07922363e-02 ... -2.83660889e-02
 -2.43988037e-02  2.84118652e-02]",2,"['오프라인', '싸다', '여기저기', '발품', '팔다', '견적', '내다', '싸다']",오프라인 싸다 여기저기 발품 팔다 견적 내다 싸다,0
4577,발품팔다보면 조금씩 견적이 좋아지더라고요! 저도 그정도인데 오프라인에서 구입했어요!,"[-0.01286316  0.02008057 -0.03341675 ... -0.03546143 -0.03494263
 -0.01199341]",2,"['발품', '팔다', '견적', '좋다', '오프라인', '구입']",발품 팔다 견적 좋다 오프라인 구입,0
4578,"구매하시는 품목이 적은편은 아니라서 오프라인으로 구매하시는게 더 좋을거같아요! 백화점, 하이마트 등등 여러군데 비교해보시고 구매하시는걸 추천드립니다","[-0.00594711  0.0124588  -0.03833008 ... -0.02380371 -0.02462769
 -0.00555801]",2,"['구매', '품목', '적다', '오프라인', '구매', '좋다', '백화점', '하이마트', '비교', '구매', '추천', '드리다']",구매 품목 적다 오프라인 구매 좋다 백화점 하이마트 비교 구매 추천 드리다,0
4579,품목이 2~3개 이상이면 오프라인 구매가 더 저렴하더라구요! 오픈매장같은데 가보세요!,"[ 0.00939178  0.02301025 -0.04241943 ... -0.01856995 -0.02464294
 -0.01059723]",2,"['품목', '이상', '오프라인', '구매', '저렴하다', '오픈', '매장']",품목 이상 오프라인 구매 저렴하다 오픈 매장,2
4580,직접 발품 팔아보세요! 저도 온라인으로 하려다가 오프라인이 더 괜찮아서 오프라인했어요,"[-0.00887299  0.01948547 -0.02671814 ... -0.04260254 -0.02626038
 -0.01053619]",2,"['발품', '팔다', '온라인', '오프라인', '괜찮다', '오프라인']",발품 팔다 온라인 오프라인 괜찮다 오프라인,0
4581,오프라인에서 먼저 견적 뽑아보고 온라인이랑 비교해보면 좋을거 같아요,"[-0.00785065  0.02896118 -0.01998901 ... -0.04055786 -0.01925659
 -0.00513458]",2,"['오프라인', '견적', '온라인', '비교', '좋다']",오프라인 견적 온라인 비교 좋다,0
4582,소량 구매라면 온라인이 나은데 제품명이 좀 다른게 있어서 오프라인 상담부터 받아보는게 좋을거같아요,"[-0.00525284  0.01693726 -0.03387451 ... -0.03411865 -0.02114868
 -0.00357246]",2,"['소량', '구매', '온라인', '제품명', '다르다', '오프라인', '상담', '좋다']",소량 구매 온라인 제품명 다르다 오프라인 상담 좋다,0
4583,오프라인으로 상담을 먼저 받아보시고 온라인으로도 견적 받아보신다음에 비교해보는것도 좋을것 같아요!,"[-0.00953674  0.02574158 -0.01821899 ... -0.04397583 -0.02009583
  0.00178051]",2,"['오프라인', '상담', '온라인', '견적', '다음', '비교', '좋다']",오프라인 상담 온라인 견적 다음 비교 좋다,0
4584,"단품이면 온라인, 여러개 구매하실 거면 오프라인이 낫지 않을까요? 둘 다 같이 비교해보면 좋을 듯 해요","[ 0.00145149  0.01419067 -0.03985596 ... -0.04125977 -0.03152466
  0.00849915]",2,"['온라인', '구매', '오프라인', '비교', '좋다']",온라인 구매 오프라인 비교 좋다,0
4585,오프라인에서 상담한번 받아보시고 온라인비교해보는게 좋을거같아요,"[-0.00635147  0.01221466 -0.01986694 ... -0.04296875 -0.008255
 -0.0112915 ]",2,"['오프라인', '상담', '온라인', '비교', '좋다']",오프라인 상담 온라인 비교 좋다,0
4586,오프라인으로 발품 팔아보시고 비교하시는게 좋을거같아용 여러개 한번에 구입하시는 목적이면 오프가 더 싸다구해용,"[-0.00546646  0.02287292 -0.03952026 ... -0.03108215 -0.0267334
  0.00162411]",2,"['오프라인', '발품', '팔다', '비교', '좋다', '구입', '목적', '오프', '싸다']",오프라인 발품 팔다 비교 좋다 구입 목적 오프 싸다,0
4587,그래도 그정도 구매하시는거면 오프라인으로 가보시는게 좋을거같아요! ㅎㅎ 갤러리아 광교 강추에용ㅎㅎ 부탁드립니다 ㅎㅎ,"[-0.00808716  0.02931213 -0.02790833 ... -0.04193115 -0.0324707
  0.00371361]",2,"['구매', '오프라인', '좋다', '갤러리아', '광교', '부탁', '드리다']",구매 오프라인 좋다 갤러리아 광교 부탁 드리다,0
4588,6개나 되니까 개인적으론 오프라인에서 견적받아보시고 할인율 많이 주는 곳에서 하시길 추천드립니다.,"[ 0.00262642  0.0302887  -0.0254364  ... -0.04534912 -0.01243591
  0.03317261]",2,"['개인', '오프라인', '견적', '할인', '추천', '드리다']",개인 오프라인 견적 할인 추천 드리다,0
4589,오프라인 몇군데 상담하고 견적 뽑아보고 결정할꺼같아요~,"[ 0.00093555  0.03778076 -0.01338959 ... -0.04931641 -0.00978851
  0.00657654]",2,"['오프라인', '상담', '견적', '결정']",오프라인 상담 견적 결정,0
4590,"오프라인 상담 받고 인터넷 최저가요! 배달 최고,,","[-0.0002799   0.03158569 -0.0116806  ... -0.01815796 -0.02679443
 -0.00107574]",2,"['오프라인', '상담', '인터넷', '최저', '배달', '최고']",오프라인 상담 인터넷 최저 배달 최고,2
4591,품목이 쫌 있으셔서 일단 오프라인받아서 인터넷 최저가란 비교해보세요! 다품목은 오프라인이 저렴하고 발품팔면 많이 싸지더라구요,"[-0.00711823  0.01696777 -0.03662109 ... -0.03469849 -0.02992249
 -0.00602722]",2,"['품목', '오프라인', '인터넷', '최저', '비교', '품목', '오프라인', '발품', '팔다', '싸다']",품목 오프라인 인터넷 최저 비교 품목 오프라인 발품 팔다 싸다,0
4592,오프라인 견적 받아보세용! 귀찮으시면 더현대만 가서라도 받아보시는거 추천!,"[-0.00392151  0.02131653 -0.03411865 ... -0.05523682 -0.03942871
  0.02084351]",2,"['오프라인', '견적', '귀찮다', '현대', '추천']",오프라인 견적 귀찮다 현대 추천,0
4593,저는 오프라인 추천해요! 온라인이랑 오프라인 고민했었는데 가서 보니깐 할인과 이것저것 혜택이 많더라고요! 부탁드립니다 :,"[-0.0039978   0.02262878 -0.03317261 ... -0.0292511  -0.02062988
  0.00566101]",2,"['오프라인', '추천', '온라인', '오프라인', '고민', '할인', '이것저것', '혜택', '많다', '부탁', '드리다']",오프라인 추천 온라인 오프라인 고민 할인 이것저것 혜택 많다 부탁 드리다,0
4594,"한두개 사는건 온라인이 저렴하지만, 여러개 사실 경우는 오프라인이 훨씬 혜택이 많아요 !","[-0.00161171  0.02404785 -0.03930664 ... -0.02230835 -0.03056335
 -0.00184822]",2,"['사다', '온라인', '사다', '오프라인', '혜택', '많다']",사다 온라인 사다 오프라인 혜택 많다,2
4595,오프라인 ! 이요 ㅜ.ㅜ 전 눈으로 보고사고시퍼요,"[ 0.00338745  0.02172852 -0.00204849 ... -0.01959229 -0.02064514
 -0.00220871]",2,"['오프라인', '사다', '푸다']",오프라인 사다 푸다,1
4596,엄마랑 보면서 쇼핑하려구 오프라인에서 살려구요 ㅎㅎ,"[ 0.00329208  0.04187012 -0.01387024 ... -0.02737427 -0.04446411
 -0.03042603]",2,"['엄마', '쇼핑', '오프라인', '살다']",엄마 쇼핑 오프라인 살다,0
4597,네~~저도 인터넷으로 비교해보다가 매장가서 같이구매했어요! 견적받아보세요~~,"[ 0.0085144   0.01118469 -0.02966309 ... -0.0418396  -0.03417969
  0.01660156]",2,"['인터넷', '비교', '매장', '구매', '견적']",인터넷 비교 매장 구매 견적,0
4598,많이사면 혜택이 좋으니까 오프라인 비교하고 샀어요,"[ 0.01464081  0.02120972 -0.03561401 ... -0.01519012 -0.03451538
 -0.00779343]",2,"['사다', '혜택', '좋다', '오프라인', '비교', '사다']",사다 혜택 좋다 오프라인 비교 사다,0
4599,여러개 사실거면 오프라인이고 한두개 작게 살때는 온라인이 가격이 좋아요 ㅋㅋ,"[-0.00603485  0.02720642 -0.02310181 ... -0.02719116 -0.02668762
 -0.00927734]",2,"['사다', '오프라인', '작다', '살다', '온라인', '가격', '좋다']",사다 오프라인 작다 살다 온라인 가격 좋다,0
4600,한번에 묶어서 오프라인에서 구입하시면 더 저렴하게 구입하실 수 있을거에요!,"[-0.00345612  0.03646851 -0.03143311 ... -0.01705933 -0.03277588
  0.00059223]",2,"['묶다', '오프라인', '구입', '저렴하다', '구입']",묶다 오프라인 구입 저렴하다 구입,1
4601,저도 매장 견적 올라오는거보면 무슨 페이백에 상품권에 복잡해서 그냥 인터넷으로 최저가 비교하고 구매하려구요~ 직영점 상품 사면 괜찮을것 같아서요 ㅎㅎ,"[ 0.01817322  0.01028442 -0.02836609 ... -0.02903748 -0.04318237
  0.02072144]",2,"['매장', '견적', '올라오다', '페이', '상품', '인터넷', '최저', '비교', '구매', '직영점', '상품', '사다', '괜찮다']",매장 견적 올라오다 페이 상품 인터넷 최저 비교 구매 직영점 상품 사다 괜찮다,2
4602,단품으로 사기에는 인터넷이 싸지만 여러가지 사실거면 오프라인에서 할인 받고 사시는것도 괜찮을듯 해요,"[-0.00315666  0.02680969 -0.03948975 ... -0.02450562 -0.0296936
 -0.00571442]",2,"['사다', '인터넷', '싸다', '오프라인', '할인', '사다', '괜찮다']",사다 인터넷 싸다 오프라인 할인 사다 괜찮다,2
4603,한번에 다 사는게 혜택도 좋아서 오프라인에서 사시는거 추천이요! 부탁드려요:,"[-0.00030279  0.02410889 -0.03570557 ... -0.01914978 -0.03393555
  0.01301575]",2,"['사다', '혜택', '좋다', '오프라인', '사다', '추천', '부탁드리다']",사다 혜택 좋다 오프라인 사다 추천 부탁드리다,1
4604,"여러개 사시면 할인 많이 되니까, 오프라인으로 구매하시는 거 추천드려요 :","[-0.00352669  0.01783752 -0.04220581 ... -0.02233887 -0.02075195
  0.01402283]",2,"['사다', '할인', '오프라인', '구매', '추천', '드리다']",사다 할인 오프라인 구매 추천 드리다,0
4605,여러개 사시면 할인 많이 되서 여러개 사시면 오프라인! 사은품도 줘요 / 한두개면 인터넷으로 구매 !,"[-0.0023632   0.02668762 -0.0486145  ... -0.02383423 -0.02850342
 -0.00050783]",2,"['사다', '할인', '사다', '오프라인', '사은품', '인터넷', '구매']",사다 할인 사다 오프라인 사은품 인터넷 구매,2
4606,그래도 한 번에 구매하신다면 오프라인 행사 매장이 싸고 혜택도 좋습니다. 부탁드려요.,"[ 0.01200104  0.02742004 -0.04571533 ... -0.0246582  -0.052948
 -0.00093889]",2,"['구매', '오프라인', '행사', '매장', '싸다', '혜택', '좋다', '부탁드리다']",구매 오프라인 행사 매장 싸다 혜택 좋다 부탁드리다,2
4607,생각보다 오프라인으로 해도 싸기도 합니다~!,"[-0.00148678  0.03775024 -0.01930237 ... -0.02038574 -0.02427673
 -0.00926208]",2,"['생각', '오프라인', '싸다']",생각 오프라인 싸다,1
4608,하나만 살꺼면 인터넷이 답이겠지만 혼수는 무조건 오프라인이죠,"[ 0.01914978  0.02311707 -0.01856995 ... -0.02113342 -0.03707886
  0.00123882]",2,"['사다', '인터넷', '혼수', '오프라인']",사다 인터넷 혼수 오프라인,2
4609,지점 잘 보시면 오프라인이 더 쌀수도 있어요! 손품 발품이 답인거같아요 ㅠㅠ 부탁드립니다,"[-0.00150013  0.01462555 -0.02186584 ... -0.04553223 -0.02613831
  0.01502991]",2,"['지점', '오프라인', '싸다', '발품', '부탁', '드리다']",지점 오프라인 싸다 발품 부탁 드리다,0
4610,품목이 몇개 없다면 온라인! 많다면 오프라인이 저렴한 것 같아요! 답완,"[-0.00179577  0.00722122 -0.03509521 ... -0.03762817 -0.02871704
 -0.01103973]",2,"['품목', '온라인', '많다', '오프라인']",품목 온라인 많다 오프라인,0
4611,전 오프라인으로 사요.. 인터넷은 잔고장이 많아서 안 좋은 점이 많더라구요 ㅠ,"[-0.00891113  0.02760315 -0.01353455 ... -0.03793335 -0.03097534
 -0.01390839]",2,"['오프라인', '사다', '인터넷', '하다', '고장', '많다', '좋다', '많다']",오프라인 사다 인터넷 하다 고장 많다 좋다 많다,2
4612,오프라인에서 견적 마니 받으시더라구용 완료,"[ 0.00234032  0.04238892 -0.02667236 ... -0.0234375  -0.03182983
 -0.01200867]",2,"['오프라인', '견적', '말', '완료']",오프라인 견적 말 완료,0
4613,인터넷이 훨씬 저렴한것같아용 알아보는건 오프라인 구매는 온라인으로 ㅎㅎ 답완,"[-0.00567245  0.02682495 -0.02552795 ... -0.03225708 -0.02973938
 -0.0103302 ]",2,"['인터넷', '저렴하다', '알아보다', '오프라인', '구매', '온라인']",인터넷 저렴하다 알아보다 오프라인 구매 온라인,1
4614,일단 오프로 알아보면서 모델명 등등 견적비교해보고 온라인으로도 똑같은 모델들로 알아본후에 더 싼곳으로 할것같아요! 답완,"[-0.00927734  0.02270508 -0.03567505 ... -0.04229736 -0.01602173
 -0.0002687 ]",2,"['알아보다', '모델명', '견적', '비교', '온라인', '똑같다', '모델', '알아보다', '싸다']",알아보다 모델명 견적 비교 온라인 똑같다 모델 알아보다 싸다,0
4615,"온라인으로 가격대충알아보고,,, 오프라인에서 흥정해서 최대한 비슷하게 견적받아보시는게 어떠세용?! 완료!","[-0.00372696  0.03056335 -0.02711487 ... -0.03723145 -0.02282715
 -0.00773621]",2,"['온라인', '가격', '알아보다', '오프라인', '흥정', '비슷하다', '견적', '완료']",온라인 가격 알아보다 오프라인 흥정 비슷하다 견적 완료,0
4616,오프라인으로 여러군데 견적받은후 인터넷이랑 비교해 저렴한곳으로 구매하세여,"[ 0.00208282  0.03083801 -0.0309906  ... -0.0368042  -0.02783203
 -0.01079559]",2,"['오프라인', '견적', '인터넷', '비교', '저렴하다', '구매']",오프라인 견적 인터넷 비교 저렴하다 구매,0
4617,오프라인 매장을 돌아보시는게 좋을꺼같아요~ 혜택이많다고 들었어요!,"[ 0.00323677  0.03271484 -0.03009033 ... -0.0362854  -0.04708862
  0.0053978 ]",2,"['오프라인', '매장', '돌아보다', '좋다', '혜택', '많다']",오프라인 매장 돌아보다 좋다 혜택 많다,0
4618,오프라인 매장 가보려하는데 부모님지인분중 아는분이 싸게해주신다해서 일단 견적만 살짜쿵 받아보려구요 ㅎㅎ답완,"[ 0.00349617  0.03442383 -0.02984619 ... -0.03970337 -0.0255127
  0.00020301]",2,"['오프라인', '매장', '부모', '지인', '싸다', '견적']",오프라인 매장 부모 지인 싸다 견적,2
4619,오프라인으로 해서 나름 혜택도 많이 받고 했어요! 2천정도면 충분하고도 남을듯요 ㅎㅎ,"[-0.00408936  0.02659607 -0.02659607 ... -0.01782227 -0.0317688
 -0.00179005]",2,"['오프라인', '혜택', '충분하다', '남다']",오프라인 혜택 충분하다 남다,0
4620,오프라인매장에서 직접 견적 받아보구 더 합리적인 곳에서 살 것 같아요! 그리고 매매 예정이시기 때문에 정말 최소화 하시기 추천드려요!,"[-0.00233078  0.03265381 -0.03256226 ... -0.03314209 -0.02110291
  0.00205231]",2,"['오프라인', '매장', '견적', '합리', '살다', '매매', '예정', '최소', '추천', '드리다']",오프라인 매장 견적 합리 살다 매매 예정 최소 추천 드리다,0
4621,오프라인 발품파는게 견적할인 많이 받는다고 하더라구요~ 백화점도 포인트 많이 받는다던데 한번 발품팔아보세용ㅎㅎ,"[-0.00899506  0.0209198  -0.02062988 ... -0.04400635 -0.03662109
  0.00326347]",2,"['오프라인', '발품', '파', '견적', '할인', '백화점', '포인트', '발품', '팔다', '보세']",오프라인 발품 파 견적 할인 백화점 포인트 발품 팔다 보세,0
4622,오프라인 매장에서 세트로 하는게 싸다고 하더라구요. 오픈매장 위주로 찾아보세요!,"[ 0.01577759  0.01824951 -0.03811646 ... -0.03695679 -0.02494812
  0.01086426]",2,"['오프라인', '매장', '세트', '싸다', '오픈', '매장', '위주', '찾다']",오프라인 매장 세트 싸다 오픈 매장 위주 찾다,1
4623,저는 오프라인으로 계약했지만 온라인으로 화보집도 보고 그랬네요,"[-0.0138855   0.02075195 -0.02638245 ... -0.02178955 -0.04812622
 -0.00234222]",2,"['오프라인', '계약', '온라인', '화보집']",오프라인 계약 온라인 화보집,0
4624,저는 계약후에도 온라인 박람회 자주들어가서 구경해요 ㅎㅎ,"[-0.02857971  0.0259552  -0.00432587 ... -0.04937744 -0.04293823
 -0.00551224]",2,"['계약', '온라인', '박람회', '들어가다', '구경']",계약 온라인 박람회 들어가다 구경,1
4625,"온라인 박람회가 여러모로 장점이 많아서, 주위에 홍보하고 있어요 ㅎㅎ","[-0.00823975  0.03079224 -0.02633667 ... -0.02732849 -0.02056885
 -0.01683044]",2,"['온라인', '박람회', '장점', '많다', '주위', '홍보']",온라인 박람회 장점 많다 주위 홍보,2
4626,오프라인에서 묶어서 사는게 더 편하고 저렴할 것 같아요~!,"[ 0.00891113  0.04415894 -0.0242157  ... -0.01557159 -0.03903198
 -0.00284958]",2,"['오프라인', '묶다', '사다', '편하다']",오프라인 묶다 사다 편하다,1
4627,"오프라인 구매면 날자 지정 가능하고, 온라인이면 힘들어요.","[ 0.00753784  0.01716614 -0.03114319 ... -0.03213501 -0.03961182
 -0.01277924]",2,"['오프라인', '구매', '날다', '지정', '가능', '온라인', '힘들다']",오프라인 구매 날다 지정 가능 온라인 힘들다,2
4628,저는 온라인 추천이요~~ 2개정도면 온라인이 더 저렴할거에요!,"[-0.00456238  0.02546692 -0.03915405 ... -0.03167725 -0.01889038
  0.00568008]",2,"['온라인', '추천', '온라인', '저렴하다']",온라인 추천 온라인 저렴하다,1
4629,두개면 온라인 최저가가 저렴해요! 매장은 기본 1000은구매해야 할인폭이커서요ㅠ,"[ 0.01387787  0.02178955 -0.04083252 ... -0.02542114 -0.02999878
  0.01374817]",2,"['온라인', '최저', '저렴하다', '매장', '기본', '구매', '할인', '크다']",온라인 최저 저렴하다 매장 기본 구매 할인 크다,2
4630,매장에서는 여러개를 한 번에 사야 좀 싸더라구요! 그래도 행사상품도 있을 수 있으니 둘러보세용 ㅎㅎ,"[ 0.00855255  0.02096558 -0.03083801 ... -0.02325439 -0.02868652
  0.02349854]",2,"['매장', '사다', '싸다', '행사', '상품', '둘러보다']",매장 사다 싸다 행사 상품 둘러보다,2
4631,품목이 많지않다면 솔직히 인터넷으로 사는게 가장 저렴해요 오프라인은 품목여러가지로 샀을경우에 유리하구요 오프라인에서 상담받으시고 구매는 인터넷으로하세요,"[ 0.00260353  0.00948334 -0.04275513 ... -0.03619385 -0.0206604
  0.00959015]",2,"['품목', '많다', '인터넷', '사다', '저렴하다', '오프라인', '품목', '사다', '유리', '오프라인', '상담', '구매', '인터넷']",품목 많다 인터넷 사다 저렴하다 오프라인 품목 사다 유리 오프라인 상담 구매 인터넷,2
4632,단품으로 사는거면 온라인 최저가 or 하이마트라고 들었어요!,"[ 0.00377083  0.02073669 -0.02726746 ... -0.03591919 -0.04211426
  0.00517654]",2,"['사다', '온라인', '최저', '하이마트']",사다 온라인 최저 하이마트,1
4633,적은 물품이라면 인터넷도 견적이 괜찮더라구요~ 대신 지역매장 견적이랑 비교해보시구 품번이 같은 제품인지 보고 구매하는게 중요한거 같아요,"[-0.0007844   0.02716064 -0.03421021 ... -0.0357666  -0.02790833
 -0.00552368]",2,"['적다', '물품', '인터넷', '견적', '괜찮다', '대신', '지역', '매장', '견적', '비교', '제품', '구매', '중요']",적다 물품 인터넷 견적 괜찮다 대신 지역 매장 견적 비교 제품 구매 중요,0
4634,많이 살게 아니시면 온라인 추천드려요~확실히 저렴합니다,"[-0.00070095  0.03515625 -0.02288818 ... -0.03631592 -0.02590942
 -0.00813293]",2,"['살다', '온라인', '추천', '드리다', '저렴하다']",살다 온라인 추천 드리다 저렴하다,1
4635,다섯품목이긴 하지만 그래도 비용이 센것들이라 오프라인 몇군데도 한번 견적 받아보세용~~,"[ 0.00653076  0.02870178 -0.02915955 ... -0.04064941 -0.02230835
  0.02336121]",2,"['품목', '비용', '세다', '오프라인', '견적']",품목 비용 세다 오프라인 견적,0
4636,품목이 몇개 안되면 온라인이 특가도 많이 뜨고 훨씬 저렴할거에요! 근데 혹시모르니 오프라인 몇군데보고 그래도 온라인 최저가가 싸다하면 그냥 바로 온라인하세요!,"[-0.00018156  0.0274353  -0.04434204 ... -0.01065063 -0.00932312
  0.0003798 ]",2,"['품목', '온라인', '특가', '뜨다', '저렴하다', '오프라인', '온라인', '최저', '싸다', '온라인']",품목 온라인 특가 뜨다 저렴하다 오프라인 온라인 최저 싸다 온라인,1
4637,저두요~ 많이 안살거라 오프라인매장에서 발품 팔아보고 비교해보니 온라인으로 몇가지 구매하시는게 나을거같아서 온라인으로 목록 보려고하고있어요! 고민하실필요없어요 머리만아파요ㅎ,"[-0.00704575  0.02165222 -0.02760315 ... -0.03567505 -0.03016663
 -0.00363159]",2,"['사다', '오프라인', '매장', '발품', '팔다', '비교', '온라인', '구매', '온라인', '목록', '고민', '필요', '머리', '아프다']",사다 오프라인 매장 발품 팔다 비교 온라인 구매 온라인 목록 고민 필요 머리 아프다,1
4638,매장에서도 단품으로 2-3가지만 하는거면 인터넷 최저가가 싸다고 하던데 시간잇으시면 매장이랑 비교해보심이 좋으실꺼같아용,"[ 0.00687408  0.02801514 -0.03013611 ... -0.02796936 -0.01791382
  0.01679993]",2,"['매장', '인터넷', '최저', '싸다', '시간', '매장', '비교', '좋다']",매장 인터넷 최저 싸다 시간 매장 비교 좋다,2
4639,오픈점 혼수로 견적 받아보시고 인터넷이랑도 비교해보세요. 오프라인으로 사시면 사은품도 받으실 수 있으니 저는 오프라인 추천드립니다 ㅎㅎ,"[ 0.00802612  0.01881409 -0.02720642 ... -0.03826904 -0.02928162
  0.00886536]",2,"['오픈', '혼수', '견적', '인터넷', '비교', '오프라인', '사다', '사은품', '오프라인', '추천', '드리다']",오픈 혼수 견적 인터넷 비교 오프라인 사다 사은품 오프라인 추천 드리다,0
4640,단품 몇개만 사실거라면 온라인 구매가 저렴해요 ~,"[ 0.00502777  0.04049683 -0.02233887 ... -0.02523804 -0.02784729
 -0.01412964]",2,"['사다', '온라인', '구매', '저렴하다']",사다 온라인 구매 저렴하다,1
4641,"저도 3가지만 샀었는데 온라인은 배송문제도 있고, 배송비 따로해서 ㅠ 그냥 오프라인으로 견적받아서 샀어요. 차이 20만원이내라서요","[-0.01108551  0.03283691 -0.03735352 ... -0.01976013 -0.03610229
  0.00465393]",2,"['사다', '온라인', '배송', '문제', '배송비', '오프라인', '견적', '사다', '차이', '이내']",사다 온라인 배송 문제 배송비 오프라인 견적 사다 차이 이내,2
4642,3가지 정도면 온라인이 더 저렴할거에요. 그래도 혹시 모르니까 저라면 오프라인 2~3곳은 방문해볼 것 같네요,"[ 0.00085497  0.02241516 -0.03146362 ... -0.03372192 -0.01583862
  0.0040741 ]",2,"['온라인', '저렴하다', '오프라인', '방문']",온라인 저렴하다 오프라인 방문,0
4643,솔직히 전 다품목샀는데도 인터넷이 더 나았을 것 같은 느낌이더라구요ㅠ온라인추천드려용!,"[-0.01203918  0.02726746 -0.02787781 ... -0.04058838 -0.02345276
 -0.01452637]",2,"['품목', '사다', '인터넷', '느낌', '온라인', '추천', '드리다']",품목 사다 인터넷 느낌 온라인 추천 드리다,0
4644,저 5품목했는데 매장이 훨 쌌어요! 온라인이랑도 비교해보세요,"[ 0.02331543  0.02375793 -0.03890991 ... -0.02590942 -0.03161621
  0.01085663]",2,"['품목', '매장', '싸다', '온라인', '비교']",품목 매장 싸다 온라인 비교,0
4645,5품목 이상이면 백화점이 괜찮은데 품목 적으면 온라인도 괜찮더라구요!,"[ 0.00730133 -0.00342751 -0.03329468 ... -0.04089355 -0.04248047
 -0.00297928]",2,"['품목', '이상', '백화점', '괜찮다', '품목', '적다', '온라인', '괜찮다']",품목 이상 백화점 괜찮다 품목 적다 온라인 괜찮다,1
4646,저는 그냥 오프라인 매장 가서 한번에 쫙 다 샀어요. 그 매장직원분은 임직원가 보다 혼수혜택이 더 좋다고 하셨는데 진짜인지 아닌진 모르겠어요,"[ 0.0122757   0.02105713 -0.026474   ... -0.01125336 -0.03198242
  0.03421021]",2,"['오프라인', '매장', '사다', '매장', '직원', '임직원', '혼수', '혜택', '좋다']",오프라인 매장 사다 매장 직원 임직원 혼수 혜택 좋다,2
4647,저는 가까운 오프라인 매장 다 돌고 백화점도 가보고 여러군데 비교해보고 하려규요!,"[-0.00013554  0.01212311 -0.02026367 ... -0.03518677 -0.03579712
  0.00270462]",2,"['오프라인', '매장', '돌다', '백화점', '비교']",오프라인 매장 돌다 백화점 비교,0
4648,"저는 오프라인 매장 돌고 발품 팔아서 구입했어요 ㅎㅎ어쨌든 오프라인에선 한꺼번에 여러개 사면 할인도 많이 해주고 혼수, 이사 혜택도 있으니까용","[-0.00673676  0.02476501 -0.01821899 ... -0.02655029 -0.03442383
  0.00751114]",2,"['오프라인', '매장', '돌다', '발품', '팔다', '구입', '오프라인', '사다', '할인', '혼수', '이사', '혜택']",오프라인 매장 돌다 발품 팔다 구입 오프라인 사다 할인 혼수 이사 혜택,0
4649,발품 많이 팔아야 저렴하게 가능하다고 하더라구요.. 매장마다 너무달라서 !,"[-0.00084925  0.02183533 -0.00788116 ... -0.03637695 -0.03065491
  0.02249146]",2,"['발품', '팔다', '가능', '매장', '다르다']",발품 팔다 가능 매장 다르다,2
4650,대부분 가까운 오프라인 매장 돌아다니면서 발품팔아서 비교하고 사신다고 들었어요!,"[-0.00270653  0.01994324 -0.02105713 ... -0.03207397 -0.04031372
 -0.00727081]",2,"['부분', '오프라인', '매장', '돌아다니다', '발품', '팔다', '비교', '사다']",부분 오프라인 매장 돌아다니다 발품 팔다 비교 사다,0
4651,소량은 인터넷 혼수는 여러품목이니까 오프라인요,"[ 0.01117706  0.02468872 -0.02217102 ... -0.02011108 -0.04116821
 -0.01331329]",2,"['소량', '인터넷', '혼수', '품목', '오프라인']",소량 인터넷 혼수 품목 오프라인,2
4652,소량으로 살거면 인터넷이 많고 다 살거면 오프라인이 낫다고 들었어요,"[-0.00174236  0.02967834 -0.02307129 ... -0.04022217 -0.02861023
  0.00958252]",2,"['소량', '살다', '인터넷', '많다', '살다', '오프라인']",소량 살다 인터넷 많다 살다 오프라인,1
4653,온라인 상품이랑 오프라인상품이랑 다르다고했어요~! 저는 둘다 견적받아보고 비교해서 구매하는게 제일 좋을거같아요,"[ 0.00155735  0.02468872 -0.0319519  ... -0.03585815 -0.03274536
 -0.02044678]",2,"['온라인', '상품', '오프라인', '상품', '다르다', '견적', '비교', '구매', '좋다']",온라인 상품 오프라인 상품 다르다 견적 비교 구매 좋다,0
4654,저는 아직 구체적으로 찾아보진 않았는데 온라인+오프라인 발품 모두 활용할 것 같아요! 답완,"[-0.01039886  0.00991821 -0.02185059 ... -0.04464722 -0.02703857
 -0.01733398]",2,"['구체', '찾다', '온라인', '오프라인', '발품', '활용']",구체 찾다 온라인 오프라인 발품 활용,0
4655,품목이 많으면 오프라인 발품 파는게 혜택이 크다고 하더라구요,"[-2.33650208e-03  2.59399414e-02 -3.06854248e-02 ... -2.98156738e-02
 -2.78778076e-02 -5.90085983e-06]",2,"['품목', '많다', '오프라인', '발품', '파', '혜택', '크다']",품목 많다 오프라인 발품 파 혜택 크다,0
4656,오프라인 여러곳 발품팔아 구매할 계획입니다ㅎㅎ,"[-0.00347137  0.03430176 -0.01643372 ... -0.02815247 -0.03564453
 -0.00679016]",2,"['오프라인', '발품', '팔다', '구매', '계획']",오프라인 발품 팔다 구매 계획,0
4657,오프라인 발품팔아서 구입할 예정이에용!,"[-0.00636673  0.03890991 -0.01340485 ... -0.01844788 -0.04544067
 -0.00326538]",2,"['오프라인', '발품', '팔다', '구입', '예정']",오프라인 발품 팔다 구입 예정,0
4658,오프라인 발품팔아서 구매하시는게 젤 저렴할거에요 !,"[-0.01594543  0.04360962 -0.02844238 ... -0.02664185 -0.04034424
  0.00190258]",2,"['오프라인', '발품', '팔다', '구매', '저렴하다']",오프라인 발품 팔다 구매 저렴하다,0
4659,발품팔아서 직원가랑 오프라인이랑 비교해보고 저렴한곳으로 하시는게 좋을것 같아요 답완,"[-0.00564575  0.009758   -0.03552246 ... -0.04379272 -0.04052734
  0.00284195]",2,"['발품', '팔다', '직원', '오프라인', '비교', '저렴하다', '좋다']",발품 팔다 직원 오프라인 비교 저렴하다 좋다,0
4660,저도 오프라인 발품부터 팔아보고 인터넷이랑 비교해서 더 싼 곳에서 하려구요 ㅎㅎ,"[-0.01193237  0.02770996 -0.0194397  ... -0.03009033 -0.03207397
 -0.0085907 ]",2,"['오프라인', '발품', '팔다', '인터넷', '비교', '싸다']",오프라인 발품 팔다 인터넷 비교 싸다,0
4661,하나만 사시면 온라인이고 세개 이상일경우는 무조건 오프라인이요 부탁드려요,"[ 0.0007782   0.01611328 -0.03656006 ... -0.0242157  -0.02368164
  0.01437378]",2,"['사다', '온라인', '이상', '오프라인', '부탁드리다']",사다 온라인 이상 오프라인 부탁드리다,1
4662,전 오프라인으로 보고 온라인으로 구매할 것 같아요! 근데 세트같은경우에는 오프라인이 더 낫댓죠..? 부탁드려요,"[ 0.0002414   0.01441193 -0.03286743 ... -0.03036499 -0.03662109
  0.0020237 ]",2,"['오프라인', '온라인', '구매', '세트', '오프라인', '부탁드리다']",오프라인 온라인 구매 세트 오프라인 부탁드리다,1
4663,저 몇개 싸게 살거라고 온라인으로 구매했다고 사기 당했어요 조심하세요 오프라인가서 사세요 ㅠㅠ 부탁합니다 ㅎㅎ,"[-0.00231743  0.03038025 -0.03762817 ... -0.02046204 -0.02191162
 -0.01158142]",2,"['싸다', '사다', '온라인', '구매', '사기', '당하다', '조심', '오프라인', '사다', '부탁']",싸다 사다 온라인 구매 사기 당하다 조심 오프라인 사다 부탁,1
4664,오프라인이 그래도 담당자분이 유도리잇게 해주시지 않을까요? 온라인은 왠지 에프엠일거같은 느낌ㅋㅋ,"[-0.01160431  0.01017761 -0.00791168 ... -0.03942871 -0.01835632
 -0.00550079]",2,"['오프라인', '담당자', '도리', '온라인', '에프엠', '느낌']",오프라인 담당자 도리 온라인 에프엠 느낌,1
4665,품목이 다양하면 오프라인으로 하셔서 다품목 할인 받으시는게 최고에요! 부탁드려요!,"[ 0.00384331  0.01922607 -0.03948975 ... -0.02963257 -0.0300293
 -0.00173664]",2,"['품목', '다양', '오프라인', '품목', '할인', '최고', '부탁드리다']",품목 다양 오프라인 품목 할인 최고 부탁드리다,2
4666,"개별로 살거면 온라인, 묶어서 살거면 오프라인이요ㅋㅋ","[ 0.00834656  0.0214386  -0.01502991 ... -0.03369141 -0.03625488
  0.00647736]",2,"['개별', '살다', '온라인', '묶다', '살다', '오프라인']",개별 살다 온라인 묶다 살다 오프라인,1
4667,여러개 한범에 사면 오프라인에서 싼게 국룰이래요! ㅎㅎ 한두품목 사는거면 인터넷에 품목명 치시면 되시구요 ㅎㅎ,"[-0.00540924  0.02424622 -0.03997803 ... -0.01972961 -0.02972412
  0.00323105]",2,"['사다', '오프라인', '싸다', '품목', '사다', '인터넷', '품목', '치다']",사다 오프라인 싸다 품목 사다 인터넷 품목 치다,2
4668,"가격비교 해보시고, 품목에 따라 다르긴 하지만 오프라인 추천드려요 답완","[ 0.00096798  0.01309967 -0.03710938 ... -0.02531433 -0.01870728
 -0.01361847]",2,"['가격', '비교', '품목', '따르다', '다르다', '오프라인', '추천', '드리다']",가격 비교 품목 따르다 다르다 오프라인 추천 드리다,0
4669,혼수는 오프라인으로 사는게 좋을거같아요 살게한두개가 아니다보니,"[ 0.02832031  0.02496338 -0.02227783 ... -0.02534485 -0.03570557
 -0.01106262]",2,"['혼수', '오프라인', '사다', '좋다', '살다']",혼수 오프라인 사다 좋다 살다,1
4670,저는 잘 몰라서 온라인으로 알아보고 구매했어요! 완료😊,"[ 0.00701523  0.01344299 -0.03613281 ... -0.04403687 -0.02922058
 -0.0178833 ]",2,"['온라인', '알아보다', '구매', '완료']",온라인 알아보다 구매 완료,0
4671,저두 주변에서는 오프라인을 많이 추천해주셨어요! 답완,"[ 0.00770187  0.03530884 -0.03353882 ... -0.0295105  -0.01190948
 -0.01389313]",2,"['주변', '오프라인', '추천']",주변 오프라인 추천,0
4672,여러개 사시는 거면 오프라인 추천해주시더라구요!,"[-0.00078917  0.02659607 -0.03018188 ... -0.0201416  -0.01679993
 -0.0146637 ]",2,"['사다', '오프라인', '추천']",사다 오프라인 추천,0
4673,다품목은 오프라인이여! 발품많이 파시구요 ㅎㅎ,"[-0.00382996  0.00801086 -0.02519226 ... -0.03967285 -0.03369141
  0.01651001]",2,"['품목', '오프라인', '발품', '파']",품목 오프라인 발품 파,0
4674,품목이 다양하면 오프라인에서 한번에 구매하는게 좋다고 들었어요~,"[ 0.01049042  0.02822876 -0.03359985 ... -0.02046204 -0.0352478
 -0.01016998]",2,"['품목', '다양', '오프라인', '구매', '좋다']",품목 다양 오프라인 구매 좋다,0
4675,여러개 살려고 라면 오프라인이 저렴하다고 듣었어요.온라인은 하나씩 살때 저렴한거같아요!,"[-0.00516891  0.03070068 -0.02833557 ... -0.02520752 -0.02693176
  0.00555038]",2,"['살다', '오프라인', '온라인', '사다', '저렴하다']",살다 오프라인 온라인 사다 저렴하다,1
4676,견적받아보고 결정하세요 여러가지사면 오프라인 할인 많이 되요!답완,"[-0.00197792  0.03265381 -0.04354858 ... -0.03378296 -0.02186584
  0.00647354]",2,"['견적', '결정', '사다', '오프라인', '할인']",견적 결정 사다 오프라인 할인,0
4677,여러개를 한번에 구매하시고자 하면 오프라인 매장이 더 저렴하다고 합니다!,"[ 0.00310707  0.04364014 -0.03921509 ... -0.01834106 -0.03765869
  0.00479889]",2,"['구매', '오프라인', '매장', '저렴하다']",구매 오프라인 매장 저렴하다,1
4678,다품목이면 오프라인인가요?! 곧 입주라 슬슬 보러다녀야하는데 쉽지않네요,"[-0.00727081  0.02639771 -0.01704407 ... -0.04248047 -0.03991699
  0.00434113]",2,"['품목', '오프라인', '입주', '다니다']",품목 오프라인 입주 다니다,0
4679,댓글 달아주신 거 보니 다품목이면 무조건 오프라인으로 가야할것 같아요 ㅎㅎ,"[-0.00835419  0.01150513 -0.01341248 ... -0.02297974 -0.02079773
  0.01000214]",2,"['댓글', '달다', '품목', '오프라인']",댓글 달다 품목 오프라인,0
4680,갯수가 많으면 오프라인 적으면 온라인이 쌀거에요 아마,"[ 0.0080719   0.0120697  -0.01959229 ... -0.01509094 -0.00394821
  0.00923157]",2,"['갯수', '많다', '오프라인', '적다', '온라인', '싸다']",갯수 많다 오프라인 적다 온라인 싸다,0
4681,저는 품목이나 제품따라서 좀 다를거같은데 신혼 혼수가전 오프라인도 할인이 높고 행사가 잇어서 전 오프라인 추천해봅니다 답완,"[ 0.01618958  0.01612854 -0.03668213 ... -0.022995   -0.02859497
 -0.00693512]",2,"['품목', '제품', '따르다', '다르다', '신혼', '혼수', '가전', '오프라인', '할인', '높다', '행사', '오프라인', '추천']",품목 제품 따르다 다르다 신혼 혼수 가전 오프라인 할인 높다 행사 오프라인 추천,2
4682,세트로 하실꺼면 오프라인이 훨 쌀듯요 완료,"[ 0.02380371  0.02398682 -0.03149414 ... -0.04470825 -0.01950073
  0.01870728]",2,"['세트', '오프라인', '싸다', '완료']",세트 오프라인 싸다 완료,1
4683,오프라인 견적 발품파는게 제일 좋습니다~!,"[-0.00557327  0.03536987 -0.02359009 ... -0.03695679 -0.04046631
 -0.00865936]",2,"['오프라인', '견적', '발품', '파', '좋다']",오프라인 견적 발품 파 좋다,0
4684,아뇨...발품팔아보시면 훨싸요 오프라인이,"[ 0.00906372  0.01747131 -0.03793335 ... -0.04702759 -0.02941895
  0.02302551]",2,"['발품', '팔다', '싸다', '오프라인']",발품 팔다 싸다 오프라인,0
4685,저도 백화점 견적받고서 인터넷최저가 비교해봤더니 백화점에서 사는게 100만원정도 저렴했어요! 무슨품목 사느냐에 따라 다를거에요!,"[ 0.00638962  0.02522278 -0.03381348 ... -0.04040527 -0.05099487
  0.00418091]",2,"['백화점', '견적', '인터넷', '최저', '비교', '백화점', '사다', '저렴하다', '품목', '사다', '따르다', '다르다']",백화점 견적 인터넷 최저 비교 백화점 사다 저렴하다 품목 사다 따르다 다르다,2
4686,두세개 사는건 인터넷이 더 싼데 여러개 사는건 매장이 더 싸요,"[ 0.00706482  0.03062439 -0.02911377 ... -0.0266571  -0.02966309
  0.02522278]",2,"['사다', '인터넷', '싸다', '사다', '매장', '싸다']",사다 인터넷 싸다 사다 매장 싸다,2
4687,케바케에요 에어컨은 확실히 온라인이싸요,"[ 0.02172852  0.03031921 -0.01856995 ... -0.0309906  -0.02685547
 -0.01089478]",2,"['케바케', '에어컨', '온라인', '싸다']",케바케 에어컨 온라인 싸다,1
4688,5품목 이상이면 한번에 사는게 저렴하구요 이하면 온라인이 더 싸더라구요~,"[ 0.00993347  0.03086853 -0.02687073 ... -0.02246094 -0.02326965
  0.00266266]",2,"['품목', '이상', '사다', '저렴하다', '이하', '온라인', '싸다']",품목 이상 사다 저렴하다 이하 온라인 싸다,1
4689,한두개 사면 인터넷이 싸겠지만 대량으로 여러가지 사면 오프라인이 더 저렴해요 ㅎㅎ,"[-0.01274109  0.03347778 -0.02941895 ... -0.03065491 -0.02789307
  0.01423645]",2,"['사다', '인터넷', '싸다', '대량', '사다', '오프라인', '저렴하다']",사다 인터넷 싸다 대량 사다 오프라인 저렴하다,1
4690,많이 살꺼면 오프 한두개 살꺼면 온라인 추천이여,"[ 0.01086426  0.02787781 -0.03189087 ... -0.02267456 -0.02095032
  0.00494385]",2,"['사다', '오프', '사다', '온라인', '추천']",사다 오프 사다 온라인 추천,1
4691,"한꺼번에 사면 오프라인이 더 저럼하다고 하더라구요! 그리고 같은 모델이라도 하이마트 입고되는거, 온라인, 백화점입고..제품 뜯어보면 안에 부품라인?이 다르다고 하더라고요..신기함~","[ 0.00477219  0.0082016  -0.03982544 ... -0.02355957 -0.03540039
  0.01608276]",2,"['사다', '오프라인', '저러다', '모델', '하이마트', '입고', '온라인', '백화점', '입고', '제품', '뜯어보다', '부품', '라인', '다르다', '신기하다']",사다 오프라인 저러다 모델 하이마트 입고 온라인 백화점 입고 제품 뜯어보다 부품 라인 다르다 신기하다,2
4692,여러 품목이면 혼수할인 받고 오프라인이 더 나은 것 같아요! 개별로 사면 인터넷이 더 저렴한것 같구요ㅎㅎ,"[ 0.0057869   0.02235413 -0.03668213 ... -0.03738403 -0.0328064
  0.01126862]",2,"['품목', '혼수', '할인', '오프라인', '사다', '인터넷', '저렴하다']",품목 혼수 할인 오프라인 사다 인터넷 저렴하다,2
4693,"종류가 많으면 오프라인이, 한 개씩 사면 온라인이 더 싼건 맞는 거 같아요. 오프라인은 종류가 많아질 수록 할인률이 높아져서요!","[ 0.00351906  0.01679993 -0.03445435 ... -0.01965332 -0.02635193
  0.00708389]",2,"['종류', '많다', '오프라인', '사다', '온라인', '싸다', '맞다', '오프라인', '종류', '많다', '수록', '할인', '높다']",종류 많다 오프라인 사다 온라인 싸다 맞다 오프라인 종류 많다 수록 할인 높다,2
4694,저희도 인터넷으로도 계산해보고 살려구 하는데요 매장가서 보는게 좋은거 같고 고민중이에요,"[ 0.01545715  0.03056335 -0.0305481  ... -0.04516602 -0.03564453
  0.02285767]",2,"['인터넷', '계산', '살다', '매장', '좋다', '고민']",인터넷 계산 살다 매장 좋다 고민,2
4695,인터넷 온라인이 더 저렴할거같아요. 오프라인은 품목이 많을때 할인이 많이들어가서 저렴했어요ㅜㅜ,"[-0.00113201  0.02081299 -0.03167725 ... -0.03829956 -0.03056335
 -0.0044136 ]",2,"['인터넷', '온라인', '저렴하다', '오프라인', '품목', '많다', '할인', '들어가다', '저렴하다']",인터넷 온라인 저렴하다 오프라인 품목 많다 할인 들어가다 저렴하다,2
4696,품목이 많을수록 오프라인에서 할인이 많이 되더라고요 진짜 품목 더 늘어도 가격 비슷해지기도 했어요 삼성은 견적받았을때!,"[ 0.00697708  0.0138855  -0.04483032 ... -0.02490234 -0.02244568
 -0.0083847 ]",2,"['품목', '많다', '오프라인', '할인', '품목', '늘다', '가격', '비슷하다', '삼성', '견적']",품목 많다 오프라인 할인 품목 늘다 가격 비슷하다 삼성 견적,0
4697,그리고 오프라인은 대부분 신상만 취급해서 비싼 것도 있어요! 인터넷 상품은 이월도 많고요,"[ 0.00447083  0.015625   -0.02937317 ... -0.03649902 -0.03833008
 -0.0063324 ]",2,"['오프라인', '부분', '신상', '취급', '비싸다', '인터넷', '상품', '많다']",오프라인 부분 신상 취급 비싸다 인터넷 상품 많다,2
4698,4가지만 사는거면 온라인최저가가 더쌀꺼에용,"[ 0.00970459  0.04019165 -0.02348328 ... -0.02468872 -0.02467346
  0.01167297]",2,"['사다', '온라인', '최저', '싸다']",사다 온라인 최저 싸다,1
4699,비교해보니깐 가격이 온라인 가격이랑 오프라인 체감가는 비슷하더라구요 대신 온라인은 제가 원하는 색상으로 했을때 오프라인가랑 비슷했고.. 오프라인은 정해진 색상이나 기본색상으로 했을때가 가격이 저렴해서.. 오프라인이 좀더 할인되면 좋았을텐데 하는 아쉬움이 남네여😅😅,"[ 0.00339317  0.02125549 -0.04159546 ... -0.0199585  -0.01760864
  0.003582  ]",2,"['비교', '가격', '온라인', '가격', '오프라인', '체감', '비슷하다', '대신', '온라인', '원하다', '색상', '오프라인', '오프라인', '정하다', '색상', '기본', '색상', '가격', '오프라인', '할인', '좋다', '아쉬움', '남다']",비교 가격 온라인 가격 오프라인 체감 비슷하다 대신 온라인 원하다 색상 오프라인 오프라인 정하다 색상 기본 색상 가격 오프라인 할인 좋다 아쉬움 남다,0
4700,저는 일단 오프라인으로 보고 가격비교해보고살거같아요,"[-0.0014019   0.01446533 -0.02015686 ... -0.03701782 -0.02536011
 -0.01629639]",2,"['오프라인', '가격', '비교', '살다']",오프라인 가격 비교 살다,0
4701,오프라인 매장 가보시는것도 괜찮을것같아요! 오프라인도 생각보다 할인 많이되서 놀란1인,"[ 0.0007534   0.02084351 -0.03479004 ... -0.02197266 -0.03872681
  0.01103973]",2,"['오프라인', '매장', '괜찮다', '오프라인', '생각', '할인', '놀라다']",오프라인 매장 괜찮다 오프라인 생각 할인 놀라다,2
4702,온라인 오프라인 가격비교 다 해보고 구매하는게 좋을거 같아요~,"[ 0.00908661  0.03103638 -0.02819824 ... -0.0291748  -0.03018188
 -0.01261902]",2,"['온라인', '오프라인', '가격', '비교', '구매', '좋다']",온라인 오프라인 가격 비교 구매 좋다,0
4703,저도 온라인 오프라인 비교해보고 사려고요ㅠㅠ 가격이 조금씩 다 다르더라고요ㅠㅠ,"[-0.00361252  0.02505493 -0.02810669 ... -0.02720642 -0.03001404
 -0.01489258]",2,"['온라인', '오프라인', '비교', '사다', '가격', '다르다']",온라인 오프라인 비교 사다 가격 다르다,0
4704,우선 온라인 최저가 찾아보시고 오프라인 매장가서 가격비교 하시면 되겠습니다.,"[ 0.00967407  0.03086853 -0.01916504 ... -0.02458191 -0.03890991
 -0.01173401]",2,"['온라인', '최저', '찾다', '오프라인', '매장', '가격', '비교']",온라인 최저 찾다 오프라인 매장 가격 비교,0
4705,최저가 비교해보시는게 좋을거같아요~ 매장보단 그래도 인터넷이 저렴한 곳이 있는거같아요,"[-0.002882    0.02909851 -0.02783203 ... -0.05584717 -0.03866577
  0.0039444 ]",2,"['최저', '비교', '좋다', '매장', '인터넷', '저렴하다']",최저 비교 좋다 매장 인터넷 저렴하다,2
4706,저정도라면 온라인 최저가 카드혜택 찾아서 사는게 저렴할것같기는 하네용!,"[-0.00814819  0.04168701 -0.02575684 ... -0.0333252  -0.04153442
  0.000669  ]",2,"['온라인', '최저', '카드', '혜택', '찾다', '사다', '저렴하다']",온라인 최저 카드 혜택 찾다 사다 저렴하다,1
4707,딱 저정도면 온라인이 젤 저렴할것같긴하네여! 그래도 가격비교는 해보세용,"[-0.00574493  0.02555847 -0.04394531 ... -0.04333496 -0.01983643
  0.00179672]",2,"['온라인', '저렴하다', '가격', '비교']",온라인 저렴하다 가격 비교,0
4708,대량으로 사는게 아니면 온라인이 더저렴해요~,"[ 0.00087833  0.04003906 -0.027771   ... -0.02861023 -0.0402832
  0.00088596]",2,"['대량', '사다', '온라인', '저렴하다']",대량 사다 온라인 저렴하다,1
4709,네! 인터넷이 더 나은 것 같아요 매장가면 할인해준답시고 카드 만들라하고 몇가지만 사면 엄청 큰 할인도 안 되더라구여,"[ 0.00547028  0.02636719 -0.03656006 ... -0.03839111 -0.03588867
  0.00924683]",2,"['인터넷', '매장', '할인', '카드', '만들다', '사다', '크다', '할인']",인터넷 매장 할인 카드 만들다 사다 크다 할인,2
4710,5-6개 이하면 온라인이 더 저렴하대여ㅎㅎ 한번 알아보셔용,"[ 0.01441193  0.03540039 -0.02986145 ... -0.04376221 -0.01163483
  0.02029419]",2,"['이하', '온라인', '저렴하다', '알아보다']",이하 온라인 저렴하다 알아보다,1
4711,네네 몇가지면 그냥 온라인 구매가 더 나을거 같아용ㅎㅎ 배송비만 미리 꼭 체크하세요,"[-0.0031662   0.03341675 -0.03442383 ... -0.03793335 -0.03677368
  0.00400925]",2,"['온라인', '구매', '배송비', '체크']",온라인 구매 배송비 체크,0
4712,저정도면 온라인 최저가 찾아서 구매하는게 저렴할 것 같아요,"[-0.0005703   0.03314209 -0.02090454 ... -0.0352478  -0.02719116
  0.00935364]",2,"['온라인', '최저', '찾다', '구매']",온라인 최저 찾다 구매,1
4713,네네 그정도면 온라인 최저가 추천드러용,"[ 0.00268555  0.02635193 -0.02894592 ... -0.03857422 -0.01506805
  0.00310707]",2,"['온라인', '최저', '추천']",온라인 최저 추천,0
4714,저정도면 온라인이 훨저렴해용! 오프라인은 많이 사서 결제가가 높아야 페이백 체감가도 같이 높아지는 시스템이더라구용,"[ 0.00148773  0.01667786 -0.03240967 ... -0.0284729  -0.03105164
  0.0138092 ]",2,"['온라인', '저렴하다', '오프라인', '사다', '결제', '높다', '페이', '체감', '높다', '시스템']",온라인 저렴하다 오프라인 사다 결제 높다 페이 체감 높다 시스템,2
4715,저는 오히려 오프라인으로 발품파는게 귀찮아서 온라인으로 샀어용~! 돈이 많든 적든 저렴하게 사면 좋져!기죽지마세여!,"[-0.01367188  0.02133179 -0.03237915 ... -0.03022766 -0.03878784
 -0.00830078]",2,"['오프라인', '발품', '파', '귀찮다', '온라인', '사다', '많다', '적다', '저렴하다', '사다', '좋다', '기죽다']",오프라인 발품 파 귀찮다 온라인 사다 많다 적다 저렴하다 사다 좋다 기죽다,0
4716,네? 발품 팔아서 최저가로 싼가격에 가성비로 준비하면 알뜰한거 아닌가요...? 저는 온오프라인에 카드 결제 할인도 찾아보고 있는데요?!,"[-0.00817871  0.0252533  -0.03210449 ... -0.02511597 -0.03408813
  0.00314522]",2,"['발품', '팔다', '최저', '싸다', '가격', '가성비', '준비', '알뜰', '오프라인', '카드', '결제', '할인', '찾아보다']",발품 팔다 최저 싸다 가격 가성비 준비 알뜰 오프라인 카드 결제 할인 찾아보다,0
4717,아 그정도면 무적권 오프라인 고고하세요 ㅎㅎ 저희도 4개밖에 안봤는데 인터넷보다 용량도 더 크고 신제품으로 가격 더 좋더라구요,"[ 0.00011253  0.02363586 -0.0292511  ... -0.02516174 -0.02571106
 -0.00180531]",2,"['무적', '오프라인', '인터넷', '용량', '크다', '제품', '가격', '좋다']",무적 오프라인 인터넷 용량 크다 제품 가격 좋다,2
4718,ㅋㅋ 품목이 꽤 많은데요? ㅋㅋ 저도 오프라인 추천이요 ㅋㅋ,"[-0.00011975  0.0219574  -0.03649902 ... -0.02658081 -0.01812744
 -0.00134373]",2,"['품목', '많다', '오프라인', '추천']",품목 많다 오프라인 추천,0
4719,오프라인 발품 파시는거 추천드려요ㅜㅜ 저희도 20번넘게 돌아다녀서 신세계 죽전에서 계약할려구요!,"[-0.02157593  0.02366638 -0.01924133 ... -0.04571533 -0.0242157
  0.0198822 ]",2,"['오프라인', '발품', '파', '추천', '드리다', '넘다', '돌아다니다', '신세계', '죽전', '계약']",오프라인 발품 파 추천 드리다 넘다 돌아다니다 신세계 죽전 계약,0
4720,두가지 비교해보는게 가장 좋은데 가짓수 적어도 오프라인 한군데서 사는게 더 싸데요,"[ 0.00826263  0.02330017 -0.03381348 ... -0.04177856 -0.03204346
 -0.01021576]",2,"['비교', '좋다', '가짓수', '오프라인', '사다', '싸다']",비교 좋다 가짓수 오프라인 사다 싸다,0
4721,저는 미리 원하는 모델 찾아서 온라인 최저가 다 알아보고 직접 돌면서 오프라인 견적 받을 때 이거보다 저렴하게 가능하냐~ 이렇게 물어보려고요!,"[-0.00694656  0.02703857 -0.02053833 ... -0.04193115 -0.01832581
 -0.00032401]",2,"['원하다', '모델', '찾다', '온라인', '최저', '돌다', '오프라인', '견적', '저렴하다', '가능', '물어보다']",원하다 모델 찾다 온라인 최저 돌다 오프라인 견적 저렴하다 가능 물어보다,0
4722,저희도 품목 적어서 인터넷 최저가 지마켓 할인 때 샀는데 오프라인 견적받은것보다 훨 싸게 샀어요~,"[-0.00392151  0.03253174 -0.0369873  ... -0.01264191 -0.04095459
 -0.01800537]",2,"['품목', '적다', '인터넷', '최저', '마켓', '할인', '사다', '오프라인', '견적', '싸다', '사다']",품목 적다 인터넷 최저 마켓 할인 사다 오프라인 견적 싸다 사다,2
4723,개별로 살땐 아무래도 온라인이 싼 것 같아요,"[ 0.00535202  0.03421021 -0.022995   ... -0.02503967 -0.03503418
 -0.00116444]",2,"['개별', '살다', '온라인', '싸다']",개별 살다 온라인 싸다,1
4724,한두개면 인터넷 최저가인데 5품목은 되신다고 하니 오프라인 견적도 받아보는 게 좋을 것 같아요~,"[-0.00415421  0.02920532 -0.04074097 ... -0.02996826 -0.02005005
  0.01108551]",2,"['인터넷', '최저', '품목', '오프라인', '견적', '좋다']",인터넷 최저 품목 오프라인 견적 좋다,0
4725,제품이많으면 확실히 할인율이높아서 발품이 답인거같고 몇가지안되면 오프라인이랑 비교해보시는게좋아요,"[ 0.01597595 -0.00122738 -0.04003906 ... -0.04437256 -0.02902222
  0.01123047]",2,"['제품', '많다', '할인', '높다', '발품', '오프라인', '비교', '좋다']",제품 많다 할인 높다 발품 오프라인 비교 좋다,0
4726,"보통 매장가서 직접 보고 인터넷 최저가로 사기도 하고, 혼수특가로 싸게 사기도 하지않나용? 저는 아직 사기전이에용 ㅎ","[ 0.01199341  0.01520538 -0.01071167 ... -0.03244019 -0.02709961
  0.00380898]",2,"['매장', '인터넷', '최저', '사다', '혼수', '특가', '싸다', '사다', '사다']",매장 인터넷 최저 사다 혼수 특가 싸다 사다 사다,2
4727,저는 인터넷최저가 쫙 뽑아놓고 직접 발품도 팔고 했어요 가서 견적받은것보다 인터넷최저가가 저렴해서 인터넷으로 샀네요 최신형 풀세트로 다 맞추면 오프라인이 더 저렴할거에요,"[-0.0030117   0.01634216 -0.03634644 ... -0.02705383 -0.03671265
  0.00692749]",2,"['인터넷', '최저', '발품', '팔다', '견적', '인터넷', '최저', '인터넷', '사다', '최신', '세트', '맞추다', '오프라인', '저렴하다']",인터넷 최저 발품 팔다 견적 인터넷 최저 인터넷 사다 최신 세트 맞추다 오프라인 저렴하다,2
4728,전 처음 간 곳에서 고르고 그 모델명들을 보여주고 다니면서 견적 봤어요 품목이 많으면 오프라인이 싸고 몇개 안되면 온라인이 더 싸요 근데 온라인 사기 조심하세요,"[-0.00283051  0.01061249 -0.0451355  ... -0.03207397 -0.01834106
 -0.00201035]",2,"['고르다', '모델명', '보이다', '다니다', '견적', '품목', '많다', '오프라인', '싸다', '온라인', '싸다', '온라인', '사기', '조심']",고르다 모델명 보이다 다니다 견적 품목 많다 오프라인 싸다 온라인 싸다 온라인 사기 조심,0
4729,한두개 사는거면 온라인으로 구매하는것도 괜찮을거 같아요! 근데 여러개사면 할인도 많이되고 사은품도 잇으니까 오프라인으로도 견적 받아보세요!,"[-0.0045433   0.02973938 -0.04318237 ... -0.02870178 -0.03656006
  0.0171051 ]",2,"['사다', '온라인', '구매', '괜찮다', '사다', '할인', '사은품', '오프라인', '견적']",사다 온라인 구매 괜찮다 사다 할인 사은품 오프라인 견적,1
4730,"한군데서 여러개 사실거라면 매장이 더나아요~할인율이 크더라구요,몇개안사실꺼면 인터넷보다 저렴하진않아요","[ 0.00380516  0.02073669 -0.03964233 ... -0.03460693 -0.02522278
  0.01028442]",2,"['사다', '매장', '할인', '크다', '사다', '인터넷', '저렴하다']",사다 매장 할인 크다 사다 인터넷 저렴하다,2
4731,오프라인말고도 이렇게 온라인으로 견적을 내볼수있으니 나중에 오프라인가서도 상담 잘 받을수있을거예요 !,"[-0.0032711   0.02992249 -0.02372742 ... -0.03152466 -0.02671814
 -0.0055809 ]",2,"['오프라인', '말', '온라인', '견적', '내다', '오프라인', '상담']",오프라인 말 온라인 견적 내다 오프라인 상담,0
4732,큰거는 오프라인에서 자잘한거는 오늘의집에서 많이 구매하는 것 같아요ㅎㅎ,"[-0.00294495  0.01522064 -0.02099609 ... -0.02241516 -0.04742432
 -0.00422668]",2,"['크다', '오프라인', '오늘', '구매']",크다 오프라인 오늘 구매,2
4733,백화점이랑 온라인 제품넘버가 다르고 다른제품이라고도 하는 사람 있어서 백화점에서 했어요. 웨딩포인트 겸사겸사 했더니 비슷한거 같더라구요 ㅜㅜ,"[ 0.00692749  0.00907135 -0.03167725 ... -0.03671265 -0.01020813
 -0.00029993]",2,"['백화점', '온라인', '제품', '넘버', '다르다', '제품', '사람', '백화점', '웨딩', '포인트']",백화점 온라인 제품 넘버 다르다 제품 사람 백화점 웨딩 포인트,2
4734,사은품이 필요한게 아니면 절대적인 금액이 저렴한 곳에서 구매할 것 같아요. 혹시 사은품을 당근에서 판매할 수 있고 요것도 고려해서 저렴하다면 오프라인으로요 ㅎㅎ,"[-0.01032257  0.01241302 -0.02418518 ... -0.02772522 -0.0378418
  0.00022483]",2,"['사은품', '필요', '절대', '금액', '저렴하다', '구매', '사은품', '당근', '판매', '고려', '저렴하다', '오프라인']",사은품 필요 절대 금액 저렴하다 구매 사은품 당근 판매 고려 저렴하다 오프라인,1
4735,오프라인에서 주는 사은품도 무시 못할거같아요! 그런거까지 다 따뎌보고 하심이 어떨까요,"[-0.00775528  0.01383972 -0.02638245 ... -0.0255127  -0.03295898
  0.00260162]",2,"['오프라인', '사은품', '무시', '따뎌']",오프라인 사은품 무시 따뎌,2
4736,오프라인에서 주는 사은품보고 결정하는게 좋을것같아용,"[-0.00439835  0.01048279 -0.02929688 ... -0.02629089 -0.03594971
 -0.00731659]",2,"['오프라인', '사은품', '결정', '좋다']",오프라인 사은품 결정 좋다,0
4737,4개정도 품목은 온라인이 좋지 않을까용! 아니면 두군대전도망 돌아보시고 결정하시는것도 나쁘지않아용,"[ 0.00631714  0.0030117  -0.04055786 ... -0.03494263 -0.02093506
 -0.00518799]",2,"['품목', '온라인', '좋다', '군대', '전도', '돌아보다', '결정', '나쁘다']",품목 온라인 좋다 군대 전도 돌아보다 결정 나쁘다,0
4738,4개면 온라인이요 코스트코몰이나 최저가 비교해볼거 같아요,"[ 0.01742554  0.01185608 -0.02050781 ... -0.03778076 -0.03646851
  0.00769424]",2,"['온라인', '코스트코', '최저', '비교']",온라인 코스트코 최저 비교,1
4739,저도 온라인 구매요! 인덕션은 bei3gqt가 가격 비슷한데 신상이랑 좀 더 나을 듯 해요.,"[ 0.00773621  0.01670837 -0.05374146 ... -0.02191162 -0.01776123
 -0.01049805]",2,"['온라인', '구매', '인덕션', '가격', '신상']",온라인 구매 인덕션 가격 신상,1
4740,1-3개 구매 생각이시라면 인터넷이 싸고 그 이상으로 구매할거면 할인을 해주는 오프라인이 싸요,"[ 0.00596619  0.01872253 -0.03463745 ... -0.03283691 -0.03100586
  0.01195526]",2,"['구매', '생각', '인터넷', '싸다', '이상', '구매', '할인', '오프라인', '싸다']",구매 생각 인터넷 싸다 이상 구매 할인 오프라인 싸다,1
4741,소량은 인터넷~~ 혹시 오프라인은 대량으로 오픈매장이 제일좋데요~,"[ 0.00749588  0.01509094 -0.03372192 ... -0.04101562 -0.03591919
 -0.00356865]",2,"['소량', '인터넷', '오프라인', '대량', '오픈', '매장', '좋다']",소량 인터넷 오프라인 대량 오픈 매장 좋다,2
4742,독특하고 이쁘네요! 진짜 오프라인 가게들 넘 불친절해요,"[ 0.01308441  0.03604126 -0.01753235 ... -0.03384399 -0.03762817
  0.00348091]",2,"['독특', '이쁘다', '오프라인', '가게', '친절']",독특 이쁘다 오프라인 가게 친절,2
4743,낱개는 오프라인보다는 온라인이 더 싸요!,"[-0.00772095  0.0357666  -0.02095032 ... -0.01171875 -0.04653931
 -0.01000977]",2,"['낱개', '오프라인', '온라인', '싸다']",낱개 오프라인 온라인 싸다,1
4744,오프라인으로 가셔도 될거같아요! 저는 한개만 샀을때도 온라인보다 더 저렴하고 서비스도 넣어주시더라구요,"[-0.01486206  0.02870178 -0.02566528 ... -0.01879883 -0.03393555
  0.0098877 ]",2,"['오프라인', '사다', '온라인', '저렴하다', '서비스', '넣다']",오프라인 사다 온라인 저렴하다 서비스 넣다,1
4745,갯수가 많지않을때는 온라인 구매하능게 더 저렴하다고 들었어요!,"[-0.00714874  0.03884888 -0.02453613 ... -0.02029419 -0.037323
 -0.0049057 ]",2,"['갯수', '많다', '온라인', '구매', '저렴하다']",갯수 많다 온라인 구매 저렴하다,0
4746,세가지 밖에 안되면 온라인 최저가로 각각 구매하는게 나으실거에요!,"[ 0.01069641  0.021698   -0.02685547 ... -0.02374268 -0.03091431
 -0.00156975]",2,"['온라인', '최저', '구매']",온라인 최저 구매,1
4747,3가지는 온라인 최저가 찾아보시는 게 더 저렴할 것 같아요!,"[ 0.01439667  0.03686523 -0.02874756 ... -0.02676392 -0.03071594
 -0.01846313]",2,"['온라인', '최저', '찾아보다', '저렴하다']",온라인 최저 찾아보다 저렴하다,1
4748,"우와! 감사하요! 저는 온라인으로 견적서를 받을 수 있는줄 몰랐어요.,..ㅎㅎ 그리고 견적서를 나중에 보여주는게 더 좋은건 줄 몰랐어요.. 아마 저는 이런거 몰랐으면 그냥 구매했을..바보1인...ㅎㅎ 감사합니당! 저도 풀랫폼 공유 부탁드릴께용!","[ 0.00047374  0.01547241 -0.03182983 ... -0.04983521 -0.0508728
  0.00495911]",2,"['감사', '온라인', '견적서', '견적서', '보이다', '좋다', '구매', '바보', '감사', '풀랫폼', '공유', '부탁', '드리다']",감사 온라인 견적서 견적서 보이다 좋다 구매 바보 감사 풀랫폼 공유 부탁 드리다,0
4749,품목 적으면 온라인도 괜찮아요 그래도 저려미 오프라인도 한번 방문해보시는거 추천드려요 실제로 만져보고 제품추천도 받구요,"[-0.0068512   0.00761414 -0.03231812 ... -0.04345703 -0.01082611
 -0.01515961]",2,"['품목', '적다', '온라인', '괜찮다', '저려미', '오프라인', '방문', '추천', '드리다', '만지다', '제품', '추천']",품목 적다 온라인 괜찮다 저려미 오프라인 방문 추천 드리다 만지다 제품 추천,0
4750,저 온라인에서 구매했는데 아무 문제없이 잘쓰고있어요 온라인이 저렴해용,"[ 0.00153065  0.02313232 -0.04864502 ... -0.02674866 -0.02232361
 -0.00211906]",2,"['온라인', '구매', '문제', '쓰다', '온라인', '저렴하다']",온라인 구매 문제 쓰다 온라인 저렴하다,1
4751,단독구매는 무조건 온라인이요! 저도 온라인으로 사려구요,"[-0.00063276  0.03411865 -0.02584839 ... -0.01832581 -0.04217529
  0.0054245 ]",2,"['단독', '구매', '온라인', '온라인', '사다']",단독 구매 온라인 온라인 사다,1
4752,단품은 온라인이요~ 오픈매장도 가봤는데 온라인이 더 저렴했어요!,"[ 0.00471115  0.02484131 -0.03475952 ... -0.02355957 -0.03204346
 -0.00603485]",2,"['온라인', '오픈', '매장', '온라인', '저렴하다']",온라인 오픈 매장 온라인 저렴하다,1
4753,단품은 온라인이싼데 여러개사면 오프라인이용,"[ 0.01002502  0.02622986 -0.03970337 ... -0.01756287 -0.02244568
  0.01785278]",2,"['온라인', '싸다', '사다', '오프라인']",온라인 싸다 사다 오프라인,1
4754,위 내용만 구입이라면 온라인이 아무래도 저렴할거같아요 인건비등등이 오프라인은 있어서ㅜㅠ,"[ 0.00778961  0.02737427 -0.03146362 ... -0.02461243 -0.02825928
  0.00452805]",2,"['내용', '구입', '온라인', '저렴하다', '인건비', '오프라인']",내용 구입 온라인 저렴하다 인건비 오프라인,1
4755,맞아요~ 완전 대량으로 11종 13종 사는거 아니면 온라인도 좋아요! 저 친구 온라인서 샀는데 아주 잘 쓰고 있어요,"[ 0.01371002  0.0214386  -0.03692627 ... -0.03092957 -0.02276611
  0.03353882]",2,"['맞다', '대량', '사다', '온라인', '좋다', '친구', '온라인', '사다', '쓰다']",맞다 대량 사다 온라인 좋다 친구 온라인 사다 쓰다,1
4756,온라인박람회에도 좋은 정보들이 많은거 같아요!ㅎㅎ,"[-0.00842285  0.00915527 -0.01858521 ... -0.04644775 -0.02223206
 -0.00714111]",2,"['온라인', '박람회', '좋다', '정보', '많다']",온라인 박람회 좋다 정보 많다,0
4757,온라인 박람회는 정말 코시국에 잘 맞는것같아요! 저는 오프라인을 다녀왔지만 확진자가 계속 느니 직접다녀오는게 걱정이되기도하더라고요.,"[-0.00566483  0.01127625 -0.04229736 ... -0.02383423 -0.01976013
 -0.01303864]",2,"['온라인', '박람회', '시국', '맞다', '오프라인', '다녀오다', '확진자', '늘다', '다녀오다', '걱정']",온라인 박람회 시국 맞다 오프라인 다녀오다 확진자 늘다 다녀오다 걱정,2
4758,온라인 박람회 정보가 진짜 다양하고 바로 견적이 가능해서 편한거 같아요 ㅎㅎ,"[-0.00280952  0.02835083 -0.00930023 ... -0.04412842 -0.02883911
 -0.00988007]",2,"['온라인', '박람회', '정보', '다양', '견적', '가능', '편하다']",온라인 박람회 정보 다양 견적 가능 편하다,1
4759,제 주변지인들은 다 모델명 비교해보고 인터넷으로 하더라구요! 저도 그래서 오프라인에서 보고 인터넷으로 구매할 예정이에요!,"[-0.00123692  0.02140808 -0.03259277 ... -0.03012085 -0.02745056
 -0.00537872]",2,"['주변', '지인', '모델명', '비교', '인터넷', '오프라인', '인터넷', '구매', '예정']",주변 지인 모델명 비교 인터넷 오프라인 인터넷 구매 예정,0
4760,온라인 박람회에도 품목이나 업체들이 다양해서 비교하기 너무 좋아요!,"[-0.00258064  0.02388    -0.02610779 ... -0.03735352 -0.0390625
 -0.02061462]",2,"['온라인', '박람회', '품목', '업체', '다양', '비교', '좋다']",온라인 박람회 품목 업체 다양 비교 좋다,0
4761,맞아여! 아무래도 온라인이 업체가 더 다양한 것 같아요~,"[-0.00286865  0.02342224 -0.01535797 ... -0.04098511 -0.0269928
 -0.01402283]",2,"['맞다', '온라인', '업체', '다양']",맞다 온라인 업체 다양,1
4762,최신제품필요없고 하나하나 최저가로 알아보시면 온라인이 싸긴해요. 오프라인매장에서는 주문이안된다고하면서 할인폭 큰제품들 추천해주는데 다 최신형인것같더라구요,"[ 0.00052595  0.03579712 -0.04153442 ... -0.00818634 -0.02337646
 -0.00805664]",2,"['최신', '제품', '필요', '최저', '알아보다', '온라인', '싸다', '오프라인', '매장', '주문', '할인', '크다', '제품', '추천', '최신']",최신 제품 필요 최저 알아보다 온라인 싸다 오프라인 매장 주문 할인 크다 제품 추천 최신,1
4763,222 굳이 최신 살 필요성을 못느껴서 저는 온라인으로 최저가 제품 비교하며 사고 있습니당,"[ 0.01290131  0.03515625 -0.03077698 ... -0.02030945 -0.04031372
 -0.00733185]",2,"['최신', '필요', '온라인', '저가', '제품', '비교', '사다']",최신 필요 온라인 저가 제품 비교 사다,1
4764,최신형 아니면 온라인이 쌀수도 있는데 다품목 구입이면 오프라인도 발품 팔아 비교하시는게 좋을거 같네요,"[-0.00126743  0.01461029 -0.03366089 ... -0.03134155 -0.04263306
 -0.00184155]",2,"['최신', '온라인', '싸다', '품목', '구입', '오프라인', '발품', '팔다', '비교', '좋다']",최신 온라인 싸다 품목 구입 오프라인 발품 팔다 비교 좋다,0
4765,온라인도 저렴하기야 하겠지만 혼수는 직접 보고 결정하는걸 추천해여,"[ 0.01506042  0.02784729 -0.02825928 ... -0.03094482 -0.02151489
  0.00764084]",2,"['온라인', '저렴하다', '혼수', '결정', '추천']",온라인 저렴하다 혼수 결정 추천,1
4766,온라인보다 묶어서 같이 사은게 이득인것같더라구영,"[ 0.00778198  0.03033447 -0.03231812 ... -0.01916504 -0.02886963
  0.00393677]",2,"['온라인', '묶다', '사은', '이득']",온라인 묶다 사은 이득,1
4767,온라인이 더 싸게 느껴지지만 한꺼번에 구입하면 오프가 훨 저렴한 것 같아용 ㅠㅠ,"[ 0.00311089  0.0423584  -0.03027344 ... -0.02142334 -0.03292847
  0.00314903]",2,"['온라인', '싸다', '구입', '오프', '저렴하다']",온라인 싸다 구입 오프 저렴하다,1
4768,저는 오프라인으로 돌아다녀보고 그다음에 똑같은 모델 최저가로 찾아서 장바구니에 넣은다음에 비교했었어요 오프라인이 훨씬 싸서 오프라인으로 샀습니다 ㅋㅋ,"[-0.00618744  0.01856995 -0.03201294 ... -0.02832031 -0.02078247
 -0.01396179]",2,"['오프라인', '돌아다니다', '다음', '똑같다', '모델', '최저', '찾다', '장바구니', '넣다', '다음', '비교', '오프라인', '싸다', '오프라인', '사다']",오프라인 돌아다니다 다음 똑같다 모델 최저 찾다 장바구니 넣다 다음 비교 오프라인 싸다 오프라인 사다,0
4769,한두달전에는 구매하셔야 여유롭게 차질없이 원하는 날짜에 받을수 있을거 같아요! 오브제는 품목이 늘어날수록 오프라인할인율이 더 크더라구요 ! 요즘에는 비대면견적도 친절하게 잘 봐주시느 발품팔아보세용!,"[ 0.00317764  0.03186035 -0.03759766 ... -0.03604126 -0.03059387
 -0.02186584]",2,"['구매', '여유', '차질', '원하다', '날짜', '오브제', '품목', '늘어나다', '오프라인', '할인', '크다', '요즘', '대면', '견적', '친절', '발품', '팔다']",구매 여유 차질 원하다 날짜 오브제 품목 늘어나다 오프라인 할인 크다 요즘 대면 견적 친절 발품 팔다,0
4770,온라인은 하나씩 살때 가장 싸구요. 세트로구매시엔매장이더쌀거에요 아마 ㅎㅎ,"[ 0.00834656  0.03396606 -0.02810669 ... -0.02679443 -0.029953
  0.01152039]",2,"['온라인', '살다', '싸다', '세트', '구매', '매장', '싸다']",온라인 살다 싸다 세트 구매 매장 싸다,1
4771,오프라인이랑 온라인이랑 다르다고 듣기도 했고모델명이 아예 같은 경우 제외하구요. 한번에 다 구매하면 오프라인이 더 좋다고 알고 있어요 ㅎㅎ 잘 비교해보세요!,"[ 0.00704956  0.00836945 -0.03952026 ... -0.02508545 -0.02087402
 -0.00431061]",2,"['오프라인', '온라인', '다르다', '모델명', '제외', '구매', '오프라인', '좋다', '비교']",오프라인 온라인 다르다 모델명 제외 구매 오프라인 좋다 비교,0
4772,온라인이 하나만 사면 싸지만 오픈매장 묶어서 사면 오프라인이 최강입니다,"[ 0.01542664  0.02204895 -0.03637695 ... -0.01430511 -0.03482056
  0.00403976]",2,"['온라인', '사다', '싸다', '오픈', '매장', '묶다', '사다', '오프라인', '최강']",온라인 사다 싸다 오픈 매장 묶다 사다 오프라인 최강,1
4773,몇가지 사세요 ? 많을수록 오프라인이라 3개이상이면 오프라인이 낫다고 생각해요,"[ 8.67462158e-03  1.33056641e-02 -4.09851074e-02 ... -3.19824219e-02
 -1.99737549e-02 -8.60691071e-05]",2,"['사다', '많다', '오프라인', '이상', '오프라인', '생각']",사다 많다 오프라인 이상 오프라인 생각,1
4774,저 아는분도 온라인으로 구매했는데 배송이 조금 지연된거 말고는 오히려 더 싸게 샀다고 좋아하더라구요 한꺼번에 많은걸 사는게 아니면 인터넷으로 주문하는것도 저렴한거같아요,"[ 0.00541306  0.03659058 -0.02947998 ... -0.03277588 -0.03009033
  0.0026207 ]",2,"['온라인', '구매', '배송', '지연', '말', '싸다', '사다', '좋아하다', '많다', '사다', '인터넷', '주문', '저렴하다']",온라인 구매 배송 지연 말 싸다 사다 좋아하다 많다 사다 인터넷 주문 저렴하다,1
4775,발품 파셔서 비교 견적 내보시면 사시는게 많거나 행사 할인 들어가면 오프라인이 더 페이백 많아서요! 일단 사고싶으신 물품 모델명을 체크하시고 견적뷰터 내보셔요,"[ 0.0100708   0.00923157 -0.03427124 ... -0.03881836 -0.02375793
 -0.00507736]",2,"['발품', '파', '비교', '견적', '내다', '사다', '많다', '행사', '할인', '들어가다', '오프라인', '페이', '많다', '사다', '물품', '모델명', '체크', '견적', '내다']",발품 파 비교 견적 내다 사다 많다 행사 할인 들어가다 오프라인 페이 많다 사다 물품 모델명 체크 견적 내다,0
4776,몇개 안살거면 인터넷 최저가로 하시구요. 갯수가 많으면 품목할인이 많이되서 무조건 오프라인이여,"[ 0.00775528  0.00615311 -0.04019165 ... -0.03549194 -0.02607727
  0.00936127]",2,"['사다', '인터넷', '최저', '갯수', '많다', '품목', '할인', '오프라인']",사다 인터넷 최저 갯수 많다 품목 할인 오프라인,2
4777,아마 온라인보다 오프라인이 매장별로 페이백이나 행사가격이 더 저렴할수도있어서 발품을 많이하는거같아요!,"[ 0.00531387  0.02198792 -0.02430725 ... -0.03323364 -0.03662109
 -0.00246811]",2,"['온라인', '오프라인', '매장', '페이', '행사', '가격', '저렴하다', '발품']",온라인 오프라인 매장 페이 행사 가격 저렴하다 발품,0
4778,저도 이번에 이사하면서 발품 팔고 인터넷 알아보고 했는데 결국은 오프라인 할인에 페이백 다 해도 인터넷이 싸서 인터넷으로 햌ㅅ어요. 뭣보다 카드쏘야 하는거 너무 싫더라구요. 카드 써도 인터넷보다 비싸기도 하구오,"[-0.00442505  0.0456543  -0.02897644 ... -0.040802   -0.04202271
  0.01048279]",2,"['이사', '발품', '팔다', '인터넷', '알아보다', '결국', '오프라인', '할인', '페이', '인터넷', '싸다', '인터넷', '카드', '쏘다', '싫다', '카드', '쓰다', '인터넷', '비싸다']",이사 발품 팔다 인터넷 알아보다 결국 오프라인 할인 페이 인터넷 싸다 인터넷 카드 쏘다 싫다 카드 쓰다 인터넷 비싸다,2
4779,온라인 박람회에 가끔 들어가서 필요한 정보 찾아 봐요! 좋은 정보들도 많고 좋은거 같아요 ㅎㅎ,"[-0.00674057  0.00949097 -0.02449036 ... -0.04559326 -0.01628113
 -0.01928711]",2,"['온라인', '박람회', '들어가다', '필요', '정보', '찾다', '좋다', '정보', '많다', '좋다']",온라인 박람회 들어가다 필요 정보 찾다 좋다 정보 많다 좋다,0
4780,크고 오래쓸거는 오프라인으로 가보심이 좋을거같긴해요,"[ 0.0060997   0.03527832 -0.02796936 ... -0.02284241 -0.03164673
 -0.00329208]",2,"['크다', '쓰다', '오프라인', '좋다']",크다 쓰다 오프라인 좋다,2
4781,컬러 실제로 보고싶어서 대부분 오프라인에서 구매했어요!,"[-0.00862122  0.0282135  -0.02577209 ... -0.02316284 -0.02911377
 -0.01037598]",2,"['컬러', '부분', '오프라인', '구매']",컬러 부분 오프라인 구매,1
4782,쇼파같응거는 오프에서 했고 자잘한건 온라인으로 했어요,"[ 0.01800537  0.01856995 -0.03164673 ... -0.04196167 -0.02763367
 -0.01913452]",2,"['쇼파', '같다', '오프', '자잘하다', '온라인']",쇼파 같다 오프 자잘하다 온라인,1
4783,확실히 온라인으로 스드메 견적비교가 편하네영~,"[ 0.00278854  0.03573608 -0.01464844 ... -0.03805542 -0.03948975
 -0.00146008]",2,"['온라인', '스드메', '견적', '비교', '편하다']",온라인 스드메 견적 비교 편하다,0
4784,아직 정하진않았어요~ 온라인으로 잘 찾아봐야겠네용ㅎㅎ,"[ 0.00657272  0.01760864 -0.02893066 ... -0.04727173 -0.01670837
 -0.01087952]",2,"['정하다', '온라인', '찾다']",정하다 온라인 찾다,0
4785,오프라인 견적이랑 온라인 가격 비교하니까 저는 온라인이 좀더 저렴하더라구요 그럼 오프라인으로 가격 더 저렴한곳 찾아봐야 겠네요 ㅋㅋ배송날짜 맞출수 있는점도 장점이네요 그건 생각못했어요 ㅋㅋ감사합니다 ㅎ,"[-0.00989532  0.03393555 -0.03030396 ... -0.02693176 -0.03567505
 -0.01211548]",2,"['오프라인', '견적', '온라인', '가격', '비교', '온라인', '저렴하다', '오프라인', '가격', '저렴하다', '찾다', '배송', '날짜', '맞추다', '장점', '생각', '감사']",오프라인 견적 온라인 가격 비교 온라인 저렴하다 오프라인 가격 저렴하다 찾다 배송 날짜 맞추다 장점 생각 감사,0
4786,"혼수가전은 한꺼번에 많이 사니까 오프라인이 싼거 같아요 캐쉬백 혜택이나 사은품 혜택도 많구요, 단품으로 한개씩 살때는 온라인이 좀 더 저렴한거 같구요","[ 0.02568054  0.02420044 -0.03363037 ... -0.02043152 -0.02789307
  0.00518799]",2,"['혼수', '가전', '사다', '오프라인', '싸다', '캐쉬', '혜택', '사은품', '혜택', '많다', '사다', '온라인', '저렴하다']",혼수 가전 사다 오프라인 싸다 캐쉬 혜택 사은품 혜택 많다 사다 온라인 저렴하다,2
4787,한꺼번에 들어오려고 매장에서 산다고 하더라고요! 인터넷은 배송일정을 잡아가기가 애매하니깐 ㅜ,"[ 0.00190926  0.03500366 -0.01853943 ... -0.03259277 -0.05618286
  0.00146866]",2,"['들어오다', '매장', '사다', '인터넷', '배송', '일정', '애매']",들어오다 매장 사다 인터넷 배송 일정 애매,2
4788,온라인에서는 사기건수가 많다고 들어서 저희는 오프라인으로 했는데 온라인에서 구매하실예정이라면 용량이랑 사이즈로 먼저 정하시는게 좋을 것 같아요,"[ 0.00124741  0.02740479 -0.03344727 ... -0.01939392 -0.01304626
 -0.016922  ]",2,"['온라인', '사기', '건수', '많다', '오프라인', '온라인', '구매', '예정', '용량', '사이즈', '정하다', '좋다']",온라인 사기 건수 많다 오프라인 온라인 구매 예정 용량 사이즈 정하다 좋다,1
4789,오프라인은 보통 백화점 같은 경우 온라인 보다 실제 금액은 비싼데 환급을 해줘요. 단점이라면 백화점 상품권으로 환급 해준다는거 .. ㅜㅜ 잘 비교 해보시고 사셔요! 백화점 이용 자주 하시면 그랜드오픈 하는 매장 위주로 찾아보세요!,"[ 0.01157379  0.00801849 -0.04138184 ... -0.03384399 -0.0329895
 -0.01820374]",2,"['오프라인', '백화점', '온라인', '실제', '금액', '비싸다', '환급', '단점', '백화점', '상품', '환급', '비교', '사다', '백화점', '그랜드', '오픈', '매장', '위주', '찾다']",오프라인 백화점 온라인 실제 금액 비싸다 환급 단점 백화점 상품 환급 비교 사다 백화점 그랜드 오픈 매장 위주 찾다,2
4790,신부님 저는 가격 거의 비슷 했어요! 오히려 온라인은 최저가 중구 난방식으로 사야 하지만 판매자가 다 다름 오프라인은 한번에 구매 해서 사은품도 좋고 서비스도 좋았어요! 그리고 상품권도 거의 200만원대로 받았어요!,"[ 0.00607681  0.02450562 -0.04632568 ... -0.02276611 -0.03982544
  0.01875305]",2,"['신부', '가격', '온라인', '최저', '중구', '난방', '사다', '판매자', '다르다', '오프라인', '구매', '사은품', '좋다', '서비스', '좋다', '상품']",신부 가격 온라인 최저 중구 난방 사다 판매자 다르다 오프라인 구매 사은품 좋다 서비스 좋다 상품,2
4791,이게 금액대별 지원금이랑 다 넣으면 인터넷가보다 더 쌋던걸로 기억해요 ㅎ 모델 다 정하셨으면 백화점같은데 돌면서 견적받아보시면 좋은가격 받으실거에요,"[-0.00583267  0.01998901 -0.03903198 ... -0.04171753 -0.02944946
  0.01481628]",2,"['금액', '지원금', '넣다', '인터넷', '싸다', '기억', '모델', '정하다', '백화점', '돌다', '견적', '좋다', '가격']",금액 지원금 넣다 인터넷 싸다 기억 모델 정하다 백화점 돌다 견적 좋다 가격,0
4792,저렇게 다구매이면 인터넷보다 매장이 더싸요! 무엇보다 A/S 확실하니 더좋죠.. 아무래도 비싼제품들이고 오래써야하니 매장에서 사시는거 추런드려용,"[ 0.00748062  0.0302124  -0.04074097 ... -0.02485657 -0.02319336
  0.02850342]",2,"['구매', '인터넷', '매장', '싸다', '좋다', '비싸다', '제품', '쓰다', '매장', '사다', '드리다']",구매 인터넷 매장 싸다 좋다 비싸다 제품 쓰다 매장 사다 드리다,2
4793,오늘 한군데 가서 여쭤보니 온라인가보다 비싸긴 하던데 발품 많이 팔아보려구요ㅎㅎ 감사합니다!,"[-0.00351334  0.03988647 -0.03430176 ... -0.03265381 -0.02745056
 -0.0044632 ]",2,"['여쭈다', '온라인', '비싸다', '발품', '팔다', '감사']",여쭈다 온라인 비싸다 발품 팔다 감사,0
4794,"저 정도로 구매하시면 오프라인이 더 쌀 것 같아요~ 글고 인터넷 판매하는거랑 오프라인이랑 모델 번호 자체가 다르고 부품도 다르대요~ 그래서 온라인이 저렴한 거라고 하이마트, 베스트샵, 삼디 직원이 그러더라구요 ㅋㅋ","[ 0.00329399  0.01660156 -0.03811646 ... -0.02192688 -0.02235413
  0.0085144 ]",2,"['구매', '오프라인', '싸다', '인터넷', '판매', '오프라인', '모델', '번호', '자체', '다르다', '부품', '다르다', '온라인', '이마트', '베스트', '직원', '그러다']",구매 오프라인 싸다 인터넷 판매 오프라인 모델 번호 자체 다르다 부품 다르다 온라인 이마트 베스트 직원 그러다,2
4795,감사합니다! 부품이 달라도 저는 체감 못할것 같아서..ㅋㅋ 견적 여기저기 받아보고 그래도 온라인이 더 싸면 온라인으로 구매하려구요ㅎㅎ,"[-0.00331879  0.03222656 -0.02267456 ... -0.02842712 -0.043396
 -0.00080633]",2,"['감사', '부품', '다르다', '체감', '견적', '여기저기', '온라인', '싸다', '온라인', '구매']",감사 부품 다르다 체감 견적 여기저기 온라인 싸다 온라인 구매,0
4796,한꺼번에 사면 오프라인도 온라인만큼 싼거같아요! 배송두 한번에 와서 좋고요 ㅎㅎ,"[-0.01160431  0.03393555 -0.02911377 ... -0.01217651 -0.03710938
 -0.00135708]",2,"['사다', '오프라인', '온라인', '싸다', '배송', '좋다']",사다 오프라인 온라인 싸다 배송 좋다,1
4797,한꺼번에 사면 확실히 발품 팔아서 오프라인이 저렴하더라구요~! 몇개 안사면 온라인이 나은데 신부님은 발품 좀 더 팔아보셔요,"[-0.00984955  0.02819824 -0.04602051 ... -0.0296936  -0.02732849
  0.01850891]",2,"['사다', '발품', '팔다', '오프라인', '사다', '온라인', '신부', '발품', '팔다']",사다 발품 팔다 오프라인 사다 온라인 신부 발품 팔다,0
4798,확실히 온라인이 시간을 절약하더라구용! 스드메 견적도 받고 좋군용,"[-0.00932312  0.03500366 -0.03131104 ... -0.04437256 -0.03875732
  0.00982666]",2,"['온라인', '시간', '절약', '스드메', '견적', '좋다']",온라인 시간 절약 스드메 견적 좋다,0
4799,저는 온라인과 오프라인 적당히 혼합햇어요. 쇼파나 매트리스같은 중요한건 오프라인으로 하고 나머지는 거의 온라인으루요,"[ 0.00930786  0.00804901 -0.03013611 ... -0.04058838 -0.01225281
 -0.0107193 ]",2,"['온라인', '오프라인', '혼합', '쇼파', '매트리스', '중요', '오프라인', '나머지', '온라인']",온라인 오프라인 혼합 쇼파 매트리스 중요 오프라인 나머지 온라인,1
4800,저는 다 온라인으로 구매했어요 후기도 많이 찾아보고 적당한 가격대 찾아서 했는데 아직까지 만족스럽게 사용하고 있어요!,"[ 0.00047493  0.03005981 -0.04519653 ... -0.02546692 -0.03378296
 -0.00229836]",2,"['온라인', '구매', '후기', '찾아보다', '가격대', '찾다', '만족']",온라인 구매 후기 찾아보다 가격대 찾다 만족,1
4801,저는 오프라인에서 발품 많이 팔아보고 온라인에서 구매했어요. 침대처럼 누워봐야 하는 것들은 오프라인에서 샀고 눈으로 봐도 가늠 가능한 것들은 온라인에서요~,"[-0.00486374  0.00961304 -0.02633667 ... -0.03436279 -0.02218628
 -0.0196228 ]",2,"['오프라인', '발품', '팔다', '온라인', '구매', '침대', '오프라인', '사다', '가늠', '가능', '온라인']",오프라인 발품 팔다 온라인 구매 침대 오프라인 사다 가늠 가능 온라인,0
4802,전 다 온라인에서 했는데 만족해요! 상품페이지도 중요하지만 후기 꼼꼼하게 찾아보고 색감까지 맞춰서 했어요ㅎㅎ,"[-0.0020256   0.01303101 -0.02612305 ... -0.04354858 -0.03320312
 -0.00798798]",2,"['온라인', '만족', '상품', '페이지', '중요', '후기', '찾아보다', '색감', '맞추다']",온라인 만족 상품 페이지 중요 후기 찾아보다 색감 맞추다,1
4803,단독으로 사실거면 인터넷으로 사세요~ 온라인 하이마트 같은데서 사면 오프보다 더 저렴해용,"[ 0.00660706  0.03381348 -0.02824402 ... -0.0329895  -0.02502441
  0.01887512]",2,"['단독', '사다', '인터넷', '사다', '온라인', '하이마트', '사다', '오프', '저렴하다']",단독 사다 인터넷 사다 온라인 하이마트 사다 오프 저렴하다,1
4804,전 오프로 샀어요! 인터넷은 막 설치비도 추가로 마구 요구할수도 있다고 해서요. 온라인 최저가랑 비슷한 가격으로 오프에서요!,"[-0.00482941  0.03024292 -0.03445435 ... -0.02871704 -0.02816772
 -0.00154305]",2,"['사다', '인터넷', '설치비', '추가', '요구', '온라인', '최저', '비슷하다', '가격', '오프']",사다 인터넷 설치비 추가 요구 온라인 최저 비슷하다 가격 오프,2
4805,인터넷이 더 저렴하긴한데 저희는 오프라인으로 구매했어요! 사은품으로 공청줬는데 살려고 했었던지라 오프가 더 저렴했어요 저희는! 오프에서 구매할때 온라인 최저가 이정도라고 얘기하면 완전히는 아니더라도 조금은 맞춰 주기도 하더라구용ㅎㅎ,"[-0.01242828  0.02604675 -0.02836609 ... -0.02793884 -0.02697754
 -0.00628662]",2,"['인터넷', '저렴하다', '오프라인', '구매', '사은품', '살다', '오프', '저렴하다', '오프', '구매', '온라인', '최저', '얘기', '맞추다']",인터넷 저렴하다 오프라인 구매 사은품 살다 오프 저렴하다 오프 구매 온라인 최저 얘기 맞추다,1
4806,매장도 여러군데 다녀봤는데 이번시즌 모델이 아니라면 인터넷이 무조건 싸더라구요,"[-0.00561142  0.02210999 -0.0329895  ... -0.02430725 -0.03387451
  0.01346588]",2,"['매장', '다니다', '시즌', '모델', '인터넷', '싸다']",매장 다니다 시즌 모델 인터넷 싸다,2
4807,최신제품으로 여러개 하시면 오프라인이 저렴하고 아니시면 온라인도 괜찮은거 같아욤~,"[ 0.00318718  0.02191162 -0.04708862 ... -0.03479004 -0.0223999
  0.00073862]",2,"['최신', '제품', '오프라인', '온라인', '괜찮다']",최신 제품 오프라인 온라인 괜찮다,1
4808,저는 오프라인 견적받고 온라인 봤는데 금액은 비슷했어요~ 오프라인 가격이 진짜 조금 높은편이긴했는데 사은품 같은거 다 치면 오프라인이 견적이 더 좋은거같더라구요!,"[-0.00978851  0.0328064  -0.03433228 ... -0.02488708 -0.02911377
  0.00290489]",2,"['오프라인', '견적', '온라인', '금액', '비슷하다', '오프라인', '가격', '높다', '사은품', '치다', '오프라인', '견적', '좋다']",오프라인 견적 온라인 금액 비슷하다 오프라인 가격 높다 사은품 치다 오프라인 견적 좋다,0
4809,큼직한 것들은 오프라인으로 묶음할인 해서 온라인보다 저렴하게 구매하고 자잘한 것들은 온라인 최저가로 구매하시는게 가장 좋은것 같아요,"[ 0.00849915  0.02552795 -0.02734375 ... -0.01712036 -0.03250122
 -0.00614166]",2,"['오프라인', '묶음', '할인', '온라인', '저렴하다', '구매', '온라인', '최저', '구매', '좋다']",오프라인 묶음 할인 온라인 저렴하다 구매 온라인 최저 구매 좋다,1
4810,"저도 오프라인 견적 받고 온라인이랑 가격비교도 해봤는데 크게 다르지는 않았어요, 그리고 오프라인은 사은품 챙겨주시는 것도 있어서 오프라인이 더 나은 것 같아서 오프라인에서 했어요~","[-0.00783539  0.0284729  -0.03424072 ... -0.0267334  -0.02932739
 -0.00251389]",2,"['오프라인', '견적', '온라인', '가격', '비교', '크다', '다르다', '오프라인', '사은품', '챙기다', '오프라인', '오프라인']",오프라인 견적 온라인 가격 비교 크다 다르다 오프라인 사은품 챙기다 오프라인 오프라인,0
4811,하나씩 사는거면 온라인이 저렴할지 몰라도 한번에 여러품목이면 오프라인이 괜찮을수도았어요 일단 견적한번 받아보세요,"[ 0.00514603  0.02775574 -0.04125977 ... -0.03851318 -0.02705383
  0.01056671]",2,"['사다', '온라인', '품목', '오프라인', '괜찮을수도았어요', '견적']",사다 온라인 품목 오프라인 괜찮을수도았어요 견적,0
4812,이것저것 사은품 어차피 돈주고 사는거 묶어서 오프에서 사면서 받는게 좋으시면 오프가 낫고 사은품 필요 없으면 최저가 찾아서 온라인에서 구입하시는게 좋을것 같아요,"[ 0.00555038  0.00970459 -0.04367065 ... -0.02305603 -0.03366089
  0.00353432]",2,"['이것저것', '사은품', '사다', '묶다', '오프', '사다', '좋다', '오프', '사은품', '필요', '최저', '찾다', '온라인', '구입', '좋다']",이것저것 사은품 사다 묶다 오프 사다 좋다 오프 사은품 필요 최저 찾다 온라인 구입 좋다,1
4813,저희는 오프라인이요~ 근데 장단점이 있는거 같아요. 체감가는 온라인이 싸지만 말 그대로 체감가라서 실제 돈 나가는건 오프라인보다는 온라인이 싸더라구요ㅠㅠㅋㅋ모두 캐시백이 아닌 이상에는요...ㅠㅠ....저는 일단 오프라인에서 견적 받고 모델명 검색해서 온라인 최저가도 확인하긴 했어용 ㅠ,"[-0.00794983  0.02410889 -0.02865601 ... -0.03475952 -0.02079773
  0.01013184]",2,"['오프라인', '장단점', '체감', '온라인', '싸다', '체감', '실제', '나가다', '오프라인', '온라인', '싸다', '캐시백', '이상', '오프라인', '견적', '모델명', '검색', '온라인', '최저', '확인']",오프라인 장단점 체감 온라인 싸다 체감 실제 나가다 오프라인 온라인 싸다 캐시백 이상 오프라인 견적 모델명 검색 온라인 최저 확인,1
4814,한두개 사는건 온라인 괜찮은데 혼수가전 전체는 보고 사는게 맞을거같아서 오프에서 했어요,"[ 0.02383423  0.01766968 -0.03607178 ... -0.01605225 -0.02507019
 -0.00079918]",2,"['사다', '온라인', '괜찮다', '혼수', '가전', '전체', '사다', '맞다', '오프']",사다 온라인 괜찮다 혼수 가전 전체 사다 맞다 오프,1
4815,오프라인으로 구매 했어요! 사은품도 받고 할인율도 구매 총금액 비교하면 인터넷가와 비슷하더라구요!,"[-0.00586319  0.01667786 -0.03723145 ... -0.01374054 -0.04406738
 -0.00768661]",2,"['오프라인', '구매', '사은품', '할인', '구매', '금액', '비교', '인터넷']",오프라인 구매 사은품 할인 구매 금액 비교 인터넷,0
4816,무조건 오프라인인줄 알았는데 온라인도 꼭한번 비교해봐야겠어요 갈길이 너무 머네요😂😂,"[-0.00491333  0.02095032 -0.00914001 ... -0.03262329 -0.02426147
 -0.0014658 ]",2,"['오프라인', '온라인', '비교', '멀다']",오프라인 온라인 비교 멀다,1
4817,제품이 어떤거냐에따라서도 금액이 달라지기때문에 같은 제품으로 비교하신게 아니라면 비교가 안돼요ㅜ 전 매장에서 견적받고 같은 제품으로 비교했을때 사은품이랑 이거저거 다 따져보니 매장이 더 합리적이였어요!,"[ 0.01451874  0.01570129 -0.02581787 ... -0.03909302 -0.037323
  0.00570297]",2,"['제품', '따르다', '금액', '달라지다', '제품', '비교', '비교', '매장', '견적', '제품', '비교', '사은품', '따지다', '매장', '합리']",제품 따르다 금액 달라지다 제품 비교 비교 매장 견적 제품 비교 사은품 따지다 매장 합리,0
4818,저는 모델명 알아와서 인터넷 찾아봤는데 1000만원대 이면 오프라인이 저렴한거 같아요. 한두개면 인터넷이 싸구요. 그리고 모델명 다를수도 있으니 확인해보세요 ㅎ,"[-0.00710297  0.01611328 -0.04397583 ... -0.03234863 -0.01799011
  0.02670288]",2,"['모델명', '인터넷', '찾아보다', '오프라인', '인터넷', '싸다', '모델명', '다르다', '확인']",모델명 인터넷 찾아보다 오프라인 인터넷 싸다 모델명 다르다 확인,2
4819,한두개 사실거면 인터넷이 싸긴해요 근데 큰 가전 여러개 하시면 오프라인이 더 싸요 신기하게도 ㅎㅎ,"[-0.00979614  0.03829956 -0.02975464 ... -0.03463745 -0.02259827
  0.01009369]",2,"['사다', '인터넷', '싸다', '크다', '가전', '오프라인', '싸다']",사다 인터넷 싸다 크다 가전 오프라인 싸다,2
4820,온라인으로 개별구매 하면 더 싸긴 할텐데 묶어서 여려개 사면 오프라인이 더 싼것 같더라구요.,"[-0.0001992   0.02909851 -0.03323364 ... -0.0146637  -0.02799988
  0.014328  ]",2,"['온라인', '개별', '구매', '싸다', '묶다', '여려개', '사다', '오프라인', '싸다']",온라인 개별 구매 싸다 묶다 여려개 사다 오프라인 싸다,1
4821,단품은 모르겠지만 묶음으로 사면 오프라인이 저렴하고 온라인에서 저렴한 모델로 찾아가서 상담했더니 그건 온라인 전용모델이라 내부 주요 부품이 다르고 기능도 많이 빠져있다고 하더라구요,"[ 0.00613022  0.01249695 -0.03887939 ... -0.02177429 -0.02862549
  0.00823212]",2,"['묶음', '사다', '오프라인', '온라인', '모델', '찾아가다', '상담', '온라인', '전용', '모델', '내부', '주요', '부품', '다르다', '기능', '빠지다']",묶음 사다 오프라인 온라인 모델 찾아가다 상담 온라인 전용 모델 내부 주요 부품 다르다 기능 빠지다,2
4822,여러품목사면 매장에서사는게 인터넷보다 싼경우도있구요! 일단 인터넷제품이랑 매장제품이랑 같은모델이어도 사양이달라요! 당연히 인터넷에파는게 좀더 떨어지구요,"[ 0.00293541  0.03366089 -0.03717041 ... -0.02865601 -0.02285767
  0.00501251]",2,"['품목', '사다', '매장', '사다', '인터넷', '싸다', '인터넷', '제품', '매장', '제품', '모델', '사양', '다르다', '인터넷', '파', '떨어지다']",품목 사다 매장 사다 인터넷 싸다 인터넷 제품 매장 제품 모델 사양 다르다 인터넷 파 떨어지다,2
4823,구매품목이 그리 많지 않으면 온라인이 싸지만 종류많으면 견적 받아봐야될듯용!,"[-0.00260735  0.02850342 -0.03463745 ... -0.03924561 -0.03839111
 -0.00267792]",2,"['구매', '품목', '많다', '온라인', '싸다', '종류', '많다', '견적']",구매 품목 많다 온라인 싸다 종류 많다 견적,0
4824,여러개 살때는 상품권 행사라든지 그런거 있어서 오프라인에서 사는게 훨씬싸요 ㅋㅋ 전 6가지 사는데 인터넷에서 일일이 품번치고 찾아보니 오프라인에서 사는게 더 이득이더라구요~,"[-0.00482178  0.03527832 -0.03588867 ... -0.00985718 -0.0206604
  0.0013876 ]",2,"['사다', '상품', '행사', '오프라인', '사다', '싸다', '사다', '인터넷', '치다', '찾다', '오프라인', '사다', '이득']",사다 상품 행사 오프라인 사다 싸다 사다 인터넷 치다 찾다 오프라인 사다 이득,2
4825,하나씩이면 온라인이 더 저렴하지만 품목여러개면 오프라인이 더 할인율이 높아서 그런걸꺼에요 ! 그리고 아무래도 실제로 보고 고르는게 좋으니까요~~,"[ 0.00389671  0.02279663 -0.0368042  ... -0.02287292 -0.02130127
 -0.00309753]",2,"['온라인', '저렴하다', '품목', '오프라인', '할인', '높다', '고르다', '좋다']",온라인 저렴하다 품목 오프라인 할인 높다 고르다 좋다,2
4826,여러 품목 구매해서 할인받는경우 온라인에서 개별구매하는것보다 쌀 수 있어 비교해보시는게 좋아요~!,"[ 0.01925659  0.02116394 -0.03161621 ... -0.03010559 -0.03417969
 -0.01428986]",2,"['품목', '구매', '할인', '온라인', '개별', '구매', '싸다', '비교', '좋다']",품목 구매 할인 온라인 개별 구매 싸다 비교 좋다,1
4827,한 브랜드 매장에서 여러가지 품목을 사는 경우는 오프라인 추천이요! 근데 비교적 단가가 낮은 제품은 인터넷 최저가로 사는걸 추천이요,"[ 0.00853729  0.02398682 -0.04089355 ... -0.01701355 -0.01695251
 -0.009758  ]",2,"['브랜드', '매장', '품목', '사다', '오프라인', '추천', '비교', '단가', '낮다', '제품', '인터넷', '최저', '사다', '추천']",브랜드 매장 품목 사다 오프라인 추천 비교 단가 낮다 제품 인터넷 최저 사다 추천,2
4828,여러개 사면 오프라인이 나은것 같구요. 한두개면 인터넷이 싼것 같구요.. 세개 품목이면 또 잘 모르겠네요 ㅋ 인터넷 알아보시고 오프라인 상담도 받아보셔서 비교해보세요 ㅎㅎ,"[-0.00832367  0.01068878 -0.05026245 ... -0.04202271 -0.00694275
  0.01319122]",2,"['사다', '오프라인', '인터넷', '싸다', '품목', '인터넷', '알아보다', '오프라인', '상담', '비교']",사다 오프라인 인터넷 싸다 품목 인터넷 알아보다 오프라인 상담 비교,0
4829,여러가지 제품 한꺼번에 살꺼라면 매장 가셔서 전체 견적 뽑아보시는게 더 저렴할 것 같아요! :,"[ 0.01119232  0.03674316 -0.03335571 ... -0.02911377 -0.02882385
  0.0213623 ]",2,"['제품', '살다', '매장', '전체', '견적', '저렴하다']",제품 살다 매장 전체 견적 저렴하다,0
4830,여러품목이시면 인터넷보다 오프라인이 더 혜택이 많을수있어요! 저도 처음에 온라인 생각했는데 직접가서 견적받아보니 훨씬 저렴해서 오프라인으로했어요!,"[-0.00338745  0.03463745 -0.03448486 ... -0.03466797 -0.02513123
  0.00132847]",2,"['품목', '인터넷', '오프라인', '혜택', '많다', '온라인', '생각', '견적', '오프라인']",품목 인터넷 오프라인 혜택 많다 온라인 생각 견적 오프라인,0
4831,단품목은 온라인 다품목은 오프가 싸여~ 배송비도 없고 사은품도 주고요,"[ 0.00137424  0.02349854 -0.03302002 ... -0.02397156 -0.04067993
 -0.02116394]",2,"['품목', '온라인', '품목', '오프', '싸이', '배송비', '사은품']",품목 온라인 품목 오프 싸이 배송비 사은품,0
4832,여러개 살경우 오프라인이 저렴한 경우도 있어서 비교해보시는게좋을거같아여 저는 인터넷으로 샀는데 잘쓰고 있어여 뭐 안에 들어가는 부품이 다르다는데;;,"[ 0.00826263  0.01313782 -0.05297852 ... -0.03102112 -0.02404785
  0.00909424]",2,"['사다', '오프라인', '비교', '좋다', '인터넷', '사다', '쓰다', '들어가다', '부품', '다르다']",사다 오프라인 비교 좋다 인터넷 사다 쓰다 들어가다 부품 다르다,2
4833,"한꺼번에 여러가지 사는게 아니시면, 같은 품번이면 인터넷 최저가가 제일 좋은거 같아요. 저도 오프라인 매장에서 품번 알아오고 인터넷으로 샀어요","[-0.00292778  0.0161438  -0.03829956 ... -0.01795959 -0.02732849
  0.02011108]",2,"['사다', '인터넷', '최저', '좋다', '오프라인', '매장', '인터넷', '사다']",사다 인터넷 최저 좋다 오프라인 매장 인터넷 사다,2
4834,저는 오프라인에서 견적 많이 받아봤는데 카드 가입해야하고 몇개월동안 얼마 쓰고 이런거 너무 복잡하고 장기간 신경쓰기 싫어서 그냥 온라인 최저가로 전부 구매했어요! 온라인으로 구매해도 똑같아요ㅋㅋ 오프라인에서 직접 눈으로 보시고 맘에 드는거 고르신 담에 온라인으로 검색해서 비교해보시구 구매해보세용,"[-0.00997925  0.03024292 -0.03170776 ... -0.02696228 -0.02055359
  0.01210785]",2,"['오프라인', '견적', '카드', '가입', '동안', '얼마', '쓰다', '장기간', '신경', '쓰다', '싫다', '온라인', '최저', '구매', '온라인', '구매', '똑같다', '오프라인', '고르다', '온라인', '검색', '비교', '구매']",오프라인 견적 카드 가입 동안 얼마 쓰다 장기간 신경 쓰다 싫다 온라인 최저 구매 온라인 구매 똑같다 오프라인 고르다 온라인 검색 비교 구매,1
4835,가격 차이가 많이 크면 저라도 온라인 선택할 것 같아요~! 이상 있으면 애프터 서비스도 문제없이 다 되니까요.ㅎㅎ,"[-0.00314522  0.02096558 -0.01531219 ... -0.02890015 -0.0362854
 -0.00171566]",2,"['가격', '차이', '크다', '온라인', '선택', '이상', '애프터', '서비스', '문제']",가격 차이 크다 온라인 선택 이상 애프터 서비스 문제,2
4836,오프라인으로 보고 난 후에 온라인 으로 주문하려고 해요 일단은 실제로 봐야할 것 같아서요! 크기가 온라인으로는 가늠이 잘 안되서ㅠㅠ,"[-0.00759888  0.03573608 -0.02241516 ... -0.02404785 -0.02818298
 -0.01364899]",2,"['오프라인', '온라인', '주문', '크기', '온라인', '가늠']",오프라인 온라인 주문 크기 온라인 가늠,0
4837,저도 온라인으로 구매하긴하는데 먼저 오프라인매장가서 사이즈나 실제모습을 보고오긴해요...! 상담도 받아서 오프라인이 더 싼건 오프라인에서 구매하려구요!,"[-0.00788116  0.02656555 -0.03778076 ... -0.02020264 -0.02549744
 -0.00801849]",2,"['온라인', '구매', '오프라인', '매장', '사이즈', '실제', '모습', '상담', '오프라인', '싸다', '오프라인', '구매']",온라인 구매 오프라인 매장 사이즈 실제 모습 상담 오프라인 싸다 오프라인 구매,1
4838,오프라인에서 모델보고 혼수 전부 인터넷 최저가로 쿠폰 먹여서 샀어요~이상없이 잘쓰고있어요 가격은 체감가 사은품 어쩌고 해도 인터넷이 제일 저렴해요~,"[ 0.00475693  0.01442719 -0.03988647 ... -0.01315308 -0.02430725
 -0.00045466]",2,"['오프라인', '모델', '혼수', '인터넷', '최저', '쿠폰', '먹이', '사다', '이상', '쓰다', '가격', '체감', '사은품', '어쩌다', '인터넷', '저렴하다']",오프라인 모델 혼수 인터넷 최저 쿠폰 먹이 사다 이상 쓰다 가격 체감 사은품 어쩌다 인터넷 저렴하다,2
4839,다품목 하시면 오프라인 발품 파시는것도 좋아요 몇먗 필요한것만 사신다면 인터넷최저가 사시는것도 괜찮을꺼 같아요 그래도 발품은 팔아보고 비교후에 사시길 추천 드립니당,"[-0.01589966  0.01708984 -0.0357666  ... -0.03961182 -0.01994324
 -0.0036087 ]",2,"['품목', '오프라인', '발품', '파', '좋다', '먗', '필요', '사다', '인터넷', '최저', '사다', '괜찮다', '발품', '팔다', '비교', '사다', '추천', '드리다']",품목 오프라인 발품 파 좋다 먗 필요 사다 인터넷 최저 사다 괜찮다 발품 팔다 비교 사다 추천 드리다,0
4840,온라인으로 업체 이것저것 눌러보며 비교하니 좋네영~,"[ 0.00535583  0.01989746 -0.022995   ... -0.04891968 -0.02926636
 -0.01821899]",2,"['온라인', '업체', '이것저것', '누르다', '비교', '좋다']",온라인 업체 이것저것 누르다 비교 좋다,0
4841,온라인이 개별구매는 싼데 오프라인은 묶어서 사면 거의 한두개는 그냥 얻는 셈이라고 하더라구요ㅋㅋ,"[-0.00248337  0.02018738 -0.02371216 ... -0.00907898 -0.03292847
  0.01368713]",2,"['온라인', '개별', '구매', '싸다', '오프라인', '묶다', '사다']",온라인 개별 구매 싸다 오프라인 묶다 사다,1
4842,여러개 신상으로 사실꺼면 배송날짜 생각해서 오프라인이 낫고 쿠폰이나 할인등 자주 이용하셨던 분이면 가격적인건 온라인이 많이 싸요,"[ 0.00645065  0.01676941 -0.03988647 ... -0.03164673 -0.03302002
 -0.02539062]",2,"['신상', '사다', '배송', '날짜', '생각', '오프라인', '쿠폰', '할인', '가격', '온라인', '싸다']",신상 사다 배송 날짜 생각 오프라인 쿠폰 할인 가격 온라인 싸다,1
4843,사면서 사은품도있고하니 10~20정도차이는 오프라인서사는게 나은거같기도해요~,"[-0.00218201  0.02241516 -0.03833008 ... -0.02645874 -0.02830505
 -0.00952148]",2,"['사다', '사은품', '차이', '오프라인', '사다']",사다 사은품 차이 오프라인 사다,2
4844,온라인이 최저가 이긴한데 사은품이나 배송등 여러가지 고려하면 오프라인이 더 저렴한것 같아용,"[ 0.00725937  0.02137756 -0.03240967 ... -0.03117371 -0.03323364
 -0.00454712]",2,"['온라인', '최저', '사은품', '배송', '고려', '오프라인', '저렴하다']",온라인 최저 사은품 배송 고려 오프라인 저렴하다,1
4845,오프라인에서 여러개묶으면 할인도더되고 온라인보다 저렴한경우가 많아요! 한두개 살꺼면 온라인이낫구용,"[-0.00442123  0.03207397 -0.04162598 ... -0.00971985 -0.02430725
 -0.00038743]",2,"['오프라인', '묶다', '할인', '온라인', '많다', '사다', '온라인']",오프라인 묶다 할인 온라인 많다 사다 온라인,1
4846,"제 남편은 오프라인에서 직접 보고, 그자리에서 인터넷 최저가 찾아서 상담해주시는 분이랑 조율? 하던데요..ㅎㅎ 그쪽에서도 팔아야 되니까, 여러개 사면 이것저것 껴준다 하고, 합의가 되는 가격이면 가격조율도 해줄려고 하고 그러셨어요.","[-0.01428986  0.00968933 -0.03234863 ... -0.0300293   0.00041938
  0.00237465]",2,"['남편', '오프라인', '자리', '인터넷', '최저', '찾다', '상담', '조율', '팔다', '사다', '이것저것', '끼', '합의', '가격', '가격', '조율', '그러다']",남편 오프라인 자리 인터넷 최저 찾다 상담 조율 팔다 사다 이것저것 끼 합의 가격 가격 조율 그러다,2
4847,여러 개 살거면 온라인 최저가로 계산한거보다 오프라인에서 더 싸져요 한번 가서 상담해보심 아실거에요,"[ 0.0015049   0.03607178 -0.03689575 ... -0.02574158 -0.01976013
  0.01232147]",2,"['사다', '온라인', '최저', '계산', '오프라인', '싸다', '상담']",사다 온라인 최저 계산 오프라인 싸다 상담,1
4848,단품으로 사면 인터넷이 싸고.. 여러개 패키지로 묶어서 사면 오프매장이 더 할인많이 해줘서 체감가로는 더 저렴하구요.. 대신 캐시백이니 포인트니 이런거 저런거로 할인해주고 카드나 상조해야되요..,"[ 0.01183319  0.03302002 -0.03353882 ... -0.02183533 -0.0249176
  0.01488495]",2,"['사다', '인터넷', '싸다', '패키지', '묶다', '사다', '오프', '매장', '할인', '체감', '저렴하다', '대신', '캐시백', '포인트', '할인', '카드', '상조']",사다 인터넷 싸다 패키지 묶다 사다 오프 매장 할인 체감 저렴하다 대신 캐시백 포인트 할인 카드 상조,2
4849,"오프라인 샵에서 혼수가전 많이 사면 캐시백이나 할인율을 엄청 해주더라구요~두 곳 모두 견적내고 사은품, 혜택 비교해보시고 결정하세요~","[ 0.025177    0.01876831 -0.0352478  ... -0.03004456 -0.02690125
  0.00114632]",2,"['오프라인', '혼수', '가전', '사다', '캐시백', '할인', '견적', '내다', '사은품', '혜택', '비교', '결정']",오프라인 혼수 가전 사다 캐시백 할인 견적 내다 사은품 혜택 비교 결정,2
4850,쓰니님께서 매장이 더 싸고 혜택이 많다는걸 보여주셔야 남친분도 이해하실거 같아요. 남자들이 원래 단순해서 인터넷은 싸다 이런생각 하는거 같아요,"[-0.00684357  0.0430603  -0.03613281 ... -0.03427124 -0.01655579
  0.00137424]",2,"['쓰다', '매장', '싸다', '혜택', '많다', '보이다', '남친', '이해', '남자', '단순', '인터넷', '싸다', '생각']",쓰다 매장 싸다 혜택 많다 보이다 남친 이해 남자 단순 인터넷 싸다 생각,2
4851,인터넷이랑 매장이랑 제품이 조금 다르다고 하던데..ㅠㅠ 매장에서 퉁으로 할인받는게 훨신 더 커요,"[ 0.0088501   0.02461243 -0.03500366 ... -0.03805542 -0.02729797
 -0.00820923]",2,"['인터넷', '매장', '제품', '다르다', '매장', '할인', '크다']",인터넷 매장 제품 다르다 매장 할인 크다,2
4852,매장에서 한꺼번에 사면 인터넷보다 혜택이 더 좋은데... 그걸 알려주셔용!,"[ 0.00945282  0.03579712 -0.03475952 ... -0.0324707  -0.046875
  0.0029335 ]",2,"['매장', '사다', '인터넷', '혜택', '좋다', '알리다']",매장 사다 인터넷 혜택 좋다 알리다,2
4853,오프라인 견적 한꺼번에 받는게 훨씬 싸요 a/s나 물건 잘못받았을때 교환환불하기도 편하고요 남친분이 좀 세상물정을 모르시는듯 ㅎㅎ,"[-0.01152802  0.04373169 -0.01620483 ... -0.03536987 -0.03448486
 -0.00075054]",2,"['오프라인', '견적', '싸다', '물건', '교환', '환불', '편하다', '남친', '세상', '물정']",오프라인 견적 싸다 물건 교환 환불 편하다 남친 세상 물정,2
4854,인터넷도 좋지만 일단 발품을 많이 파는게 좋은거같아요ㅜ 친구가 혼수알아볼때 인터넷. 임직원할인.오프라인 매장 여러군데 돌아다녀보니까 오프라인매장이 제일싸면서 사은품도 많이줘서 계약했더라구요!,"[ 0.00889587  0.02011108 -0.03521729 ... -0.02224731 -0.02409363
  0.0111618 ]",2,"['인터넷', '좋다', '발품', '파', '좋다', '친구', '혼수', '인터넷', '임직원', '할인', '오프라인', '매장', '돌아다니다', '오프라인', '매장', '싸다', '사은품', '계약']",인터넷 좋다 발품 파 좋다 친구 혼수 인터넷 임직원 할인 오프라인 매장 돌아다니다 오프라인 매장 싸다 사은품 계약,2
4855,오프라인으로 뭉텅이로 사야 가격 할인도 많이 해주고 서비스도 주더라구요~!,"[-0.01212311  0.04656982 -0.02151489 ... -0.02578735 -0.04000854
 -0.01558685]",2,"['오프라인', '뭉텅이', '사다', '가격', '할인', '서비스']",오프라인 뭉텅이 사다 가격 할인 서비스,2
4856,오프라인 매장에서 한번에 하시면 인터넷에서 따로 사시는 것보다 싸다는걸 알려주세요~ 다른분들 견적 받은거 보여주고 비교해주셔도 될 듯 싶어요!,"[-0.00353813  0.03070068 -0.03463745 ... -0.0309906  -0.0304718
  0.01477051]",2,"['오프라인', '매장', '인터넷', '사다', '싸다', '알리다', '견적', '보이다', '비교']",오프라인 매장 인터넷 사다 싸다 알리다 견적 보이다 비교,2
4857,온라인박람회 정말 꿀이에요! 시간날때마다 틈틈히 볼수있고 ! 또 깔끔하게 나와서 찾아보기도 쉬워요,"[-0.00858307  0.01406097 -0.01184082 ... -0.04330444 -0.03164673
 -0.00770569]",2,"['온라인', '박람회', '시간', '깔끔', '나오다', '찾아보다']",온라인 박람회 시간 깔끔 나오다 찾아보다,1
4858,저두 첨엔 인터넷이 가장 저렴한줄 알았는데 사은품 상품권 등등 다 생각하면 혼수제품은 매장에서 구매하는게 제일인거같아요!,"[ 0.02268982  0.02618408 -0.03109741 ... -0.02015686 -0.03594971
  0.02166748]",2,"['인터넷', '저렴하다', '사은품', '상품', '생각', '혼수', '제품', '매장', '구매', '제일']",인터넷 저렴하다 사은품 상품 생각 혼수 제품 매장 구매 제일,2
4859,저는 여기저기 다 발품팔아서 견적받고 백화점에서 진행했어요 ㅠㅠ,"[-0.00660324  0.0176239  -0.01100922 ... -0.04425049 -0.04562378
  0.02017212]",2,"['여기저기', '발품', '팔다', '견적', '백화점', '진행']",여기저기 발품 팔다 견적 백화점 진행,0
4860,온라인 상품 믿지마세요! 제칭구가 좀 저렴하게 하고싶어서 온라인으로 했다가 아직도 말 듣고 잇어요ㅜㅜ 그게 전기등급도 다르고 차이가 잇나보더라구요ㅠㅠ,"[-0.00128269  0.03579712 -0.03363037 ... -0.03717041 -0.01507568
 -0.00941467]",2,"['온라인', '상품', '제칭구', '저렴하다', '온라인', '전기', '등급', '다르다', '차이']",온라인 상품 제칭구 저렴하다 온라인 전기 등급 다르다 차이,2
4861,오프로 사은품 포함한 견적 알아보시고 온라인이랑 비교해보세용~,"[-0.00032187  0.02035522 -0.02267456 ... -0.04171753 -0.04730225
 -0.0074234 ]",2,"['사은품', '포함', '견적', '알아보다', '온라인', '비교']",사은품 포함 견적 알아보다 온라인 비교,0
4862,온라인으로 다 검색하고 서치해서 사신것도 대단해요. 톤도 포근하게 잘맞고 예쁘네요,"[ 0.01320648  0.02897644 -0.04110718 ... -0.04214478 -0.02604675
 -0.00228119]",2,"['온라인', '검색', '서치', '사다', '맞다', '예쁘다']",온라인 검색 서치 사다 맞다 예쁘다,1
4863,온라인 완전 비추에요 저는 ㅠ 진짜 호되게 당한적이 있어서 ㅜㅜ,"[-4.17327881e-03  2.71759033e-02 -1.30844116e-02 ... -2.35900879e-02
 -9.96398926e-03  3.26037407e-05]",2,"['온라인', '비추다', '호되다', '당하다']",온라인 비추다 호되다 당하다,1
4864,제품이 온라인이랑 오프라인이 조금씩 다르다는얘기는 저도 들어본 것 같아요~비슷해 보여도 모델명이 조금씩 다르다고 하더라구요!잘 확인해보고 사셔야 할 것 같아요~,"[ 0.00349236  0.01274109 -0.0458374  ... -0.02914429 -0.01032257
 -0.01513672]",2,"['제품', '온라인', '오프라인', '다르다', '얘기', '비슷하다', '보이다', '모델명', '다르다', '확인', '사다']",제품 온라인 오프라인 다르다 얘기 비슷하다 보이다 모델명 다르다 확인 사다,0
4865,저도 온라인박람회로 계약했어요! 결정장애라 견적내보고 천천히 결정할수있어서 좋았던것같아요 계약 축하드려요~!@,"[-0.01396942  0.01812744 -0.02011108 ... -0.0451355  -0.03607178
  0.00169373]",2,"['온라인', '박람회', '계약', '결정', '장애', '견적', '내다', '결정', '좋다', '계약', '축하', '드리다']",온라인 박람회 계약 결정 장애 견적 내다 결정 좋다 계약 축하 드리다,0
4866,바쁘신 분들에겐 온라인이 최고인거같아요!,"[ 0.01234436  0.0335083  -0.01847839 ... -0.03839111 -0.02368164
 -0.02250671]",2,"['바쁘다', '온라인', '최고']",바쁘다 온라인 최고,2
4867,전 다이렉트 박람회가기전에 온라인박람회 둘러봣는데 대충 가격대를 알고 가니까 정하기 편하더라구요 ㅎㅎ,"[-0.02005005  0.0080719  -0.02403259 ... -0.03421021 -0.02703857
 -0.00283051]",2,"['다이렉트', '박람회', '온라인', '박람회', '둘러보다', '가격대', '정하다', '편하다']",다이렉트 박람회 온라인 박람회 둘러보다 가격대 정하다 편하다,1
4868,전 리바트매장 구경하고 인터넷으로 구매햇어요~,"[-0.00112915  0.02545166 -0.01525116 ... -0.03649902 -0.03488159
 -0.00585938]",2,"['리바트', '매장', '구경', '인터넷', '구매']",리바트 매장 구경 인터넷 구매,1
4869,"온라인박람회에 여행사 있는지 몰랐네용, 감사합니당","[-0.01043701  0.00691605 -0.03790283 ... -0.04016113 -0.04324341
 -0.01844788]",2,"['온라인', '박람회', '여행사', '감사']",온라인 박람회 여행사 감사,1
4870,역시 선오프라인 후온라인이 맞는것같아요 ~ 직접 보고 난 후에 온라인 구매로 ㅎㅎ,"[ 0.00697327  0.01583862 -0.01777649 ... -0.03601074 -0.01625061
 -0.00761032]",2,"['오프라인', '온라인', '맞다', '온라인', '구매']",오프라인 온라인 맞다 온라인 구매,1
4871,오 인터넷 최저가 보다 저렴한 오프라인 판매도 있어요?,"[-0.00217628  0.03161621 -0.03485107 ... -0.03213501 -0.02960205
 -0.01611328]",2,"['인터넷', '최저', '오프라인', '판매']",인터넷 최저 오프라인 판매,2
4872,한 매장에서 동시에 여러개를 구매하게 되면 총 견적이 인터넷 최저가의 합보다 적어지는 경우가 많아요!ㅎㅎ,"[ 0.00237846  0.03814697 -0.02566528 ... -0.02810669 -0.04150391
  0.00516129]",2,"['매장', '동시', '구매', '견적', '인터넷', '최저', '적다', '많다']",매장 동시 구매 견적 인터넷 최저 적다 많다,2
4873,전 오프라인에서 하려구요~ 한번에 하면 디씨 많이 해주고 서비스도 줘서 더 이익인것 같아요~,"[-0.01554108  0.01707458 -0.02546692 ... -0.02946472 -0.01950073
  0.00535583]",2,"['오프라인', '서비스', '이익']",오프라인 서비스 이익,2
4874,저는 오프라인에서 일괄 몰아서 샀어여 ㅎㅎ,"[-0.00119591  0.016922   -0.01876831 ... -0.01745605 -0.03585815
 -0.00065422]",2,"['오프라인', '일괄', '몰다', '사다']",오프라인 일괄 몰다 사다,0
4875,오프라인 태그가랑 실제 견적이랑 금액이 달라요 싱글가격은 온라인이 저렴했는데 묶어서 구매하니까 오프라인이 더 저렴햇어요 ㅎㅎ 서비스도 챙겨주시구요,"[-0.00505829  0.02601624 -0.03588867 ... -0.00843048 -0.02430725
 -0.007267  ]",2,"['오프라인', '태그', '견적', '금액', '다르다', '싱글', '가격', '온라인', '묶다', '구매', '오프라인', '저렴하다', '서비스', '챙기다']",오프라인 태그 견적 금액 다르다 싱글 가격 온라인 묶다 구매 오프라인 저렴하다 서비스 챙기다,0
4876,온라인 오프라인 다 검색해보고 비교해봐야되는거같아요ㅠㅠ보통일이 아니에여ㅠㅠ,"[ 0.00351715  0.00326538 -0.02093506 ... -0.04168701 -0.01244354
 -0.01496124]",2,"['온라인', '오프라인', '검색', '비교', '보통']",온라인 오프라인 검색 비교 보통,0
4877,우와.. 역시 쇼핑에도 공부가 필요한 거 같아요.. 저도 오프라인만 돌아보긴 했는데.. 아직 모델도 결정을 못한터라.. ㅠㅠ 인터넷이랑 잘 비교해보고 결정해야겠네요ㅠㅠ,"[-0.00439453  0.0144043  -0.02186584 ... -0.03424072 -0.02101135
  0.00636292]",2,"['쇼핑', '공부', '필요', '오프라인', '돌아보다', '모델', '결정', '인터넷', '비교', '결정']",쇼핑 공부 필요 오프라인 돌아보다 모델 결정 인터넷 비교 결정,0
4878,예산이 어떤지에따라 달라지는거같아요 ~ 전 소소한것들은 온라인에서 구매할예정입니다,"[ 0.00314903  0.03283691 -0.02519226 ... -0.03820801 -0.04052734
 -0.01551056]",2,"['예산', '따르다', '달라지다', '온라인', '구매', '예정']",예산 따르다 달라지다 온라인 구매 예정,1
4879,온라인 혈투 ㅋㅋ 왜케 공감될까요 ㅎㅎ 고생하셨어요,"[ 0.00354767  0.02038574 -0.01260376 ... -0.03503418 -0.00527191
  0.00409317]",2,"['온라인', '혈투', '공감', '고생']",온라인 혈투 공감 고생,1
4880,온라인혈두 넘나 공감되요 ㅋㅋ 검색하다보면 출근이 가까운 새벽이 되어있죠ㅠㅠㅠ,"[ 0.00735474  0.02578735 -0.01612854 ... -0.02107239 -0.00337982
 -0.00772095]",2,"['온라인', '넘다', '공감', '검색', '출근', '새벽']",온라인 넘다 공감 검색 출근 새벽,1
4881,"러그도 온라인 도전이였죠, 정말 저렴한거 밑져야 본전이다 질렀는데 쓸만하더라구요~","[ 0.01381683  0.01785278 -0.02844238 ... -0.02531433 -0.01041412
 -0.00779724]",2,"['러그', '온라인', '도전', '저렴하다', '밑지다', '본전', '지르다', '쓰다']",러그 온라인 도전 저렴하다 밑지다 본전 지르다 쓰다,2
4882,오오 딱 궁금하던거였어요. 오프라인 못가봐서 괜히 후회스러웠거든요! 공유감사해요! > <,"[ 0.00362206  0.01609802 -0.02319336 ... -0.03405762 -0.01585388
 -0.00261688]",2,"['궁금하다', '오프라인', '후회', '공유', '감사']",궁금하다 오프라인 후회 공유 감사,1
4883,저는 백화점 돌아다녀보고 인터넷으로 구매할까 생각중이에요..ㅠㅠ 아무래도 차이가 많이나서,"[-0.00262451  0.0295105  -0.02236938 ... -0.04415894 -0.04949951
  0.00263596]",2,"['백화점', '돌아다니다', '인터넷', '구매', '생각', '차이']",백화점 돌아다니다 인터넷 구매 생각 차이,0
4884,어떤 매장은 인터넷가 보여주면서 그것보다 싸게 준다고 하셨다더라구요 ㅎ저희친정꺼 인터넷서 사는데 만족하며 쓰고잇어요,"[-4.76837158e-07  3.04260254e-02 -3.13415527e-02 ... -3.46984863e-02
 -3.90319824e-02 -1.59759521e-02]",2,"['매장', '인터넷', '보이다', '싸다', '친정', '인터넷', '사다', '만족', '쓰다']",매장 인터넷 보이다 싸다 친정 인터넷 사다 만족 쓰다,2
4885,생각보다 백화점에서 하시는분들이 많네요! 전 무조건 인터넷만 보았는데! 발품팔아 여기저기 비교해봐야겠네용ㅎㅎ,"[-0.00614166  0.00863647 -0.02471924 ... -0.05712891 -0.0335083
  0.01757812]",2,"['생각', '백화점', '많다', '인터넷', '발품', '팔다', '여기저기', '비교']",생각 백화점 많다 인터넷 발품 팔다 여기저기 비교,0
4886,"오프라인 매장이라도, 온라인 최저가 보여주면서, 가격좀 깍아주면 안되냐고 하면, 가격 많이 잘해주신다고 하더라구요~ 참고하세요","[-0.00313187  0.01989746 -0.02755737 ... -0.02656555 -0.01867676
 -0.00933838]",2,"['오프라인', '매장', '온라인', '최저', '보이다', '가격', '깍다', '가격', '참고']",오프라인 매장 온라인 최저 보이다 가격 깍다 가격 참고,0
4887,잘사셧네요~ 이즈마인 온라인없어진다니? 먼가아쉽네요ㅜ,"[ 0.00928497  0.01976013 -0.02198792 ... -0.04177856 -0.03817749
 -0.0033493 ]",2,"['사다', '이즈마', '온라인']",사다 이즈마 온라인,1
4888,온라인엔 있어요! 그걸 볼수있는 오프매장이없으니 실물을 못본다는뜻이에요 ㅠ,"[-0.00149632  0.01319885 -0.0198822  ... -0.03005981 -0.03347778
 -0.00278091]",2,"['온라인', '오프', '매장', '실물']",온라인 오프 매장 실물,1
4889,헐 20만원이면 완전 큰돈인데ㄷㄷ 저도 다음엔 온라인으로 사야겠네요,"[ 0.00186157  0.03384399 -0.02757263 ... -0.02857971 -0.03427124
  0.01325989]",2,"['크다', '다음', '온라인', '사다']",크다 다음 온라인 사다,0
4890,20만원 차이면 엄청나네 ㄷㄷ 저도 당장 검색들어갑니다,"[-0.01141357  0.02514648 -0.02102661 ... -0.03366089 -0.02633667
  0.0193634 ]",2,"['차이', '엄청나다', '당장', '검색', '들어가다']",차이 엄청나다 당장 검색 들어가다,2
4891,오프라인은 그냥 전시만 보고 온라인으로 사세요 ㄹㅇ 가성비 차원이다름,"[-0.00856018  0.01430511 -0.01835632 ... -0.04278564 -0.03007507
  0.00152969]",2,"['오프라인', '전시', '온라인', '사다', '가성비', '차원', '다르다']",오프라인 전시 온라인 사다 가성비 차원 다르다,1
4892,오프라인이 체험은 되는데 솔직히 가격땜에 온라인으로 갈아탓습니다ㄷㄷ,"[-0.00278091  0.01355743 -0.01679993 ... -0.043396   -0.03234863
  0.01409912]",2,"['오프라인', '체험', '가격', '온라인', '갈아타다']",오프라인 체험 가격 온라인 갈아타다,1
4893,매장에서 사면 왠지 바가지 쓸거같아서 전 무조건 온라인..,"[ 0.01403046  0.03353882 -0.0333252  ... -0.02706909 -0.03921509
 -0.00358772]",2,"['매장', '사다', '바가지', '쓰다', '온라인']",매장 사다 바가지 쓰다 온라인,2
4894,실물은 매장가서 보고 구매는 온라인 ㅇㅈ? 쇼루밍족ㅋㅋ,"[-0.00111389  0.01529694 -0.02731323 ... -0.04650879 -0.0413208
 -0.00165176]",2,"['실물', '매장', '구매', '온라인', '쇼루밍족']",실물 매장 구매 온라인 쇼루밍족,1
4895,ㅠㅠ30만원이면 진짜 아깝다.. 삼성pay 이벤트도 있던데,"[-0.01808167  0.01550293 -0.03323364 ... -0.04293823 -0.03369141
  0.01216888]",2,"['삼성', '이벤트']",삼성 이벤트,2
4896,부모님 설득이 제일 어려움 ㅠㅠ 저희도 온라인하고싶은데,"[ 0.00522995  0.0428772  -0.01618958 ... -0.04272461 -0.01916504
  0.00181389]",2,"['부모', '설득', '온라인']",부모 설득 온라인,2
4897,오프라인이랑 가격차이 생각보다 크죠? 저도 온라인파 됐어요ㅋㅋ,"[-0.00023472  0.02311707 -0.02311707 ... -0.03244019 -0.02947998
  0.00037742]",2,"['오프라인', '가격', '차이', '생각', '크다', '온라인']",오프라인 가격 차이 생각 크다 온라인,0
4898,저도 고민됩니다 ㅋㅋ 매장에서 보면 화질 확인되는데 인터넷은 그게 안되잖아요 ㄷㄷ,"[-0.00195312  0.025177   -0.00468063 ... -0.05593872 -0.0284729
  0.02603149]",2,"['고민', '매장', '화질', '확인', '인터넷']",고민 매장 화질 확인 인터넷,2
4899,20만원차이면 무조껀 온라인이죠 ㄷㄷ,"[-0.00200844  0.01725769 -0.01154327 ... -0.02613831 -0.03225708
  0.00887299]",2,"['차이', '무조껀', '온라인']",차이 무조껀 온라인,2
4900,헐 35만원 차이면 개이득이네요ㄷㄷ 저도 다음엔 온라인으로,"[-0.00312233  0.02249146 -0.01757812 ... -0.04803467 -0.02377319
  0.01385498]",2,"['차이', '이득', '다음', '온라인']",차이 이득 다음 온라인,0
4901,혼수가전 온라인 완전 인정이요 저도 그렇게 했는데 후회없어요~,"[ 0.02217102  0.02198792 -0.02236938 ... -0.02529907 -0.02255249
  0.00633621]",2,"['혼수', '가전', '온라인', '인정', '후회']",혼수 가전 온라인 인정 후회,1
4902,매장은 상담만 받고 구매는 온라인이 답인듯,"[ 0.01233673  0.02098083 -0.02453613 ... -0.03390503 -0.02490234
  0.01203156]",2,"['매장', '상담', '구매', '온라인']",매장 상담 구매 온라인,0
4903,저도 온라인으로만 사는데 매장가면 호구됨ㅋㅋ,"[-0.00028443  0.02915955 -0.0147171  ... -0.01657104 -0.02908325
  0.01547241]",2,"['온라인', '사다', '매장', '호구']",온라인 사다 매장 호구,1
4904,백만원 차이면 당연히 온라인이죠 ㅎㅎ AS도 똑같은데,"[-7.09295273e-05  1.78527832e-02 -5.29861450e-03 ... -3.33862305e-02
 -3.08532715e-02  5.74111938e-03]",2,"['차이', '온라인', '똑같다']",차이 온라인 똑같다,0
4905,오프매장은 인건비 붙어서 비싼거에요 온라인 추천,"[ 0.01189423  0.03881836 -0.03610229 ... -0.01508331 -0.02326965
 -0.00222588]",2,"['오프', '매장', '인건비', '붙다', '비싸다', '온라인', '추천']",오프 매장 인건비 붙다 비싸다 온라인 추천,2
4906,매장은 진짜 비싸요.. 저도 이제 무조건 인터넷으로만 삽니다,"[ 0.00703812  0.03344727 -0.02328491 ... -0.03463745 -0.04776001
  0.01823425]",2,"['매장', '비싸다', '인터넷', '살다']",매장 비싸다 인터넷 살다,2
4907,30만원 차이면 당연히 온라인이죠! 저는 네이버쇼핑에서 샀는뎅,"[-0.00785828  0.0136795  -0.03356934 ... -0.03668213 -0.04595947
 -0.01252747]",2,"['차이', '온라인', '네이버', '쇼핑', '사다']",차이 온라인 네이버 쇼핑 사다,1
4908,온라인이 확실히 싸긴한데 실물 못보는게 좀 그렇긴해요ㅋㅋ,"[-0.01057434  0.03053284 -0.01612854 ... -0.03512573 -0.03494263
 -0.00167561]",2,"['온라인', '싸다', '실물']",온라인 싸다 실물,1
4909,매장은 인건비 임대료 다 포함이라 비싼거에요 온라인이 훨 저렴함,"[ 0.0171814   0.03860474 -0.02801514 ... -0.04675293 -0.03826904
  0.01654053]",2,"['매장', '인건비', '임대료', '포함', '비싸다', '온라인', '저렴하다']",매장 인건비 임대료 포함 비싸다 온라인 저렴하다,2
4910,헐 저도 오프라인에서 살뻔 ㅋㅋ 온라인 먼저 확인해야겟네요,"[-0.01010895  0.02175903 -0.01370239 ... -0.02552795 -0.0269165
 -0.01452637]",2,"['오프라인', '살다', '온라인', '확인']",오프라인 살다 온라인 확인,1
4911,온라인이 AS가 좀 불안하지 않나요? 그건 어떻게 해결하셨는지 궁금해요,"[ 0.00132275  0.01876831 -0.01831055 ... -0.04135132 -0.01829529
 -0.0124588 ]",2,"['온라인', '불안', '해결', '궁금하다']",온라인 불안 해결 궁금하다,1
4912,저도 온라인으로 살걸 그랫어요ㅠ 백화점에서 비싸게샀음..,"[-0.00559616  0.03427124 -0.01976013 ... -0.03329468 -0.05093384
 -0.01618958]",2,"['온라인', '사다', '백화점', '비싸다', '사다']",온라인 사다 백화점 비싸다 사다,2
4913,요즘 오프라인은 전시용이고 구매는 온라인이죠ㅎㅎ,"[ 0.00437927  0.02655029 -0.02528381 ... -0.03869629 -0.03622437
 -0.01072693]",2,"['요즘', '오프라인', '전시', '구매', '온라인']",요즘 오프라인 전시 구매 온라인,1
4914,매장은 체험만 하고 구매는 인터넷! 이게 정석ㅋㅋ,"[ 0.00121403  0.01413727 -0.00951385 ... -0.04598999 -0.03897095
  0.0134201 ]",2,"['매장', '체험', '구매', '인터넷', '정석']",매장 체험 구매 인터넷 정석,2
4915,매장가면 직원이 자기네꺼만 추천해서 ㅋㅋ 차라리 온라인 후기가 더 정확함,"[-0.00258064  0.02522278 -0.02680969 ... -0.03027344 -0.02609253
  0.00348854]",2,"['매장', '직원', '추천', '온라인', '후기', '정확']",매장 직원 추천 온라인 후기 정확,2
4916,온라인구매해도 AS는 똑같이 받을수잇어서 다행이에요 ㅋㅋ,"[ 0.0014267   0.02714539 -0.00804138 ... -0.02151489 -0.05664062
 -0.00034595]",2,"['온라인', '구매', '다행']",온라인 구매 다행,1
4917,30만원 차이면 온라인 무조건이죠ㄷㄷ,"[-0.00761414  0.02633667 -0.01919556 ... -0.0329895  -0.0302124
 -0.00183964]",2,"['차이', '온라인', '조건']",차이 온라인 조건,0
4918,요즘 매장은 구경만하고 온라인서 사야됨ㅠ,"[ 0.00501251  0.03619385 -0.01081085 ... -0.02804565 -0.04067993
 -0.0015707 ]",2,"['요즘', '매장', '구경', '온라인', '사다']",요즘 매장 구경 온라인 사다,1
4919,30만원이면 ㅈㄴ크네 ㄷㄷ 저도 이제 온라인만 봐야겟다,"[-0.00721359  0.02818298 -0.02493286 ... -0.04406738 -0.02687073
  0.02287292]",2,"['크다', '온라인']",크다 온라인,2
4920,와 진짜 요즘은 온라인이 답이네요ㅋㅋ 300만원 차이면 신혼여행 업글가능,"[-0.0145874   0.01942444 -0.00861359 ... -0.02642822 -0.03726196
 -0.00540924]",2,"['요즘', '온라인', '차이', '신혼여행', '가능']",요즘 온라인 차이 신혼여행 가능,2
4921,저희 동네는 지자체에서 운영하는거 있던데 그것도 온라인 신청됩니당,"[-0.00451279  0.03314209 -0.01286316 ... -0.03741455 -0.02410889
  0.01766968]",2,"['동네', '지자체', '운영', '온라인', '신청']",동네 지자체 운영 온라인 신청,0
4922,저도 고민중인데 20만원 차이면 온라인 각이네요ㄷㄷ,"[-0.01407623  0.02818298 -0.02822876 ... -0.03549194 -0.02436829
  0.02580261]",2,"['고민', '차이', '온라인']",고민 차이 온라인,0
4923,요즘 온라인이 훨씬 싸죠ㅠㅠ 매장은 인건비 다 붙어서 비쌈,"[ 0.01948547  0.03964233 -0.02613831 ... -0.02485657 -0.0397644
  0.00744247]",2,"['요즘', '온라인', '싸다', '매장', '인건비', '붙다', '비싸다']",요즘 온라인 싸다 매장 인건비 붙다 비싸다,2
4924,20만원 차이면 온라인이 답이죠ㅠㅠ 저도 작년에 네이버로 샀는데 만족,"[-0.00385475  0.01154327 -0.03463745 ... -0.03833008 -0.03866577
  0.00514603]",2,"['차이', '온라인', '작년', '네이버', '사다', '만족']",차이 온라인 작년 네이버 사다 만족,1
4925,20만원 차이면 무조건 온라인이죠ㅎㅎ 현명하신 선택,"[-0.00965881  0.02522278 -0.02809143 ... -0.03665161 -0.02197266
  0.01802063]",2,"['차이', '온라인', '현명', '선택']",차이 온라인 현명 선택,0
4926,오프라인 가면 체험은 할수있는데 가격은 솔직히.. 온라인이 저렴하죠ㅋㅋ,"[-0.00287056  0.02879333 -0.0089035  ... -0.02316284 -0.01511383
 -0.00460434]",2,"['오프라인', '체험', '가격', '온라인', '저렴하다']",오프라인 체험 가격 온라인 저렴하다,1
4927,온라인AS 이런게 있었네요? 몰랏음 감사합니다,"[ 0.01119232  0.02030945 -0.01660156 ... -0.03591919 -0.0171814
 -0.01560211]",2,"['온라인', '감사']",온라인 감사,1
4928,오 15만원 차이면 크네요ㄷㄷ 저도 다음엔 온라인으로 살듯,"[-0.00308228  0.02816772 -0.00961304 ... -0.0345459  -0.03808594
  0.00117493]",2,"['차이', '크다', '다음', '온라인', '사다']",차이 크다 다음 온라인 사다,0
4929,ㅋㅋ 매장은 인건비 임대료 다 붙어서 비싸죠 전 무조건온라인,"[ 0.0137558   0.04403687 -0.0173645  ... -0.04107666 -0.03656006
  0.02333069]",2,"['매장', '인건비', '임대료', '붙다', '비싸다', '온라인']",매장 인건비 임대료 붙다 비싸다 온라인,2
4930,요즘 다들 온라인으로 사는 추세긴한데 부모님 설득이 어렵죠ㅠ,"[-0.00458527  0.05569458 -0.01365662 ... -0.0463562  -0.0291748
 -0.01113892]",2,"['요즘', '온라인', '사다', '추세', '부모', '설득']",요즘 온라인 사다 추세 부모 설득,2
4931,백화점은 그냥 분위기값임ㅋㅋ 온라인 짱,"[ 0.00721741  0.01753235 -0.01728821 ... -0.0280304  -0.03448486
 -0.00125694]",2,"['백화점', '분위기', '온라인', '최고']",백화점 분위기 온라인 최고,1
4932,와 20만원 차이면 크네요ㅠㅠ 저도 온라인으로 살걸,"[-0.00808716  0.0324707  -0.02700806 ... -0.03070068 -0.03778076
 -0.00260544]",2,"['차이', '크다', '온라인', '사다']",차이 크다 온라인 사다,2
4933,백화점은 마진이 너무 쎄서.. 온라인이 답입니다 ㅎㅎ,"[-0.00070095  0.02165222 -0.01498413 ... -0.03842163 -0.04034424
  0.01579285]",2,"['백화점', '마진', '쎄다', '온라인']",백화점 마진 쎄다 온라인,2
4934,공청기는 온라인이 훨씬 싸더라구요~ 전 네이버로 샀는데 후회중ㅠ,"[-0.00831604  0.03918457 -0.03311157 ... -0.03372192 -0.02612305
 -0.00740814]",2,"['온라인', '싸다', '네이버', '사다', '후회']",온라인 싸다 네이버 사다 후회,1
4935,매장 진짜 비싸요.. 온라인이 답입니다ㅎㅎ,"[ 0.00732422  0.03720093 -0.02613831 ... -0.0322876  -0.0329895
  0.01699829]",2,"['매장', '비싸다', '온라인']",매장 비싸다 온라인,2
4936,매장은 진짜 비싸요.. 온라인이 훨씬 저렴함,"[ 0.01435852  0.04098511 -0.03213501 ... -0.03457642 -0.0357666
  0.00465393]",2,"['매장', '비싸다', '온라인', '저렴하다']",매장 비싸다 온라인 저렴하다,2
4937,온라인이 오히려 AS 신청 편해서 조음 매장 전화할 필요 없고,"[ 0.01360321  0.02830505  0.00178146 ... -0.03213501 -0.03427124
 -0.00489426]",2,"['온라인', '신청', '편하다', '조음', '매장', '전화', '필요']",온라인 신청 편하다 조음 매장 전화 필요,2
4938,오프라인 매장에서 사면 그런거 미리 알려주는데,"[ 0.01011658  0.03424072 -0.02862549 ... -0.02636719 -0.03445435
 -0.01538849]",2,"['오프라인', '매장', '사다', '알리다']",오프라인 매장 사다 알리다,2
4939,당연히 온라인이져 ㅋㅋ 매장은 인건비때문에 비쌈,"[ 0.01085663  0.02870178 -0.01708984 ... -0.03051758 -0.03442383
  0.00812531]",2,"['온라인', '매장', '인건비', '비싸다']",온라인 매장 인건비 비싸다,2
4940,매장은 볼때만가고 구매는 무조건 온라인입니다 ㅎㅎ,"[-0.00130939  0.02972412 -0.01347351 ... -0.02986145 -0.04602051
  0.00628662]",2,"['매장', '구매', '온라인']",매장 구매 온라인,1
4941,저도 작년에 혼수 다 온라인했어요ㅋㅋ 부모님 설득하는게 젤 힘들더라구요ㄷㄷ,"[ 0.0073204   0.04269409 -0.00935364 ... -0.02810669 -0.02223206
  0.0163269 ]",2,"['작년', '혼수', '온라인', '부모', '설득', '힘들다']",작년 혼수 온라인 부모 설득 힘들다,2
4942,요새는 다 온라인으로 해결되네요 ㅎㅎ 신세계,"[ 0.00571442  0.02122498 -0.01352692 ... -0.03250122 -0.03277588
 -0.00132275]",2,"['요새', '온라인', '해결', '신세계']",요새 온라인 해결 신세계,0
4943,매장가면 영업당할까봐 전 무조건 온라인파ㅋㅋ,"[ 0.0116806   0.02818298 -0.01657104 ... -0.02767944 -0.0255127
  0.02316284]",2,"['매장', '영업', '당하다', '온라인']",매장 영업 당하다 온라인,1
4944,매장 가격 뻥튀기 너무 심해요.. 온라인이 백만원도 넘게 쌈,"[ 0.01207733  0.0380249  -0.01763916 ... -0.03826904 -0.04049683
  0.0138855 ]",2,"['매장', '가격', '뻥튀기', '심하다', '온라인', '넘다', '싸다']",매장 가격 뻥튀기 심하다 온라인 넘다 싸다,0
4945,전 오프라인 추천이요 직접 보고 화질 비교하는게 나은듯,"[-0.00281715  0.01751709 -0.01725769 ... -0.04138184  0.00179577
  0.00363731]",2,"['오프라인', '추천', '화질', '비교']",오프라인 추천 화질 비교,0
4946,AS는 어차피 본사에서 하는거라 온오프 차이없어요 근데 가격차이 15만원이면 당연히 온라인이죠 ㄷㄷ,"[ 0.00285149  0.02345276 -0.01193237 ... -0.01838684 -0.0302887
  0.0085907 ]",2,"['본사', '오프', '차이', '가격', '차이', '온라인']",본사 오프 차이 가격 차이 온라인,0
4947,저도 다음엔 인터넷으로 사야겠어요 매장 왔다갔다 너무 힘들어서..,"[ 0.00417709  0.0401001  -0.01210022 ... -0.03643799 -0.0553894
  0.0077095 ]",2,"['다음', '인터넷', '사다', '매장', '힘들다']",다음 인터넷 사다 매장 힘들다,2
4948,저도 작년에 똑같은 고민했는데 결국 온라인 샀어요ㅋㅋ 후회없음,"[-0.00801086  0.0224762  -0.03689575 ... -0.03829956 -0.04223633
  0.01342773]",2,"['작년', '똑같다', '고민', '결국', '온라인', '사다', '후회']",작년 똑같다 고민 결국 온라인 사다 후회,1
4949,매장은 인건비 들어가서 비싼거죠 ㅇㅇ 온라인이 답,"[ 0.01192474  0.02891541 -0.02041626 ... -0.02729797 -0.03161621
  0.01753235]",2,"['매장', '인건비', '들어가다', '비싸다', '온라인']",매장 인건비 들어가다 비싸다 온라인,2
4950,전 오프라인파인데 요즘 가격차 넘 심해서 저도 흔들려요ㅠㅠ,"[ 0.00141335  0.02861023 -0.01412964 ... -0.02941895 -0.03381348
 -0.0035553 ]",2,"['오프라인', '요즘', '가격', '심하다', '흔들리다']",오프라인 요즘 가격 심하다 흔들리다,0
4951,와 60만원 차이는 진짜 큰데요? 저도 담에 결혼하면 온라인으로만 살래요ㅠㅠ,"[-0.00349808  0.03265381 -0.01306152 ... -0.03353882 -0.02668762
  0.00584412]",2,"['차이', '크다', '결혼', '온라인', '살다']",차이 크다 결혼 온라인 살다,1
4952,혼수가전 온라인 대세죠 요즘..백화점은 진짜 너무비싸요,"[ 0.02767944  0.03414917 -0.02937317 ... -0.0239563  -0.04296875
 -0.00131702]",2,"['혼수', '가전', '온라인', '대세', '요즘', '백화점', '비싸다']",혼수 가전 온라인 대세 요즘 백화점 비싸다,2
4953,매장 돌아다니는 시간도 아까운데 온라인이 싸기까지 하면 진짜 답없죠ㅋㅋ,"[-0.00089455  0.04141235 -0.01647949 ... -0.03390503 -0.03393555
  0.00998688]",2,"['매장', '돌아다니다', '시간', '온라인', '싸다']",매장 돌아다니다 시간 온라인 싸다,0
4954,헐 80 차이면 미쳤다 ㅋㅋ 당연히 온라인이죠,"[ 0.00178146  0.00125217 -0.00843048 ... -0.0317688  -0.02328491
  0.01346588]",2,"['미치다', '온라인']",미치다 온라인,1
4955,매장 호구잡는거임ㅋㅋ 발품팔기 ㄴㄴ,"[ 0.00270271  0.01701355 -0.00758362 ... -0.03417969 -0.0271759
  0.02706909]",2,"['매장', '호구', '발품', '팔다']",매장 호구 발품 팔다,0
4956,오프라인 매장 가격은 진짜 바가지임 ㅋㅋ온라인추천,"[ 0.00778961  0.04299927 -0.03500366 ... -0.02009583 -0.01768494
 -0.00309753]",2,"['오프라인', '매장', '가격', '바가지', '온라인', '추천']",오프라인 매장 가격 바가지 온라인 추천,0
4957,오프라인은 가격이 너무.. 온라인추천드려요 ㅋㅋ,"[-0.0038414   0.02548218 -0.02430725 ... -0.03652954 -0.02471924
  0.00381851]",2,"['오프라인', '가격', '온라인', '추천', '드리다']",오프라인 가격 온라인 추천 드리다,0
4958,가격도 오프라인보다 쌌나요?,"[ 0.00268555  0.02798462 -0.03567505 ... -0.01759338 -0.02427673
 -0.00674438]",2,"['가격', '오프라인', '싸다']",가격 오프라인 싸다,0
4959,매장 장사 그렇게 하면 망하지ㅋㅋ 온라인이 답,"[ 0.00959778  0.03167725 -0.02619934 ... -0.03164673 -0.02485657
  0.01184845]",2,"['매장', '장사', '망하다', '온라인']",매장 장사 망하다 온라인,2
4960,온라인이 훨 싸긴한데 매장가서 직접 보는것도 괜찮더라구요 ㄷㄷ,"[-0.00182915  0.03088379 -0.01524353 ... -0.03366089 -0.03106689
  0.01076508]",2,"['온라인', '싸다', '매장', '괜찮다']",온라인 싸다 매장 괜찮다,1
4961,온라인이라 AS 안될줄알았는데 다행이네욬ㅋㅋ,"[ 0.00920868  0.01982117  0.00153542 ... -0.02740479 -0.02960205
  0.00154972]",2,"['온라인', '다행']",온라인 다행,1
4962,저는 그래도 매장가서 실물보고 온라인주문했습니다 ㅎㅎ,"[-0.0054512   0.03323364 -0.00995636 ... -0.03317261 -0.04870605
 -0.00012779]",2,"['매장', '실물', '온라인', '주문']",매장 실물 온라인 주문,1
4963,와 80만원..ㄷㄷ 저도 내년 결혼인데 온라인 알아봐야겠다,"[-0.00049591  0.01376343 -0.02981567 ... -0.03436279 -0.02766418
  0.01986694]",2,"['내년', '결혼', '온라인', '알아보다']",내년 결혼 온라인 알아보다,1
4964,요즘 오프라인 갈 이유가 없죠 진짜ㅋㅋ 가격만 비싸,"[ 0.01143646  0.04702759 -0.01409912 ... -0.00915527 -0.02975464
  0.00428772]",2,"['요즘', '오프라인', '이유', '가격', '비싸다']",요즘 오프라인 이유 가격 비싸다,2
4965,저도 고민하다가 오프라인 갔는데.. 온라인 가격보고 후회중ㅋㅋ 그냥 온라인 사세요,"[-0.01265717  0.03292847 -0.03173828 ... -0.0236969  -0.02378845
  0.00359154]",2,"['고민', '오프라인', '온라인', '가격', '후회', '온라인', '사다']",고민 오프라인 온라인 가격 후회 온라인 사다,1
4966,오 15만원 차이면 대박이네요 ㄷㄷ 저도 온라인 알아봐야겠다,"[-0.00596237  0.02676392 -0.01159668 ... -0.03631592 -0.03137207
  0.0088501 ]",2,"['차이', '온라인', '알아보다']",차이 온라인 알아보다,0
4967,온라인이 AS 안좋다는 편견 깨지네요ㅋㅋ,"[ 0.00530243  0.01087189  0.00048065 ... -0.02435303 -0.01617432
 -0.00823975]",2,"['온라인', '좋다', '편견', '깨다']",온라인 좋다 편견 깨다,2
4968,매장에서 보고 집에와서 온라인 결제ㅋㅋ 이게 정석,"[ 0.01376343  0.03588867 -0.01392365 ... -0.02896118 -0.04595947
  0.00243568]",2,"['매장', '온라인', '결제', '정석']",매장 온라인 결제 정석,2
4969,40만원차이면 온라인 안살 이유가없네ㄷㄷ,"[ 0.00849152  0.0302887  -0.00216866 ... -0.02935791 -0.03053284
  0.00447845]",2,"['차이', '온라인', '사다', '이유']",차이 온라인 사다 이유,2
4970,요즘은 온라인이 더 쌈 진짜.. 매장은 인건비 때문에 바가지임,"[ 0.01173401  0.03781128 -0.02645874 ... -0.02883911 -0.03683472
  0.00471497]",2,"['요즘', '온라인', '싸다', '매장', '인건비', '바가지']",요즘 온라인 싸다 매장 인건비 바가지,2
4971,AS는 괜찮나요? 온라인 구매도 AS 똑같이 받을 수 있는거죠?,"[ 0.00548553  0.00984192 -0.02305603 ... -0.0357666  -0.04290771
  0.00187016]",2,"['괜찮다', '온라인', '구매']",괜찮다 온라인 구매,1
4972,헐 30만원 차이면 엄청나네요 ㄷㄷ 저도 온라인으로 살걸,"[-0.01257324  0.03253174 -0.02276611 ... -0.04125977 -0.04244995
 -0.00521851]",2,"['차이', '엄청나다', '온라인', '사다']",차이 엄청나다 온라인 사다,2
4973,30만원 차이면 당연히 온라인이죠...요즘 다들 온라인으로 사요,"[-0.00573349  0.02949524 -0.02856445 ... -0.03594971 -0.03207397
 -0.00592041]",2,"['차이', '온라인', '요즘', '온라인', '사다']",차이 온라인 요즘 온라인 사다,1
4974,전 직접보고 사고싶어서 매장갔다가 걍 거기서 모델명 확인하고 집와서 네이버쇼핑으로 삿어요ㅋㅋ,"[-0.00053453  0.00556564 -0.01235199 ... -0.03781128 -0.04263306
 -0.00029802]",2,"['사다', '매장', '모델명', '확인', '네이버', '쇼핑', '사다']",사다 매장 모델명 확인 네이버 쇼핑 사다,1
4975,20만원 차이면 대박이네요.. 저도 온라인 뒤져봐야겠다,"[-0.00445557  0.02494812 -0.0308075  ... -0.03585815 -0.0329895
  0.00588226]",2,"['차이', '온라인', '뒤지다']",차이 온라인 뒤지다,0
4976,AS 공식으로 받을수있으면 온라인이 무조건 이득이죠ㅋㅋ,"[ 0.00834656  0.02542114 -0.00717163 ... -0.02450562 -0.02505493
 -0.00281906]",2,"['공식', '온라인', '이득']",공식 온라인 이득,1
4977,매장가면 직원이 이것저것 추천하는데 귀찮아서 온라인이 나음 ㅇㅈ?,"[-0.00320435  0.02209473 -0.02856445 ... -0.03695679 -0.02893066
  0.00464249]",2,"['매장', '직원', '이것저것', '추천', '귀찮다', '온라인']",매장 직원 이것저것 추천 귀찮다 온라인,0
4978,근데 온라인이 왜 이렇게 싼건지 의심스럽지 않나요..? 저만그런가ㅠ,"[-0.00152397  0.03491211 -0.02702332 ... -0.04660034 -0.01145172
 -0.00391006]",2,"['온라인', '싸다', '의심']",온라인 싸다 의심,1
4979,오프라인은 체험만 하고 구매는 인터넷으로 하세요ㅋㅋ,"[-0.00460434  0.01470947 -0.01222992 ... -0.04586792 -0.03442383
  0.00798035]",2,"['오프라인', '체험', '구매', '인터넷']",오프라인 체험 구매 인터넷,1
4980,요즘은 온라인이 AS도 빠르죠ㅎㅎ 기사님들 친절하심,"[ 0.00020325  0.0291748   0.00583267 ... -0.03713989 -0.02349854
  0.00086355]",2,"['요즘', '온라인', '빠르다', '기사', '친절']",요즘 온라인 빠르다 기사 친절,2
4981,매장은 인건비랑 임대료가 있어서 비쌀수밖에 없죠.. 저는 요즘 무조건 온라인만 봅니다,"[ 0.00982666  0.03237915 -0.01282501 ... -0.04611206 -0.04187012
  0.02787781]",2,"['매장', '인건비', '임대료', '비싸다', '요즘', '온라인']",매장 인건비 임대료 비싸다 요즘 온라인,2
4982,40만원 차이면 온라인 각이죠 ㅋㅋ 그돈으로 다른거 사세요,"[ 0.00122547  0.03308105 -0.02305603 ... -0.04278564 -0.0160675
  0.0112915 ]",2,"['차이', '온라인', '사다']",차이 온라인 사다,1
4983,LG몰이랑 쿠팡이랑도 비교해보세요~ 카드사별로 다르더라구요,"[-0.00429916  0.00636292 -0.02384949 ... -0.05435181 -0.03762817
 -0.01363373]",2,"['쿠팡', '비교', '카드사', '다르다']",쿠팡 비교 카드사 다르다,2
4984,혼수 전부 온라인 대단하신듯 ㅋㅋ 전 부모님이 절대 안된대서 못했어요 ㅠ,"[ 0.02548218  0.03723145 -0.00762939 ... -0.03216553 -0.02642822
  0.0020256 ]",2,"['혼수', '온라인', '부모']",혼수 온라인 부모,2
4985,매장 직원들 눈치보는것도 스트레스라 온라인이 편함ㅇㅈ,"[-0.00576019  0.03433228 -0.0219574  ... -0.02589417 -0.0340271
  0.00595093]",2,"['매장', '직원', '눈치', '스트레스', '온라인', '편하다']",매장 직원 눈치 스트레스 온라인 편하다,2
4986,화면은 솔직히 매장가서 한번만 보고오면 되지않나요? 그담에 온라인으로 사는게 이득인듯,"[ 0.00437927  0.02310181 -0.02998352 ... -0.03222656 -0.02703857
  0.0112381 ]",2,"['화면', '매장', '온라인', '사다', '이득']",화면 매장 온라인 사다 이득,1
4987,전 매장에서 봤는데 인터넷이 30만원 싸서 온라인샀어요ㅋㅋ,"[-0.00762939  0.02642822 -0.03433228 ... -0.03155518 -0.04168701
 -0.00292778]",2,"['매장', '인터넷', '싸다', '온라인', '사다']",매장 인터넷 싸다 온라인 사다,2
4988,AS는 온라인이나 오프라인이나 똑같이 본사에서 받는거라 상관없을듯?,"[-0.00338936  0.00583267 -0.01112366 ... -0.01091003 -0.04083252
 -0.00447464]",2,"['온라인', '오프라인', '본사', '상관없다']",온라인 오프라인 본사 상관없다,1
4989,오프라인은 솔직히 체험만 하고 구매는 온라인이 답이죠ㅎㅎ,"[-0.00157166  0.00952911 -0.01399994 ... -0.040802   -0.02934265
  0.00491714]",2,"['오프라인', '체험', '구매', '온라인']",오프라인 체험 구매 온라인,1
4990,혼수로 가전 전체가 아니라 한 5개 정도 구매한다고 하면 백화점 입점된 삼전 이런데서 사는게 제일 저렴한가요? 아니면 그냥 제각각 온라인....? 발품 시간이 넘 촉박해서 문의드림니다 ㅠ,"[ 0.0198822   0.02893066 -0.02816772 ... -0.05041504 -0.02841187
  0.00465012]",2,"['혼수', '가전', '전체', '구매', '백화점', '입점', '사다', '저렴하다', '온라인', '발품', '시간', '촉박', '문의', '드리다']",혼수 가전 전체 구매 백화점 입점 사다 저렴하다 온라인 발품 시간 촉박 문의 드리다,0
4991,나도 유통업 종사자니까 온라인이 더 저렴한건 당연히 알지만 너무 차이난다 품번 똑같은데 20만원이나 넘게 차이나네 몇만원정도면 그냥 그려려니하겠는데 하...,"[-0.00379181  0.02270508 -0.04074097 ... -0.02746582 -0.02290344
  0.00886536]",2,"['유통업', '종사자', '온라인', '저렴하다', '차이', '똑같다', '넘다', '차이', '그리다']",유통업 종사자 온라인 저렴하다 차이 똑같다 넘다 차이 그리다,2
4992,오프 샵가서 견적 받아보면 뭐 9개 이상 구매해야 이득 이러던데 내년 매수한 집으로 이사도 잡혀 있어서요... 정말 필요한 5개 정도로만 사고 싶은데 이런경우엔 그냥 온라인으로 구매하는게 나으려나요?,"[-0.00250816  0.03637695 -0.04223633 ... -0.03518677 -0.03695679
  0.01948547]",2,"['오프', '견적', '이상', '구매', '이득', '이러다', '내년', '매수', '이사', '잡히다', '필요', '사다', '온라인', '구매']",오프 견적 이상 구매 이득 이러다 내년 매수 이사 잡히다 필요 사다 온라인 구매,1
4993,신제품은 확실히 쌈 대량 구매는 (혼수) 오프라인이 더 싸다고 함 그리고 대부분 최저가보다 싼 경우가 많아서 대충 믿음으로 감 가끔 사내 게시판에 XX가 더 싸네요 같은 글 올라오는데 이런 글 ㅂㅅ 같다고 생각함 애초에 패넷은 최저가를 보장해주는 곳이 아니라 정해진 규칙에 따른 할인을 해주는 곳이니,"[ 0.0177002   0.01215363 -0.03268433 ... -0.02796936  0.00165939
  0.01806641]",2,"['제품', '대량', '구매', '혼수', '오프라인', '싸다', '부분', '최저', '싸다', '많다', '믿음', '사내', '게시판', '싸다', '올라오다', '생각', '애초', '최저', '보장', '정하다', '규칙', '따르다', '할인']",제품 대량 구매 혼수 오프라인 싸다 부분 최저 싸다 많다 믿음 사내 게시판 싸다 올라오다 생각 애초 최저 보장 정하다 규칙 따르다 할인,1
4994,"여러개 사는거면 오프라인이 더 싸던데? 백화점 오픈매장 ㄱ 지역이 어디야? 오픈행사가 젤 저렴해 제천 하이마트 오픈행사, ak분당 엘지 오픈행사? 등등 저렴히 잘 사봐 어짜피 온라인도 물류센터에서 오는건데 뭔 문제야? 오프라인이 모델정하고 온라인으로 정품 사는게 제일 좋아!","[ 0.00744247  0.00456238 -0.0447998  ... -0.02685547 -0.02983093
  0.00684738]",2,"['사다', '오프라인', '싸다', '백화점', '오픈', '매장', '지역', '오픈', '행사', '저렴하다', '제천', '하이마트', '오픈', '행사', '분당', '엘지', '오픈', '행사', '사다', '온라인', '물류', '센터', '문제', '오프라인', '모델', '정하다', '온라인', '정품', '사다', '좋다']",사다 오프라인 싸다 백화점 오픈 매장 지역 오픈 행사 저렴하다 제천 하이마트 오픈 행사 분당 엘지 오픈 행사 사다 온라인 물류 센터 문제 오프라인 모델 정하다 온라인 정품 사다 좋다,2
4995,한번에 많이 살거면 오프라인이 좋은듯. 시기보다는 오픈매장이 좋고 개인적으로는 백화점 매장이 좋은 것 같아. 이상 혼수가전 마련하느라 발품 엄청 팔아본 자의 후기였어 저정도 품목이여도 오프라인이 훨 나아? 백화점 매장도 한번 가봐야겠다! 나는 세 품목만 샀는데도 할인 많이 받아서 샀어 ㅎㅎ 백화점에서 저정도 사면 그 해는 백화점 vip도 될 수 있을거야! 땡큐! 백화점은 혹시 어디로갔어..? 아무데나 가도듀ㅐ? 묶어서 한번에 사면 베스트샵이나 디지털프라자에서 할인 많이들어가던데 음 베스트샵가서 견적내달라고해야할까? ㅠ 응 혼수어쩌구해서 묶어사면 할인 많이들어가는거 잇을거야 꼭 오프라인에서만 가능한건아니고 까페같은데 광고많이할껄 삼전형은 자사몰 있지않아? ㅠ,"[ 0.02244568  0.00223923 -0.04556274 ... -0.02680969 -0.03085327
  0.02435303]",2,"['살다', '오프라인', '좋다', '시기', '오픈', '매장', '좋다', '개인', '백화점', '매장', '좋다', '이상', '혼수', '가전', '마련', '발품', '팔다', '후기', '품목', '오프라인', '백화점', '매장', '품목', '사다', '할인', '사다', '백화점', '사다', '백화점', '땡큐', '백화점', '묶다', '사다', '베스트', '디지털', '프라자', '할인', '들어가다', '베스트', '견적', '내다', '혼수', '어쩌다', '묶다', '사다', '할인', '들어가다', '오프라인', '가능', '까페', '광고', '전형', '자사']",살다 오프라인 좋다 시기 오픈 매장 좋다 개인 백화점 매장 좋다 이상 혼수 가전 마련 발품 팔다 후기 품목 오프라인 백화점 매장 품목 사다 할인 사다 백화점 사다 백화점 땡큐 백화점 묶다 사다 베스트 디지털 프라자 할인 들어가다 베스트 견적 내다 혼수 어쩌다 묶다 사다 할인 들어가다 오프라인 가능 까페 광고 전형 자사,2
4996,한개사는거는 인터넷이 훨 쌈 두개면 딜하기 나름이겠다 근데 그정도면 인터넷이 그래도 더 쌀듯🤔 거실+방이면 내집맞춤패키지 보여주세요 ㄱㄱ 혜택 합치면 더 싼 경우 허다함 100이상이면 가능,"[ 0.00045252  0.02714539 -0.0329895  ... -0.05062866 -0.03164673
  0.01794434]",2,"['사다', '인터넷', '인터넷', '싸다', '거실', '맞춤', '패키지', '보이다', '혜택', '합치다', '싸다', '이상', '가능']",사다 인터넷 인터넷 싸다 거실 맞춤 패키지 보이다 혜택 합치다 싸다 이상 가능,2
4997,가격때문에 넘사벽 거의 할인이 없어 무조건 3 4만대지만 세일 자주해서 14000원대 구매 가능 1개 살돈으로 2개 사고도 남음 1개 사용 하는거보다 2개 동시에 사용하는게 압도적으로 효율적임,"[ 0.02574158  0.02809143 -0.03814697 ... -0.01997375 -0.02671814
  0.02435303]",2,"['가격', '할인', '세일', '구매', '가능', '사다', '남다', '동시', '압도', '효율']",가격 할인 세일 구매 가능 사다 남다 동시 압도 효율,2
4998,그냥 코스트코안에서 파는 자판기생수가 500미리에 200원임 40개들이 셋트는 기억이 정확하지 않을수 있는데 자판기는 백퍼 200원임 핫도그 먹으면서 항상 뽑아먹어서 200원보다 개당가격이 비쌀수가 없음,"[ 0.03588867  0.00205421 -0.03118896 ... -0.0308075  -0.03265381
  0.0188446 ]",2,"['코스트코', '파', '자판기', '생수', '셋트', '기억', '정확', '자판기', '핫도그', '먹다', '먹다', '가격', '비싸다']",코스트코 파 자판기 생수 셋트 기억 정확 자판기 핫도그 먹다 먹다 가격 비싸다,2
4999,오프라인 매장과 온라인 판매가의 차이가 다소 있을 거에요 보다 저렴한 가격을 원하신다면 아래 홈페이지를 통해 추천 이유와 가격 정보를 참고해보신 뒤 인터넷 최저가를 찾아보시길 권해 드립니다,"[ 0.00371742  0.01977539 -0.03793335 ... -0.01997375 -0.02819824
  0.00300598]",2,"['오프라인', '매장', '온라인', '판매', '차이', '저렴하다', '가격', '원하다', '아래', '홈페이지', '통하다', '추천', '이유', '가격', '정보', '참고', '인터넷', '최저', '찾아보다']",오프라인 매장 온라인 판매 차이 저렴하다 가격 원하다 아래 홈페이지 통하다 추천 이유 가격 정보 참고 인터넷 최저 찾아보다,1
5000,다이소에서 하나두개 계속구매하는거보다 인터넷에서 한번에 열개 스무개 데량으로 개 사서 쟁여놓고 쓰는게 더저렴할까요 그 구매해놓고 한두달정도 집에놓고안뜯고안써도 괜찮을가요 건조기대박,"[-0.00061989  0.02270508 -0.03814697 ... -0.04174805 -0.03585815
  0.03045654]",2,"['다이소', '구매', '인터넷', '사다', '쟁', '쓰다', '저렴하다', '구매', '놓다', '쓰다', '괜찮다', '건조기']",다이소 구매 인터넷 사다 쟁 쓰다 저렴하다 구매 놓다 쓰다 괜찮다 건조기,2
5001,저는 가격을 따로 표기안한거와 가격대가 서로 차이나는것에 대한 부분은 상관없다 쪽 입니다 어차피 인터넷치면 대충 가격나오는데 그정도 가성비는 비교해가며 알아서 하는것도 나쁘진않다 입니다,"[ 0.0041275   0.01161194 -0.04284668 ... -0.04348755 -0.01786804
  0.01873779]",2,"['가격', '표기', '가격대', '차이', '대하다', '상관없다', '인터넷', '치다', '가격', '나오다', '가성비', '비교', '나쁘다']",가격 표기 가격대 차이 대하다 상관없다 인터넷 치다 가격 나오다 가성비 비교 나쁘다,2
5002,1 kt 인터넷 가입 결정하게 된 계기는 통신 3사를 모두 이용해봤지만집에서 와이파이가 먹통이 되면신경이 예민해지는 편이라서안정적인 품질을 최우선으로 봤어요 속도나 수신 감도에 오차가 거의없었던 kt가 제게는 가장 신뢰가가기에 다시금 고르게 되었습니다,"[-0.00338745  0.03033447 -0.01496887 ... -0.03179932 -0.02311707
  0.00273323]",2,"['인터넷', '가입', '결정', '계기', '통신', '사', '와이파이', '먹통', '신경', '안정', '품질', '우선', '속도', '수신', '감도', '오차', '신뢰', '고르다']",인터넷 가입 결정 계기 통신 사 와이파이 먹통 신경 안정 품질 우선 속도 수신 감도 오차 신뢰 고르다,2
5003,여러군데 비교견적 받아보시는 것이 좋아요 그래야 적절한 금액대를 파악할 수 있어요 어플설치없이 요청서만 작성하면 최대 5곳까지 비교견적 받을 수 있는 곳이 있어요 링크 남겨드릴테니 꼭 비교견적 받아보세요,"[-0.00199509  0.0246582  -0.02560425 ... -0.05456543 -0.01473999
  0.020401  ]",2,"['비교', '견적', '좋다', '금액', '파악', '어플', '설치', '요청서', '작성', '최대', '비교', '견적', '링크', '남기다', '비교', '견적']",비교 견적 좋다 금액 파악 어플 설치 요청서 작성 최대 비교 견적 링크 남기다 비교 견적,0
5004,백화점이나 대리점도 패이백서비스나 상품권증정등 이것저것 잘 하면 인터넷만큼 싸요 단품 구매면 인터넷이 싸고 여러개 묶어 하면 백화점이나 대리점도 괜찮아요 대신 발품 많이팔아야 하지만 눈으로 직접 보고 고를수있는 장점도 있구요 프로모션 같은거 있을때 잘 알아보심이,"[ 0.01056671  0.01132202 -0.04006958 ... -0.04168701 -0.04443359
  0.00366592]",2,"['백화점', '대리점', '서비스', '상품', '증정', '이것저것', '인터넷', '싸다', '구매', '인터넷', '싸다', '묶다', '백화점', '대리점', '괜찮다', '대신', '발품', '팔다', '고르다', '장점', '프로모션', '알아보다']",백화점 대리점 서비스 상품 증정 이것저것 인터넷 싸다 구매 인터넷 싸다 묶다 백화점 대리점 괜찮다 대신 발품 팔다 고르다 장점 프로모션 알아보다,2
5005,차로 치면 깡통차 같은 거라고 매장 직원이 반드시 매장에서 사라고 하던데 가전 인터넷에서 사서 쓰고 계신 분 계신가요 as나 설치비도 다 돈 따로 들고 고장도 잘 나나요 인터넷이 워낙 싸다보니 혹하네요,"[ 0.01646423  0.02006531 -0.02574158 ... -0.04083252 -0.03967285
  0.01844788]",2,"['치다', '깡통', '매장', '직원', '매장', '사다', '가전', '인터넷', '사다', '쓰다', '계시다', '설치비', '들다', '고장', '인터넷', '싸다', '혹하다']",치다 깡통 매장 직원 매장 사다 가전 인터넷 사다 쓰다 계시다 설치비 들다 고장 인터넷 싸다 혹하다,2
5006,인터넷이 제일 싼건 알지만 직접보고 상담받고 사고싶은데 결헌준비하시는분들 혹시 어디서 사시나요 매장에서 제품보고 인터넷으로 주문하는게날까요 엘쥐 디오스 사려고하는데 댓글 감사합니다 실물보고 인터넷으로 구매하도록 하겠습니다,"[-0.00371742  0.02706909 -0.02879333 ... -0.03955078 -0.02702332
  0.02487183]",2,"['인터넷', '싸다', '상담', '사다', '준비', '사다', '매장', '제품', '인터넷', '주문', '엘쥐', '디오스', '사다', '댓글', '감사', '실물', '인터넷', '구매']",인터넷 싸다 상담 사다 준비 사다 매장 제품 인터넷 주문 엘쥐 디오스 사다 댓글 감사 실물 인터넷 구매,2
5007,상품코드 쳐서 똑같으면 인터넷이 저렴하면 무조건 인터넷이요 어차피 as는 as센터에서 오는거라 전혀 문제 없고요 대신 에어컨 같은건 설치비며 기술 등등 아무리 인터넷이 싸도 매장에서 사는게 낫구요,"[-0.00238419  0.01812744 -0.01131439 ... -0.04260254 -0.03439331
  0.00811005]",2,"['상품', '코드', '치다', '똑같다', '인터넷', '인터넷', '센터', '문제', '대신', '에어컨', '설치비', '기술', '인터넷', '싸다', '매장', '사다']",상품 코드 치다 똑같다 인터넷 인터넷 센터 문제 대신 에어컨 설치비 기술 인터넷 싸다 매장 사다,2
