,content,tokens_final,cluster,action_cluster
0,아니 이해안가는게 하이마트같은 양판점은 가격이 싼 부품을 쓴다는데 그 똑같은 부품을 낮은 가격으로 만드는게 더 힘든거아닌가?,"['이해', '하이마트', '양판점', '가격', '싸다', '부품', '쓰다', '똑같다', '부품', '낮다', '가격', '힘들다']",4,1
1,솔직히 말씀드리면 내 현금을 장기간 10년이상 묶어놔야하는데 그 기간동안 화폐가치가 많이 하락하게 되서 추천드리지 않습니다.,"['말씀', '드리다', '현금', '장기간', '이상', '묶다', '기간', '동안', '화폐', '가치', '하락', '추천', '드리다']",4,1
2,​ -v4y 장기전으로. 생각했을땐 윈하는 제품을 오래동안 사용하는게 좋은거 같습니다 ㅡㅡㅋ 매달 나가는거보단 일시불로 ㄱ산하고 펹안하게 사용하는게 심리적으로 좋지 않나 생각합니다,"['장기전', '생각', '제품', '오래', '동안', '좋다', '나가다', '일시불', '사다', '심리', '좋다', '생각']",4,1
3,나도 이 생각했었는데.. 맞구나.. 이러니 많이 사면 백화점이 싸다고 착각들을 하는듯... 애초에 가격을 높게 책정해놓고 캐쉬백 카드할인 상품권 증정품 막 주니까 그게 이득이라고 착각함...,"['생각', '맞다', '이러다', '사다', '백화점', '싸다', '착각', '애초', '가격', '높다', '책정', '캐쉬', '카드', '할인', '상품', '증정', '이득', '착각']",4,1
4,지금 2025년에 가전제품을 온라인에서 사도 되냐란 질문을 하디니,"['가전제품', '온라인', '사다', '질문']",4,1
5,그냥 물어보고 사는게 훨씬 좋지 않을까 싶네요,"['사다', '좋다']",4,1
6,감사합니다! 혹시 네이버도 믿을만 한가요?.?,"['감사', '네이버']",4,3
7,절대 똑같지않습니다. 부품들 메이커부터 달라집니다.,"['똑같다', '부품', '메이커', '달라지다']",4,3
8,네이버는 판매자가 너무 다양해서 잘보셔야해여,"['네이버', '판매자', '다양']",4,3
9,혼자 이해를 못하고 있으면서 댓글은 정성스럽게 달아놨네ㅋㅋ,"['이해', '댓글', '정성', '달다']",4,4
10,결론부터 말한다면서 삐처리하는건머임?,"['결론', '처리']",4,2
11,스펙표를 무엇을 주의깊게봐야하는지 알려주시면 감사하겟어요 ㅠㅠ,"['스펙', '주의', '깊다', '알리다', '감사']",4,3
12,아 정말 나에게 너무나 도움되고 절실한 영상! 너무나 고마워요❤❤❤,"['도움', '영상']",4,3
13,결론부터 말해준다하고 왜 묵음처리하냐,"['결론', '묵다', '처리']",4,2
14,"​ -IT제품리뷰 혹시 아직도 댓글을 달아주실지 모르겠네요. 트레이더스, 코스트코에서도 엘지 삼성 제품 판매를 하는데.. 인터넷과 비교하면 어떨까요? 구매 제품은 세탁기 1 건조기 1 식세기 2 청소기 1 인덕션 1 이정도입니다.","['제품', '리뷰', '댓글', '달다', '트레이더', '스다', '코스트코', '엘지', '삼성', '제품', '판매', '인터넷', '비교', '구매', '제품', '세탁기', '건조기', '세다', '청소기', '인덕션']",4,4
15,"아니, 소비자한테 동일 모델로 장난치지 말아야죠.","['소비자', '동일', '모델', '장난치다']",4,3
16,굳이 모험을 하지 않으시는 걸 추천드려요~!,"['모험', '추천', '드리다']",4,3
17,와 진짜 좋은 정보 감사드립니다 ~! 혼수 사는데 궁금한 점을 시원하게 말씀해주셔서 정말 편하네요 ! 감사해용,"['좋다', '정보', '감사', '드리다', '혼수', '사다', '말씀', '편하다', '감사']",4,3
18,쉽게생각해 벤츠에 썬루프옵션빼면 벤츠아니니? 이게 답,"['생각', '벤츠', '루프', '옵션', '빼다', '벤츠']",4,4
19,부럽습니다 ㅜ 다품을 구매하시면 혼수랑 1프로 정도 차이날꺼에요 큰 차이 없으니 걱정하지 않으셔도 됩니다.,"['구매', '혼수', '차이', '크다', '차이', '걱정']",4,3
20,거긴 인건비.매장비용이 나가니까 더비쌀듯,"['인건비', '매장', '비용', '나가다', '비싸다']",4,4
21,제 이전 영상 보고 오셨나요 말씀하신 것에 전적으로 동의합니다 ㅎㅎ,"['이전', '영상', '말씀', '전적', '동의']",4,3
22,#NAME?,"['제품', '리뷰', '사우', '입사', '선배', '자리', '하프셖나']",4,4
23,알고리즘은 위대하네요 도움이 되었다니 다행입니다 ㅎㅎ 왜 그냥 나오셨어요 ㅎㅎ 설명 듣는건 돈 안들어요~,"['알고리즘', '도움', '다행', '나오다', '설명', '들다']",4,3
24,#NAME?,"['제품', '리뷰', '기능', '설명', '차이점', '메모', '나오다', '백화점', '고가', '라인', '구매', '예정', '느낌', '들다']",4,2
25,#NAME?,['매장'],4,4
26,돈주고 입주자톡에 홍보해달라하시는분도 계심,"['입주자', '홍보', '계시다']",4,2
27,헐~박람해갔는데 다른데보다싸다고막하든데,"['박', '싸다']",4,4
28,매장 임 대료.판매직원 수당 차이죠.14년에 엘지 판매 직원한테 직접 들었어요😅,"['매장', '판매', '직원', '수당', '차이', '엘지', '판매', '직원']",4,1
29,혹시 신혼부부할인이라고 또 따로있었나요?,"['신혼', '부부', '할인']",4,1
30,맞아요. 개인계좌 거래는 진짜 위험합니다. 잘 해결되신거죠?,"['맞다', '개인', '계좌', '거래', '위험', '해결']",4,1
31,판매자가 양아치네요 실제 그방법이 제일 싸요.. 편법이긴합니다만..,"['판매자', '양아치', '실제', '방법', '싸다', '편법']",4,2
32,엽전인간들은 만족할수없는 독특한인간들이다,"['엽전', '인간', '만족', '독특', '인간']",4,3
33,ㅋㅋ 진짜 이럼 난 오늘 베스트샵에서 거의 직원한테 혼나고 옴,"['이러다', '오늘', '베스트', '직원', '혼나다']",4,4
34,오늘 대명장 명찰달고 있는 사람한테서 거의 멸시의 눈빛 받고 왔어요. 말씀하신게 맞는듯. 어휴,"['명장', '명찰', '달다', '사람', '멸시', '눈빛', '말씀', '맞다']",4,1
35,하이마트는 명장이라는 직책이 없답니다~!,"['하이마트', '명장', '직책']",4,1
36,혹시 어디서 구매하셨는지 여쭤봐도 될까요? 저도 혼수준비중이라서요.,"['구매', '여쭈다', '혼수', '준비']",4,1
37,부품다르게 만드는 공정비용이 더비싸요…,"['부품', '다르다', '공정', '비용', '비싸다']",4,4
38,명장님 왜 퇴사하셨는지 스토리도 귱금하네용,"['명장', '퇴사', '스토리', '귱금']",4,4
39,대명장 명장들이너무많아서 추천해주실수는없을까여?,"['명장', '명장', '많다', '추천']",4,4
40,기회가 된다면 자세한 내용은 컨텐츠로 만들어볼게요!ㅎㅎ,"['기회', '내용', '컨텐츠', '만들다']",4,3
41,그러면 직원쓰지말고 디피만 해놓지 ㅜ 가서 태도보고 현장구매 할 생각이 싹 사라짐,"['직원', '쓰다', '디피', '현장', '구매', '생각', '사라지다']",4,1
42,옷볼때 찝쩍거리는애들보단 궁금한거잇으면 물어보면되지,['궁금하다'],4,4
43,이런 ㅅㄲ는 대체 왜 태어나서 악플이나 쳐 달고 다니게 놔두는걸까,"['늘다', '태어나다', '악플', '치다', '달다', '다니다', '놔두다']",4,1
44,전국에 저도 모르는분들이 많아서 어려울거같아요🧐맘같아선 저를 추천하고 싶네요..ㅎㅎ,"['전국', '많다', '추천']",4,4
45,혹시 할인혜택을 받고 신혼부부 혜택도 중복적용 되나요?,"['할인', '혜택', '신혼부부', '혜택', '중복', '적용']",4,1
46,네이버 카페 10월달 정보가 안올라와요? 언제 올려주시나요?,"['네이버', '카페', '정보', '올라오다', '올리다']",4,3
47,안녕하세요 중복되는 경우가 많습니다 청첩장이나 웨딩계약서 지참해서 발품파셔요 ^^,"['안녕', '중복', '많다', '청첩장', '웨딩', '계약서', '지참', '발품', '파']",4,2
48,배달도 안됐는데 반품배송비를 받는건 사기 아닌가요? 이건 신고감인데,"['배달', '반품', '배송비', '사기', '신고']",4,4
49,대박...우연히 알고 가요. 완전 중요하네요!,['중요'],4,4
50,그냥 구매대행은 안사는게 맞는것 같습니다 한달 걸리더라고요,"['구매', '대행', '사다', '맞다', '걸리다']",4,2
51,오 윤기다 ㅋㅋ 신기하네 덕분에 사기안당했어,"['윤기', '신기하다', '덕분', '사기', '당하다']",4,3
52,네이버멤버쉽이 티빙은 예전에 빠졌네요.,"['네이버', '멤버', '티빙', '예전', '빠지다']",4,4
53,비스프크 1도어 글램화이트 우좌 손잡이 구매 하고 싶은데 단종 됏을까요?,"['비스프크', '도어', '글램', '화이트', '손잡이', '구매', '단종']",4,2
54,그거 샵에서 비싼 지네들 제품 팔려고 구라치는거임.,"['비싸다', '제품', '팔다', '구라', '치다']",4,2
55,"오프가 비싼이유 1.대리점 월세(땅값,유지보수비) 2.재고비(창고비) 3.직원 인건비 4.실사(직접 보고 만져볼수있음) 5.호갱(직원이 영업할 수 있음) 등으로 비싼거임","['오프', '비싸다', '이유', '대리점', '월세', '땅값', '유지', '보수비', '고비', '고비', '직원', '인건비', '실사', '만지다', '호갱', '직원', '영업', '비싸다']",4,1
56,세탁기 하청 생산직이였읍니다 부품 등급 나눠서 공급받아서 조립했고 분류해서 나갔습니다,"['세탁기', '하청', '생산', '부품', '등급', '나누다', '공급', '조립', '분류', '나가다']",4,4
57,:57 저에게 중요한 포인트입니다!,"['중요', '포인트']",4,4
58,그냥 냅둬유 그런 호갱들도 있어야 백화점도 먹고 살죠,"['냅두다', '호갱', '백화점', '먹다', '살다']",4,2
59,중간단계모델을 보여주세요^^ 꿀팁 감사합니다.,"['중간', '단계', '모델', '보이다', '감사']",4,3
60,좋은 정보 너무 감사해요! 처음 알아보는데 이렇게 깔끔한 정리 영상이 없어요~~,"['좋다', '정보', '감사', '알아보다', '정리', '영상']",4,3
61,하이마트 웨딩과 오픈 혜택 동시에 해줌,"['하이마트', '웨딩', '오픈', '혜택', '동시']",4,1
62,"와~ 수없이 검색했지만 대부분 뒤에선 광고,홍보,뭔가 목적이 있는 영상들이라 진짜 힘들고 지치고 있었는데, 단비와도 같은, 실질적인 꿀팁 영상 엄청 도움 됩니다 진짜 감사해요~^^","['검색', '부분', '서다', '광고', '홍보', '목적', '영상', '힘들다', '지치다', '단비', '실질', '영상', '도움', '감사']",4,1
63,어떤 제품들 사셨는지 알수있을까요?:),"['제품', '사다']",4,4
64,안녕하세요 작누댁님 :) 벤볼릭 디퓨저입니다. 며칠 전 메일 드렸는데 혹시 스팸함으로 들어갔을까 봐 확인 요청드립니다.,"['안녕', '작다', '디퓨저', '며칠', '메일', '드리다', '스팸', '들어가다', '확인', '요청', '드리다']",4,3
65,동일제품 인데 가격이 그렇게 차이나나요?,"['동일', '제품', '가격', '차이']",4,3
66,그럼 발품 팔지 말고 그냥 아무데서나 사라는건가요 ㅋㅋ 무슨 현직 직원이신데요 ㅋㅋ,"['발품', '팔다', '사다', '현직', '직원']",4,2
67,개인 대리점은 되도록 피하셔야 해요.,"['개인', '대리점', '피하다']",4,1
68,​ -r4x 누가 맞는거임...? ㅠ,['맞다'],4,4
69,얼마전에 개인대리점에서 신혼부부 지원금으로 낚아 채서 사기 쳤던 뉴스 나오던데요,"['얼마', '개인', '대리점', '신혼부부', '지원금', '낚다', '채', '사기', '치다', '뉴스', '나오다']",4,1
70,​ -t9t 그건 현금 결제 유도한거고,"['현금', '결제', '유도']",4,1
71,감사해요~^^ 이쯤이면 남편분이 콘텐츠 하나 찍으셔야😂,"['감사', '남편', '콘텐츠', '찍다']",4,3
72,"제가간 엘지매장은 품목할인 4,7,10이라던데요ㅠ","['엘지', '매장', '품목', '할인']",4,2
73,안녕하세요 혹시 에어드레서는 어떤 모델 사셨나요? 상품 찾기가 어려운 1인입니다 ㅜㅜ,"['안녕', '에어', '드레서', '모델', '사다', '상품', '찾다']",4,4
74,12월에 입주하는데 넘 도움됐어요 꿀팁감사!,"['입주', '도움', '감사']",4,3
75,엘지는 369 순인데 삼섬은 35811 순으로 품목할인이 좀 다를수있어요,"['엘지', '품목', '할인', '다르다']",4,2
76,내년 4월 딸 결혼식을 앞둔 엄마에요~ 똑띡이 작누님 덕분에 딸 고민이 줄어들것같아요^^ 귀에 쏙쏙 들어오는 정보 감사드리며 두분 행복하세용🩷 축하드립니다🎉,"['내년', '결혼식', '앞두다', '엄마', '똑띡이', '누님', '덕분', '고민', '줄어들다', '들어오다', '정보', '감사', '드리다', '행복', '축하', '드리다']",4,3
77,작누님 너무 감사~~~ 좋은 내용 많은 도움 되엇어요~~~~,"['누님', '감사', '좋다', '내용', '많다', '도움']",4,3
78,작누님이랑 예랑이분 모두 엄청 똑부려져서 정말 잘 사실것 같아요 ! 😮❤😊,"['누님', '예랑이', '부리', '사다']",4,4
79,작은누님 항상 행복 한일들만 가득하길 응원하겠습니다,"['작다', '누님', '행복', '응원']",4,3
80,쩌기 어디 골짜기...있어요.....ㅋㅋㅠㅠㅠㅠㅠ,"['쩌기', '골짜기']",4,4
81,요즘 구독할인에 서비스 케어 2년 해주던데 이건 어때요?,"['요즘', '구독', '할인', '서비스', '케어']",4,2
82,유익한 정보 올려주셔서 감사드립니다 😊,"['유익', '정보', '올리다', '감사', '드리다']",4,3
83,설명잘해주셔서 귀에 쏙쏙 들어오네요ㅎㅎ,"['설명', '들어오다']",4,3
84,ㅎㅎ 가격이 제일이라는 믿음에 그런 것 같아요 가격도 중요하지만 제품이 먼저인데 그걸 생각하기 쉽지 않죠,"['가격', '제일', '믿음', '가격', '중요', '제품', '먼저', '생각']",4,1
85,흠... 모델마다 달라요 근데 곰홈에서 사는 비중이 체감상 점점 느는 것 같아요,"['모델', '다르다', '사다', '비중', '체감', '늘다']",4,4
86,너무 유용하네요❤ 구독하고 올라온 영상 정주행갑니다ㅋㅋ,"['유용', '구독', '올라오다', '영상', '정주']",4,4
87,지나가다가 들렀는데 설명 너무 깔끔하게 잘 하세요 구독 누르고 갑니다😂😂,"['지나가다', '들르다', '설명', '깔끔', '구독', '누르다']",4,3
88,귀국준비하는데 도움이 많이 되었습니다. 감사드려요,"['귀국', '준비', '도움', '감사', '드리다']",4,3
89,쿠팡에서비스코프 가성비 보는데요 패널 선택이 별로 없던데 고가제품만 패널컬러 선택 가능한가요?,"['쿠팡', '비스', '가성비', '패널', '선택', '고가', '제품', '패널', '컬러', '선택', '가능']",4,2
90,네 다녀와보세요 ㅎㅎ 입주혜택이 생각보다 그렇게 크지 않아요,"['다녀오다', '입주', '혜택', '생각', '크다']",4,1
91,상품권 구매건에 바로 적용할 수 있는데 그걸 안해주는 애들이 있더라구요,"['상품', '구매', '적용']",4,2
92,#NAME?,"['제품', '리뷰']",4,4
93,이걸 이사하기 전에 봤어야 되는건데..ㅜㅜ,['이사'],4,4
94,전시품 자체를 그렇게 추천하지 않아요...,"['전시품', '자체', '추천']",4,3
95,#NAME?,"['제품', '리뷰', '이마트', '행사', '백화점', '상품', '웨딩', '마일리지', '혜택', '크다']",4,1
96,자세하고 상세한 리뷰 감사드립니다! 고생하셨습니다!,"['리뷰', '감사', '드리다', '고생']",4,3
97,-IT제품리뷰 정말 감사합니다 그럼 아무 매장가서 사도 되겠네요~,"['제품', '리뷰', '감사', '매장', '사다']",4,4
98,음악은 안넣는게 집중이 잘될거 같아요,"['음악', '넣다', '집중']",4,3
99,크 혼수 준비중인데 너무 도움되었어요!,"['크다', '혼수', '준비', '도움']",4,3
100,질문자의 의도를 파악하지 못했습니다!,"['질문자', '의도', '파악']",4,4
101,#NAME?,"['제품', '리뷰', '방문', '상담', '답변', '감사', '드리다']",4,3
102,안녕하세요~! 저도 진행해보고 싶은데 대상을 찾는게 어렵네요~!,"['안녕', '진행', '대상', '찾다']",4,2
103,좋게봐주셔서 감사합니다! 하이마트가 풀어내야할 과제를 딱 꼬집어주셨네요,"['좋다', '감사', '하이마트', '풀어내다', '과제']",4,1
104,와... 이런 분이 없는데.... 다들 정신을 못차리네요,"['정신', '차리다']",4,3
105,이사는 2025년 2월인데 언제쯤 가전을 알아보는게 좋을까요?,"['이사', '가전', '알아보다', '좋다']",4,1
106,소름 돋게 빠른 곳이죠...,"['소름', '빠르다']",4,2
107,그런 경우라고 하시면 이월상품 판매하는 채널도 있더라구요 거긴 아직 파보질 못해서 자세히는 모르겠습니다,"['이월', '상품', '판매', '채널', '파']",4,1
108,#NAME?,"['제품', '리뷰', '검색', '비교']",4,2
109,#NAME?,"['제품', '리뷰', '상담', '사장', '개인', '운영', '혜택', '드리다', '이유']",4,4
110,#NAME?,"['전국', '연락']",4,4
111,정말 설명 잘하시네요.올해말에 새아파트 입주인데 감사드려용,"['설명', '올해', '아파트', '입주', '감사', '드리다']",4,3
112,#NAME?,"['제품', '리뷰', '냉장고', '세탁기', '구매', '오프라인', '매장', '들르다', '견적', '온라인', '구매']",4,2
113,#NAME?,"['제품', '리뷰', '예산', '라인', '내다', '현대', '진열', '상품', '비싸다', '견적', '엄두']",4,2
114,하..... 제가 그거 겪어봤잖아요... 말은 하되 실망하시지 마세요... 지인이라고 사게 줄 수 있는 구조가 아니거든요,"['겪다', '실망', '지인', '사다', '구조']",4,2
115,매우 깔끔하게 정리해주시고 설명해주시네요 좋은 정보 얻어갑니다!,"['정리', '설명', '좋다', '정보']",4,3
116,백화점에서도 페이백으로 받는 포인트는 바로 못쓰는거죠?,"['백화점', '페이', '포인트', '쓰다']",4,1
117,"-IT제품리뷰 오...복지몰 임직원입니다! 그럼 백화점과 비교해봐야겠네요! 식세기, 세탁기, 인덕션, 오븐, 등등 구매할 것 같아요!","['제품', '리뷰', '복지', '임직원', '백화점', '비교', '세기', '세탁기', '인덕션', '오븐', '구매']",4,2
118,임대료 비싼데는 비싸게 팔수밖에 없어요!,"['임대료', '비싸다', '비싸다', '팔다']",4,4
119,와 진짜 댓글 잘 안남기는데 알아듣기 쉽고 말씀톤도 편안하게 해주시고 불필요한 내용 전혀 안넣으시고 귀에 쏙쏙 많은 도움되었어요 짱이세요!^^,"['댓글', '남기다', '말씀', '편안', '필요', '내용', '넣다', '많다', '도움', '최고']",4,3
120,우연히 보게되었는데 유익한 영상이네요 설명도 넘 잘해주셔서 귀에 쏙쏙~,"['유익', '영상', '설명']",4,3
121,-IT제품리뷰 답변 감사합니다~ 구입에 도움이 되겠습니다^^,"['제품', '리뷰', '답변', '감사', '구입', '도움']",4,3
122,입주민이요? 저희 아파트 사시나요..? 많이 다니셔야해요 시기마다 제품마다 달라서요 ㅜ,"['입주민', '아파트', '사다', '다니다', '시기', '제품', '다르다']",4,2
123,베지터라고 말씀하시는것같아서 드래곤볼이 생각나네요 ㅋㅋ 잘 듣고갑니다,"['베지터', '말씀', '드래곤', '생각나다']",4,3
124,5개 사려고 방문했는데 1천만원 이하로 구매하려면 할인이 그리 높지 않더라구요.,"['사다', '방문', '이하', '구매', '할인', '높다']",4,2
125,"카드를 만들라거나 상조에 가입하라는건 뭔지,,, 알려주세요,,,","['카드', '만들다', '상조', '가입', '알리다']",4,4
126,전에 가보니 다 진열로 파는것 같더라구요,"['진열', '파']",4,2
127,#NAME?,"['제품', '리뷰', '감사', '브랜드', '통일', '냉장고', '온라인', '나머지', '묶다', '오프라인']",4,2
128,고런걸 B2B2C라고 협업회사 대상 복지몰에 납품하는건데 선택지가 적어서 그렇지 좋습니다! 지인중에 복지몰로만 혼수 장만한 친구가 있어요 ㅋㅋ,"['협업', '회사', '대상', '복지', '납품', '선택지', '적다', '좋다', '지인', '복지', '혼수', '장만', '친구']",4,1
129,저도 신혼때 첨이자마지막?으로 나름vip회원한번해봤었네요 ㅎ 좋은정보감사합니다,"['신혼', '마지막', '회원', '좋다', '정보', '감사']",4,3
130,궁금한게 매장에서 가계약을 걸고 나오면 타매장에서 얼마에 가계약을 걸었는지 알수있나요?,"['궁금하다', '매장', '계약', '걸다', '나오다', '매장', '얼마', '계약', '걸다']",4,3
131,넵 B2E랑 B2B2C는 있는데 B2B가 없어요 ㅜ B2B가 찐 영업이죠,"['찌다', '영업']",4,4
132,원가가얼마길래 판매가격측정후 저만큼할인을해줄까?,"['원가', '얼마', '판매', '가격', '측정', '할인']",4,1
133,아구 딸결혼할때 이사실을 알았더라면ㅜㅜ,['결혼'],4,1
134,유통채널은 마진이 딸려서 적자 보면서 장사들 많이 한대요 ㅜ,"['유통', '채널', '마진', '딸리다', '적자', '장사']",4,3
135,-IT제품리뷰 답변 감사합니다 :) 이유좀 알수있나요?,"['제품', '리뷰', '답변', '감사', '이유']",4,3
136,ㅋㅋ 일단 구독해주셔서 감사해요 놓치지 않을꺼에요,"['구독', '감사', '놓치다']",4,3
137,모델이 너무 한정적이라 그리 선호하지는 않아요 ㅜ,"['모델', '한정', '선호']",4,2
138,-IT제품리뷰 네 답변 감사드립니다^^,"['제품', '리뷰', '답변', '감사', '드리다']",4,3
139,#NAME?,"['제품', '리뷰', '전자', '제품', '구매', '백화점', '온라인']",4,2
140,감사합니다 ㅋㅋ 이모티콘은 잘 못 쓰신거 아니시죠? ㅎㅎ,"['감사', '이모티콘', '쓰다']",4,1
141,ㅎㅎ 4k 중에 제일 싼거 사세요 ㅎㅎ 집에서 보면 크게 차이 안나는 거 같아요,"['싸다', '사다', '크다', '차이']",4,2
142,이해가 잘가네요. 근데 이영상과 관련없는질문인데요. 만약직원이 고객에 무엇가팔면. 무엇가 떨어지나요? 예를들어 금액 몇프로? 아니면 그냥월급쟁이?,"['이해', '영상', '질문', '만약', '직원', '고객', '팔다', '떨어지다', '들다', '금액', '월급']",4,4
143,VIP 승격하고 유지하는 기간이 있습니다.,"['승격', '유지', '기간']",4,4
144,다른지역 오픈매장 가서 구매하는건 어떤가요? 전 혼수할때 오픈매장만 인근지역 3군대 가보고 결정했는데.... 사놓고도 저렴하게 산건지 안산건지 아리까리함요...~_~;; 그리고 혼수일때 무조건 밝히는게 맞는건지도 애매해요.. 밝혔을때랑 아닐때랑 차이도 좀 있다고 느꼈어요... 혼수라고 이야기 하면 대부분 고가의 최상급 옵션 제품들을 자꾸 어필하는게 조금 느껴지더라구요 ㅋ,"['지역', '오픈', '매장', '구매', '혼수', '오픈', '매장', '인근', '지역', '군대', '결정', '사다', '저렴하다', '사다', '사다', '아리까리함', '혼수', '밝히다', '맞다', '밝히다', '차이', '혼수', '이야기', '부분', '고가', '상급', '옵션', '제품', '어필']",4,2
145,#NAME?,"['제품', '리뷰', '그렇쿤요', '말씀', '제품', '이상', '청소기', '밥솥', '포함']",4,4
146,#NAME?,"['제품', '리뷰', '감사']",4,3
147,보통 한도가 1500인데 혼수나 이사시 한도제한 없이 살 수 있는걸로 알아요,"['보통', '한도', '혼수', '이사', '한도', '제한', '살다']",4,4
148,어딘지는 안알려줌 우리동네는 2년된상품을 신상품이라고 속이던데,"['알리다', '동네', '상품', '상품', '속이다']",4,1
149,구매전략 대기업 다니는 지인 찬스를써라 심한건 70프로싸게도 구매할수있다,"['구매', '전략', '기업', '다니다', '지인', '찬스', '쓰다', '심하다', '싸다', '구매']",4,2
150,결론 하이마트 직영점은 거르는겁니다~!,"['결론', '하이마트', '직영점', '거르다']",4,2
151,#NAME?,"['제품', '리뷰', '세금', '계산서', '발행', '할인', '동일']",4,2
152,좋아요 근데 제품이 한정적이라서 좀 아쉽습니다,"['좋다', '제품', '한정']",4,2
153,이야 설명 딱 듣고싶은것만 얘기하시네요.,"['설명', '얘기']",4,4
154,제가 이번 이사준비 하는데. 알아본 내용과 정확히 일치하네요. 잘 봤어요.,"['이사', '준비', '알아보다', '내용', '일치']",4,1
155,이거 궁금하네요~ 1년 지나도 무방할까요? 작성자님 댓글주세요~,"['궁금하다', '지나다', '작성', '댓글']",4,2
156,1년 지난 제품은 어떡해 사나요? 2024년에 2023제품을 사라는 말씀이신가요?,"['지나다', '제품', '살다', '제품', '사다', '말씀']",4,2
157,그런 경우가 있을 수도 있는데 대부분은 그러기 힘들어요 ㅜ,"['부분', '그러다', '힘들다']",4,2
158,배송비는 안드는데 비행기 값이 더 들겠어요 ... ㅎㅎ,"['배송비', '비행기', '들다']",4,2
159,#NAME?,"['제품', '리뷰', '한도']",4,4
160,저 이사땜에 알아보던중 너무 좋은 영상을 만났어요. 고맙습니다❤,"['이사', '알아보다', '좋다', '영상', '만나다']",4,1
161,참고 하고 다음영상에서 다뤄보겠습니다!,"['참고', '다음', '영상', '다루다']",4,4
162,아니요~ 오래전에 다 일해본 경험으로 말씀드린거에요~,"['경험', '말씀', '드리다']",4,3
163,상조..ㅎㅎ 장점은 있어요...근데 뜬금없긴하죠,"['상조', '장점', '뜬금없다']",4,4
164,혼수 4퍼 할인이면 무슨 증명을 요구하나요?,"['혼수', '할인', '증명', '요구']",4,1
165,청첩장 혹은 결혼식장 계약서입니다~!,"['청첩장', '결혼식장', '계약서']",4,1
166,이거 좋은 팁이죠 근데 아는 사람을 찾기 힘든게 문제..,"['좋다', '사람', '찾다', '힘들다', '문제']",4,4
167,개같은 방사능 오염광고를 하고 있네~,"['방사능', '오염', '광고']",4,2
168,비슷해요~ 신혼부부할인은 청첩장이나 웨딩홀 계약서면 됩니다 ㅎㅎ,"['신혼', '부부', '할인', '청첩장', '웨딩', '계약서']",4,1
169,백번 지당하신 말씀 무조건 싼게 좋은건 아니지만 나에게 맞는 걸 저렴하게 구매하는게 중요하죠 ㅎㅎ,"['말씀', '싸다', '좋다', '맞다', '저렴하다', '구매', '중요']",4,2
170,결혼할때 백화점에서 삿음.. 첨엔 백화점이 비싸다는 생각을가졋는데 현금캐쉬백 상품권 등등 다른데보다 훨 좋앗음,"['결혼', '백화점', '사다', '백화점', '비싸다', '생각', '가지다', '현금', '캐쉬', '상품', '좋다']",4,1
171,이런 팁들은.. 다 시간을 갔다 버리는 팁들이네... 난 내시간이 더 비싸서.. 바로 삼.,"['시간', '버리다', '시간', '비싸다', '사다']",4,4
172,조목조목 알아듣기 쉽게 설명해주시네요. 굿,"['설명', '좋다']",4,1
173,ㅎㅎ 이걸로 사업하나를 해야 할까요 ㅎㅎ,['사업'],4,2
174,"백화점은 비싼곳이라 다녀본적이 없는데, 혼수때 백화점가서 아..밷화점도 현명하게 이용하면 비싸기만한 곳이 아니구나? 알게되더라구요. 혼수라면 백화점 견적을 가지고 여기저기 다 다녀봐도 백화점 견적 못따라갑니다. 택도 없어요. 명함도 못내밀던데요... 저도 생애 처음이자 마지막 vip를 혼수때 했네요ㅎㅎ 그런데 23년도부터 백화점 vip혜택이 줄어들어서 혜택이 어떤지 확인해보세요~ 오픈백화점이 있다면 다른거 다 제끼고 달려가세요 ㅎㅎ 그리고 오픈집은 판매하시는분에게 조금만 잘 말해도 해줄꺼 다 해주십니다.","['백화점', '비싸다', '다니다', '혼수', '백화점', '밷화', '현명', '비싸다', '혼수', '백화점', '견적', '가지다', '여기저기', '다니다', '백화점', '견적', '따라가다', '명함', '내밀', '생애', '마지막', '혼수', '백화점', '혜택', '줄어들다', '혜택', '확인', '오픈', '백화점', '제끼다', '달려가다', '오픈', '판매']",4,1
175,-s5g VIP 또 할 수 있을꺼에요! 발렛 받는 그날을 위해!,"['그날', '위하다']",4,1
176,#NAME?,"['개인', '대리점', '가능']",4,1
177,성지라는곳이 어디인가요..저도 이제 혼수를해야하는데 너무 정보가없어서요ㅜ,"['성지', '혼수', '정보']",4,1
178,-q6d 개인대리점 말씀하시는것 같아요~,"['개인', '대리점', '말씀']",4,1
179,한국식 교육 일타강사같네요 저도 강사출신이라 ㅋㅋ 제눈에만 그런걸수도. 이해 잘됐어요 감사합니다 혼수 할인이 있군요. 혹시 결혼 안해도 혼수라고 하면 안되나요...^^;;;,"['한국', '식', '교육', '강사', '강사', '출신', '이해', '감사', '혼수', '할인', '결혼', '혼수']",4,4
180,에이~다 알아보시고 북가좌점 가셨어야지요ㅎㅎ 비싸게 사셨내여ㅎㅎ,"['북가좌점', '비싸다', '사다', '내다']",4,4
181,#NAME?,['소문'],4,3
182,다행입니다ㅎㅎ 행복한 신혼 보내고 계시죠?,"['다행', '행복', '신혼', '보내다']",4,3
183,"ㅋㅋ 칭찬 감사합니다! 예전에 청첩장 PPT로 만들어서 재혼, 삼혼을 만든 사례들이 있었는데 그것 또한 이슈가 된 적이 있어서 아마 더이상은 없을 것 같습니다ㅋㅋ 이 핑계로 결혼을 해보시는 것은 어떨까요 ㅎㅎ","['칭찬', '감사', '예전', '청첩장', '만들다', '재혼', '만들다', '사례', '이슈', '이상', '핑계', '결혼']",4,1
184,아주 전문적으로 분석한 경험 공유해주셔서 감사드립니다. 많은 분들이 이 글을 보고 도움을 받았으면 좋겠네요!,"['전문', '분석', '경험', '공유', '감사', '드리다', '많다', '도움', '좋다']",4,3
185,​​ -IT제품리뷰 ​​​그렇다고 무조건 로드샵이 비싼 경우가 아닌 경우도 있었습니다 선생님 께서 말씀하신 본인 영업수량 맞추기 위해 언제 전화 드리겠습니다 이런 경우도 종종 있더라고요 좋은 영상 잘 보았습니다! 그리고 판매자 분들도 본인의 피를 나눠 가지는 거라서 너무 무례한 부탁을 하지 마시고 서로 윈윈하는 테이블이 나왔으면 좋겠습니다 😊,"['제품', '리뷰', '로드', '비싸다', '선생', '말씀', '본인', '영업', '수량', '맞추다', '위하다', '전화', '드리다', '좋다', '영상', '판매자', '본인', '나누다', '가지다', '무례', '부탁', '윈윈', '테이블', '나오다', '좋다']",4,3
186,와ㅡㅡㅡ설명 대박 입니다 참고 하겠습니다,"['설명', '참고']",4,3
187,혼수해야하는데 알고리즘 딱 ㅎㅎ 감사해요 ㅎㅎ,"['혼수', '알고리즘', '감사']",4,2
188,제가 알기로도 이렇게 사시는분들이 많은걸로 알아요 뽐뿌같은곳가면 일케 사신분들이 많더라구요 거의5x%혜택이더군요!,"['사다', '많다', '뽐뿌', '사다', '많다', '혜택']",4,1
189,죄송한데 정확한 정보좀 공유부탁드려요 ㄱㅂ이 어디인가요? 저도 곧 이사해서요,"['정확', '정보', '공유', '부탁드리다', '이사']",4,3
190,​ -x7x 아닐수도 있지만 강북 아닐까요,['강북'],4,2
191,사보고 하는소린지? 하나 틀린게 없구만 맞는 얘기,"['사다', '소리', '틀리다', '맞다', '얘기']",4,2
192,​​ -IT제품리뷰 2천삿는데요?ㅎㅎ 이것도 소형인가?ㅋ,"['제품', '리뷰', '사다', '소형']",4,4
193,도움이 되었다니 뿌듯합니다 ㅎㅎ 마자요... 올해는 큰 변화가 있길 바랬는데 휘센 분발하시길...,"['도움', '뿌듯하다', '마자요', '올해', '크다', '변화', '바래다', '세다', '분발']",4,2
194,#NAME?,"['제품', '리뷰', '백화점', '비싸다', '백화점', '혜택', '좋다', '가격', '좋다', '오프라인', '오픈', '매장', '혜택', '좋다']",4,1
195,팔긴하는데 할인이 거의 없다고 보시면 되요 ㅜ,"['팔다', '할인']",4,2
196,#NAME?,"['제품', '리뷰', '유트브', '화이']",4,2
197,오... 다음 영상이 정확하게 그 내용을 담고 있는데 눈썰미가 장난아니시군요!,"['다음', '영상', '정확', '내용', '담다', '눈썰미', '장난']",4,4
198,넵 보통 그때쯤 구매를 많이 하실꺼에요~ 너무 많이 남았어요~!,"['구매', '남다']",4,4
199,이 영상은 지극히 소비자 관점에서 제작되었습니다. 상담만 해달라고 하면 아마 좋은 상담을 받기는 힘들 것 입니다..,"['영상', '소비자', '관점', '제작', '상담', '좋다', '상담', '힘들다']",4,4
200,가전 업계 종사자인데 지극히 주관적이고 지극히 소비자를 난감하게 만드는 영상이네요..,"['가전', '업계', '종사자', '주관', '소비자', '영상']",4,2
201,넵 ㅎㅎ 잘아시네요 ㅎㅎ 아직 유튜브 시작한지 얼마 안되서요~! 차근차근 풀어가보겠습니다! 계속 와주실꺼죠?,"['유튜브', '시작', '얼마', '풀다']",4,3
202,영상 너무 귀에 쏙쏙들어오고 알고계신 정보를 정확하게 말씀해주셔서 너무 도움이 됐어요~👍👍👍,"['영상', '들어오다', '정보', '정확', '말씀', '도움']",4,3
203,알렛츠라는 사이트 어떤가요 많이저렴하던데...,"['알', '렛', '츠', '사이트', '저렴하다']",4,4
204,사기 당했는데 어떻게 조취해야 하나요 ㅜㅠ,"['사기', '당하다', '취하다']",4,3
205,"아?나 당했네....네이버 검색에서 스마트 스토어로 주문했는데, 카드 취소되고 자기네 사이트로 주문하라 해서 너무 싸다싶어 일단 싼거 하나 주문해밨는데ㅋㅋ배송중은 떠서....취소도 안되는거 같고...통화연결 안되고, Q&A로만 답변해서 자기네 리퍼 제품이라 싼거라는데ㅋㅋ당한거같다...","['당하다', '네이버', '검색', '스마트', '스토어', '주문', '카드', '취소', '사이트', '주문', '싸다', '싸다', '주문', '배송', '뜨다', '취소', '통화', '연결', '답변', '리퍼', '제품', '싸다', '당하다']",4,3
206,스타일러가 특히 사기가 많던데요 사기당할뻔했습니다,"['스타일', '사기', '많다', '사기', '당하다']",4,4
207,"안녕하세요, 답글이 조금 늦었습니다ㅠ 문의글에서 보셨다면 사기 사이트가 맞습니다. 아마 지금은 해당 사이트가 없어졌을 겁니다...!","['안녕', '늦다', '사기', '사이트', '맞다', '지금', '해당', '사이트']",4,4
208,한꺼번에 여러개 살땐 오프라인이 훨씬 저렴해요~!,"['사다', '오프라인', '저렴하다']",4,2
209,? 대형마트는 구독안하면 이제 월급 까일텐데요?,"['대형', '마트', '구독', '월급', '까다', '이다']",4,4
210,고양이를 키우고 있습니다. 구독 하는게 좋을까요? 신혼부부 기준으로요.. ㅠ,"['고양이', '키우다', '구독', '좋다', '신혼', '부부', '기준']",4,1
211,​ -w9k 대단한 차이 없음,['차이'],4,3
212,그래도 중궈브랜드는 사기싫어서 존버중,"['중궈', '브랜드', '사다', '싫다', '존버']",4,2
213,-q5b 4월 30일까지 가능합니다!,['가능'],4,1
214,아주 저렴하게 공구했어요~~~ 식세기 구독계약했는데.. 물건받기전이라 취소가능하겠죠?,"['저렴하다', '공구', '세기', '구독', '계약', '물건', '취소', '가능']",4,3
215,에어컨도 구독신청했는데..취소하고 상담가능할까요?,"['에어컨', '구독', '신청', '취소', '상담', '가능']",4,3
216,그새금액이올랏나요?쿠폰다적용해도 190 이네요 ㅠㅠ,"['그새', '금액', '오르다', '쿠폰', '적용']",4,3
217,커스텀 공동구매라니..대박 안그래도 혼수알아봐야하는데 이런 알찬 알고리즘이 뜨다니 상담신청 꼭 됐으면ㅠㅠ 아니면 빠른시일내에 시행됐으면ㅠㅜ,"['커스', '공동', '구매', '혼수', '알아보다', '알차다', '알고리즘', '뜨다', '상담', '신청', '빠르다', '시일', '시행']",4,2
218,알려주셔서 고맙습니다! 수정했습니다!,"['알리다', '수정']",4,3
219,얼마전에 해주신 냉장고도 넘 좋던데 정수기가 필요없어서 구매를 못했네요 -;;,"['얼마', '냉장고', '좋다', '정수기', '필요', '구매']",4,2
220,원화가치 떨어지는데 구독으로 길게 내는게 이득이죠. 당장 싸게 사는 것보다 목돈을 다른 데 투자하는게 더 중요한 시대라고 생각합니다.,"['원화', '가치', '떨어지다', '구독', '길다', '내다', '이득', '당장', '싸다', '사다', '목돈', '투자', '중요', '시대', '생각']",4,3
221,백날천날 해봐야 다나와 최저가 못 이김,"['나오다', '최저', '이기다']",4,1
222,아 배송일ㅠㅠ 3월 말 입주라 결제를 못하고있습니다 ㅠㅠ,"['배송', '입주', '결제']",4,3
223,활성화 잘되서 3년있다가 믾이파시면좋겠네요,"['활성', '믾이파', '좋다']",4,2
224,구독하면 보통 6년하는데 현금 2000 들고 있으면 일시불 차액 400 3년이면 충분히 매꿉니다. 기회비용으로 다 따져보고 선택하세요.,"['구독', '현금', '들다', '일시불', '차액', '꾸다', '기회비용', '따지다', '선택']",4,2
225,세상에 말씀 되게 잘하신다요 ㅎㅎ신뢰도 뿜쀼,"['세상', '말씀', '신뢰도', '뿜쀼']",4,2
226,안녕하세요 신혼가구 사야되는데 상담 어디서 받을 수 있을까요 서울입니다 ㅠ,"['안녕', '신혼', '가구', '사다', '상담', '서울']",4,4
227,참 ㅋㅋ자기기준이다...이걸보고있는시간이..,"['자기', '기준', '시간']",4,3
228,지금은 어디로가야지 대명장님에게 상담받을 수 있나요?ㅜㅠ,"['지금', '명장', '상담']",4,4
229,괜히 대명장이 아니시네요. 말씀하는 톤이 듣기 편하면서 꼭 필요한 내용들을 얘기해주셔서 도움이 많이 됐어요,"['명장', '말씀', '편하다', '필요', '내용', '얘기', '도움']",4,3
230,후... 진짜 최선을 다해도 모자랄판에....,"['최선', '모자라다']",4,4
231,#NAME?,"['제품', '리뷰', '감사', '영상', '깊이', '다르다', '구독', '생각', '바뀌다']",4,3
232,As는 문제가 없는데 배송이 안될 수도 있습니다,"['문제', '배송']",4,4
233,대명장님 퇴사하시고 다른 곳 취업하셨나요?,"['명장', '퇴사', '취업']",4,1
234,혼수하면서 많은 영상들 봤는데 이 영상이 많은 도움이 됬어요 더 일찍 봤으면 좋았겠다라는 아쉬움..🥲 앞으로도 유익하고 좋은 영상 많이 업로드 해주세요😊,"['혼수', '많다', '영상', '영상', '많다', '도움', '좋다', '아쉬움', '유익', '좋다', '영상', '업로드']",4,1
235,이벤트 신청끝났나요~ 도움을 받고 싶어 글 남깁니다^^;,"['이벤트', '신청', '끝나다', '도움', '남기다']",4,3
236,상품권응 하다못해 지하 식당에서 밥이라도 먹을 수 있는데 포인트는 정말..,"['상품', '지하', '식당', '먹다', '포인트']",4,3
237,안타깝게도 이벤트는 끝났습니다... 그러나 지금 영상 편집중에 있어 차주 정도 영상 업로드예정입니다. 최대한 많은 내용을 남기려고 노력했으니 또 찾아주세요!,"['이벤트', '끝나다', '영상', '편집', '차주', '영상', '업로드', '예정', '많다', '내용', '남기다', '노력', '찾다']",4,4
238,지금 구매를 해야하는지 아님 24년 1월에 구매를 해야하나요?.,"['구매', '구매']",4,2
239,제가 봤을 때 특가는 블프때 해외 직구가 아닐까 생각됩니다!,"['특가', '블프', '해외', '직구', '생각']",4,4
240,쇼루밍.. 정신병자 새끼들 와서 설명듣고 그자리에서 네이버 결제하는 미친새끼도봄 ㅎ 당연히 싸게 사고 싶은 마음은 이해하지만 조용히 나가서 사던가,"['쇼루밍', '정신병자', '새끼', '설명', '자리', '네이버', '결제', '미치다', '새끼', '싸다', '사다', '마음', '이해', '나가다', '사다']",4,4
241,헉.. 저도 혼수할때 이분한테 구매했는데.. 유명한분인줄 알았으면 싸인이라도 받을걸.. ㅎㅎ 여전히 멋지시네요!,"['혼수', '구매', '유명', '싸인', '멋지다']",4,2
242,안녕하세요 오류가 있는건지 입력이 안됩니다. 확인 부탁드려요~~,"['안녕', '오류', '입력', '확인', '부탁드리다']",4,2
243,안재일대명장님! 진짜유명해요 완전 연예인!,"['재', '명장', '연예인']",4,1
244,요약까지... 시청해주셔서 감사드립니다!,"['요약', '시청', '감사', '드리다']",4,3
245,앗! 그럴 거 같았어요 다음엔 싸인 받아야겠네요 ㅎㅎ,"['다음', '싸인']",4,4
246,오 역시 전문가! 도움 많이 받았습니다!,"['전문가', '도움']",4,3
247,안녕하세요~~ 이거 입력이 안되는데 확인 해주세요,"['안녕', '입력', '확인']",4,2
248,​ 답이 늦었습니다ㅠ 유튜브에 나와주시는 분들을 우선해서 선정하려 합니다. 참고 부탁드립니다!,"['늦다', '유튜브', '나오다', '우선', '선정', '참다', '부탁', '드리다']",4,3
249,뭐 신제품 출시되면 바꿔줘야 구독이지 ㅋㅋ,"['제품', '출시', '바꾸다', '구독']",4,4
250,요즘 용섭이형 옛날 영상이 자꾸 뜨네 ㅋㅋ 용섭이형 이때는 슬림했네 ㅋㅋ,"['요즘', '용섭', '옛날', '영상', '뜨다', '용섭', '슬림']",4,1
251,이때는 뼈밖에 없었구나. 지금은 ㄷㄷ,['지금'],4,4
252,아니 대체3년만에뭔일이일어난거야 용섭아....😢,"['일어나다', '용섭아']",4,3
253,어쩌다가 3년 전 영상을 보는데 저때는 얇았네 잇섭,"['영상', '얇다']",4,4
254,"잇섭형의 인지도를 다시 깨달음, L땡 가니깐 오프라인으로 사람들이 많이 오게된 이유가 직원이 형을 거론하더라구요. 형 체널을 많이본대요! 형 있는 거 없는 앞으로 개선해야될꺼 싹싹 탈탈 털털 까주세요. 그래야 얘들도 보고 느끼는게 있을듯","['잇섭', '인지도', '깨달음', '오프라인', '사람', '이유', '직원', '거론', '개선', '끄다', '털다', '까다']",4,2
255,ㅠㅠ 이미 결제는 2020년 12월 말에 마쳤습니다 ㅠㅠ,"['결제', '마치다']",4,3
256,야생 생존 전문 유투바 도장찍꼬갑니다,"['야생', '생존', '전문', '유투바', '도장', '찍다']",4,3
257,왜 Zen3 는 어디 간 거죠? 내 라이젠 4세대 내놔,"['이제', '대', '내다']",4,4
258,잇섭님 21년 새해 복 많이 받으세요. 그리고 신년이 됐는데 라이브 한번 안하시나요? ㅋㅋ 라이브 한번 해주시면 재미있을거 같은데,"['잇섭', '새해', '신년', '라이브', '라이브', '재미있다']",4,1
259,#NAME?,"['매장', '운영비', '직원', '월급', '충당', '위하다', '온라인', '비싸다', '팔다', '단순', '무식', '생각', '곤충', '수준', '지능', '본인']",4,2
260,너무 노골적인 광고인듯 하네요 S사 L사 특장점이 없고 .... 뭐가 좋다는건지?,"['노골', '광고', '특장', '좋다']",4,1
261,이때는 왜이렇게 말라 보이냐 없섭형ㄷㄷ,"['이때', '마르다', '보이다', '없다']",4,3
262,3년전 영상.. 요즘이랑 달라요.. 참고하세요,"['영상', '요즘', '다르다', '참고']",4,4
263,이때부터 잇섭의 부피가 커지게 됐지.,"['이때', '잇섭', '부피', '커지다']",4,3
264,"와,,, 2023잇섭보다가 보니까 소멸직전이네","['소멸', '직전']",4,2
265,이때 왜 이렇게 날씬하냐 ㅋㅋ,['이때'],4,3
266,ㅋㅋ 저도 반쪽됐네 하고 들와서 3년전인거 보니 두배가 된거ㅋㅋ,"['반쪽', '들오다']",4,1
267,결혼 가정 평생 단한번? 평생 두번 세번 결혼 할수도? ㅎㅎ,"['결혼', '가정', '평생', '평생', '결혼']",4,3
268,썸네일 영화에 나오는 미치광이 과학자같아요 ㅋㅋ,"['네일', '영화', '나오다', '미치광이', '과학자']",4,1
269,헬쑥한 해골이 나왔길래 잇섭 다이어트 한줄 알았는데 2년전 영상이네😂,"['해골', '나오다', '다이어트', '영상']",4,4
270,형... 2년사이에 무슨일이 있었던거야...,['사이'],4,4
271,비스포크 검색해서 2년전껄 다시 왔는데 이때는 턱선이 엄청 날렵하셨네요ㅋㅋ,"['비스', '포크', '검색']",4,2
272,잇섭이 이사 가는구나 ~ 올해에도 건강하고 화이팅 👏 꿀팁 고마워 :),"['잇섭', '이사', '올해', '건강', '화이팅']",4,1
273,확실히 잇섭 개포동해졌넼ㅋㅋ 동생이 나온줄ㅋㅋ,"['개포동', '지', '동생', '나오다']",4,4
274,얼굴이 뭐 했냐? 지금 얼굴이 훨 낫네.,"['얼굴', '얼굴']",4,2
275,올만에 1년전꺼 볼거 있어서 왔는데 왤케 말라 있는거야 ? ? ? ? ?,"['끄다', '마르다']",4,3
276,싼게 많이 팔리는게 당연하죠 판매량 매출만 삼성이 높고 영업이익은 엘지가 높은게 증거임,"['싸다', '팔리다', '당연', '판매량', '매출', '삼성', '높다', '영업', '이익', '엘지', '높다', '증거']",4,3
277,3:08 잠깐만 이세탁기 어디서봤는대,['세탁기'],4,2
278,다들 이제 🤦 폰 🥰 업 아시는구나 저두 유명해서 들어가봤더니 ㅎㅎ... 진짜 대박싸요,"['유명', '들어가다', '싸다']",4,2
279,"저두 폰💋 업 🤦 여기 알고나서 아이폰 완전 싸게바꿨어요.. 플래2스토어에 올라와있던뎅,,","['아이폰', '싸다', '바꾸다', '플래2', '스토어', '올라오다']",4,4
280,ㅋㅋ 진짜 공감 ㅋ 폰😘업에서 나두 최저가로 바꿈.. 최신폰 바꾸러 요즘 누가 매장가여ㅠ 더워죽겠는데,"['공감', '최저', '바꾸다', '최신', '바꾸다', '요즘', '매장']",4,4
281,폰🔮업 ㄱㅐ강추요 ! 가격비교도 다 되있어서 엄청 편하고 가격도 싸요..! 저 여기서 인터넷도 짱저렴하게 같이 바꿔써용,"['가격', '비교', '편하다', '가격', '싸다', '인터넷', '저렴하다', '바꾸다', '쓰다']",4,1
282,아... 지금 영상이랑 비교하니 잇섭님 살 많이 불긴했네요 ㅋ,"['영상', '비교', '잇섭', '불']",4,3
283,이때에 비해서 요즘 살집도 붙고 보기 좋아졌네요 ㅎㅎ,"['이때', '비하', '요즘', '살다', '붙다', '좋다']",4,2
284,굳이 돌아다니지 말고 유선상으로 하면 안될까요,"['돌아다니다', '유선']",4,2
285,9:38 결혼 혼수를 왜 한번만 할거라고 생각하는거야!,"['결혼', '혼수', '생각']",4,1
286,엘지 쓰는데 싱큐앱 장난 아니게 좋아요ㅋㅋ,"['엘지', '쓰다', '싱큐앱', '장난', '좋다']",4,1
287,혼수가전 결혼 여러번 하면 가능함 ~ㅋㅋ,"['혼수', '결혼', '가능']",4,1
288,10년 넘게 동거해야하는 아이들만큼은 내맘에 드는걸루 하는게 맞죠,"['넘다', '동거', '아이', '맞다']",4,1
289,엘지는 상조회사 뭐 가입하라고 그래서,"['엘지', '상조', '회사', '가입']",4,4
290,영업사원이 신혼이면 맘카페들하고도 연결하면 이와같은 세상은? 앞으로는 더 할거라는거! ㅋㅋ 어르신들은 앞으로도 현금으로 달라고 하세요. 카드로 용돈을 쓰라고 하면 거절하세요.,"['영업', '사원', '신혼', '카페', '연결', '세상', '어르신', '현금', '달다', '카드', '용돈', '쓰다', '거절']",4,4
291,? : 앗 이...이이이잇섭이다! 친절 총 출동!,"['친절', '출동']",4,4
292,자 할인률이 높다는것은 그만큼 기술력이나 내구력이 딸리거 때문에 가격승부라는게 아닐까? 제품에 자신있으면 비싸게 팔지요,"['할인', '높다', '기술력', '내구', '딸리다', '가격', '승부', '제품', '자신', '비싸다', '팔다']",4,4
293,6:42 와 근데 이건 좀 간지나네요.. 멋있다,"['가다', '지', '멋있다']",4,1
294,ㅋㅋ 정도경영ㅋㅋ 재드래곤아...보고있나? ㅋㅋ 빅엿같다 ㅋㅋ아님?,"['경영', '드래곤']",4,3
295,아 잇섭 채널 유튜브에서 안뜨게 하고 싶은데 어떻게 해야 할까요 사용자 차단도 하고 관심 없음이라고도 눌렀는데 계속 나오네요.. ㅠㅠ,"['채널', '유튜브', '뜨다', '차단', '관심', '누르다', '나오다']",4,3
296,혼수는 평생에 한번이지만 재혼은요? ㅋ,"['혼수', '평생', '재혼']",4,3
297,끝까지 보니까 반전에 반전이 많은 영상 이네요~ㅎㅎ 많은 도움 되었습니다,"['반전', '반전', '많다', '영상', '많다', '도움']",4,2
298,목소리 짜증나서 돌린다.... 목소리가 원래 그런거임 ? 아니면 유튭앵버 컨셉임?,"['목소리', '짜증', '돌리다', '목소리', '유튭앵버', '컨셉']",4,3
299,와....한번에 구매할수없는게 너무 아쉽네요 하나씩 야금야금 하나씩 구입해야해서 ㅠ ㅠ,"['구매', '구입']",4,2
300,이 영상만 봐도 엘쥐가 얼마나 보수적인 기업인지 알수있음. 특히 직원들의 행동,"['영상', '엘쥐', '보수', '기업', '직원', '행동']",4,4
301,경쟁사를 까기만 하는 곳은 별로더라고요. 우유도 그렇게 공격적으로 나오는 곳은 꺼려짐,"['경쟁사', '까다', '우유', '공격', '나오다', '꺼리']",4,1
302,근데 잇섭님 뒷벽에 칼은 왜 있어유..?,"['잇섭', '뒷벽']",4,1
303,저 잇섭님꺼 영상보고 ... 혼수 준비합니다...,"['잇섭님꺼', '영상', '혼수', '준비']",4,1
304,왜 혼수 가전 찬스가 살면서 딱한번이지? 다들 한번사는 인생 결혼 한번 할거야?,"['혼수', '가전', '찬스', '살다', '사다', '인생', '결혼']",4,1
305,진짜 아무도 모르는 꿀팁을 전수해주시네 ㄷㄷㄷ,['전수'],4,3
306,현금으로 상품권구입은 어떤 상품권을 말씀하시는건지 궁금합니다!,"['현금', '상품', '구입', '상품', '말씀', '궁금하다']",4,1
307,참 이양반 구독자 이리 많은게 이해가 되네. 이리 치밀하고 공부도 많이하고.,"['양반', '구독자', '많다', '이해', '공부']",4,3
308,요즘 가전 자동차 잔고장 별로 없어요 재수업게 뽑기 못해서 진짜 간혹,"['요즘', '가전', '자동차', '고장', '재수']",4,2
309,잇섭이 이사한다? ㄷㄷㄷㄷㄷ 가전들 경보발령 ㄷㄷㄷㄷ ㅋㅋ,"['잇섭', '이사', '가전', '경보', '발령']",4,1
310,오징어나올때 좋아요 눌러버림......,"['오징어', '나오다', '좋다', '누르다']",4,1
311,5:25 이건 직원 케바케 겠네영 ㅎㅎ,"['직원', '케바케']",4,4
312,요즘 이혼이 흔해서 혼수 혜택 평생 1번만 받는다는건 아니지 싶어요 ㅎㅎ,"['요즘', '이혼', '흔하다', '혼수', '혜택', '평생']",4,4
313,ㅋㅋ역시 한국인말은 끝까지~~,['한국인'],4,3
314,견적내는게 무서운건 핸드폰이랑 컴퓨터 견적 뽑을때...,"['견적', '내다', '핸드폰', '컴퓨터', '견적']",4,4
315,그래서 머 어쩌라구 필요한건 각자 알아서 사면되지 별로도움이 안되네요,"['어쩌다', '필요', '사다', '도움']",4,3
316,아는 동생네 삼성 그랑데 세트 샀는데 물어보니 뭐 콘도 껴넣어서 말하던데 그것도 굉장히 복잡해보였어요,"['동생', '삼성', '그랑', '세트', '사다', '콘도', '끼', '넣다', '보이다']",4,4
317,안녕하세요.. 이번에 혼수로 정보 얻어가며 구하는 중인데 쉽지가 않네요 ㅜㅜ 가능하시다면 정보 부탁드릴 수 있을까요?,"['안녕', '혼수', '정보', '구하다', '가능', '정보', '부탁', '드리다']",4,3
318,혼수는 보통 남자가 준비하지 않지만... 결혼은 둘이 한다는... 두번은 가능하겠쥬?,"['혼수', '보통', '남자', '준비', '결혼', '가능']",4,1
319,ㅋㅋ평생한번이면 재혼하는사람은 안되나요?,"['평생', '재혼', '사람']",4,3
320,형 그 평생의 한번이 올까......?,"['평생', '번']",4,3
321,이새끼는 돈벌이에 필요힌 맞장구가필요할 뿐이다.,"['새끼', '돈벌이', '필요', '맞장구', '필요']",4,2
322,같은 오픈 백화점이라도 견적이 다를수도 있을까요,"['오픈', '백화점', '견적', '다르다']",4,1
323,재혼은 혼수가전이 안 되는구나....,"['재혼', '혼수', '가전']",4,1
324,ㅋㅋ 반전드라마 잘 봤습니다. ㅎㅎ,"['반전', '드라마']",4,1
325,다나와에서 사는 게 제일 싸지 않아요?,"['나오다', '사다', '싸다']",4,1
326,"매번 잘 보고 있습니다민, 보고 결혼제품 견적잘받고 왔습니다. ! 한수 배웠어요","['결혼', '제품', '견적', '배우']",4,3
327,잇섭님 이런거 시기적절하게 해주시고..ㅎㅎ 7월 결혼 앞두고 있습니다. 꿀팁 고마워요~,"['잇섭', '시기적절', '결혼', '앞두다']",4,1
328,ㅋㅋ 위험한발언입니다. 이광고... 가짜 청첩장? 어디매장 어느상담사가 예기하죠?,"['위험', '발언', '광고', '가짜', '청첩장', '매장', '상담사', '예기']",4,4
329,상관없다면 리퍼브도 괜찮다고생각합니다...,"['상관없다', '리퍼브', '괜찮다', '생각']",4,3
330,갤럭시 21사야될까요 노트20 울트라가 나을까요,"['갤럭시', '사다', '노트', '울트라']",4,4
331,10분짜리 영상에 광고가 도대체 몇개여..,"['영상', '광고']",4,4
332,여친공개하시고 혼수장만 하셨으니 이제 결혼발표만 남으신건가요?,"['여친', '공개', '혼수', '장만', '결혼', '발표', '남다']",4,4
333,성공한 잇섭님 아파트로 가즈아ㅏㅏㅏㅏㅏㅏ,"['성공', '잇섭', '아파트', '가즈아']",4,3
334,소오오비자를 위한 컨텐츠 너어어무무우 좋구여~~~ 이런 컨텐츠 흔치 않아 흔치않아~,"['소오오비자', '위하다', '컨텐츠', '너어어무무우', '좋다', '컨텐츠']",4,3
335,가짜 청첩장 안먹혀요. 직원이 잘못알고있는거. 가전 받기 전에. 즉 최종 결제 하기 전에 예식장에 전화해서 식 진행 됐는지 확인하더라고요. LG본사(?)에서요. 저 예식장 중간에 바꿨는데 lg에서 전화옴. 예식장에 확인해보니 식 진행 안됐다고 한다고. 그래서 바뀐 예식장 계약서로 다시 제출했어요.,"['가짜', '청첩장', '먹히다', '직원', '최종', '결제', '예식장', '전화', '진행', '확인', '본사', '예식장', '중간', '바꾸다', '전화', '예식장', '확인', '진행', '바뀌다', '예식장', '계약서', '제출']",4,3
336,"6:40 정도경영, 인상적이네요. 꿀정보 감사드립니다.","['경영', '인상', '정보', '감사', '드리다']",4,3
337,얼른 장가가서 혼수가전으로 준비하시지 그랬어요? 해피뉴이어,"['장가', '혼수', '가전', '준비', '해피 뉴 이어']",4,1
338,ㅋㅋ아니 잇섭은 둘다까네 ㅋㅋ개웃기누,"['잇섭', '까다', '웃기다']",4,3
339,형 플스4 재밋게봤는데 플스5해줘..,"['플스4', '재밋게', '플스5']",4,1
340,집에서 부모님이랑 같이 잇섭님 유튜브 봤는데 부모님이 안보는것 같더니 열심히 들으셨는지 다른 분들에게 정보 공유해주고 계시네요ㅋㅋ 좋은 정보 알려주셔서 늘 감사합니다! 새해 복 많이 받으세요.,"['부모', '잇섭', '유튜브', '부모', '정보', '공유', '좋다', '정보', '알리다', '감사', '새해']",4,3
341,썸넬 유재석인줄 ... 와 유명한 사람이네 160만명,"['썸넬', '유재석', '유명', '사람']",4,2
342,잇섭님 갤럭시북 이온2도 리뷰해주세요,"['잇섭', '갤럭시', '이온', '리뷰']",4,4
343,참~~~세일즈 힘들어요~^^ 누구하나 호구가 되지 않은 그날까지~~~,"['세일즈', '힘들다', '호구']",4,1
344,정말 솔직하고 유익한 정보네요 10분이 아깝지 않았습니다,"['유익', '정보']",4,3
345,형! 형은 유명한 크리에이티브라서 할인더 해주는거 아니지? ㅜㅜ,"['유명', '크리에이티브', '할인']",4,2
346,비스포크 4도어 쓰고 있는데 치명적 결함 하나 알고 있는데 제보 해도 되나요? 새로 샀는데 매장에서 얘기도 안해주고 서비스 센터는 3번이나 나왔는데 이건 결함이 아니라하길래 억울해서 제보할 데 찾고 있어요 ㅠ,"['비스', '포크', '도어', '쓰다', '치', '명', '결함', '제보', '사다', '매장', '얘기', '서비스', '센터', '나오다', '결함', '제보', '찾다']",4,2
347,잇섭님 제가 컴퓨터를 사려고하는데 괜찮으시면 컴퓨터사양을 잇섭님한테 물어보고 조언을 구하고싶은데 괜찮을까요?,"['잇섭', '컴퓨터', '사다', '괜찮다', '컴퓨터', '사양', '잇섭', '물어보다', '조언', '구하다', '괜찮다']",4,4
348,결혼준비하시는군요!,"['결혼', '준비']",4,1
349,꿀팁이네요 이사갈때 바꿀때 신혼품목으로 바꿔야겠네요 ㅎ난 결혼했으니...,"['이사', '바꾸다', '신혼', '품목', '바꾸다', '결혼']",4,1
350,"혹시 그 하.. 로 시작하는 안녕마트는 안 알아보셨나요? 발품, 우직하지만 좋은 팁 감사합니다.","['시작', '마트', '알아보다', '발품', '우직하다', '좋다', '감사']",4,3
351,급발진 무엇?ㅋㅋ,['급발진'],4,3
352,한번 정립된 답 이외엔 알아보려고도 안하는타입 =꼰머,"['정립', '이외', '알아보다', '타입', '꼰머']",4,1
353,형님 영상은 노치아이폰이 봐도 예쁘게 자막이 나와서 넘 좋아요... 이 안정감...,"['영상', '노치', '아이폰', '예쁘다', '자막', '나오다', '좋다', '안정감']",4,1
354,까비...오백만상사 컨텐츠 나올수 있었는데..,"['상사', '컨텐츠', '나오다']",4,1
355,형 저도 곧 이사하는데 이런 영상 올려주셔서 감사해요~,"['이사', '영상', '올리다', '감사']",4,3
356,"""인싸잡"" 나이/지역/장소 X 합법적인 간단알바 하루 3만원 카카오톡 상단 돋보기 클릭! """"인싸잡""""검색ㅂ","['싸다', '지역', '장소', '합법', '간단', '알바', '하루', '카카오톡', '상단', '돋보기', '클릭', '검색']",4,2
357,이 영상을 보기 전 이미 17년도에 결혼을해서리.. 청첩장 할인은 물건너갔네요 ㅠㅠ 나중에 집장만하면 그때 한번에 구매하려고 맘먹은게 있는데 알려주신 방식으로 알아보야 되겠네요 ㅎㅎ 감사합니다.,"['영상', '결혼', '청첩장', '할인', '건너가다', '장만', '그때', '구매', '맘먹다', '알리다', '방식', '알아보다', '감사']",4,1
358,이분은 집에 있는거 다 팔아도 집한체는 구입할듯 ㅋㅋ,"['팔다', '구입']",4,2
359,"와,, 잇섭님 이사 진심으로 축하드립니다!ㅎㅎ결국은 엘지구맼ㅋㅋ너무 웃겨욬ㅋㅋ","['잇섭', '이사', '진심', '축하', '드리다', '결국', '엘지구맼', '웃기다']",4,3
360,여로개사면 할인해주는거 자기들꺼로 걍 다 사라는 전략일듯 착한전략 인정합니다 ㅠㅠ,"['여로', '사다', '할인', '사다', '전략', '착하다', '전략', '인정']",4,2
361,결혼 3번 하는 사람도 있습니다. ㅋㅋ,"['결혼', '사람']",4,3
362,결혼 두 번 하면? 혼수가전 2번..!?!,"['결혼', '혼수']",4,1
363,"갤럭시 버즈 프로 언능 나왔으면 좋겠어요,,,","['갤럭시', '버즈', '프로', '나오다', '좋다']",4,4
364,결혼은 안하지만 청첩장이 나왔다고 한다,"['결혼', '청첩장', '나오다']",4,1
365,잇섭님 다음에는 갤럭시 버즈+ 분해하는거좀 보여주시면 안될까요?,"['잇섭', '다음', '갤럭시', '버즈', '분하다', '보이다']",4,4
366,와아아! 우리꺼 칭찬한다아ㅏ...? 엇?,['칭찬'],4,3
367,그 찐따 같던 이스업 맞냐? 진짜 이스업은 전설이다 ..,"['찐따', '이스', '맞다', '이스', '전설']",4,4
368,싸펑 컬렉터스에디션 사셨나보네요 ㅎ 저도샀어요...근데 봉인...ㅠㅠ,"['싸펑', '컬렉터', '스다', '에디션', '사다', '사다']",4,4
369,잇섭님 대학생 새내기 노트북추천해주세요! 150아래 정도로여,"['잇섭', '대학', '새내기', '노트북', '추천', '아래']",4,3
370,진짜 알짜 정보...... 믿보섭이다,"['알짜', '정보', '믿보섭']",4,3
371,이건 진짜 꿀팁이네요 뭐 크게 가전봐꿀일이 없겠지만 혹시 있다면 써먹어봐야겠습니다,"['크다', '가전', '꾸다', '써먹다']",4,2
372,이번생에 결혼은 무리일듯한데 혼수 할인 괜찮을지도?,"['결혼', '무리', '혼수', '할인', '괜찮다']",4,2
373,형형 컴퓨터 본체 청소기 같은 제품도 리뷰해줭,"['컴퓨터', '본체', '청소기', '제품', '리뷰']",4,4
374,흐음... 잘생긴거 같기도 하고 오징어 같기도 하고 매력있으시네!,"['생기다', '오징어', '매력']",4,2
375,잇섭님 채널들어와달라는 댓글 검열좀 해주세요 관종들 너무많아요,"['잇섭', '채널', '들어오다', '댓글', '검열', '많다']",4,3
376,잇섭형 구독자160 만명 축하해!언제나 응원할게!,"['잇섭', '구독자', '축하', '응원']",4,3
377,아 이분 찾으려고 하는데 이름 기억 안나서 와썹 찾아봤네 ㅋㅋ,"['찾다', '이름', '기억', '와썹', '찾다']",4,2
378,배송클레임 걸려보면 후회할듯해요 ㅎㅎ잇섭님 ㅋㅋ,"['배송', '클레이', '걸리다', '후회', '잇섭']",4,1
379,3:06 ? : 조명박은 게이밍 기둥을 18만원에 사 보았습니다,"['게이밍', '기둥', '사다']",4,4
380,6:52 500000만원 ㅋㅋ 오타있어요,['오타'],4,3
381,무슨모델사셨는지 궁금하네요 결혼한지 10년 넘어서 다 바꿔야 할거 같은데 워낙 종류가 많아서 ㅜㅜ,"['모델', '사다', '궁금하다', '결혼', '넘다', '바꾸다', '종류', '많다']",4,4
382,잇섭형 pc도 여려군데 견젹내봐야해요?,"['잇섭', '여리다', '견젹내']",4,1
383,형 신부명의로 한번 더 혼수가전 할 수 있지 않을까요?,"['신부', '명', '혼수', '가전']",4,1
384,이제 자취템 콘텐츠 리뷰도 다시 시작할 가능성 있나요 ? 그 외에 리뷰 요청같은것도 보낼 수 있나요 ?! 지금 사용하는 모니터암이 2개 있는데 1박스 남아서 구석에 박혀있네요..,"['자취', '터', '콘텐츠', '리뷰', '시작', '가능', '리뷰', '요청', '보내다', '모니터', '박스', '남다', '구석', '박히다']",4,3
385,하지만 우리집은 sk매직을 샀지...,"['매직', '사다']",4,2
386,0:08 옆에 잇섭 셀카 같은데 ㅋㅋ,['셀카'],4,2
387,그런데 혼수가전으로하고 안타깝게 거시기하고 다시 새로운 결혼하면 혼수가전 다시 가능한가요? 그런 일까지 안가는게 좋지만 문득 궁금해진다.... ㅎ,"['혼수', '가전', '결혼', '혼수', '가전', '가능', '좋다']",4,1
388,9:32 (진짜 결혼하게 됐을 때) 오빠.. 이거 누구랑 혼수 준비할 때 할인받았던거야?,"['결혼', '오빠', '혼수', '준비', '할인']",4,1
389,곧 이사간다고 아빠랑 가전 얘기하고 있었는데 딱 오늘 영상이 올라와버리네.. 운명인가,"['이사', '아빠', '가전', '얘기', '영상', '올라오다', '운명']",4,4
390,상품권 운운하면 할인해준다고 좋아할게 아니라 신고를 해야,"['상품', '운운', '할인', '좋아하다', '신고']",4,3
391,아 인트로부터 터졌네ㅋㅋ 형 새해 복 많이받아,"['인트', '터지다', '새해']",4,4
392,매번 너무너무 재밌고 유익하고 깔끔한 영상 감사드려요!,"['재밌다', '유익', '영상', '감사', '드리다']",4,3
393,잇섭채널은 구독자수에 비해 나눔 이벤트는 정말 잘 안하는듯..,"['잇섭', '채널', '구독자', '비하', '나누다', '이벤트']",4,3
394,근데 형 정도면 회사 마케팅 담당자한테 전화해서 반값할인 쌉가능 아니야?,"['회사', '마케팅', '담당자', '전화', '반값', '할인', '가능']",4,3
395,"가격이 차이나는것은 그만큼 차이날 정도로 성능이 좋고, 더 싼 가격을 해야 사람들이 구입한다는 거죠.","['가격', '차이', '차이', '성능', '좋다', '싸다', '가격', '사람', '구입']",4,3
396,이제 아파트까지 사버리는 그는 도대체...,"['아파트', '사다']",4,3
397,0:04 셀카보정 너무 과한데요;;;;,"['셀카', '과하다']",4,2
398,9:36 그러면 이혼했다가 재혼하면 혼수가전 혜택이 없나요?,"['이혼', '재혼', '혼수', '가전', '혜택']",4,1
399,유튭으로 많이 벌긴했나보다 아파트라니... 축하해영,"['유튭으', '벌다', '아파트', '축하']",4,3
400,이벤트가 너무 없다는 말이지...다 나눔하라는게 아니고~ 외려 구독자수가 적었을땐 잘했던듯..,"['이벤트', '나누다', '구독자', '적다']",4,3
401,잇섭님 궁금한게 있는데 어디다가 올리면 될까요?,"['잇섭', '궁금하다', '올리다']",4,3
402,스마트워치 Q92 이거 리뷰해주세요! 구독 좋아요 알림 설정 다했어요 그니까 리뷰 해주세요,"['스마트', '워치', '리뷰', '구독', '좋다', '알리다', '설정', '리뷰']",4,3
403,고맙습니다 잇섭님~ 새해복많이받으세요!,"['고맙습니다', '잇섭', '새해']",4,1
404,잇섭님 저도 혼수가전 알아보는 중인데 싸게하고 싶은데 어디서 하셨는지 힌트라도좀 .. 잘 풀어볼게요,"['잇섭', '혼수', '가전', '알아보다', '싸다', '힌트', '풀다']",4,4
405,이쯤되면 책을 써야되는게 아닌가싶네요 전자제품별로 너무 어려워요 ㅋㅋ,"['쓰다', '전자', '제품']",4,2
406,대백프라자 안에 있는 디지털프라자인가요?,"['프라자', '디지털', '프라자']",4,4
407,이거 너무 고오오오급 정보 아닙니까.ㅋㅋ,['정보'],4,3
408,안녕하세요 하이마트 직원인대 하이마트는 안가셨나요?,"['안녕', '하이마트', '직원', '하이마트']",4,1
409,21학번 예정인대 학과별 노트북 추천해주실수있나요,"['학번', '예정', '학과', '노트북', '추천']",4,4
410,올8월에 결혼준비하는데 덕분에 영상 잘보았습니다. 혹시 실례가 되지 않는다면 제품명을 알수 있을까 싶어서요.. 참고가될만한 사항이면 참고해서 구매를 해보려고요..,"['결혼', '준비', '덕분', '영상', '실례', '제품명', '참고', '사항', '참고', '구매']",4,3
411,와 진짜 이렇게까지 꿀팁 알려주는 사람은 처음이야 😃,"['알리다', '사람']",4,3
412,#NAME?,['드립'],4,1
413,#NAME?,['바라다'],4,2
414,와 이해못하는게 더 신기,"['이해', '신기']",4,4
415,와 진짜 꿀팁중에 꿀팁 영상... 이런 참 유튜버..,"['영상', '유튜버']",4,4
416,올해 고1입니다 핸드폰 리뷰보다 재밌네요.,"['올해', '핸드폰', '리뷰', '재밌다']",4,4
417,왠지 모르겠는데 다른 영상들보다 왜 더 행복하게 말하는것같지 기분탓인가,"['영상', '행복', '기분']",4,3
418,이형은 딱 중립을 너무 잘지킨다....,"['중립', '지키다']",4,2
419,ㅋㅋ앜ㅋㅋㅆ밬ㅋㅋ 잇섭님 썸네일ㅋㅋ 이건 못참지,"['잇섭', '네일', '참다']",4,3
420,짐이 많아서 20평대 감당안될꺼 같은데 ㅋㅋ,"['많다', '감당']",4,1
421,똑똑하니까 그만큼 구독자수도많고 수입도 엄청나고,"['구독자', '많다', '수입', '엄청나다']",4,3
422,오만상사도 해줘서 정말 좋음...,"['상사', '좋다']",4,1
423,광고가 아니라면 그냥 똥꼬빠는건가? 밑밥?,"['광고', '똥꼬빠']",4,2
424,가짜 청첩장 누가 악용하는거 아닌가 모르겠네...,"['가짜', '청첩장', '악용']",4,4
425,진짜 영상은 끝까지 봐야해 진짜 ㄷㄷ ....,['영상'],4,4
426,매번 보고있었지만 이번 영상은 정말 사람들에게 도움이 많이 되는 꿀정보 였습니다! 고마워요!,"['영상', '사람', '도움', '정보']",4,3
427,집산건 안부러운데 매매가 최소 20억하는집이라 그건부럽,"['사다', '매매', '최소']",4,2
428,머여 딱봐도 잇썹 결혼 혼수 맞춘 후기인데?,"['머여', '잇썹', '결혼', '혼수', '맞추다', '후기']",4,3
429,형 피부 좋다... 스킨로션 뭐 쓰는데?,"['피부', '좋다', '스킨', '로션', '쓰다']",4,1
430,형드디어 결혼하나보네요 아파트로이사가는거보면! ㅊㅋㅊㅋ!,"['결혼', '아파트', '이사']",4,3
431,안녕하세요 잇떱입니다. 드디어 제가 이thㅏ를 가게 되어thㅡㅂ니다,"['안녕', '잇떱']",4,4
432,결혼할 가망 없는 노총각 꼬셔서 사면 개이득이겠네,"['결혼', '가망', '총각', '꼬시다', '사다', '이득']",4,4
433,혼수로 구입하면서 알고있던 내용이 많이나와서 뭔가 뿌듯하네요 ㅎㅎ,"['혼수', '구입', '내용', '나오다']",4,1
434,형 애플이 가전쪽으로 뻗지 않을걸 감사해.. 모두 리뷰 할뻔 했으니까,"['애플', '가전', '감사', '리뷰']",4,4
435,어떤 제품 사셨는지 추후 리뷰 부탁드립니다~,"['제품', '사다', '추후', '리뷰', '부탁', '드리다']",4,2
436,앜ㅋㅋ 첨에 오징어사진맞나옄ㅋㅋ 잇섭님 맨첨에 하는거 정말웃기네옄ㅋㅋ,"['오징어', '사진', '맞다', '잇섭', '웃기다']",4,2
437,이제 IT리뷰를 넘어서 생활리뷰까지... 맘카페 횐님들도 구독자로!,"['리뷰', '넘다', '생활', '리뷰', '카페', '구독자']",4,2
438,응대했던 직원들 몇몇은 피좀보겠는데 ㅎ,"['대하다', '직원']",4,4
439,애플도 가전만들어서 팔면 재밌겠다 과연 얼마나 비쌀지,"['애플', '가전', '만들다', '팔다', '재밌다', '비싸다']",4,4
440,근데 형 역시 대형 유튜버인가 1200만원을 후렉스 하다니... 멋있네 우리형이 이렇게 크다니 뿌듯해,"['대형', '유튜버', '후렉스', '멋있다', '크다', '뿌듯하다']",4,2
441,가전은 ㄹㅇ 다나와보다 싸거나 옵션 더 껴줌ㅋㅋ,"['가전', '나오다', '싸다', '옵션', '끼다']",4,4
442,형 지금 쓰는 책상이 뭔지 좀 알려줘!제발...책상을 바꿀려는데 고민하다가 형이 쓰는 책상도 괜찮을 것 같아서요...,"['쓰다', '책상', '알리다', '책상', '바꾸다', '고민', '쓰다', '책상', '괜찮다']",4,1
443,9:38 형 그러면 재혼하는사람은 혼수가전 못사는거야? (내가 재혼하는건 아니고 그냥 궁금해서 ㅋㅋ),"['재혼', '사람', '혼수', '사다', '재혼', '궁금하다']",4,2
444,형 그래서 타이픈 마르스 프로는?....,"['타이프', '마르스', '프로']",4,3
445,저도 곧 이사때문에 여기저기 온라인 비교하며 다니는데 큰 도움 되었어요! 감사합니당,"['이사', '여기저기', '온라인', '비교', '다니다', '크다', '도움', '감사']",4,1
446,"삼성, lg관계자들이 영상 보면서 희비가 많이 갈리겠네요 삼성 관계자는 계속 흐뭇하다가 마지막에 어? ㅋㅋ","['삼성', '관계자', '영상', '희비', '갈리다', '삼성', '관계자', '마지막']",4,3
447,00:07 역시 셀카는 무보정이지! 필터안써도 잘나오네,"['셀카', '보정', '필터', '쓰다', '나오다']",4,1
448,잇섭님 애가 커서 큰 집으로 이사가는줄 알았습니다 ㅋ,"['잇섭', '크다', '크다', '이사']",4,3
449,잇섭님 아파트 매매 하셨으니 랜선 집들이 편좀 맹듷어 주세요 ㅋㅋ,"['잇섭', '아파트', '매매', '맹듷']",4,3
450,지금 사용하고 계시는 키보드 정보좀 알수있을까요? 레오폴드 f950인가요?,"['키보드', '정보', '레오폴드']",4,4
451,형 언능(?) 결혼해서 혼수가전 영상도 찍어줘 ㅋㅋ 꾸준히 볼게,"['결혼', '혼수', '가전', '영상', '찍다']",4,4
452,저랑 똑같은 상황... ㅋㅋ 결국 나중에 추가하는것보다 더 싸고 있으면 좋을것 같아서 묶어사긴 했습니다. ㅎㅎ,"['똑같다', '상황', '추가', '싸다', '좋다', '묶다', '사다']",4,1
453,"신규 아파트 입주 혜택도 혼수와 마찬가지로 좋으니, 가까운 제휴 매장/ 다른 오픈매장 같이 비교해보시는 것을 추천드립니다. ㅎㅎ","['신규', '아파트', '입주', '혜택', '혼수', '마찬가지', '좋다', '제휴', '매장', '오픈', '매장', '비교', '추천', '드리다']",4,3
454,헐헐! 답글 달아주셨다! 잇섭님 말씀이 맞습니다!,"['달다', '잇섭', '말씀', '맞다']",4,4
455,삼성칭찬인줄알았는데 역시 한국영상은 끝까지 봐야지ㅋㅋ,"['삼성', '칭찬', '한국', '영상']",4,4
456,6:53 1000만원 구입하면 500000만원 절감 ㄷㄷ ㅋㅋ,"['구입', '절감']",4,4
457,이러면 이미지 안조아저요,"['이러다', '이미지', '안조아저']",4,4
458,상담받기도 엘지가 사람이 많아더 더 힘들었습니다 ㅠ,"['상담', '엘지', '사람', '많다', '힘들다']",4,4
459,삼성 판매량이 좋은건 가격싼 중소라인이 잘팔림,"['삼성', '판매량', '좋다', '가격', '싸다', '중소', '라인', '팔리다']",4,1
460,헐 잇섭 형이 내꺼에 댓글 달아줬어ㅠㅠ 앞으로도 빠지지않고 볼게요ㅠㅠ,"['댓글', '달다', '빠지다']",4,4
461,제품 사면 공짜에 돈까지 얹어줌ㅋㅋ,"['제품', '사다', '공짜', '얹다']",4,2
462,제목보고 혼수 준비하시나!하면서 들어왔는데..!에잉 🤣🤣,"['제목', '혼수', '준비', '들어오다']",4,1
463,혀엉 책상 정보 좀 알려주세요 ㅠㅠㅠ,"['혀엉', '책상', '정보', '알리다']",4,3
464,😭😭😭😭😭😭😭😭😭 감사해요 ㅠㅠㅠㅠ,['감사'],4,3
465,근데 여러제품을 샀을때 할인을 많이 해준다면 그만큼 본래 가격에 거품이 많이 껴있다는거 아닌가,"['제품', '사다', '할인', '본래', '가격', '거품', '끼']",4,2
466,혼수할인도 크지만 새 아파트 입주시에 그 아파트를 대상으로 하는 입주 할인도 좀 큽니다 만일 제가 입주로 물건을 제법 사면 지인도 한두개정도 끼워 사는 편법도 고려해볼수 있습니다 그럴수록 단위도 커지고 서로 할인도 커지죠,"['혼수', '할인', '크다', '아파트', '입주', '아파트', '대상', '입주', '할인', '크다', '입주', '물건', '사다', '지인', '끼우다', '사다', '편법', '고려', '단위', '커지다', '할인', '커지다']",4,2
467,썸네일 양심이 있습니까 휴먼? 모범시민 수여합니다,"['양심', '휴먼', '모범', '시민', '수여']",4,1
468,예. 경쟁 때문에 엄청 저렴하게 구입했습니다 ㅋㅋ,"['경쟁', '저렴하다', '구입']",4,2
469,관계자 분들한테두 좋은 영상이 될거 같네용,"['관계자', '좋다', '영상']",4,3
470,합리적인 소비 추천드립니다. 속이 편안하네,"['합리', '소비', '추천', '드리다', '편안']",4,3
471,잇섭형이 잘 모르시는거같은데 가전제품이외에 명품샵에가면 전부 다 청첩장 거짓으로 작성하면 된다고 말합니다. 일명 립서비스죠. 혹해서 넘어가면안됩니다. 거기에 현금이라는 조건이 붙고 이상한거 점점 붙습니다.,"['잇섭', '가전제품', '이외', '명품', '청첩장', '거짓', '작성', '명', '서비스', '혹하다', '넘어가다', '현금', '조건', '붙다', '이상', '붙다']",4,2
472,형 인트로에 오징어 사진 형 셀카잖아 완전 잘 나왔던데?ㄷㄷ,"['인트', '오징어', '사진', '셀카', '나오다']",4,2
473,"저는 모두 최근 제품으로 구입해서, 요건 또 몰랐던 정보네요 ㅎㅎ","['최근', '제품', '구입', '정보']",4,3
474,A/S 경험으로 돈보다도 브랜드 먼저 선택하는 경우도 있죠. ㅎㅎ,"['경험', '브랜드', '선택']",4,2
475,가전제품 검색해보는데 안그래도 이름이 복잡한데다 똑같이 생겼는데 제품이름이 조금씩 달라서 암호해독하려면 공부해야됨....,"['가전제품', '검색', '이름', '생기다', '제품', '이름', '다르다', '암호', '해독', '공부']",4,3
476,새해 복 많이 받으라 하기엔 3일이나 지났고 해서 쓸 말이 없네;; 그래도 2020년동안 고생 많았어 형 2021년에도 힘내서 열심히 해보자!,"['새해', '지나다', '쓰다', '동안', '고생', '많다', '힘내다']",4,1
477,0:08 아직 수분기가 많이 남으셨네요. 촉촉한거봐,"['수분', '남다', '촉촉하다']",4,1
478,잇섭님 지금시기에 아이폰se2세대 구매 괜찮을까요?,"['잇섭', '시기', '아이폰', '대', '구매', '괜찮다']",4,1
479,이 형 흠... 결혼을 왜 평생 한 번 할거라고 생각하시는건가요 사람일 모릅니다...,"['결혼', '평생', '생각', '사람']",4,3
480,난 형이 어떻게 저렴하게 삿는지 궁금하당,"['저렴하다', '사다', '궁금하다']",4,2
481,이 영상은 조회수가 떡상할 영상이다. 꿀팁이 너무 많다.,"['영상', '조회', '영상', '많다']",4,4
482,Lg가 촌스럽고 비싸도 더잘팔리는건 제품이좋다는얘기죠,"['비싸다', '팔리다', '제품', '좋다', '얘기']",4,4
483,9:40 잇섭님은 써도 리스크 없자나요 역시 서울 성왕,"['잇섭', '쓰다', '리스크', '서울', '성왕']",4,1
484,아니 오프닝전 오징어 뭐냐고요 ㅎㅎ,"['오프닝', '오징어']",4,2
485,그래도 자동차 전장 사업이 있어서 괜찮습니다 ㅋㅋ,"['자동차', '전장', '사업', '괜찮다']",4,2
486,요즘은 보통 구경만할때는 크게 터치안해서 더 편하더라구요. ㅎㅎ,"['요즘', '구경', '크다', '터치', '편하다']",4,4
487,결혼 두번 할수도 있는데 청첩장은 왜 한번만 쓸수있죠? ㅋ,"['결혼', '청첩장', '쓰다']",4,1
488,결혼 안할거면 가짜 청첩장을 써라 이게 제일 꿀팁이네요?ㅋ.ㅋ,"['결혼', '가짜', '청첩장', '쓰다']",4,1
489,신혼(혼수) 가전 구입시 청첩장 말고 예식장 계약서 등 추가로 요구하는 추세입니다.,"['신혼', '혼수', '가전', '구입', '청첩장', '말', '예식장', '계약서', '추가', '요구', '추세']",4,1
490,"제가 간곳은 모두 이방법이면 된다고 하셨는데, 점점 이것도 강화되나봐요. ㅎㅎ","['방법', '강화']",4,2
491,둘다 됩니다. 혼인증명서도 가능 1년내,"['혼인', '증명서', '가능']",4,1
492,"오! 요즘 청약되면 로또인데, 축하드립니다!","['요즘', '청약', '로또', '축하', '드리다']",4,3
493,엥 형 이제 다시 애플워치 쓰는거야?,"['애플', '워치', '쓰다']",4,1
494,형 팔뚝 보니까..혹시 근손실인거야....?,"['팔뚝', '손실']",4,1
495,가짜 청첩장 꼼수는 이거 보는 관계자 분들이 막겠네 엌ㅋㅋ,"['가짜', '청첩장', '꼼수', '관계자', '막다']",4,3
496,신혼으로 하면 할인 얼마나 더 들어가요?,"['신혼', '할인', '들어가다']",4,2
497,잇섭형 여자친구랑 청첩장 하나 만들지 그랬어,"['잇섭', '여자', '친구', '청첩장', '만들다']",4,1
498,부럽다 나도 성인되면 형처럼 살거야ㅎ,"['성인', '살다']",4,2
499,?:역시 사진은 아이폰이 최고야~,"['사진', '아이폰', '최고']",4,3
500,못막죠 요새는 혼인신고도 늦게 하는 추세인뎅,"['막다', '요새', '혼인', '신고', '늦다', '추세']",4,3
501,"그러게요. ㅋㅋ 단통법생각하면 이게 좋긴한데, 피로도가 꽤 크더라구요. 매장마다 돌아다녀야하고, 진짜 한달 내내 시간이 조금이라도 생기면 가까운 매장부터 달려갔던 생각이 나네요 ㅎㅎ","['그러다', '단통법', '생각', '좋다', '피로', '크다', '매장', '돌아다니다', '시간', '생기다', '매장', '달려가다', '생각']",4,3
502,이 영상의 주요내용은 20평대 집 구입아닌가요?!,"['영상', '주요', '내용', '구입']",4,3
503,지금 삼성에서 혼수혜택받고 진짜 결혼하고는 LG에서 혼수혜택받으면돼는건감?,"['삼성', '혼수', '혜택', '결혼', '혼수', '혜택']",4,1
504,요즘은 인터넷이더쌈 온라인 b2b회사들 견적내면 가격쫙나오니까 오프라인은 급할때아니면 비추,"['요즘', '인터넷', '싸다', '온라인', '회사', '견적', '내다', '가격', '나오다', '오프라인', '급하다', '비추다']",4,1
505,혼수는 아니지만.....예비 혼수같은 느낌적인 느낌,"['혼수', '예비', '혼수', '느낌', '느낌']",4,1
506,"6:52 ㅋㅋ 500,000만원 ㅋㅋ 50억을 절약했네 ㅋㅋ",['절약'],4,1
507,"핸드폰이야 솔직히 작은제품이라 질리면 쉽게 바꿀 수 있지만, 가전은 부피가 커서 마음에 들지 않아도, 돈이 있어서 바꾸기 힘들겠더라구요. ㅎㅎ","['핸드폰', '작다', '제품', '질리다', '바꾸다', '가전', '부피', '크다', '마음', '들다', '바꾸다', '힘들다']",4,4
508,0:04 셀카 어플 뭐 쓰신거예요? 넘 이쁘게 잘나왔는뎅,"['셀카', '어플', '쓰다', '이쁘다', '나오다']",4,1
509,헐 저도 설치하고 체크해봐야겠습니다. 정보 감사합니다.,"['설치', '체크', '정보', '감사']",4,3
510,재혼의 경우엔 혼수할인이 적용 안 되는 것인가요?,"['재혼', '혼수', '할인', '적용']",4,2
511,6:52 와! 1000만원에서 5%를 할인받아 50억을 절감했다!(?),"['할인', '절감']",4,4
512,혼수할인으로 하게되면 신랑신부 두명다 1번의 사용기회를 쓰게 되는건가요?,"['혼수', '할인', '신랑', '신부', '기회', '쓰다']",4,1
513,이 영상 언젠가는 다시 찾아 볼 날이 오겠죠..?,"['영상', '찾다']",4,4
514,"요즘 엘쥐 언플 겁나하던데, 네이버 뉴스 기사,댓글에 뜬금없이 엘쥐빠는거 엄청 올라옴 ㄷㄷ","['요즘', '엘쥐', '언플', '겁나다', '네이버', '뉴스', '기사', '댓글', '엘쥐', '빨다', '올라오다']",4,2
515,혼수 혜텍은 나중에는 와이프 이름으로 다시 쓸수 있지 않을까요?,"['혼수', '혜텍', '와이프', '이름', '쓰다']",4,2
516,상담해준사람들 힘 빠지는 영상이네 ㅋㅋ,"['상담', '사람', '빠지다', '영상']",4,4
517,하~~꿀팁을 공개 하셔서...이제 꿀팁이 없어질 수도 있겠네요 ㅠ.ㅠ(헬쥐에서 정도 경영으로 꿀팁 차단 할지....) 새로운 꿀 팁 꼭!꼭!꼭!꼭!꼭!꼭! 발굴 부탁드려요^^,"['공개', '헬쥐', '경영', '차단', '발굴', '부탁드리다']",4,4
518,저도 오브젯 너무 이뻐서 단디 먹고 상담 여기저기 했는데 가격에 무너졌죠 비스포크.. 짱..,"['오브젯', '이쁘다', '달다', '먹다', '상담', '여기저기', '가격', '무너지다', '비스', '포크', '최고']",4,1
519,이 영상을 보고 있을 각 제조사 담당자 분들 표정이 상상이 감 ㅋㅋ,"['영상', '제조사', '담당자', '표정', '상상']",4,1
520,타임라인 인트로가 아니라 오징어얔ㅋㅋ,"['타임', '라인', '인트', '오징어']",4,2
521,"LG나 삼성 한군데서 가짜 청첩장 주고 혼수가전으로 산다음에, 진짜 혼수가전할때는 다른곳에서하거나 와이프이름으로 하면 되겠네 ㅇㅅㅇ","['삼성', '가짜', '청첩장', '혼수', '가전', '살다', '다음', '혼수', '가전', '와이프', '이름']",4,4
522,"6개월 정도 쓰라고 하던데, 다른곳에서 할인을 더 해주셔서 큰 무리는 아니었습니다. ㅎㅎ","['쓰다', '할인', '크다', '무리']",4,2
523,각 매장별로 판매제품을 팔아야 보너스가 나오는거 아닌가요 ㅋㅋ,"['매장', '판매', '제품', '팔다', '보너스', '나오다']",4,1
524,좋은거 잘사시면 되지요~ 이사갈집은 스마트홈으로 꾸며주시면 좋을것 같아요~ 잇섭님 집이니까요~^^,"['좋다', '사다', '이사', '스마트홈', '꾸미다', '좋다', '잇섭']",4,1
525,한 회사로 통일하면 AS 관리도 편함,"['회사', '통일', '관리', '편하다']",4,1
526,진짜 가격차이가 너무 크더라구요 ㅎㅎ,"['가격', '차이', '크다']",4,3
527,난 썰이 재미있는데 재미없을까봐 잘 안했지 ㅎ,"['재미', '재미']",4,4
528,0:07 어멋! 나체 잇섭이라니 너무 야하다~~,"['나체', '잇섭', '야하다']",4,1
529,형 문서작업이랑 유튜브만 할건데 라이젠 3500u asus 비보북 괜찮을까 48만원이고 3년쯤 쓸예정이야 제발 답글좀..... 중학교 올라가서,"['문서', '작업', '유튜브', '이제', '비보', '북', '괜찮다', '쓰다', '예정', '중학교', '올라가다']",4,4
530,오늘 인트로도 진짜 재미있습니다ㅋㅋ 늦었지만 새해 복 많이 받으시고 코로나도 조심하세요!^^,"['인트', '재미있다', '늦다', '새해', '코로나', '조심']",4,3
531,"공식영상이라 깔끔한 편이지, 실제로 가보면 좀.. 차이 나더라구요 ㅎㅎ","['공식', '영상', '차이']",4,3
532,팀재용도 웃기네요 ㅋㅋ 프사는 본인이 만드신건가요? 잘만드셨네용ㅋㅋ,"['웃기다', '프사', '본인']",4,3
533,"그정도면 충분하긴한데, 그래도 신형인 4500U가 낫지 ㅎㅎ",['신형'],4,1
534,너무 다 가격이 올라가서..... 괜찮겠지?,"['가격', '올라가다', '괜찮다']",4,4
535,"ㄹㅇㅋㅋ 이름은 안적어놨는데, 누가봐도....","['이름', '적다']",4,2
536,가격이 비싸도 많이 팔리는 이유를 알겠더라구요. ㅎㅎ,"['가격', '비싸다', '팔리다', '이유']",4,4
537,이게 짤로 이미 쓰이고 있던걸 재 수입해서 사용함;;,"['쓰이다', '수입']",4,2
538,금액을 따지는 잇섭 -2020년에 구매한 전자기기 약 1억,"['금액', '따지다', '구매', '전자', '기기']",4,2
539,시바 무슨 대방어도 아니고 주말에 더 비싸 싯가여 머여,"['시바', '방어', '주말', '비싸다', '싯가여', '머여']",4,4
540,형 문서작업이랑 줌이랑 유튜브만 하는데 라이젠3500u asus 비보북 괜찮을까.... 48만원이고 이번에 중학교 올라가 그리고 3년쯤 쓸예정이야 답글좀!,"['문서', '작업', '유튜브', '이제', '비보', '북', '괜찮다', '중학교', '올라가다', '쓰다', '예정']",4,4
541,이걸 보는 대부분 사람 + 나 : 돈 없고 사지도 못하며 보면서 이거 살까 이러고 있음 ㅋㅋ,"['사람', '사다', '사다', '이러다']",4,4
542,아 형얼굴보니까 오징어 사러가야한다는게 생각났어 +오징어볶음 해먹어야지~~,"['얼굴', '오징어', '사다', '생각나다', '오징어', '볶음', '먹다']",4,2
543,형 문서작업이랑 유튜브만 보는데 라이젠 3500u asus 비보북 괜찮을까 48만원이고 3년쯤 쓸거야 이번이 중학교 들어가서 ....... 답글좀!,"['문서', '작업', '유튜브', '이제', '비보', '북', '괜찮다', '쓰다', '중학교', '들어가다']",4,4
544,이렇게 먹음직스러운 오징어가 있나? 섹스럽네,['오징어'],4,2
545,.g116 되요.온라인 업자들이 오프라인에서 물건 사다가 파는거에요,"['되다', '온라인', '업자', '오프라인', '물건', '사다', '파']",4,1
546,#NAME?,"['세부', '스펙', '다르다', '매장', '발품', '팔다', '나오다']",4,2
547,​ -f4n 이걸 어디서 체크하나요?,['체크'],4,2
548,어떤 물건이든 한번 실물 봐야죠 ㅋㅋ,"['물건', '실물']",4,4
549,다른 영상에서 어그로 끌어놓고 이러는거 보면 웃기네 ㅋ,"['영상', '어그', '끌다', '이러다', '웃기다']",4,4
550,이걸 저 위로 올려야할텐데...,['올리다'],4,2
551,만지작했는데 그게좋다? 그럼 매장진열로 살수있을지 물어보고 살수있다면 개이득[아마 더싸게 구입가능],"['좋다', '그러다', '매장', '진열', '살다', '살다', '이득', '싸다', '구입', '가능']",4,2
552,역시 만지면서 느끼는게 좋죠,"['만지다', '좋다']",4,1
553,뭐든지 다 만져보고 확인하는거죠 물건도 가전도 사람ㄷ읍읍,"['만지다', '확인', '물건', '가전', '사람']",4,1
554,형 오랜만이야 훈련소에서 유튜브를 못 보니까 답답했는데 자대 오니까 폰을 사용할수 있어서 형 영상을 볼수있어 \(^0^)/,"['오랜만', '훈련소', '유튜브', '답답하다', '자대', '영상']",4,1
555,형 문서작업이랑 유튜부만 보는데 형이 예전에 찍었던 라이젠3500u asus비보북 살까 ? 48만원이고 3년쓸 예정이야 ... 답글좀!,"['문서', '작업', '유튜부', '예전', '찍다', '이제', '사다', '쓰다', '예정']",4,4
556,생방에서 스포한 그 영상은..... 못참지 ㅋㅋ 잇하아ㅏ아아잇!,"['스포', '영상', '참다']",4,4
557,핸드폰도 갬성 휴대폰 사과......,"['핸드폰', '개', '휴대폰', '사과']",4,4
558,그때 라이브했던영상은 언제 올라오나요?,"['그때', '라이브', '영상', '올라오다']",4,4
559,역겹다 왜 남의 챗창을 더럽히냐,['더럽히다'],4,4
560,드립이잖아 병신아;;,"['드립', '병신']",4,1
561,급발진 미챠버렸다,"['급발진', '미챠']",4,3
562,ojingeo의 발음은 오징어다 병신아 누가 오징어가 squid인걸 모르냐,"['발음', '오징어', '병신', '오징어']",4,2
563,어? 잇섭님 사진을 찍었는데 왜 제가..?,"['잇섭', '사진', '찍다']",4,3
564,형.....형을 원망하고 싶진 않은데.....형 영상 알림 때문에 내가 카트 승급전에서 졌어.........,"['원망', '영상', '알리다', '카트', '승급', '지']",4,4
565,잇섭님 저 이제 고등학교 가는데 모아둔 털어서 처음으로 폰 샀어요 ㅜㅜ a51샀는데 가성비 맞죠?,"['잇섭', '고등', '학교', '모으다', '털다', '사다', '사다', '가성비', '맞다']",4,4
566,형 오늘은 오징섭 된거야?ㅋㅋ 형이 오징어면 난 오징어의 눈썹이 되어버렸....,"['오늘', '오징섭', '오징어', '오징어', '눈썹']",4,2
567,아니 셀카 찍고 왜 오징어가 나왘ㅋㅋ ㅋㅋ 계속 웃고 있잖앜ㅋㅋ 오늘의 웃음 포인트 0:08 오징어 셀카 2:54 사야징! 2:57 댕청 ㅋㅋ,"['셀카', '찍다', '오징어', '나오다', '오늘', '웃음', '포인트', '오징어', '셀카', '사다', '댕청']",4,2
568,A51 좋아요 ㅎㅎ 정말 비싼폰 살필요 없답니다~,"['좋다', '비싸다', '사다', '필요']",4,4
569,아닠ㅋㅋ 무슨 정모하낰ㅋㅋ,"['알다', '정모']",4,4
570,"어 시조새로 보ㅓㅆ눈데 오징어였어요,,?","['시조새', '눌다', '오징어']",4,1
571,셀카 찍으니까 오징어 ㅋㅋ,"['셀카', '찍다', '오징어']",4,2
572,아ㅠㅠㅠㅠ 1분인데 좋아요 80개가 너뮤ㅠㅠ,"['좋다', '너뮤']",4,1
573,오늘 알게된것: 잇섭님은 의외로 가격을 비교하고 구입한다.,"['잇섭', '가격', '비교', '구입']",4,1
574,0:08 형이 잘생기긴 했ㅈ............,['생기다'],4,3
575,"여러분? 여러분의 힘이 필요해요. 워치45mm살려는데 블랙을 사야될까요, 실버를 사야 될까요?","['필요', '워치', '살다', '블랙', '사다', '실버', '사다']",4,2
576,인토로 모얔ㅋㅋ 나고정해주면 안됭‥?,"['모얔', '고정', '안됭']",4,1
577,잇섭형이 오징어면...... 나는 뭐지....?,"['잇섭', '오징어']",4,2
578,잇섭님 혹시 갤럭시 워치 액티브2 스트랩 무엇을 쓰시나요?,"['잇섭', '갤럭시', '워치', '액티브', '스트랩', '쓰다']",4,1
579,형..나중에 진짜 결혼 하셔서 결혼 혼수 가전 까지 리뷰하시길!😍😍😍,"['결혼', '결혼', '혼수', '가전', '리뷰']",4,1
580,형 ㅎㅇ 잇워드 mkbhd형꺼 보고 만든거야?,"['워드', '끄다', '만들다']",4,2
581,형 진짜 오래 좋은 리뷰 부탁 드립니다! 🥰🥰,"['좋다', '리뷰', '부탁', '드리다']",4,3
582,오징어 저거 전데요 초상관 침해를...,"['오징어', '초상', '침해']",4,2
583,당연하겠지만 효진님 얘기 고려해서 사신거 맞나요?,"['효진', '얘기', '고려', '사다', '맞다']",4,4
584,ㅋㅋ 큰일날 소리를 아무렇지않게 하시네ㅋㅋ,"['큰일', '소리']",4,2
585,안녕하세요~ 원룸 6평에 어떤 제품 찾고 계신 건가요?~,"['안녕', '원룸', '제품', '찾다']",4,4
586,네 세트할인 들어가도 비싸고 카드만들고 상조가입해도 오프라인이 무조건 비싸요ㅜ.ㅜ,"['세트', '할인', '들어가다', '비싸다', '카드', '만들다', '상조', '가입', '오프라인', '비싸다']",4,4
587,한꺼번에사면 오프라인이 싸다던데 아닌가요?,"['사다', '오프라인', '싸다']",4,2
588,수요가 공급보다 많아지는 성수기에 어떻게 할인이 더 높겠음? 상식적으로 생각해서 말이 된다고 생각함? 오히려 시즌 끝나고 재고정리로 들어가는 할인이 더 크겠지 뭐 이런 말도 안되는 개소리를 씨부려놨는지,"['수요', '공급', '많다', '성수기', '할인', '높다', '상식', '생각', '생각', '시즌', '끝나다', '재다', '정리', '들어가다', '할인', '크다', '개소리', '씨부리다']",4,2
589,먹튀 저거 네이버 스토어를 주말에 오픈 못하게 막아 주면 상당히 막아 질텐데 안 막네요,"['먹튀', '네이버', '스토어', '주말', '오픈', '막다', '막다', '막다']",4,3
590,이거 당해본사람 아니면 열받는거 모름ㅡㅡ 진심 이렇게 통수칠 수 있구나함,"['당하다', '사람', '진심', '통수', '치다']",4,3
591,캐쉬백이니 제휴카드 할인이니 뭐니 다 말장난 같아요 마케팅효과 원래 1000만원인데 할인해서 800만원이에요 하면서 소비자 눈속임 ㅜㅜ,"['캐쉬', '제휴', '카드', '할인', '말장난', '마케팅', '효과', '원래', '할인', '소비자', '눈속임']",4,2
592,혼수 1탄 보고 바로 2탄까지 쫓아왔습니당! 꿀팁 너무 감사드려요♥️,"['혼수', '쫓아오다', '감사', '드리다']",4,3
593,넘나 따수운 댓글에 감동받고 가요오💗💗 결혼 준비 기간 동안 행복한 일만 가득하세요!ㅎㅎ,"['넘다', '따다', '수운', '댓글', '감동', '결혼', '준비', '기간', '동안', '행복']",4,1
594,너무 큰 도움이에요 ❤❤ 진짜 너무너무 꿀팁들 ! 잘 활용해서 준비할게요 감사해요❤❤,"['크다', '도움', '활용', '준비', '감사']",4,3
595,고민 중이였던 부분이 해결이 되었어요~ 구독! 좋아요!,"['고민', '해결', '구독', '좋다']",4,1
596,정보 너무 감사합니다. 고급형과 보급형이 있던데요 차이 무엇인지 알수있을까요?,"['정보', '감사', '고급', '보급', '차이']",4,3
597,하늘과 땅차이 ...... 그럴거면 그인치 c3c사는게 .......,"['하늘', '차이', '사다']",4,4
598,감사합니다 추천하는 모델 있으실까요?,"['감사', '추천', '모델']",4,3
599,세부내용 컨텐츠도 한번 준비해볼게요!,"['세부', '내용', '컨텐츠', '준비']",4,3
600,네 글쿤요 취지 잘알겠습니다 영상잘참조해서볼께요^^,"['글쿤요', '취지', '영상', '참조']",4,1
601,이분 구독자 590명인데 설명이 너무 심플하면서 유익함,"['구독자', '설명', '심플', '유익']",4,3
602,삼성 양문형 852L 쿠팡 62만원 구매 내일 옴~ ㅎㅎ,"['삼성', '문형', '쿠팡', '구매', '내일']",4,2
603,비싼게 좋지요. 이래서 티코사러 갔다가 그랜저 사서 나오는거죠. 영상의 요점이 뭐지?,"['비싸다', '좋다', '티코', '사다', '그랜저', '사다', '나오다', '영상', '요점']",4,1
604,키친핏은 뚱냉보다 용량도 작으면서 왜 비싼거죠,"['키친', '뚱냉', '용량', '작다', '비싸다']",4,2
605,내부 소재도 나뉘던데 그건 없네요ㅜㅜ,"['내부', '소재', '나뉘다']",4,4
606,냉각방식의 차이가 가장 큰데 그건 언급 조차 없네.,"['냉각', '방식', '차이', '크다', '언급']",4,3
607,구독자 적은 채널 구독 잘 안하는데 내용이 너무 알차네요 구독하구 갑니다😁,"['구독자', '적다', '채널', '구독', '내용', '알차다', '구독']",4,3
608,비스포크 ai 뚱냉 4도어 쓰는데 할인할때 170정도에 잘사서 잘쓰는거같아용,"['비스', '포크', '뚱냉', '도어', '쓰다', '할인', '사다', '쓰다']",4,2
609,그래두 10년은 넘었으니 그나마 다행이네요😂,"['넘다', '다행']",4,3
610,넌그냥 주는대로 처먹고 사는 감빵같은데 가면 잘살겠다,"['처먹다', '사다', '살다']",4,2
611,참으로 정리를 깔끔하게 잘 하셨네요. 수고 많으셨습니다.,"['정리', '깔끔', '수고', '많다']",4,3
612,시중가 아님 권소가에서 할인 결국 시중가!,"['시중', '할인', '시중']",4,2
613,부품 ㅋㅋ갈아끼우는거면 리퍼브가 아니라 동네 가전제품 파는곳ㅋㅋ이지ㅋㅋ,"['부품', '갈다', '끼우다', '리퍼브', '동네', '가전제품', '파', '이지']",4,1
614,스크레치 있는게 스크레치 없는 일반물건보다 비쌈 ㅋㅋ,"['스크레치', '스크레치', '일반', '물건', '비싸다']",4,4
615,50~70%는 과장이고 최저가보다 조금 더 저렴하지....,"['늘다', '과장', '최저', '저렴하다']",4,2
616,21년 5월 22일에 방송됐다고 더보기에 나와있네요,"['방송', '나오다']",4,1
617,근데 저런데가서 가격보면 그냥 새거살까 싶은 생각이 절로 듦,"['가격', '사다', '생각', '들다']",4,1
618,리퍼브가 인기 끌면서 이제 가격이 많이 올라서..,"['리퍼브', '인기', '끌다', '가격', '오르다']",4,3
619,근데 전시하는 직원이 제품들을 너무 거칠게 다루는게 확 눈에띄는데 암만봐도 스크레치난것은 모두 저 직원탓인것 같다,"['전시', '직원', '제품', '거칠다', '다루다', '띄다', '스크레치', '직원']",4,1
620,버린거 수거 해와서 수리해서 파는곳!,"['버리다', '수거', '수리', '파']",4,2
621,장소가 어딘지 알아서 뭐하게 정식제품아니라고 부품을 다 갈아끼운다고 할배 틀딱아,"['장소', '정식', '제품', '부품', '갈다', '끼우다']",4,2
622,방영일자가 설명란에 적혀있는것은 맞는데 제목에 적어주면 좋겠어요.,"['방영', '일자', '설명', '적히다', '맞다', '제목', '적다', '좋다']",4,1
623,설명에 언제 방송했던건지 적혀 있습니다,"['설명', '방송', '적히다']",4,1
624,자기 능력대로 사면 됨 모닝 사는 사람과 제네시스 타는 사람이 있듯이,"['능력', '사다', '모닝', '사다', '사람', '제네시스', '타다', '사람']",4,2
625,썸네일에 1000만원되있는거 트레이더스에서 333만원주고삼 ㅋ,"['트다', '레이더스', '사다']",4,4
626,세상엔 복리라는게 있습니다. 처음에 돈을 절약했고 그 돈이 5년 불어났으면 120만원은 그다지 큰 돈은 아니네요,"['세상', '복리', '절약', '불어나다', '크다']",4,2
627,진심 존나 도움 되었음 진짜 깔끔하다 감사,"['진심', '도움', '깔끔', '감사']",4,3
628,에이~ 그럼 기능 똑같은데 소나타 타면되지 머하러 머스탱 타고 포르세911 타고 그러겠어요,"['기능', '똑같다', '소나타', '타다', '머스탱', '타다', '포르세', '타다', '그러다']",4,3
629,​ -ttm 에이 그건 엔진과 스펙이 다르잖아요,"['엔진', '스펙', '다르다']",4,3
630,​ -ttm 포르쉐911터보와 소나타는 씨티백과 리터급 오토바이 정도의 성능 차이라고 보시면 됩니다,"['포르쉐', '터보', '소나타', '씨티', '오토바이', '성능', '차이']",4,3
631,"​ -ttm 공감합니다.,그래서 호구가 생기는거지요..","['공감', '호구', '생기다']",4,1
632,저는 심플한 디자인 골라 100만원 조금 덜 들게 샀어요. 꽉 채우지 않고 필요한것 위주로 구매해서. 버리는것 줄이려고 노력중입니다,"['심플', '디자인', '고르다', '들다', '사다', '채우다', '필요', '위주', '구매', '버리다', '줄', '노력']",4,2
633,전동적인 아래위 2도어 형태는 언급도 안하네,"['전동', '아래위', '도어', '형태', '언급']",4,4
634,아 진작 봤어야 되는데... 한달전 아주 똑같은 패턴으로 크게 당했네요 ㅎㅎ,"['똑같다', '패턴', '크다', '당하다']",4,3
635,실질적으로 현실에서필요한정보였어요👍👍😍사실적으로 유튜브에서 정상적으로 볼만한것이별로없었어요😓좋은기능을 너무 사람의눈을 현혹하고구독이나 좋아요에집착하는 방송보면은 좀 질려버리는데 현실에서 우리가 알아야지식을 알려주면 보기싫어도 봅니다 잘보았습니다 감사합니다😍🙋‍♀️,"['실질', '현실', '필요', '정보', '유튜브', '정상', '좋다', '기능', '사람', '현혹', '구독', '좋다', '집착', '방송', '질리다', '현실', '지식', '알리다', '싫다', '감사']",4,3
636,​​ 이런 댓글 다는 이유가 뭐냐 욕 처먹을려고 댓글 남기냐,"['댓글', '늘다', '이유', '처먹다', '댓글', '남기다']",4,2
637,​ 왜 급발작을 하고 ㅈㄹ임?,['발작'],4,2
638,홈바있는걸 항상구입합니다 자주꺼내먹는 물 간식 꺼내먹기좋아요,"['구입', '꺼내다', '먹다', '간식', '꺼내다', '먹다', '좋다']",4,2
639,​ -m1g7n 아랫칸엔 아무것도 안넣으시나요?,"['아랫', '것', '넣다']",4,3
640,한 달 뒤에 입주해야 해서 혼수가전 공부 중인데 좋은 정보 감사드려요!,"['입주', '혼수', '가전', '공부', '좋다', '정보', '감사', '드리다']",4,3
641,조금만 기다려주세요!곧 옵니다!,['기다리다'],4,4
642,그냥 엄마말 들어. 이미 그런 주장 다 해보고 시행착오 거쳤던 거임.,"['엄마', '들다', '주장', '시행착오', '거치다']",4,2
643,원룸.고시원장점 청소가쉽고 짐을 못쌓아둠,"['원룸', '고시원', '장점', '청소', '쌓다']",4,3
644,#NAME?,"['인터넷', '서핑', '나오다']",4,1
645,어디서부터 어떻게 준비를 시작해야할지 막막했는데 정말 고맙습니다!,"['준비', '시작']",4,3
646,혹시 캐리어는 영상 안 올라올까요 ㅠㅎ,"['캐리어', '영상', '올라오다']",4,4
647,집 리모델링시 다 살꺼임.한을 풀어야지.,"['리모델링', '살다', '풀다']",4,4
648,"이번에 결혼하고 가전 준비 하면서 그간에 비교해놓으신 영상이 많은 도움되었습니다. 노써치님, 귀곰님 영상 강추! 저희는 구축 집이 한 채 있어서 샤시제외 전체 리모델링비 부가세포함 2900만원 반지, 스몰웨딩, 신혼여행, 가전제품, 가구 전체 포함 2300만원(기존예산 2000만원) 들었네요","['결혼', '가전', '준비', '비교', '영상', '많다', '도움', '노써치', '영상', '구축', '샤시제외', '전체', '리모델링', '부가세', '포함', '반지', '스몰', '웨딩', '신혼여행', '가전제품', '가구', '전체', '포함', '기존', '예산', '들다']",4,1
649,쇼핑리스트를 자취용으로 써도 상관 없는거졍?ㅎㅎ,"['쇼핑', '리스트', '자취', '쓰다', '상관', '지']",4,4
650,"준비중인데, 그냥 말그대로 막연하고 막막해서 뭐부터해야할지 싶었는데, 틀이 잡히는것 같아 좋아요! 추천","['준비', '잡히다', '좋다', '추천']",4,1
651,와~ 담에 결혼할때 진짜 노써치 정주행해야지 😂,"['결혼', '노써치', '정주']",4,1
652,혼수 장만하실때 정말 돈이 없어 어쩔수 없이 할부를 해야하는 경우가 아니라면 쓰지않는 카드가입 또는 상조(보험) 가입 등등 할인혜택을 준다는식으로 유혹 많이 하는데요~ 절대절대 꼼꼼히 계산 비교 다 해보시고 사세요~ 막상 상조보험서비스 등등은 장기적으로 보았을때 이득이 아닐수도 있어요! 여기저기 견적 다 받아보고 가장 싼곳에서 현금박치기가 젤 싸답니다 ㅠㅠㅠㅠㅠ 현금이 그만큼 있어야 하는 일이지만요!,"['혼수', '장만', '어쩌다', '할부', '쓰다', '카드', '가입', '상조', '보험', '가입', '할인', '혜택', '유혹', '계산', '비교', '사다', '상조', '보험', '서비스', '장기', '이득', '여기저기', '견적', '싸다', '현금', '박치기', '싸다', '현금']",4,4
653,국제결혼하면 혼수 300에도 가능해요. 왜냐구요? 결혼이 연애의 종착점이 아니라 연애의 시작이거든요.,"['국제', '결혼', '혼수', '가능', '결혼', '연애', '종착점', '연애', '시작']",4,1
654,노써치님들... 면도기 영상 오매불망 기다리고 있는데 언제쯤 올라올까요 😢😢,"['노써치', '면도기', '영상', '오매불망', '기다리다', '올라오다']",4,4
655,이번 인생에서는 볼필요 없는 영상 😢,"['인생', '필요', '영상']",4,3
656,아는 동생 결혼 예정 있어서 영상 공유는 해줬는데 사이트가서 리스트 찾아보는데 없는게 많네요 거의 정가에 사야하는것도 많고...,"['동생', '결혼', '예정', '영상', '공유', '사이트', '리스트', '찾다', '많다', '정가', '사다', '많다']",4,4
657,곧 만나실 수 있을 거에요! 현재 막바지 작업 중이랍니다 😊,"['만나다', '막바지', '작업']",4,2
658,잘 만들어 보겠습니다! 많이 알려주세요!,"['만들다', '알리다']",4,4
659,와 지금 알아보고있는데 딱뜨네..쵝오!,"['알아보다', '뜨다', '쵝오']",4,2
660,아... ㅠ. ㅠ 조금만 더 늦게 결혼할걸... ㅠ. ㅠ,"['늦다', '결혼']",4,3
661,그니꺄요 노서치에서 다루지 않은건 하지말자!❤,"['그니꺄', '노서치', '다루다']",4,1
662,남편분 전생에 거북선에서 노저으셨군요 복받으심,"['남편', '전생', '거북선']",4,2
663,쇼파는 어디서 구매하셧는지요 색상이 너무예뻐요,"['쇼파', '구매', '색상', '예쁘다']",4,2
664,유용한 장보였어요~! 머리 아팠는데 감사해요,"['유용', '보이다', '머리', '아프다', '감사']",4,3
665,와....너무 집중해서 봤어요! 귀한 정보 주셨네용!❤,"['집중', '귀하다', '정보']",4,3
666,핵심적으로 잘설명하는데 왜 이렇게 귀여운척을 하시는건지.. 좀 거북한게 아쉽네요 ㅠㅠ 애같이 말안하면 더 유익한 영상일것 같습니다..,"['핵심', '설명', '유익', '영상']",4,3
667,대기를 건다는 게 무슨 의미죠? 어떻게 하는건가요?,"['대기', '걸다', '의미']",4,3
668,밀로티 제품입니다! 저도 너ㅓㅓㅓ무 만족하면서 쓰고있어요😍,"['제품', '만족', '쓰다']",4,4
669,도움이 되셨다니 정말 다행이예요! 🥰🥰,"['도움', '다행']",4,3
670,완전 꿀팁 한가득! 찜해놓고 봐야겠어요💚,['찜하다'],4,2
671,이런 좋은 정보들을 깔끔하게 잘 알려주셔서 너무 감사드려요 ! ㅜ저는 아니지만 준비하는데 어려워하는 친구에게 공유할려구요 ㅎㅎ 감사합니당❤️,"['좋다', '정보', '알리다', '감사', '드리다', '준비', '어려워하다', '친구', '공유', '감사']",4,3
672,니네때문에 하이마트가 장사가안된다ㅡㅡ남들피해주지마라,"['하이마트', '장사', '피하다']",4,1
673,무조건 최신! As긴거!,"['최신', '길다']",4,2
674,호아아아ㅏㅏㅏㅏ🙊🙊 아니! 이렇게 뿌듯할수가!진짜! 감동…!✨ 도움이 되었다니 너무 다행이예요! 앞으로도 꿀팁 많이 공유하겠습니다♥️,"['감동', '도움', '다행', '공유']",4,3
675,저희가 알아볼때만 해도 블프는 딱히 말이 없더라구요 ㅠㅠ 그래서 제외됐습니다!,"['알아보다', '블프', '제외']",4,4
676,"오오오! 결혼 축하드려요! 다른 영상에 웨딩링, 필수 가전, 웨딩홀 등 결혼 할 때 필요한 정보들 싹 정리해뒀으니까 필요한 정보 있으시다면 ㄱㄱ!🙌🏻","['결혼', '축하', '드리다', '영상', '웨딩', '필수', '가전', '웨딩', '결혼', '필요', '정보', '정리', '필요', '정보']",4,3
677,ㅋㅋㅌㅋㅌㅋㅋ 짝궁에게 잘 전달해주겠습니다!,['전달'],4,1
678,삼성폰이랑 삼성가전이랑 할인에 무슨 관계가 있을까요:?,"['삼성', '삼성', '가전', '할인', '관계']",4,4
679,어차피 이삿날 맞춰서 제품 받는게 가능하니까 요유가 되신다면 미리 구입해두는것도 괜찮지 않을까요?!,"['사다', '맞추다', '제품', '가능', '구입', '괜찮다']",4,2
680,좋은 정보 얻어갑니다 ㅎㅎ 구독 눌렀어요 자주 소통해요~,"['좋다', '정보', '구독', '누르다', '소통']",4,3
681,혼수를 얼마나 삐까뻔쩍하게 하길래 1800이나오냐?,"['혼수', '삐까', '나오다']",4,1
682,안녕하세요 ㅎㅎ 멕마웨 카페 가입했는데 오픈점 리뉴얼점 리스트 같은게 딱히 안보이는데 어느항목에서 보면 편할까요 ?,"['안녕', '멕마웨', '카페', '가입', '오픈', '리뉴얼', '리스트', '보이다', '항목', '편하다']",4,4
683,오오 도움이 되었다니 다행이예요! 앞으로도 다영한 꿀팁으로 찾아올께요♥️,"['도움', '다행', '찾아오다']",4,3
684,가장 간단하고 편안한 방법이긴 하죠!😂😂,"['편안', '방법']",4,3
685,감사합니다! 그때와 요즘은 비슷한가요?!,"['감사', '그때', '요즘']",4,1
686,우왕 혹시 저도 데려가시나요?ㅋㅋ,"['우왕', '데려가다']",4,2
687,그건 사바사인듯해서ㅠㅠ 방문해서 확인해보시는게 제일 정확한듯해요!,"['사바', '방문', '확인', '정확']",4,3
688,어흐.....결혼할때 정말 신경써야 할게 한두가지가 아니에요 ㅠㅠ,"['결혼', '신경', '쓰다']",4,1
689,헉 꿀팁 잔뜩 모아두셨네요 ㅎㅎ 진짜 잘 알아두면 고생 좀 줄일 수 있겠어요 🫶🏻 그나저나 미모 무엇... 넘 빛난당❤,"['모으다', '고생', '줄', '미모', '빛나다']",4,4
690,대충은 들어본 얘기지만 몰랐던 부분을 세세하게 짚어주는 포인트가 있어 많이 도움이되네요!,"['얘기', '짚다', '포인트', '도움']",4,2
691,진자 저런 허영심 가득한여자때문에 결혼 출산률이 바닥을 찍는게 아닐까,"['진자', '허영심', '여자', '결혼', '출산', '바닥', '찍다']",4,4
692,정보정리가 좋아요! 참고가 되었습니다.,"['정보', '정리', '좋다', '참고']",4,3
693,한국에서 혼수 가전을 준비 하진 않았지만 주변에서 이야기 들어보면 정말 혼수도 옵션이 너무너무 많고 선택의 연속이라 하더라구요! 너무너무 도움이 될거같은 영상이에요 ❣,"['한국', '혼수', '가전', '준비', '주변', '이야기', '혼수', '옵션', '많다', '선택', '연속', '도움', '영상']",4,2
694,오옷! 궁금한점 있으몀 댓글 남겨주세요♥️,"['궁금하다', '댓글', '남기다']",4,4
695,오 다행이네요!🙌🏻 뿌듯뿌듯! 다른 궁금하신 부분 있으시면 댓글달아주셔요! 답글이나 길꺼같으면 영상으로 남겨볼께여!,"['다행', '다르다', '궁금하다', '댓글', '달다', '길다', '영상', '남기다']",4,4
696,오오 다행이예요! 다른 또 궁금하신 부분 있으시면 언제든 댓글 남겨주세요!,"['다행', '궁금하다', '댓글', '남기다']",4,4
697,흐흐 혼수준비할 때 재밌고 신났던게 생각나넹~ 꼼꼼하게 알아보고 공유해주시는 모습이 정말 멋지세요ㅎㅎ 영상 잘 보구 갑니다! 주말 행복하게 보내세용 :),"['혼수', '준비', '재밌다', '신나다', '생각나다', '알아보다', '공유', '모습', '멋지다', '영상', '주말', '행복', '보내다']",4,3
698,저도 사본 사람이라 영상이 꿀팁 가득인 것이 느껴지네요😂 준비하시는 분들 꼭 보면 좋겠네요 :),"['사다', '사람', '영상', '이다', '준비', '좋다']",4,1
699,세하님 제가 한국 살았으면 엄청 유용한 꿀팁 대방출이네요! ㅎㅎ 아니 그나저나 피부 왤케 광나요.. 나중에 피부관리 꿀팁 요렁것도 해주세요 ㅎㅎ 잘보고 갑니다 오늘도 >_<,"['한국', '살다', '유용', '방출', '피부', '왜이렇게', '피부', '관리', '요러다', '오늘']",4,4
700,세일 시즌을 노려야 겠군요 1800만원 할인이요 ㅋㅋ,"['세일', '시즌', '노리다', '할인']",4,2
701,혼수준비라는 말만 들어도 머리가 아픈데 😅 어떻게 이렇게 야무지게 알아보고 정리해서 설명까지 해주시는지 대단해요!,"['혼수', '준비', '머리', '아프다', '야무지다', '알아보다', '정리', '설명']",4,3
702,신혼부부 혼수 준비하는 거 보니까 저도 혼수 알아보러 다닐때가 생각나네요 ㅋㅋ 저는 그냥 대충 샀던 것 같은데 이렇게 야무지게 알아보고 설명까지 해주시는 것 보니까 대단하신 것 같아요 ㅋㅋ 귀여운 신혼부부 잘 보고 가요:),"['신혼부부', '혼수', '준비', '혼수', '알아보다', '다니다', '생각나다', '사다', '야무지다', '알아보다', '설명', '대단하다', '신혼부부']",4,1
703,오호! 혼수준비하시는 부부분들께 너무 유익한 영상이네요ㅎㅎ 저도 여기저기 빡세게 다녔던 기억이 나네요😊 유익한 영상 쵝오👍👍,"['혼수', '준비', '부부', '유익', '영상', '여기저기', '빡세다', '다니다', '기억', '유익', '영상', '쵝오']",4,1
704,"꿀팁도 꿀팁이지만, 말씀하시는ㄱ 깔끔하고 똑소리나시네여..❤","['말씀', '소리']",4,3
705,한국에서 혼수를 구입해본 적이 없어서 몰랐는데 새로운 정보라 재밌었어요! 평일이랑 주말이랑 다른 것도 신기하네요?! 결혼준비 하시는 분들한테 도움 많이 될 것 같아요! 근데 세하님 계속 팔짱끼고 얘기하시는 거 왜케 귀여우세요?ㅋㅋ😍,"['한국', '혼수', '구입', '정보', '재밌다', '평일', '주말', '다르다', '신기하다', '결혼', '준비', '도움', '팔짱', '끼', '얘기']",4,4
706,아~ 정말 꿀팁 다 모여 있네요 결혼 준비하는 모든 커플이 이영상 봐야 해요 좋아요 100번 누르고 싶네요 👍,"['모이다', '결혼', '준비', '커플', '영상', '좋다', '누르다']",4,1
707,생각치 못했던 부분이네요~~❤❤❤ 좋은 정보 잘 보고가요~~~😊😊😊😊,"['생각', '좋다', '정보']",4,3
708,오… 저는 넘모 빡셌어요😂 다들 결혼식이랑 이거 어떻게 같이하는거지..? 싶었다니까요😭,"['빡세다', '결혼식']",4,4
709,꺄ㅏㅏ 감사합니다! 그.. 카메라가.. 참.. 좋더라구요..?😌 21세기 만세🙌🏻🙌🏻,"['감사', '카메라', '좋다', '세기']",4,1
710,오옷 결혼식 영상 기대하고 있을께용♥️😍,"['결혼식', '영상', '기대']",4,3
711,혼수준비가 보통일이 아니죠~~좋은 정보들을 모아모아 전해주시니 준비하시는 분들에게 좋은 시간일거 같아요^^:virtualhug::yougotthis:6,"['혼수', '준비', '보통', '좋다', '정보', '모으다', '모으다', '전하다', '준비', '좋다', '시간']",4,1
712,같은 롯데백화점 끼리 견적도 동일 모델시 견적차이가 많이 큰가요?,"['롯데백화점', '견적', '동일', '모델', '견적', '차이', '크다']",4,3
713,ahnjaeil0215.com 메일 주시면 확인해드릴게요!😊,"['메일', '확인']",4,3
714,너무 안알아보고 첫매장에서 구매한게 잘못된건가 해서요 ㅠㅠ,"['알아보다', '매장', '구매']",4,2
715,딱 이렇다 저렇다 말씀드리기 조심스럽지만 제법 차이날 수 있습니다! 마음이 불편하시면 한번 더 알아보세요^^,"['말씀', '드리다', '조심', '차이', '마음', '불편', '알아보다']",4,3
716,tv 선반은 어디에서 사셨어요? 깔끔하니 이쁘네요 ㅎㅎ,"['선반', '사다', '깔끔', '이쁘다']",4,2
717,정말 감사합니닿ㅎㅎ내년 결혼하는데 참고할게요👍🏻👍🏻👍🏻,"['감사', '내년', '결혼', '참고']",4,3
718,#NAME?,['만족'],4,4
719,#NAME?,"['타령', '필수', '얘기', '사다']",4,1
720,교차 구매해도 사용하는데 문제 없어요. ☺️,"['교차', '구매', '문제']",4,3
721,어플 두개 쓰면 불편하지 ㅋㅋ ㅋㅋ,"['어플', '쓰다', '불편']",4,1
722,비스포크 4도어 김냉 되는거 모델명이 어케 되나요?,"['비스', '포크', '도어', '모델명']",4,2
723,진짜 키친핏이 용량은 적은데 더 비싸다니... 상술이네...ㅜ,"['키친', '용량', '적다', '비싸다', '상술']",4,2
724,티비설명하실때나오는 리클라이너 소파 어디껀지 알수있을까요?😊,"['티비', '설명', '나오다', '리클라이너', '소파']",4,1
725,비스포크 4도어 가격 올랐는데 한번 더 가성비 컨텐츠 올려주세요 ㅜㅜ,"['비스', '포크', '도어', '가격', '오르다', '가성비', '컨텐츠', '올리다']",4,2
726,용량만이 가격을 결정하는 요소로 생각하는게 이상한거 아닐까요?;;,"['용량', '가격', '결정', '요소', '생각', '이상']",4,1
727,리뷰머신님 이제 대학생됐는데 노트북 뭐살지 고민중입니다..혹시 좀 여쭤봐도될까요,"['리뷰', '머신', '대학', '노트북', '사다', '고민', '여쭈다']",4,4
728,혼수..... 독거노인은 패쑤~ 하겠습니다 ㅎㅎ,"['혼수', '독거노인', '패쑤']",4,3
729,저는 3/31 에 142만원에 결제했어요! 거기에 덤으로 쿠팡캐시4만원까지,"['결제', '쿠팡', '캐시']",4,1
730,해당 제품이 지금 품절인데....다시 입고가 되려나요 ㅠㅠ,"['해당', '제품', '품절', '입고']",4,4
731,M623GBB042S 단종됐어요ㅠㅠ 새로 알려주세요 피크님!😢,"['단종', '알리다', '피크']",4,3
732,더 작은게 왜 말도안되게 더 비싼가요 ᆢ,"['작다', '비싸다']",4,4
733,빌트인 냉장고 도어 색상 변경하고 싶은데 어디서 구매 가능 할까요?,"['트이다', '냉장고', '도어', '색상', '변경', '구매', '가능']",4,2
734,@ 우와 답변 진짜 감사해요!,"['답변', '감사']",4,3
735,호구가 어딨어. 다 자기 형편과 기준에 맞게 사는 거지.,"['호구', '어딨다', '형편', '기준', '맞다', '사다']",4,2
736,영상 설명 깔끔하네요. 큰 도움 되어서 구독 누르고 갑니다.,"['영상', '설명', '깔끔', '크다', '도움', '구독', '누르다']",4,3
737,매장가니 구독을 추천 하더라구요.왠지 구독해도 괜찮을까요?,"['매장', '구독', '추천', '구독', '괜찮다']",4,3
738,우연히 영상봤는데 진짜 도움되게 잘 설명해주시는거 같네요.,"['영상', '도움', '설명']",4,3
739,매장에서 정해진 소스외에 다른거 못 틀게 하던데요,"['매장', '정하다', '소스', '틀다']",4,3
740,​ -vj3ho 반값리퍼샵에서 샀어요ㅎ. 2024년 제품ㅋ,"['반값', '사다', '제품']",4,4
741,​ 그니까 검색좀하시라구요님... 영어좀하시면 해외평점사이트뒤져보시라구요😅,"['검색', '영어', '해외', '평점', '사이트', '뒤지다']",4,3
742,이번에 결혼하면서 제주에서 육지로 이사를 가게되었는데 혼수가전 이것저것 알아보다가 리뷰머신님 영상을 접하게되어서 이것저것 참고하면서보는데 아직 감이 잘 안와서 모르겠어요😢 저도 혹시 혼수가전 컨설팅 한번 받을수있을까요?!,"['결혼', '제주', '육지', '이사', '혼수', '가전', '이것저것', '알아보다', '리뷰', '머신', '영상', '접하다', '이것저것', '참고', '혼수', '가전', '컨설팅']",4,4
743,3d 가상공간으로 보는거 혹시 어디서 볼 수 있는지 알 수 있나요?,"['가상', '공간']",4,2
744,레스팅홈 침대프레임 추천해주신 형태가 딱 제가 원하는 모양인데 단종됐는지 보이질 않네요 유사 가성비 제품이 있을까요?,"['레스', '침대', '프레임', '추천', '형태', '원하다', '모양', '단종', '보이다', '유사', '가성비', '제품']",4,2
745,6분4초에나오는 갈색소파정보좀 부탁드립니다,"['나오다', '갈색', '소파', '정보', '부탁', '드리다']",4,3
746,집에 있는 쇼파가 탐나네요 어디껀가요,"['쇼파', '탐나다']",4,4
747,저도 이번에 혼수가전 준비하는데 천 초반에 티비 세건 냉장고 스탠바이미 공청 로청 스틱청소기 다 햇네용 엘쥐로,"['혼수', '가전', '준비', '초반', '티비', '냉장고', '스탠 바이 미', '스틱', '청소기', '엘쥐']",4,1
748,무통장입금 해줄 돈이 없어서 사기 안 당할듯 ㅋㅋ,"['통장', '입금', '사기', '당하다']",4,4
749,이제 또 어떤 수법으로 사기칠지.......에효 맘 편히 매장갑시다,"['수법', '사기', '치다', '에효', '매장']",4,3
750,직구 제품들만 심한 줄 알았는데...국내 제품들도 사기꾼들이 많군요...,"['직구', '제품', '심하다', '국내', '제품', '사기', '많다']",4,4
751,제품 하나 사는데 이렇게 까지 뒤져야 한다는 게 현실이라니.....,"['제품', '사다', '뒤지다', '현실']",4,4
752,좀 비싸도 믿을만한 곳에서 사는게 중요하졍,"['비싸다', '사다', '중요']",4,4
753,사기꾼들 수법이 나날이 늘어나네요ㅋㅋ뛰는 놈위에 나는 놈이네,"['사기', '수법', '늘어나다', '뛰다']",4,4
754,900만원 이상 ㅋㅋ 신혼부부만 대상인가?,"['이상', '신혼부부', '대상']",4,1
755,바퀴벌레 같은 사기꾼 놈들 ㅡㅡ 영상 보고 방법 또 바꿀 듯.....박멸 방법 없나,"['바퀴벌레', '사기', '영상', '보다', '방법', '바꾸다', '박멸', '방법']",4,4
756,던지기만 하고 이유를 알려줘야지 이 양반아,"['던지다', '이유', '알리다', '양반']",4,3
757,신혼부부가 가장 적합하고 가끔 이사하거나 리모델링 하시면서 바꾸시는 경우도 있더라구용ㅋㅋ,"['신혼', '부부', '적합', '이사', '리모델링', '바꾸다']",4,4
758,05:16 이거 언제 나오나요 개좋다,"['나오다', '좋다']",4,1
759,사기꾼 셰이들 사이트 만든거 대단하네ㅋㅋ,"['사기', '셰', '사이트', '만들다', '대단하다']",4,4
760,헐 진짜 문자로 저렇게 연락이 온다고?,"['문자', '연락']",4,4
761,좋긴한데 구매자가 저렇게까지 검색하고 찾고 다 해야하는 게 개탄스럽다,"['좋다', '구매자', '검색', '찾다', '개탄']",4,1
762,오픈마켓은 근데 돈 안주면 그만 아닌가요?,['오픈마켓'],4,1
763,#NAME?,"['소리', '말', '지나가다']",4,2
764,오프라인이 사기 걱정이 없어서 마음 편하긴하죠,"['오프라인', '사기', '걱정', '마음', '편하다']",4,3
765,혼수가전 알아볼때 진짜 꿀정보겠네여! 감사합니다 :-),"['혼수', '가전', '알아보다', '정보', '감사']",4,3
766,오 !웨딩준비에 돈쓸일많은데 이건정말꿀팁이네요~~좋은정보감사해요~~,"['웨딩', '준비', '쓰다', '많다', '좋다', '정보', '감사']",4,1
767,다음에 더 많은 정보를 담은 영상으로 찾아 올게요. ㅠㅠ,"['다음', '많다', '정보', '담다', '영상', '찾다']",4,4
768,ㅂㅅ인가 묶으면 오프라인이 싸다 ㅋㅋ,"['인가', '묶다', '오프라인', '싸다']",4,2
769,ㅎㅎ 관련업계에 있습니다..ㅎㅎ,['업계'],4,2
770,하프에 매우자부심느끼시는거같은데 회사가참 ㅋㅋ..ㅈ같아서 나왓습니다,"['하프', '자부심', '회사', '나오다']",4,1
771,#NAME?,"['사이트', '주소', '부탁', '드리다']",4,3
772,팩트니까 확인해보셔요,"['팩트', '확인']",4,3
773,제말대로하면 짤리는거맞죠 회사에서유도하는거구요ㅎㅎ 저기카드결제해도되구요ㅋㅋ그래서배송여유잇는분 저런곳에서사란건데ㅎㅎ,"['짤리다', '맞다', '회사', '유도', '카드', '결제', '배송', '여유', '사다']",4,1
774,회사자부심개쩌시네..더러운회사인데ㅋㅋ,"['회사자부심개쩌시네', '회사']",4,4
775,인정할건하셔요ㅋㅋ위에분한텐 인정할거는 하란식으로말하시더니,"['인정', '인정']",4,3
776,휴대폰살때 직영점가서사실분이네 ㅎㅎ,"['휴대폰', '사다', '직영점', '사다']",4,4
777,하프직원혼수할인 넣어도 인터넷이더싸요ㅋㅋ 아직하프다니는분도 결혼준비 하는데 혼수저기서할까 실적올릴까 고민하던데,"['하프', '직원', '혼수', '할인', '넣다', '인터넷', '싸다', '하프', '다니다', '결혼', '준비', '혼수', '실적', '올리다', '고민']",4,1
778,"가격녹여서파는게 안더럽습니까ㅋㅋ더럽지 녹여서팔고걸리면 지점장 모르쇠ㅋㅋ 옆에서그렇게압박받고 팔더니, 커버1도안쳐주고 짤리는직원도봣습니다","['가격', '녹', '파', '녹', '팔다', '걸리다', '지점장', '모르쇠', '압박', '팔다', '커버', '치다', '짤리다', '직원']",4,1
779,저기요 오프라인 판매자는 자기실적올릴려고 자기사비까지 가격에 녹여서 인터넷보다 저렴하게파는경우 있는거모르세요? 그러다 빚쟁이되서 퇴사하는경우허다한데,"['오프라인', '판매자', '실적', '올리다', '사비', '가격', '녹', '인터넷', '파', '그러다', '빚쟁이', '퇴사']",4,2
780,저렴한 사이트 알고싶습니다. ysh309.com 입니다. 감사합니다.,"['사이트', '이다', '감사']",4,4
781,​ 디자인을 가격이나 옵션보다 중요하게 생각하고 그렇게 사는사람들은 애초에 몇십만원싼거 생각안하지요 ㅋㅋ 의미없습니다.,"['디자인', '가격', '옵션', '중요', '생각', '사다', '사람', '애초', '싸다', '생각', '의미']",4,4
782,보는내내 왜자꾸 카메라가 돌아가는겁니까 진짜 불편,"['카메라', '돌아가다', '불편']",4,1
783,신제품 중고 이전설치는 가격틀립니다 8년하신 분이 저런식으로 얼굴까고 말하시면 한철 힘들게 일하시는 기사님들은 호구인가요?,"['제품', '이전', '설치', '가격', '틀리다', '얼굴', '까다', '철', '힘들다', '기사', '호구']",4,2
784,대단하신분이네요 숨은 고수가 많으셔요 ㅋ 댓글 잘봤습니다 ㅋ,"['숨', '고수', '많다', '댓글']",4,4
785,젓밥도 모르는 기본없는놈이 아는체 지껄인거네요..아마 가전설피만 8년 한놈인듯,"['기본', '지껄이다', '가전', '설피']",4,1
786,지나가던 s사 기사입니다,"['지나가다', '기사']",4,2
787,실내에쓰는 실내기는 씻으면 안됩니다.,"['실내', '쓰다', '실내']",4,2
788,그냥 가전시장 자체가 침체기인거 플러스로 이제 브래드 직영점을 많이 찾지 양판점을 잘 안찾음,"['가전', '시장', '자체', '침체기', '플러스', '브래드', '직영점', '찾다', '양판점', '찾다']",4,3
789,오프라인은 주말이벤트를 달리 하기도 하고 가맹이나 대리점마다 할인이 조금씩 다르더라구요 ㅎㅎ 카드할인도 할인율부터 해당카드까지 계속 바뀌구용!,"['오프라인', '주말', '이벤트', '가맹', '대리점', '할인', '다르다', '카드', '할인', '할인', '해당', '카드', '바뀌다']",4,4
790,오프라인이요! 면대면으로 이야기해서 할인 되는 게 생각보다 있더라구요,"['오프라인', '대면', '이야기', '할인', '생각']",4,2
791,살 게 많으면 오프라인이 더 나을 것 같아요!,"['살다', '많다', '오프라인']",4,2
792,혼수가전 많은품목사다보니 오프라인이 저렴한편입니다,"['혼수', '가전', '많다', '품목', '사다', '오프라인']",4,1
793,다품목 구매이시면 오프라인이 더 좋다고 들었어요,"['품목', '구매', '오프라인', '좋다']",4,2
794,갯수가 적어도 오프라인이 저렴하긴 하더라구요!,"['갯수', '오프라인']",4,1
795,가전 많이 구매하시면 오프라인이요!,"['가전', '구매', '오프라인']",4,2
796,다 맞춰야하는 상황 아니면 필요한것만 최저가로 하고 전부 다 해야하면 오프라인이요~,"['맞추다', '상황', '필요', '최저', '오프라인']",4,3
797,오프라인 패키지하면 엄청 싸요!,"['오프라인', '패키지', '싸다']",4,2
798,오프라인이 나을 것 같아요! 설치나 as가 더 좋으니까요! 직접보고사세요,"['오프라인', '설치', '좋다', '사다']",4,1
799,다품목구입은 오프라인이 좋아요,"['품목', '구입', '오프라인', '좋다']",4,2
800,두세개면 오프라인이 낫겠어요,['오프라인'],4,2
801,직접 눈으로 보고 사고 싶어서 오프라인이요,"['사다', '오프라인']",4,2
802,혼수가전 묶음으로 사시는거면 오프라인이 혜탹 많도라구여~!,"['혼수', '가전', '묶음', '사다', '오프라인', '혜탹', '많다', '도']",4,1
803,전 오프라린으로 한방에 샀어요!,"['오프라', '사다']",4,2
804,제 친구들은 싹다 구매해서 그런가 대부분 오프라인이요!,"['친구', '구매', '부분', '오프라인']",4,2
805,다나와는 첨 들어보네요 검색해보겠습니다!,"['나오다', '검색']",4,1
806,많이 하면 신혼가전 구매가 받는 제품들도 있고 더 저렴할 수 있을 것 같아요!,"['신혼', '가전', '구매', '제품', '저렴하다']",4,2
807,여러 품목은 오프라인이 낫지않나요,"['품목', '오프라인']",4,2
808,한꺼번에 구매 하실 거면 오프라인이 더 나을 것 같아여,"['구매', '오프라인']",4,2
809,무조건 3개이상은 무조건 어프라인입니당!,"['이상', '어프', '라인']",4,1
810,오프라인 신혼 혜택 받는게 더 좋지않을까요..? 견적받아버세요!,"['오프라인', '신혼', '혜택', '좋다', '견적', '벌다']",4,1
811,여러개 구매하시려면 오프라인이 확실히 좋은거 같아요!,"['구매', '오프라인', '좋다']",4,1
812,"다품목 할인받으면 오프라인이 저렴한거같아요. 저도 비교견적중인데, 동일 모델로 비교하면 오프라인이 다품목으로 조금 더 저렴한거같아요.","['품목', '할인', '오프라인', '비교', '견적', '동일', '모델', '비교', '오프라인', '품목', '저렴하다']",4,2
813,많은걸 한번에 사시는거면 오프라인이 좋은것같아용!,"['많다', '사다', '오프라인', '좋다']",4,1
814,3개이상은 오프라인이 더 저렴하다고 해요!,"['이상', '오프라인', '저렴하다']",4,1
815,다 알아봤었는데 아무래도 오프라인이 더 혜택이 많은거 같아요!,"['오프라인', '혜택', '많다']",4,1
816,한번에 많이 구매하는 혼수가전은 오프라인이 싸더라구요,"['구매', '혼수', '가전', '오프라인', '싸다']",4,2
817,저도 이제 알아봐야하는데.. 어디서부터 알아봐야하나 싶어요.. 평소에 알지 못 했던 분야라 막막하네요,"['알아보다', '알아보다', '평소', '분야']",4,2
818,알바트로스의꿈 님 도와주세요ㅠㅠ,['알바트로스'],4,2
819,"크,,,,넵!",['크다'],4,2
820,아무래도 오프라인이 할인 폭이 더 큰 것 같아요!,"['오프라인', '할인', '크다']",4,2
821,4개 이상은 무조건 오프라인이 싸다던데영,"['이상', '오프라인', '싸다']",4,1
822,4품목이상이면 오프라인이 좋을 듯해요,"['품목', '이상', '오프라인', '좋다']",4,1
823,오프라인이 맘은 편할거같아요 ㅠ,"['오프라인', '편하다']",4,1
824,신혼부부 혜택 많은 쪽으로 갈 것 같아요 ㅎㅎ 웨딩페스타 같은?,"['신혼부부', '혜택', '많다', '웨딩페', '스타']",4,1
825,다품목이면 오프라인이 좋은것 같아요,"['품목', '오프라인', '좋다']",4,1
826,품목이 많으면 오프리인이 좋은것같아용,"['품목', '많다', '프리', '좋다']",4,1
827,품목이 많으면 오프라인이 더 좋은거같아용!,"['품목', '많다', '오프라인', '좋다']",4,1
828,그래도 오프라인이 더 믿음직하고 좋더라구요 ㅎㅎ,"['오프라인', '좋다']",4,1
829,다품목할인받으려면 오프라인이요,"['품목', '할인', '오프라인']",4,2
830,실물로 보면 또 느낌이 다를 수도 있고 오프라인이 구경하는 재미도 있을 것 같네요,"['실물', '느낌', '다르다', '오프라인', '구경', '재미']",4,4
831,오프라인이 좋더라구요~! 구매후 포인트도 쌓이기도하구 혜택이 컸어요ㅎ,"['오프라인', '좋다', '구매', '포인트', '쌓이다', '혜택', '크다']",4,1
832,오프라인이 묶어사면 더 저렴했어요~,"['오프라인', '묶다', '사다', '저렴하다']",4,2
833,묶어서 사고 카드할인받으면 오프라인이 나아요,"['묶다', '사다', '카드', '할인', '오프라인']",4,2
834,오프라인이 묶어서 하면 훨씬 저렴하다고 하더라고요!,"['오프라인', '묶다', '저렴하다']",4,2
835,직접 상태 확인하고 결정하시는게 좋을것 같아요!,"['상태', '확인', '결정', '좋다']",4,1
836,저는 오프라닌으로 한방에 할거에요,['오프라'],4,2
837,똑같습니다. 가격비교해보시고 합리적인곳에서 구매하세요~,"['똑같다', '가격', '비교', '합리', '구매']",4,1
838,다품목 구입하면 오프라인이 훨씬 저렴해질거에요,"['품목', '구입', '오프라인']",4,2
839,다품목 혜택 받으랴면 이것저것 가입시키는게 많지 않나요 ㅜㅜ,"['품목', '혜택', '이것저것', '가입', '많다']",4,1
840,품목이 적으면 오프라인이 저렴하더라구요~,"['품목', '적다', '오프라인']",4,2
841,오프라인이 좀더 저렴하더라고용,"['오프라인', '저렴하다']",4,2
842,뭐 그게그걸거같아서 저렴한곳이요,"['걸다', '저렴하다']",4,3
843,오프라인이 안전하고 혜택도 괜찮더라구요,"['오프라인', '안전', '혜택', '괜찮다']",4,1
844,다섯군데 받은곳중 제일 저렴한곳에서 했는데도 온라인이랑 차이가 나니ㅠ 마음이 심란해졌어여ㅠㅠ 조금 더 발품 팔아봐야겠네요:),"['저렴하다', '온라인', '차이', '마음', '발품', '팔다']",4,2
845,여러개 사면 오프라인이 좋긴 했어요,"['사다', '오프라인', '좋다']",4,1
846,저는 오프라인이 500정도 비싸서 자꾸 고민되는거같아요ㅠㅠ,"['오프라인', '비싸다', '고민']",4,4
847,저희는 일단 남편집에가서 몇 가지 안사서요~,"['남편', '사다']",4,2
848,온라인몰 임직원몰 다 비교했는데 다품목이면 오프라인이 훨씬 싸요,"['온라인', '임직원', '비교', '품목', '오프라인', '싸다']",4,2
849,기존에 갖고있는게있다면 분리해서 사는게 쌀수있더라구요!,"['기존', '갖다', '분리', '사다', '싸다']",4,4
850,"기존에 남자친구 집에 있던거는 다 처분할 예정이라, 에어컨 빼고는 새로 사야해요 ㅠㅠ","['기존', '남자', '친구', '처분', '예정', '에어컨', '빼다', '사다']",4,1
851,3개이상 산다고하면 오프라인이 낫다고 들었어요,"['이상', '살다', '오프라인']",4,2
852,오프라인이 훨씬 저렴한거같아요 유명한곳 찾아 상담받으세요!,"['오프라인', '저렴하다', '유명', '찾다', '상담']",4,2
853,여러개 묶음으로 사는 거라서 오프라인이요! 혜택도 좋고 모델 추천받는 것도 훨씬 편해요ㅠㅠ,"['묶음', '사다', '오프라인', '혜택', '좋다', '모델', '추천', '편하다']",4,1
854,오프라인은 좀 사은품 쇼부가 가능한거같아요,"['오프라인', '사은품', '쇼부', '가능']",4,1
855,저는 오프라인이요. 품목이 다섯개 이상이면 할인이 많이 되니 추천드려요,"['오프라인', '품목', '이상', '할인', '추천', '드리다']",4,2
856,오프라인이 5개 이상이면 좋은 것 같아요,"['오프라인', '이상', '좋다']",4,1
857,가격비교 해야겠지만 여러개 살 땐 오프라인이 할인폭도 크고 서비스도 잘 챙겨준다고 들은 것 같아요 :),"['가격', '비교', '사다', '오프라인', '할인', '크다', '서비스', '챙기다']",4,1
858,다폼목일수록 오프라인이 싼것같아요 ㄷㅇ,"['오프라인', '싸다']",4,2
859,오프라인이 한번에 사면 좋은거같아요,"['오프라인', '사다', '좋다']",4,1
860,저는 오프라인이 편해서 무조건 오프라인이요 ㅜ (ㄷㅇ),"['오프라인', '편하다', '오프라인']",4,1
861,그래도 보고고르는게좋아서 저는 오프라인이요 ㅠㅠ ㄷㅇ,"['고르다', '좋다', '오프라인']",4,2
862,오프라인이랑 비교해보고 더 싼곳이요!,"['오프라인', '비교', '싸다']",4,1
863,오프라인이 더 꼼꼼하게 따지고 많이 물어볼 수 있어서 좋은것 같아요,"['오프라인', '따지다', '좋다']",4,1
864,둘 다 알아보고 있는 중이에요! ㄷㅇ,['알아보다'],4,2
865,전 그래도 직접 가서 보고 상담 받는 게 좋을 거 같아서 오프라인이요 ㄷㅇ,"['상담', '좋다', '오프라인']",4,1
866,그건 옛날말이거죠.. 잘모르시나 보네요..,['옛날'],4,4
867,많이 구입하면 추가 할인이 들어가는 건가요?,"['구입', '추가', '할인', '들어가다']",4,2
868,혼수카페 이용해보시며느다양한 정보도 있고 많은 분들이 시어머니의 마음으로 견적 평가도 해줍니다 저는 거기를 알차게 이용했었습니다 특히 견적평가에서 ㅎㅎ,"['혼수', '카페', '다양', '정보', '많다', '시어머니', '마음', '견적', '평가', '알차다', '견적', '평가']",4,3
869,엄청난 뀰팁이군뇨ㅎㅎ 1인가구인데 물어봐도 괜찮을지 모르겠네요ㅎㅎ 죄송하지만 카페주소 챗으로 받아볼 수 있을까요?,"['엄청나다', '뀰팁이군뇨', '가구', '괜찮다', '카페', '주소']",4,4
870,다이렉트 어쩌고 였는데 저는 예비신혼처럼 있다가 다 구매하고 탈퇴 했어가지고 아마 혼수로 검색하면 사람 젤 많은 카페 나올꺼에요 ㅎㅎ,"['다이렉트', '어쩌다', '예비', '신혼', '구매', '탈퇴', '혼수', '검색', '사람', '많다', '카페', '나오다']",4,1
871,100이나요 우와 대박이네요,['대박'],4,3
872,구매품목이 많으니까 무조건 오프라인이요!,"['구매', '품목', '많다', '오프라인']",4,2
873,오프라인이 아무래도 할인률은 더 높더라구요!,"['오프라인', '할인', '높다']",4,2
874,오프라인이 패키지로 할인 더 많이 받아요,"['오프라인', '패키지', '할인']",4,2
875,신혼가전이면 오프라인이 좋더라구요,"['신혼', '가전', '오프라인', '좋다']",4,1
876,오프라인이 혜택은 더 좋은거 같아요!,"['오프라인', '혜택', '좋다']",4,1
877,오프라인이 좀 더 믿음이 가요 ㅎㅎ,"['오프라인', '믿음']",4,1
878,저는 온라인 견적받고 오프라인이랑 비교해볼거같아요,"['온라인', '견적', '오프라인', '비교']",4,1
879,혜택은 오프라인이 더 좋다고하는거같아요,"['혜택', '오프라인', '좋다']",4,1
880,적절하게 섞어서 진행할거 같습니당! ㅎㅎ,"['섞다', '진행']",4,2
881,4품목보다는 5품목이 더 할인되는걸로알아요 보통 홀수단위로 5 7 9 이런식으로 할인이 더 빵빵하게 들어갔었어요,"['품목', '품목', '할인', '홀수', '단위', '할인', '빵빵하다', '들어가다']",4,2
882,필요시 또 채우면 되죠^^! 백화점혼수 비싸다는 인식있는데 오히려 더 좋은 조건에 백화점 vip까지 될 수 있어서 한번 알아보세욤,"['필요시', '채우다', '백화점', '혼수', '비싸다', '인식', '좋다', '조건', '백화점', '알아보다']",4,1
883,중요한겅 다 들어간거 같아요~ 다른건 굳이 필요 없거나 안쓰시면 할 필요 없다고 봐요~,"['중요한겅', '들어가다', '필요', '쓰다', '필요']",4,1
884,신혼가전은 무조건 오프라인이죵ㅋㅋ 온라인 사기도 많으니,"['신혼', '가전', '오프라인', '온라인', '사기', '많다']",4,1
885,5가지 품목 안되면 웨딩할인은 어렵다고 들었어요~ 그래도 오프라인 한두분데 가보셔요~,"['품목', '웨딩', '할인', '오프라인', '두부']",4,2
886,사는 품목이 많으시면 오프라인이요,"['사다', '품목', '많다', '오프라인']",4,2
887,오프라인에서 샀어요 묶어서사니쌌어묘,"['오프라인', '사다', '묶다', '사다', '싸다', '묘']",4,2
888,저는 그래도 오프라인이 나은거같아소 오프요 ㅎㅎ,"['오프라인', '오프']",4,2
889,무조건 오프라인이여! 하지만 비대면 견적 꼭 받아보세용~,"['오프라인', '대면', '견적']",4,2
890,오프라인이요! 디자인도 보고 견적이 더 나을것같아요,"['오프라인', '디자인', '견적']",4,2
891,다품몯구매면 오프라인이 더 나은 것 같아요,"['다품몯', '구매', '오프라인']",4,2
892,일단 오프라인가서 눈으로 확인하구 설명듣고 가격 비교하고 살 것 같아용,"['오프라인', '확인', '설명', '가격', '비교', '살다']",4,1
893,저도 눈으로 보고 하고싶어요 ㅎ 결혼준비하는 늬낌 살려서...,"['결혼', '준비', '늬낌', '살리다']",4,1
894,오프라인이요! 할인 폭이나 캐시백이 다르다고 들었어요,"['오프라인', '할인', '캐시백', '다르다']",4,2
895,오프라인이 더 싼거같아요! 그랴도 매장견적 받아보세요,"['오프라인', '싸다', '매장', '견적']",4,2
896,결혼할떄 사는건 오프라인이 훨씬 나아요 ㅋㅋ,"['결혼', '사다', '오프라인']",4,1
897,한번에 살거면 일단 오프라인가서 여러군데 견적받고 고민해보세요,"['살다', '오프라인', '견적', '고민']",4,2
898,오프라인이요! 프로모션이 많더라구요~,"['오프라인', '프로모션', '많다']",4,1
899,공홈이면 괜찮을 것 같아요,['괜찮다'],4,2
900,오히러 오프라인이 더저렴하더라구용,"['오히러', '오프라인', '저렴하다']",4,2
901,품목많으심 확실히 오프라인이 저렴할거에요,"['품목', '많다', '오프라인']",4,2
902,저는 GG마켓은 잘 몰라서요~ 괜찮은 상품 세일하면 더 좋죠^^,"['마켓', '괜찮다', '상품', '세일', '좋다']",4,1
903,세개면 저렴한 쪽에서 사면 될것 같아요,"['저렴하다', '사다']",4,2
904,실제로 비교해보고 사세요 3개라도 할인해주면 오프라인이 싼 경우도 있어요~,"['비교', '사다', '할인', '오프라인', '싸다']",4,2
905,다이렉트 제휴 업체 껴서 하는건 어때요?! 일부 캐시백도 되는 것 같던데요!,"['다이렉트', '제휴', '업체', '끼', '일부', '캐시백']",4,2
906,오프하시면 묶어서 패키지 할인들어가서 오프 추천요!,"['오프', '묶다', '패키지', '할인', '들어가다', '오프', '추천']",4,2
907,제품은 같은데 부품단가 차이 일거예여,"['제품', '부품', '단가', '차이']",4,3
908,한번에 많은가전 구매할땐 무조건 오프라인이요!,"['많다', '가전', '구매', '오프라인']",4,2
909,저는 오프라인이요! 오프라인이 혜택이 더 좋았어요~~,"['오프라인', '오프라인', '혜택', '좋다']",4,1
910,많이 산다면 오프라인이 훨씬 혜택 많다고 하더라구요!,"['사다', '오프라인', '혜택', '많다']",4,1
911,자세한 후기 잘보고갑니다~,['후기'],4,3
912,품목 저랑 비슷하셨나용? 대략 얼마정도에 구매하셨어요?,"['품목', '비슷하다', '얼마', '구매']",4,1
913,생각보다 많이 비싸서 놀랐어요 ㅠㅠ,"['생각', '비싸다', '놀라다']",4,4
914,음 애매하네요 ㅜㅜ 상품권이 마트사용가능함 오프라인이요,"['애매', '상품', '마트', '가능', '오프라인']",4,1
915,엥?이건 모에요? 신기하네요,['신기하다'],4,3
916,아무래도 오프라인이 안전한거 같죠...,"['오프라인', '안전']",4,1
917,오 이런 어플도있네유 ㅎㅎ 음 저라면 오프라인으로갈거같아유 ㅎㅎ,"['어플', '오프라인']",4,1
918,사은품이나 할인이나 챙겨주는거 보면 오프라인이 훨씬 나아요 ㅠㅠ,"['사은품', '할인', '챙기다', '오프라인']",4,1
919,오프라인이 더 나아보여요. 상품권 뒀다가 다른데 써도 되구하니깐요,"['오프라인', '보이다', '상품', '쓰다']",4,1
920,오프라인이요! 근데 되게신기하네요 이거 첨봐요!,"['오프라인', '신기하다']",4,3
921,오프라인이 훨씬 비싸다는 글인데요^^;; 임직원가가 훨~씬 저렴합니다.,"['오프라인', '비싸다', '임직원', '저렴하다']",4,2
922,임진원몰 아닌 일반 네이버에서도 최소 50만원 이상 차이났어요!,"['임진', '일반', '네이버', '최소', '이상', '차이']",4,1
923,부품이 다르다는 얘기가 있어서 고민중이에여,"['부품', '다르다', '얘기', '고민']",4,4
924,저희는 혼수세트로 하니깐 실구매가는 오프라인이 더 저렴했어요!,"['혼수', '세트', '구매', '오프라인', '저렴하다']",4,1
925,저도 후자로 할거 같습니다,['후자'],4,1
926,매장 월세랑 유지비... 인건비 등등. 오프라인매장은 비용 그 자체라서 어쩔수 읎어용...,"['매장', '월세', '유지비', '인건비', '오프라인', '매장', '비용', '자체', '어쩌다', '읎다']",4,4
927,글죠..? 실제로 인터넷에서 잘 찾아서 구매하면 30%는 세이브 가능할 듯 해서용..ㅎㅎ,"['글다', '인터넷', '찾다', '구매', '세이브', '가능']",4,1
928,여러품목을 사면 아무래듀 오프라인이 혜택이 좋더라구요!,"['품목', '사다', '아무래듀', '오프라인', '혜택', '좋다']",4,1
929,품목이 많으시면 오프라인이 저렴하다고 하더라구용~~,"['품목', '많다', '오프라인', '저렴하다']",4,2
930,품목이 많으면 오프라인이 할인되서 괜찮다 하더라구요,"['품목', '많다', '오프라인', '할인', '괜찮다']",4,2
931,오프라임으로 실물은 확인해봐야할 것 같아요,"['오프라', '실물', '확인']",4,3
932,저는 눈으로 보고 설명 듣는게 믿음직스러워서 오프라인이요!,"['설명', '오프라인']",4,1
933,큰 제품들이 많아서 오프라인이 괜찮아보여용,"['크다', '제품', '많다', '오프라인', '괜찮다', '보이다']",4,2
934,오프라인이랑 온라인 둘 다 견적 보고 결정하면 될 것 같아용!,"['오프라인', '온라인', '견적', '결정']",4,1
935,오프라인이 좋을것같아요! 자잘한것들도 같이 사시려면요,"['오프라인', '좋다', '사다']",4,1
936,많은 품목을 사면서 큰 가전들도 있으니 오프라인이요!,"['많다', '품목', '사다', '크다', '가전', '오프라인']",4,2
937,5품목 이상이면 오프라인이 저렴한 것 같아요,"['품목', '이상', '오프라인']",4,1
938,오프라인이요 다품목일수록오프가좋아용(답완),"['오프라인', '품목', '오프', '좋다']",4,1
939,저라면 오프라인이요 일일 검색하다가 지쳐요,"['오프라인', '일', '검색', '지치다']",4,1
940,여러품목 사는거는 오프라인이 훨씬 저렴하대요~ ㄷㅇ,"['품목', '사다', '오프라인', '저렴하다']",4,2
941,품목이 많지않아서 개별진행이 나을수도있으 ㄹ거같아요!,"['품목', '많다', '개별', '진행']",4,2
942,섞어서 하는거 나쁘지 않은 것 가타요 ㅎㅎ 근데 한브랜드에서 한번에 하는게 싸긴하더라구요,"['섞다', '나쁘다', '타다', '브랜드', '싸다']",4,2
943,발품 손품 다 해보려규요!,['발품'],4,2
944,혼수를 정석대로 다 하시는거면 가서 사는게 좋데여,"['혼수', '정석', '사다', '좋다']",4,1
945,어떻게 하셨을까요? 저도 몇 개 안필요해서..,['필요'],4,3
946,오프라인에서 보려구요! 신혼부부 느낌도 낼겸 다녀오면 좋을것 같아서요ㅎ,"['오프라인', '신혼', '부부', '느낌', '내다', '다녀오다', '좋다']",4,1
947,저! 오늘의집에서 할인 받고 삿는데 진짜 최저가에요 ㅋㅋ 진짜 눈물의 비교를 해봄….,"['오늘', '할인', '사다', '최저', '눈물', '비교']",4,2
948,다들 알려주셔서 감사해용ㅎㅎ!,"['알리다', '감사']",4,3
949,개별은 더싸더라고요,"['개별', '싸다']",4,2
950,하나면 인터넷이 쌀수도 있을꺼같아요!,"['인터넷', '싸다']",4,1
951,천만원에 6개면 저희랑 품목비슷하시겠네요!,"['품목', '비슷하다']",4,1
952,저희도 품목이 작아서 핫딜로 모아보려고 했거든요. 견적받아봐야겠어요,"['품목', '작다', '모으다', '견적']",4,1
953,전 어차피한번에 맞춰야되서 실제고 보고가서했어요!,"['맞추다', '실제']",4,3
954,웨딩패키지로 묶는게 제일 저렴하고 하나만 구입하시려면 온라인으로 구매하는게 낫더라구요,"['웨딩', '패키지', '묶다', '저렴하다', '구입', '온라인', '구매']",4,2
955,신혼가전은 묶어서 한번에 사는게 할인이 큰거 같아요!,"['신혼', '가전', '묶다', '사다', '할인', '크다']",4,2
956,오프라인이요! 품목에 따른 할인혜택도 있어여,"['오프라인', '품목', '따르다', '할인', '혜택']",4,2
957,오프라인이 다품목으로는 더 싸요,"['오프라인', '품목', '싸다']",4,2
958,할인 행사 할때 아니더라두 이게 좋을까요!?,"['할인', '행사', '좋다']",4,1
959,넵 신혼가전은 거의 할인 적게는 30프로정도? 보통 40프로 정도 들어가요!,"['신혼', '가전', '할인', '적다', '들어가다']",4,2
960,제가 살려는 종류같은경우는 어디서 구매를 추천하실꺼요?0,"['살다', '종류', '구매', '추천']",4,2
961,한번에 다 사는거면 오프라인이 더 할인되지 않나요?,"['사다', '오프라인', '할인']",4,2
962,한번에 패키지로 사신다면 오프라인이 싸요!,"['패키지', '사다', '오프라인', '싸다']",4,2
963,여러개 한번에 살거면 오프라인이 나을거같아요!,"['살다', '오프라인']",4,2
964,오프라인이 프로모션 혜택 있으면 가격이 더 좋은거 같아요 ㅎㅎ,"['오프라인', '프로모션', '혜택', '가격', '좋다']",4,1
965,많이 하니까 확실히 오프라인이 괜찮은 조건이더라구요.,"['오프라인', '괜찮다', '조건']",4,1
966,한번에 많이 구매하면 오프라인이 할인폭이 더 크데요!,"['구매', '오프라인', '할인', '크다']",4,2
967,종류 많이하시면 오프라인이 훨 할인이 많이들어가요,"['종류', '오프라인', '할인', '들어가다']",4,2
968,6개로 할라는뎅 매장말대로면 다품목할인이 되서 오프라인이 괜찮을거라고 하네요 ㅎㅎ,"['매장', '품목', '할인', '오프라인', '괜찮다']",4,2
969,역시 혼수혜택은 무시못하네요 ㅎㅎ,"['혼수', '혜택', '무시']",4,1
970,오오 따로도 매력잇는거 같아요 몇품목이셔요?,"['매력', '품목']",4,2
971,아무래도 신혼가전은 많이하다보니 프로모션 받으려면 오프라인이 나을 것 같아요 ㅎㅎ,"['신혼', '가전', '프로모션', '오프라인']",4,1
972,앗 그건 좀 흠이네요....ㅋㅋ신혼으로는....,['신혼'],4,2
973,오프라인이 이것저것 혜택 많이 받으실 수 있을텐데~~행사시기 확인하시고 가면 더 좋으실거에요~,"['오프라인', '이것저것', '혜택', '행사', '시기', '확인', '좋다']",4,1
974,그래도 신혼혼수는 싸게 구매할 수 있어서 신혼살림 살땐 오프라인이 나을거 같아요,"['신혼', '혼수', '싸다', '구매', '신혼', '살림', '사다', '오프라인']",4,2
975,정리 하는데 고생 많이 하셨을것 같습니다. 좋은 정보네요😊,"['정리', '고생', '좋다', '정보']",4,3
976,제가 알아본매장은 사용조건은 없었어요~,"['알아보다', '매장', '조건']",4,1
977,저희 동네 매장은 즉시할인 5만원 없던데 여긴 더 좋네요 조건이,"['동네', '매장', '즉시', '할인', '좋다', '조건']",4,1
978,저희쪽이 큰매장이여서 그런거같아요,"['크다', '매장']",4,2
979,사용조건은 없고 유지기간은 1년이라고 했어요,"['조건', '유지', '기간']",4,1
980,아...진짜 조금씩 다르게 만드는게 맞나보네요. 오프라인이 몇십만원 차이나게 비싸던데 고민되네요. 가전은 오래 사용하는 제품이라.,"['다르다', '맞다', '오프라인', '차이', '비싸다', '고민', '가전', '제품']",4,4
981,수정했어요 다시 보세요^^,['수정'],4,3
982,네 상관 없어영 ㅋㅋ,['상관'],4,4
983,그래요.지금 옥션에서 보니 23만원 차이네요ㅠ,"['옥션', '차이']",4,1
984,네 as 가능하고 수거도 해가요 .,"['가능', '수거']",4,4
985,어제 급하게 결정했나봐요,"['급하다', '결정']",4,1
986,그러게요.돈 차이가 크게 나네요.,"['그러다', '차이', '크다']",4,2
987,구매품목이 많아서 오프라인이 좋을거같아요!,"['구매', '품목', '많다', '오프라인', '좋다']",4,2
988,답방갔습니당 지워주세요!,"['답방', '지우다']",4,3
989,ㅋㅋ 묶어야 할인 해주고 그러더라구요,"['묶다', '할인', '그러다']",4,2
990,저는 무조건 오프라인이요. 심지어 웨딩이라서 엄청 많이 사니까 오프라인이 더 저렴할거같아요,"['오프라인', '웨딩', '사다', '오프라인', '저렴하다']",4,1
991,온라인보다 오프라인이 더 저렴한거같아요! 견적 꼭 받아보셔요,"['온라인', '오프라인', '저렴하다', '견적']",4,1
992,저는 오프라인이유,"['오프라인', '이유']",4,2
993,갯수가 많기도 하고 잘 모르니까 오프라인이요,"['갯수', '많다', '오프라인']",4,1
994,전 오프라인이요! 오프라인이 결제 전으로 할인해주는 경우가 많더라구요!,"['오프라인', '오프라인', '결제', '할인', '많다']",4,1
995,여러품목 사신다면 오프라인이요!,"['품목', '사다', '오프라인']",4,2
996,오프라인이요! 많이사니까 혜택 챙겨야죠!,"['오프라인', '사다', '혜택', '챙기다']",4,1
997,오프라인이여 실제로 보는거랑 느낌 다르더라구요 ㄷㅇ,"['오프라인', '느낌', '다르다']",4,1
998,전 아날로그라서 오프라인이 더 좋아요~,"['아날로그', '오프라인', '좋다']",4,1
999,오프라인이 직접 보고 더 좋은 것 같아요~신혼집에 크기는 어떤지도 가늠하구요!,"['오프라인', '좋다', '신혼', '크기', '가늠']",4,1
1000,직접보고 결정할려규요! 오프라인이요(답완),"['결정', '오프라인']",4,1
1001,차이가 좀 있다보니 이곳저곳 가보는게 중요한거 같아여..!.!,"['차이', '이곳저곳', '중요']",4,3
1002,오호...! 꿀팁이네요...ㅠㅠ 최소 몇 곳은 다녀봐야겠군요 ㅠㅠㅠ,"['최소', '다니다']",4,1
1003,LG 우승해서 할인안하려나 ... ㅋㅋ 조금 기다려보세요 ㅋㅋ 혹시 모르니까,"['우승', '할인', '기다리다']",4,4
1004,다품목이시면 오프라인이 할인율이 더 좋다고 들었어요~!,"['품목', '오프라인', '할인', '좋다']",4,2
1005,오프라인이 할인율도 좋고 더 잘 준비해주는거 같아용 ㅎㅎ,"['오프라인', '할인', '좋다', '준비']",4,1
1006,오프라인이 상담받기 좋을 것 같아요,"['오프라인', '상담', '좋다']",4,1
1007,반반 섞어서 구매했는데 만족합니다! ㅎㅎ,"['반반', '섞다', '구매', '만족']",4,2
1008,대량으로 사는거아니면 오프라인이 싸더라구용,"['대량', '사다', '오프라인', '싸다']",4,2
1009,신혼가규는 한번에해서 할인 많이 받는게 좋아용 🎈,"['신혼', '할인', '좋다']",4,1
1010,ㅜㅜ제가 사려는 제품이 한정적인데 이왕 신혼할인받는김에 미리 사야하는지 고민됩네다ㅜ,"['사다', '제품', '한정', '신혼', '할인', '사다', '고민']",4,2
1011,등급 신경 안쓴지 오래 되었어요...,"['등급', '신경', '쓰다']",4,1
1012,어짜피 거기서 거기라고 생각하는 편...,['생각'],4,1
1013,"저희도 제품비교 하려고 간건데, 제가 혹해서 바로 지를까 했다가.... 잘 참았습니다.","['제품', '비교', '혹하다', '지르다', '참다']",4,4
1014,"저희는 스마트폰으로 작동할 수 있는 게... 필요해서요 근데, 카메라 있는 제품은 필요없구요 ㅎ","['스마트폰', '작동', '필요', '카메라', '제품', '필요']",4,3
1015,저도그래서맴찢한적많고용ㅜ,"['찢다', '많다']",4,2
1016,구매종류가 많다면 오프라인이 싸요,"['구매', '종류', '많다', '오프라인', '싸다']",4,2
1017,다들 어떻게 하시나요? 방금 이거 떠서 봤는데 오늘의집 패키지 할인 진짜 싸긴한가봐요! 꿀템 많아서 공유해요!,"['뜨다', '오늘', '패키지', '할인', '싸다', '꾸다', '많다', '공유']",4,2
1018,고민이 너무 되더라구요ㅠㅜ 다들 어떻게 생각하시나요?,"['고민', '생각']",4,3
1019,안녕하세요 12월 결혼을 앞두고 있는 예비신부 입니다 혼수 준비 다들 어떻게 하고 계세요 ? 저는 쿠팡으로 주문 해서 견적 보다 저렴하게 구형 모델로 원하는 니즈에 맞게 구매했어요!,"['안녕', '결혼', '앞두다', '예비', '신부', '혼수', '준비', '쿠팡', '주문', '견적', '구형', '모델', '원하다', '니즈', '맞다', '구매']",4,1
1020,신혼가전을 사야하는데 어디서 사셨는지 궁금해요..! 저는 다음주부터 알아보려고 합니다~,"['신혼', '가전', '사다', '사다', '궁금하다', '다음', '알아보다']",4,4
1021,매트리스가 궁금해요~ 여러분들은 금액대를 얼마나 설정하셨나요? 혹시 브랜드도 알려주시면 감사하겠습니다!,"['매트리스', '금액', '설정', '브랜드', '알리다', '감사']",4,3
1022,"요즘 결혼 준비하면서 혼수 때문에 엄청 고민 중이에요..ㅠ 남자친구가 혼수는 쿠팡에서 하자더라고요. 가전부터 가구까지 다 온라인으로 싹 해결하자는 건데 저는 솔직히 백화점이 품질이나 AS면에서 더 안심되고 좋을 것 같거든요... 근데 요즘은 다들 온라인 혼수 많이 한다고하고, 가격도 저렴할 것 같긴해요.. 정말 쿠팡 혼수 괜찮은 걸까요? 남친 말대로 쿠팡 혼수 따르는 게 나을까요? 아니면 그냥 제 생각대로 백화점 혼수 고집하는 게 맞을까요?..","['요즘', '결혼', '준비', '혼수', '고민', '남자', '친구', '혼수', '쿠팡', '가구', '온라인', '해결', '백화점', '품질', '안심', '좋다', '요즘', '온라인', '혼수', '가격', '저렴하다', '쿠팡', '혼수', '괜찮다', '남친', '쿠팡', '혼수', '따르다', '생각', '백화점', '혼수', '고집', '맞다']",4,1
1023,"웨딩밴드, 가구, 가전 등 다 포함이에요! 가입했는데 다른 분들은 잘 사용하시나 궁금해서요 ㅠㅠ","['웨딩', '밴드', '가구', '가전', '포함', '가입']",4,4
1024,요즘 혼수 준비로 여기저기 알아보고 있는데요 신혼패키지로 묶어서 알아보았는데 제 생각보다는 그렇게 싼 느낌이 아니더라구요 알아보니 또 하나하나 원하는 제품명을 파악해서 여기저기 가격비교해서 사야하나 싶더라구요 다들 어떻게 준비하고 계시는지 궁금하네요.ㅠㅠ,"['요즘', '혼수', '준비', '여기저기', '알아보다', '신혼', '패키지', '묶다', '알아보다', '생각', '싸다', '느낌', '알아보다', '원하다', '제품명', '파악', '여기저기', '가격', '비교', '사다', '준비', '궁금하다']",4,1
1025,혼수살게 너무 많은데 발품을 어디서부터 팔아야하나 감도 안잡히네요... 다들 혼수 어떻게 구하시나요~?,"['혼수', '사다', '많다', '발품', '팔다', '잡히다', '혼수', '구하다']",4,2
1026,쿠첸인가 쿠쿠엿던거같아요 그리고 다들 어디서사셧나요? 어프라인? 온라인?,"['쿠첸', '쿠쿠', '이다', '사다', '어프', '온라인']",4,1
1027,가전은 6월에 알아보니 7월부터 오른다고 하더니 정말 같은 제품들 인터넷 담아놨었는데 냉장고만 20만원이 올랐어요... 신혼여행 비행기는 미리 해놨지만 40만원이나 올랐네요. 결혼준비가 더 힘들어지네요ㅠㅠ.... 모두 힘내세요!,"['가전', '알아보다', '오르다', '제품', '인터넷', '담다', '냉장고', '오르다', '신혼', '여행', '비행기', '오르다', '결혼', '준비', '힘들다', '힘내다']",4,1
1028,이번에 오픈점 세일로 가전을 사고 102만원어치의 상품권을 받아와서 akmall에서 저렴하게 이불이며 구입해야지 생각했는데 검색해보니 증정용이라고 써있는건 온라인에서 사용 못한다는 말도 있네요. 홈페이지에도 정확하지 않구... 오프라인은 살게 없는데 ㅜㅋㅋ 다들 어떻게 쓰실 생각이에요? 아웃백밖에...생각이 안나요 ㅋㅋ,"['오픈', '세일', '가전', '사다', '상품', '이불', '구입', '생각', '검색', '증정', '쓰다', '온라인', '홈페이지', '정확', '오프라인', '살다', '쓰다', '생각', '아웃백', '생각']",4,4
1029,안녕하세요~ 내년 결혼 예정인데 혼수 준비좀 하려고해요! 이천쪽 거주중인데 카페 몇번보니까 오픈매장이 저렴하다고 해서 찾아보니 증포쪽에 큰 삼성매장에서 오픈행사 한다고 하는데 조만간 상담 받아보려구요 ~ 혹시 혼수 상담하면서 팁 같은거 없을까요? ㅠㅠ 항상 온라인에서 구매했지 오프라인은 처음이라 잘 모르겠네여..,"['안녕', '내년', '결혼', '예정', '혼수', '준비', '거주', '카페', '오픈', '매장', '저렴하다', '찾아보다', '크다', '삼성', '매장', '오픈', '행사', '상담', '혼수', '상담', '온라인', '구매', '오프라인']",4,1
1030,ㅜㅜ가전가구 채우는중인데 남친은 리클꼭사야겠대요ㅠㅠ 그래서 찾아보눈중인데 100만원대에 사고싶거든요! 온라인은 우선말고...오프에서 사고싶은데~~ 오프라인 리클라이너 4인용 가격공유좀해주세요! 에몬스랑 한샘쪽 보고있는데 어디서 사셨나요?,"['가전', '가구', '채우다', '남친', '리크', '사다', '찾아보다', '사다', '온라인', '말', '오프', '사다', '오프라인', '리클라이너', '가격', '공유', '에몬스랑', '한샘', '사다']",4,1
1031,아니면 핫딜매장 상담 신청해서 상담만 받아보시는건 어떨까요 참고될텐데!,"['매장', '상담', '신청', '상담', '참고']",4,4
1032,오프라인이 더 저렴해서 매장에서 직접삿어용,"['오프라인', '저렴하다', '매장', '사다']",4,2
1033,저는 직접 보고사는게 맘편해서 오프라인이용,"['사다', '편하다', '오프라인']",4,1
1034,저는 직접 가서 보고 설명듣고 하는게 좋아서 오프라인이요!,"['설명', '좋다', '오프라인']",4,1
1035,개수랑 다 동일하게 했을 때 쿠팡이 더 저렴하신가요 ? 웨딩할인으로 하면 더 저렴하긴 해서 .. 저흰 백화점 오픈행사 맞춰서 했는데 만족이요 ! 10개 품목 실체감가 12백만원 정도요,"['개수', '동일', '쿠팡', '웨딩', '할인', '저렴하다', '백화점', '오픈', '행사', '맞추다', '만족', '품목', '실체']",4,1
1036,살게 많으면 오프라인이 더 좋아보여요!,"['살다', '많다', '오프라인', '좋다', '보이다']",4,2
1037,"전 오프라인가서 견적 상담 받아보고, 그 가격을 온라인이랑 비교해봤습니다.","['오프라인', '견적', '상담', '가격', '온라인', '비교']",4,1
1038,저도보내주실수있을까요? 전 왜 백화점 3곳이 다 비슷한지ㅠㅠ,"['보내다', '백화점', '비슷하다']",4,1
1039,앗 그런가요? 백화점이나 오프라인매장에서 하는 신혼부부 혜택이 훨씬 큰 줄 알았습니다...ㅜㅜ,"['백화점', '오프라인', '매장', '신혼부부', '혜택', '크다']",4,1
1040,"백화점 웨딩페어 같은 혜택을 이용해볼까 생각하긴 했는데, 막상 상담 받아보니까 견적이 어마무시하더라구요...","['백화점', '웨딩', '페어', '혜택', '생각', '상담', '견적', '무시']",4,1
1041,"허어억 그래요!? 오늘 베스트샵 가긴 하는데,, 다녀와서 한 번 비교해봐야겠네요 ㅠㅠ!","['베스트', '다녀오다', '비교']",4,1
1042,오픈매장이나 백화점에서 하는 혼수박람회 같은데 가도 괜찮더라구요,"['오픈', '매장', '백화점', '혼수', '박람회', '괜찮다']",4,1
1043,소간전 아니면 오프라인가서 확인후 구매할것같아요,"['소간', '오프라인', '확인', '구매']",4,2
1044,핫딜이 좋긴한데 혹시 모르니 오프라인도 상담받아볼거같아요!,"['좋다', '오프라인', '상담']",4,1
1045,저는 가격 비교해보고 웨딩마일리지 떄문에 백화점에서 했어요!,"['가격', '비교', '웨딩', '마일리지', '백화점']",4,1
1046,오프라인은 사은이 크죠. 카드행사. 웨딩마일리지 등등 그런 금액적인거요,"['오프라인', '사은', '크다', '카드', '행사', '웨딩', '마일리지', '금액']",4,1
1047,가정용 인터넷과 CCTV를 함께 설치하는 방법이 흥미롭네요. 소규모 매장에 딱 맞는 팁인 것 같아요!,"['가정', '인터넷', '설치', '방법', '흥미', '규모', '매장', '맞다']",4,1
1048,"테이블오더 추천이 이렇게나 다양하네요. 소규모 매장 운영 중인데, 꼭 참고해야겠어요!","['테이블', '오더', '추천', '다양', '규모', '매장', '운영', '참다']",4,3
1049,견적받기가 오프라인이 더 유리하다고 알고 있어용!,"['견적', '오프라인', '유리']",4,2
1050,저는 직접보고구매하고파서 오프라인이요!,"['구매', '파', '오프라인']",4,2
1051,저는 오프라인이요! 둘러보고 하는게 좋은 것 같아요 ㅎㅎ,"['오프라인', '둘러보다', '좋다']",4,1
1052,가격차이 별로안나면 오프라인이 좋을거같아요!,"['가격', '차이', '오프라인', '좋다']",4,1
1053,계속 쓸거면 설명듣고 오프라인으로 살래용 ㅎㅎ,"['쓰다', '설명', '오프라인', '사다']",4,1
1054,전부 다 살거면 오프라인이 좋다고 했어요 ㅎㅎ,"['살다', '오프라인', '좋다']",4,2
1055,"5품목부터는 백화점 주말 행사가 이득이고, 그 이하는 오프라인이요 ㅠㅠ","['품목', '백화점', '주말', '행사', '이득', '이하', '오프라인']",4,1
1056,가격 비교해보고 구매하세요 갯수가 많아질수록 오프라인이 낫더라고요,"['가격', '비교', '구매', '갯수', '많다', '오프라인']",4,1
1057,오프라인이랑은 또 다른 매력이 있겠어요,"['오프라인', '매력']",4,2
1058,여러군데 가보세요! 백화점 웨딩 마일리지 기간이나 신규 오픈점이 싸다하더라구요,"['백화점', '웨딩', '마일리지', '기간', '신규', '오픈', '싸다']",4,1
1059,발품손품 다 팔아봐야겠지만. 구독 끼워서 구매하면 무조건 오프라인. 그냥 구매는 온라인이용,"['발품', '팔다', '구독', '끼우다', '구매', '오프라인', '구매', '온라인']",4,2
1060,둘다 비교해보고 고민해볼거 같는데 다품목이면 오프라인이 싸다고 들었어요,"['비교', '고민', '품목', '오프라인', '싸다']",4,1
1061,그래도 혼수는 오래쓸 것들인데 제대로 하나 사는게 낫지 않나요? 솔직히 제품은 쿠팡이랑 백화점이랑 크게 차이 안날수도 있을 것 같긴 한데요.. 남자친구분이 쿠팡 하자는게 약간 대충 대충 하자는 뉘앙스로 느껴져서 저라면 좀 서운할수도 있을것 같네요,"['혼수', '쓰다', '사다', '제품', '쿠팡', '백화점', '크다', '차이', '남자', '친구', '쿠팡', '뉘앙스']",4,1
1062,근데 쿠팡이랑 백화점이랑 금액 차이가 큰가요? 백화점은 웨딩포인트도 얻을수있고 여러모로 나쁘진 않던데요,"['쿠팡', '백화점', '금액', '차이', '크다', '백화점', '웨딩', '포인트', '나쁘다']",4,1
1063,저희는 롯데 웨딩 멤버스 해서 백화점에서 웨딩 할인할때 다맞추고 상품권 캐시백 받았어요 그것도 쏠쏠합니다,"['롯데', '웨딩', '멤버', '스다', '백화점', '웨딩', '할인', '맞추다', '상품', '캐시백', '쏠쏠하다']",4,1
1064,쿠팡이랑 섞어서 하는건 괜찮을 것 같아요,"['쿠팡', '섞다', '괜찮다']",4,2
1065,"저는 인터넷으로 따로따로 주문했습니다! 최저가로 잘 구매했네요 ㅎㅎ다만 지점이나 백화점 구매 시, 더블적립 웨딩마일리지 혜택도 있구 뭐 그릇이나 필요한 부수 물건?들은 못 받았네요.. !","['인터넷', '주문', '최저', '구매', '지점', '백화점', '구매', '더블', '적립', '웨딩', '마일리지', '혜택', '그릇', '필요', '부수', '물건']",4,2
1066,혼수플래너님한테 매장 추천 받아서 예약상담 받고 있어용,"['혼수', '플래너', '매장', '추천', '예약', '상담']",4,4
1067,혼수플래너님께 매장 추천받아 상담 예약하는 게 좋은 것 같아요,"['혼수', '플래너', '매장', '추천', '상담', '예약', '좋다']",4,4
1068,저도 이제 혼수 준비해야 하는데 댓글 보니 백화점 발품 팔아봐야겠네요ㅠㅠ,"['혼수', '준비', '댓글', '백화점', '발품', '팔다']",4,1
1069,저도 궁금해서 물어봤는데 오프라인 판매용하고 온라인판매용하고 다르데요....ㅠㅠ,"['오프라인', '판매', '온라인', '판매', '다르다']",4,1
1070,"가전을 한번에 많이 사거나 신혼, 입주 혜택 받으면 오프라인이 더 싼경우가 많아서 그런 것 같아요!","['가전', '사다', '신혼', '입주', '혜택', '오프라인', '싸다', '많다']",4,1
1071,오프라인은 종류를 많이 사야 이득인거같더라구요,"['오프라인', '종류', '사다', '이득']",4,2
1072,신혼집이 매매시라면 3종 이하는 요즘 구독도 괜찮아서 온라인 혹은 오프라인구독으로 진행할것같아요,"['신혼', '매매', '이하', '요즘', '구독', '괜찮다', '온라인', '오프라인', '구독', '진행']",4,2
1073,온라인으로 산건 없구 백화점 웨딩페스타요,"['온라인', '사다', '백화점', '웨딩페스타']",4,1
1074,매장에서 신혼부부 혜택 받으시는게 좋을듯합니다~!,"['매장', '신혼부부', '혜택', '좋다']",4,1
1075,여러가지 한번에 사시면 아무래도 오프라인이 유리할거에요!,"['사다', '오프라인', '유리']",4,2
1076,오프라인으로 한번 견적 내보고 온라인 가격비교 해서 별로 차이안나면 오프라인이용,"['오프라인', '견적', '내다', '온라인', '가격', '비교', '차이', '오프라인']",4,1
1077,오프라인이 통합으로 하면 싸다고 하더라구요 ㅎㅎ,"['오프라인', '통합', '싸다']",4,2
1078,온라인으로 미리 정보 탐색해두고 오프라인가서 가격 비교해봤어요.,"['온라인', '정보', '탐색', '오프라인', '가격', '비교']",4,1
1079,저는 오프라임매장에서 직접 가서 구경하고 구매했습니다!,"['프라임', '매장', '구경', '구매']",4,3
1080,3곳 정도 다녔어용 신혼부부 할인 말고 그냥 일반 오픈 매장 할인해주는곳도 괜찮은거 같더라구요,"['다니다', '신혼', '부부', '할인', '말', '일반', '오픈', '매장', '할인', '괜찮다']",4,2
1081,곧 후기 올릴건데 동일 모델 기준 오프라인이 훨씬 더 저렴하더라고요.,"['후기', '올리다', '동일', '모델', '기준', '오프라인', '저렴하다']",4,2
1082,저흰 매장에서 묶어서 구매했어요~ ㅎㅎ,"['매장', '묶다', '구매']",4,2
1083,저는 백화점에서 맞췄어요! 저희도 실결제가가 어마어마했어서 ㅎㅎ.. 10개월 할부했더니 이번달에서야 할부지옥에서 해방됐네요 ㅠㅋㅋ,"['백화점', '맞추다', '결제', '할부', '서다', '지옥', '해방']",4,1
1084,저는 결혼적에도 백화점에서 사은품 상품권페이백이랑 신용카드 혜택이 좋았어서 신혼 그럴려고 생각중이에용!,"['결혼', '백화점', '사은품', '상품', '페이', '신용', '카드', '혜택', '좋다', '신혼', '그러다', '생각']",4,1
1085,다양하게 구매예정이시면 오프라인이 좋을거같아요 ㅎ,"['다양', '구매', '예정', '오프라인', '좋다']",4,1
1086,백화점에서 하려구요! 혜택도 많고 웨딩멤버스도 같이 하려고 합니다,"['백화점', '혜택', '많다', '웨딩', '멤버', '스다']",4,1
1087,백화점에서 신혼부부 할인혜택이 많은거 같아서 견적 받아보고 온라인이랑 차이 많이 안나면 백화점에서 구매할 예정이에요~,"['백화점', '신혼', '부부', '할인', '혜택', '많다', '견적', '온라인', '차이', '백화점', '구매', '예정']",4,1
1088,견적받아보고 비교해보니 오프라인이 더 싸더라구용 ㅎㅎ,"['견적', '비교', '오프라인', '싸다']",4,1
1089,저는 오프라인이요~~ 백화점 가서 엄마가 사줬어요,"['오프라인', '백화점', '엄마', '사다']",4,2
1090,오프라인에서 웨딩 혜택+다품목일 경우 최신형 프리미엄 제품임에도 할인 폭이 엄청 커져요!,"['오프라인', '웨딩', '혜택', '품목', '최신', '프리미엄', '제품', '할인', '커지다']",4,2
1091,구매품목 늘어나면 오프라인이 더 싸게 살 수 있어요,"['구매', '품목', '늘어나다', '오프라인', '싸다', '사다']",4,2
1092,금액대에 따라 다른데 총가격으로 생각하면 오프라인이 더 비쌀겁니다 하지만 퀄리티는 더 높을거에요,"['금액', '따르다', '다르다', '가격', '생각', '오프라인', '비싸다', '퀄리티', '높다']",4,4
1093,"오프라인은 아무래도 좀 끼워서 혜택받을수있는게 많더라구요 가격적인것이나, 상품적인것이냐 차이인거 같아요","['오프라인', '끼우다', '혜택', '많다', '가격', '상품', '차이']",4,1
1094,혹시나 군인할인 받으실 수 있으면 오프라인이 더 저렴할수도 있어요 여러군데 비교해보세요!,"['군인', '할인', '오프라인', '저렴하다', '비교']",4,1
1095,여러개 사면 오프라인이 오히려 할인폭이 더 커서 저렴하더라구요,"['사다', '오프라인', '할인', '크다', '저렴하다']",4,2
1096,저는 직접봐야 되는 성격이라 오프라인이여ㅛ~!,"['성격', '오프라인']",4,2
1097,네네 백화점에서도 제휴카드로 결제할때 3프로 5프로 할인더들어갔어요,"['백화점', '제휴', '카드', '결제', '프로', '할인', '들어가다']",4,2
1098,저는 직접 보고 사는게 좋아서 오프라인이요,"['사다', '좋다', '오프라인']",4,1
1099,핫딜도 많이 올라오던데 전 매장에서 그냥 묶여져있는걸로 샀어요~,"['올라오다', '매장', '묶이다', '사다']",4,4
1100,오프라인 백화점 웨딩페어? 할때 삿어요,"['오프라인', '백화점', '웨딩', '페어', '사다']",4,1
1101,오프라인은 덜 저렴해도 한번에 살 수있고 날짜도 지정할 수있어 편하더라고요,"['오프라인', '저렴하다', '사다', '날짜', '지정', '편하다']",4,1
1102,다 품목은 오프라인이 훨씬 저렴하더라구요!,"['품목', '오프라인', '저렴하다']",4,2
1103,묶어서 한번에사면 오프라인이 나을것같아요,"['묶다', '사다', '오프라인']",4,2
1104,한꺼번에 묶어서 구매하시면 오프라인이 나은듯해요,"['묶다', '구매', '오프라인']",4,2
1105,5개이하는 인터넷 나머지는 한번에 오프라인이요!,"['이하', '인터넷', '나머지', '오프라인']",4,1
1106,개수가 4개 이상이면 오프라인이 저렴하다 하더라구요,"['개수', '이상', '오프라인']",4,1
1107,다품목 구매는 오프라인이 혜택이 좋아요,"['품목', '구매', '오프라인', '혜택', '좋다']",4,1
1108,저도 고민중인데 오프라인이랑 비교해서 금액이 저렴하더라구요 ! 고민 중입니다ㅠ,"['고민', '오프라인', '비교', '금액', '저렴하다', '고민']",4,1
1109,"품목 줄이고, 쿠팡 같은데서 카드 할인 있는거 다 뒤져서 구매하세요! 그럼 진짜 아낄 수 있어요~~ 저는 로청만 투자했어요!","['품목', '줄', '쿠팡', '카드', '할인', '뒤지다', '구매', '아끼다', '투자']",4,2
1110,오프라인이 할인이 많이 되거나 선물을 줘서 많이 구매하는 것 같아요,"['오프라인', '할인', '선물', '구매']",4,2
1111,전 백화점에서 7개정도로 진행했어요! 근데 품목적으면 이곳저곳 할인율 비교해볼거같아요,"['백화점', '진행', '품목', '적다', '이곳저곳', '할인', '비교']",4,2
1112,네 저도 로청은 친구들한테 신혼집 선물받아서 비용 절약한 편인데 드리미 라이브 방송때 이것저것 혜택 많이 받아서 친구들한테도 덜 부담된거같애요ㅋㅋ 나머지는 싹 오프라인에서 묶어서 카드할인 받는거나 카드 하나 만드는게 젤 좋은거 같아요,"['친구', '신혼', '선물', '비용', '절약', '드리미', '라이브', '방송', '이것저것', '혜택', '친구', '부담', '나머지', '오프라인', '묶다', '카드', '할인', '카드', '좋다']",4,1
1113,그렇게 하려면 매장가서 묶어서 살거같아용!,"['매장', '묶다', '살다']",4,2
1114,저는 백화점에서 가서 웨딩마일리지 같이 적립했어요!,"['백화점', '웨딩', '마일리지', '적립']",4,1
1115,저는 오프라인으로 신혼 할인에 카드 할인에 이것저것 해서 싸게 잘 받았습니다~,"['오프라인', '신혼', '할인', '카드', '할인', '이것저것', '싸다']",4,2
1116,더 저렴한 쪽으로 구매할거같아요! 많이 사면 오프라인이 더 저렴하다고 하시더라고요~,"['저렴하다', '구매', '사다', '오프라인', '저렴하다']",4,2
1117,몇개 안사도 되면 온라인이 괜찮을거 같은데 많이 사야한다면 오프라인에서 신혼부부 혜택받는게 좋을 거 같아요!ㅎㅎ,"['사다', '온라인', '괜찮다', '사다', '오프라인', '신혼부부', '혜택', '좋다']",4,1
1118,다품목은 오프라인이 확실히 이것저것 할인들어가서 저렴하더라구요,"['품목', '오프라인', '이것저것', '할인', '들어가다', '저렴하다']",4,2
1119,저는 무조건 오프라인이요. 직접 보고 사는게 마음이 편해요,"['오프라인', '사다', '마음', '편하다']",4,2
1120,그래도 발품 뛰어봐야할 거 같아서 오프라인이요!,"['발품', '뛰다', '오프라인']",4,1
1121,살 물품이 많으면 오프라인가서 견적 받아야해요~~,"['사다', '물품', '많다', '오프라인', '견적']",4,1
1122,신혼품목은 오프라인이 훨씬 저렴하긴해요 ㅋㅋ,"['신혼', '품목', '오프라인']",4,2
1123,여러개 사서 혜택 받으려면 오프라인이 낫지않을까요?,"['사다', '혜택', '오프라인']",4,1
1124,4~5가지 이상 사시면 오프라인이 더 싸요,"['이상', '사다', '오프라인', '싸다']",4,1
1125,롯데 웨딩멤버십 하면서 백화점도 좋더라구요,"['롯데', '웨딩', '멤버십', '백화점', '좋다']",4,1
1126,신혼혼수 이벤트가 많아서 오프라인에서 할인받아서 구매했어요,"['신혼', '혼수', '이벤트', '많다', '오프라인', '할인', '구매']",4,1
1127,구매 품목이 많을수록 오프라인이 쌉니다,"['구매', '품목', '많다', '오프라인', '싸다']",4,2
1128,오프라인은 말 잘 하면 할인도 있고 카드사 혜택에 이벤트도 많은거같던데요?!,"['오프라인', '할인', '카드사', '혜택', '이벤트', '많다']",4,1
1129,오프라인은 오픈매장이 혜택이 좋다그래서 저는 몇개 가보려구용,"['오프라인', '오픈', '매장', '혜택', '좋다']",4,1
1130,품목 5개 이상이면 오프라인이 좀 더 싼거 같아요,"['품목', '이상', '오프라인', '싸다']",4,1
1131,웨딩마일리지 있으면 백화점도 좋을거에요,"['웨딩', '마일리지', '백화점', '좋다']",4,1
1132,백화점 웨딩 마일리지거 괜찮아서 가보려규용,"['백화점', '웨딩', '마일리지', '괜찮다']",4,1
1133,한두개면 인터넷 6품목 이상이면 오프라인이요!,"['인터넷', '품목', '이상', '오프라인']",4,1
1134,다품목 구매하려면 오프라인이요 로드샵도 괜찮아요,"['품목', '구매', '오프라인', '로드', '괜찮다']",4,2
1135,백화점이 웨딩마일리지 두배 이벤트 할 때 하면 메리트가 좀 있는 것 같아요! 근데 기간이 짧아서 잘 알아보고 하시는 게 좋을 것 같아요!,"['백화점', '웨딩', '마일리지', '이벤트', '메리트', '기간', '짧다', '알아보다', '좋다']",4,1
1136,백화점이죠 생갇보다 카드랑 이런거 먹이면 괜찬ㄹ아요,"['백화점', '생갇', '카드', '먹이', '괜찬다']",4,1
1137,견적을 보내달라고해서 여러군데 확인하니 오프라인이 저렴하고 혜택도있어서 갔어요!,"['견적', '보내다', '확인', '오프라인', '혜택']",4,1
1138,저는 오프라인이 더 좋았어요! 견적 비교해보세요~,"['오프라인', '좋다', '견적', '비교']",4,1
1139,품목이 많이 없으면 오프라인이 최고입니다!,"['품목', '오프라인', '최고']",4,2
1140,품목이 3개이상이면 오프라인이 더 저렴하다고 하더라고요,"['품목', '이상', '오프라인', '저렴하다']",4,1
1141,저는 온라인이랑 오프라인 전체적으로 비교했을때 오프라인 신혼혼수가 저렴해서 전자로 했어요!,"['온라인', '오프라인', '전체', '비교', '오프라인', '신혼', '혼수', '전자']",4,1
1142,저희도 몇품목 안되서 같은고민했는데요 그래도 할인받고 캐시백받고 하니까 매장견적이 더 싸더라구여 ㅠㅋ,"['품목', '고민', '할인', '캐시백', '매장', '견적', '싸다']",4,2
1143,직접보고 사야하는게 많아서 저는 오프라인이요,"['사다', '많다', '오프라인']",4,2
1144,다품목 할인때문에 오프라인이 더 저렴했어용~!,"['품목', '할인', '오프라인', '저렴하다']",4,2
1145,둘다 견적 받아보시는게 좋을거 같아요 오프라인은 샤로 오픈한 매장 위주로!,"['견적', '좋다', '오프라인', '오픈', '매장', '위주']",4,1
1146,저희는 오프라인으로 사려구요~ 백화점이 은근 세일을 크게 하더라구요~! 7월에 또 이벤트 한대요! 롯데 웨딩마일리지 가입하시구 롯백에서 사는건 어떠세요?,"['오프라인', '사다', '백화점', '은근', '세일', '크다', '이벤트', '롯데', '웨딩', '마일리지', '가입', '사다']",4,1
1147,직원 할인 아닌 이상 오프라인이 더 저렴한거 같아요~,"['직원', '할인', '이상', '오프라인', '저렴하다']",4,1
1148,저희는 먼저 결혼하신 분들이 이마트 할인매장이 싸다고 하길래 거기 가보려고요,"['결혼', '이마트', '할인', '매장', '싸다']",4,2
1149,일단 오프라인가서 이리저리 한번 살펴봤어요~,"['오프라인', '번', '살펴보다']",4,3
1150,오프라인가서 견적 받아보시고 인터넷으로 비교해보세요,"['오프라인', '견적', '인터넷', '비교']",4,1
1151,한번에 품목 많이사면 오프라인이 더 싼거같아요,"['품목', '사다', '오프라인', '싸다']",4,2
1152,저도 같은생각이에요 품목이 많으면 오프라인이 더 유리한 것 같습니다,"['생각', '품목', '많다', '오프라인', '유리']",4,2
1153,오프라인이 견적이 더 저렴하지 않을까요?ㅎㅎ 오프라인 상담 후에 진행하려고요ㅎㅎ,"['오프라인', '견적', '저렴하다', '오프라인', '상담', '진행']",4,2
1154,여러가지 묶음으로 사는거면 오프라인이 더 좋다고 하더라구요,"['묶음', '사다', '오프라인', '좋다']",4,1
1155,오프라인이요! 묶어서 사면 할인 커요,"['오프라인', '묶다', '사다', '할인', '크다']",4,2
1156,전 오프라인이요! 한번에 구매해야 싸다해서😂😂,"['오프라인', '구매', '싸다']",4,2
1157,ㅠㅠㅠ 아이궁 이건 또 언제 준비하나 ㅠㅠ 오프라인이 좋군요,"['아이', '준비', '오프라인', '좋다']",4,1
1158,저라면 받은 상품권은 상품권 백화점에 팔고 인터넷으로 살것같아요~,"['상품', '상품', '백화점', '팔다', '인터넷', '사다']",4,1
1159,저는 온라인구매할거같아요! 상품권은 다른곳쓰던지 현금화할거같습니당,"['온라인', '구매', '상품', '쓰다', '현금']",4,1
1160,전 백화점 가서 보려구요! 웨딩마일리지도 쌓을겸..,"['백화점', '웨딩', '마일리지', '쌓다']",4,1
1161,백화점 웨딩페어 나 그랜드오픈 하는곳으로 다녀왔어요,"['백화점', '웨딩', '페어', '그랜드', '오픈', '다녀오다']",4,1
1162,웨딩 마일리지 쌓으실수있으시면 백화점이요!,"['웨딩', '마일리지', '쌓다', '백화점']",4,1
1163,오프라인이 직접 작동해보는 재미가 있지 않을까요?ㅎㅎ,"['오프라인', '작동', '재미']",4,4
1164,샵 가서 실제로 견적내보면 오프라인이 더 쌀수도 있어요,"['견적', '내다', '오프라인', '싸다']",4,1
1165,오프라인으로 대량구매할인 웨딩마일리지까지 받을수 있으면 좋아보입니다,"['오프라인', '대량', '구매', '할인', '웨딩', '마일리지', '좋다', '보이다']",4,1
1166,오프라인이요 직접 눈으로 보는게 맘이 놓여요 이게 같은 제품처럼 보여도 제품명에 다른경우도 있어요 잘 보고 해야하기에 오프라인이용,"['오프라인', '놓이다', '제품', '보이다', '제품명', '다르다', '오프라인']",4,2
1167,"오프라인이 결국 행사, 할인율 많더라구요","['오프라인', '행사', '할인', '많다']",4,1
1168,오프라인이요~ 오픈점이나 행사따지니까 오프라인이 더 저렴한 것 같아요!,"['오프라인', '오픈', '행사', '따지다', '오프라인', '저렴하다']",4,1
1169,오프라인으로 견적 몇군데 뽑아오시고 오프라인이랑 비교해보세용 ㅎㅎ,"['오프라인', '견적', '오프라인', '비교']",4,1
1170,오프라인은 대부분 그랜드오픈같은 플랜카드 붙은데로 가라고 하더라구요!,"['오프라인', '부분', '그랜드', '오픈', '플랜', '카드', '붙다']",4,2
1171,오프라인으로 사려고요 신혼가전은 오프라인이 싸다고 들어서 ㅎㅎ,"['오프라인', '사다', '신혼', '가전', '오프라인', '싸다']",4,2
1172,여러게사면 오프라인이 혜택 더 좋은거 같더라구요!,"['사다', '오프라인', '혜택', '좋다']",4,1
1173,오프라인이 프로모션이 더 많더라구요 그리고 보고 구매하는게 좋을것가타용!,"['오프라인', '프로모션', '많다', '구매', '좋다', '타다']",4,1
1174,묶어서 살때는 오프라인이 더 저렴하대요!,"['묶다', '사다', '오프라인', '저렴하다']",4,2
1175,혹시 모르니까 오프라인 견적도 한번 받아보세요! 혼수혜택은 결혼할때만 받을수있으니까..,"['오프라인', '견적', '혼수', '혜택', '결혼']",4,1
1176,많이다닐수록 괜찬은거같아서 오프라인이여!,"['다니다', '괜찬다', '오프라인']",4,1
1177,갯수가 많으면 오프라인이 좋을 것 같아요!,"['갯수', '많다', '오프라인', '좋다']",4,1
1178,여러제품을 같이 사면 오프라인이 더 좋은 거 같아요,"['제품', '사다', '오프라인', '좋다']",4,2
1179,많이 구매하는거면 오프라인이 더 싸요~,"['구매', '오프라인', '싸다']",4,2
1180,품목이 많다면 오프라인이 좀 더 싼거 같아요 ㅎㅎ,"['품목', '많다', '오프라인', '싸다']",4,2
1181,가격 비교 해볼거 같아요~ 살짝 보니 오프라인이 많이 싸긴 하더라구요~,"['가격', '비교', '오프라인', '싸다']",4,1
1182,목돈이라서 둘 다 알아보고 비교해서 알아보시는 게 좋을 것 같아요 ㅜㅜ 생각보다 오프라인이 싼 경우도 있더라구요,"['목돈', '알아보다', '비교', '알아보다', '좋다', '생각', '오프라인', '싸다']",4,1
1183,오프라인이요! 견적받아보면 생각보다 할인이 많이되요,"['오프라인', '견적', '생각', '할인']",4,1
1184,많이 구매하실거면 오프라인이 훨씬 저렴해요.,"['구매', '오프라인', '저렴하다']",4,2
1185,혼수패키지로 묶어서 진행하시면 매장구매를 추천드려요~,"['혼수', '패키지', '묶다', '진행', '매장', '구매', '추천', '드리다']",4,2
1186,혼수가전은 오프라인이 훨훨 싸더라구요~ 품목할인/금액할인 등등 많이 할인돼요,"['혼수', '가전', '오프라인', '싸다', '품목', '할인', '금액', '할인', '할인']",4,2
1187,"저는 상황에 맞게 구매했는데, 백화점 이벤트도 잘 찾아보면 천만원 이천만원쓰고 얻는 포인트보다 더 훨씬 절약되는 품목이 있어서 신세계 백화점에서 얼마, 롯데에서 얼마, 이렇게 전략적으로 나누어 쓰게되어서 결혼준비로 큰 포인트는 못얻었지만 가격적 할인은 많이 받았어요!","['상황', '맞다', '구매', '백화점', '이벤트', '찾아보다', '쓰다', '포인트', '절약', '품목', '신세계', '백화점', '얼마', '롯데', '얼마', '전략', '나누다', '쓰다', '결혼', '준비', '크다', '포인트', '가격', '할인']",4,1
1188,품목이많으면 오프라인이 더 괜찮은것같아요,"['품목', '많다', '오프라인', '괜찮다']",4,2
1189,여러게 구매할꺼면 매장이 저렴하다고 들었어요! 신혼 할인에 각종 카드사 할인 등 많이 붙더라구 하더라구요 ㅎㅎ,"['구매', '매장', '저렴하다', '신혼', '할인', '각종', '카드사', '할인', '붙다']",4,2
1190,품목을 묶어서 구매하면 오프라인이 더 쌀수도있어요~!,"['품목', '묶다', '구매', '오프라인', '싸다']",4,2
1191,4가지이상되면 오프라인이 훨씬 할인폭이 큽니당! 그 이하는 온라인 추천이요!,"['이상', '오프라인', '할인', '크다', '이하', '온라인', '추천']",4,2
1192,"실제로 보는게 더 좋을 거 같아서, 오프라인이 좋을 거 같아요","['좋다', '오프라인', '좋다']",4,1
1193,입주하면서 많이 구매하는거면 오프라인이 더 저렴해요,"['입주', '구매', '오프라인', '저렴하다']",4,2
1194,비교해보고 고르겠지만 이왕이면 오프라인이요,"['비교', '고르다', '오프라인']",4,2
1195,오프라인이요 여러품목이면 그게 더 할인도 크고 배송도 편하구요,"['오프라인', '품목', '할인', '크다', '배송', '편하다']",4,2
1196,저도 오프라인이요! 쭉앞으로 쓸건데 그래도 눈으로 보고 구매하는게 좋을거같아요,"['오프라인', '쓰다', '구매', '좋다']",4,1
1197,오프라인이 나을것같아요 직접 발로 뛰어다녀야한다들었어요,"['오프라인', '뛰어다니다']",4,2
1198,오프라인이 좀더 싼거같아요 묶에서 살경우,"['오프라인', '싸다', '묶다', '살다']",4,2
1199,전 왔다갔다할거같아요 중요한건 매장이요,"['중요', '매장']",4,4
1200,차이가많이나긴하네용 그래도 불량 as 원하는날짜 등 따지면 오프라인이훨씬 믿음직해요,"['차이', '불량', '원하다', '날짜', '따지다', '오프라인']",4,2
1201,저는 아직도 고민중인데 오프라인이 싸다고 들었어요,"['고민', '오프라인', '싸다']",4,2
1202,매장 가서 묶어서 사는 게 싸더라구요!,"['매장', '묶다', '사다', '싸다']",4,2
1203,저는 백화점에서 롯데웨딩마일리지도 받아서 결정했습니다!혜택 좋았어요,"['백화점', '롯데', '웨딩', '마일리지', '결정', '혜택', '좋다']",4,1
1204,오프라인이 한번에 사기엔 더 좋은걱 같아요!,"['오프라인', '사다', '좋은걱']",4,2
1205,그래고 직접 보고 골라야되서 오프라인이요,"['고르다', '오프라인']",4,2
1206,오프라인이요! 가격대가 있어서 보고 사야될거 같아요,"['오프라인', '가격대', '사다']",4,2
1207,어차피 실물은보고 설명들어야돼서 오프라인가보고 가격비교해서 저렴하게 하셔도 될것같아용,"['실물', '설명', '오프라인', '가격', '비교', '저렴하다']",4,1
1208,신혼가전 한 번에 구매한다면 오프라인이요!,"['신혼', '가전', '구매', '오프라인']",4,2
1209,여러개 묶어서 사면 오프라인이 좋다고 하더라구요,"['묶다', '사다', '오프라인', '좋다']",4,2
1210,품목이 많으면 오프라인이요! 무조건 비교견적 받아보세요!,"['품목', '많다', '오프라인', '조건', '비교', '견적']",4,1
1211,저는 오프라인이 더 좋은거 같아요 할인도 많이 되는거같구,"['오프라인', '좋다', '할인']",4,1
1212,오프라인이요!ㅎㅎ 보고결정하고싶어서용 혜택도많구,"['오프라인', '결정', '혜택', '많다']",4,1
1213,사는게 많고 금액이 커질수록 혜택이 큰건 오프라인이요!,"['사다', '많다', '금액', '커지다', '혜택', '크다', '오프라인']",4,2
1214,한번 살때 집 매매거나 오래살 전세면 한꺼번에 오프라인이용,"['사다', '매매', '살다', '전세', '오프라인']",4,2
1215,대량구매는 오프라인이 혜택도 괜찮더라고요.,"['대량', '구매', '오프라인', '혜택', '괜찮다']",4,2
1216,오프라인이요 발품팔아서 한번에 구매하고 할인받을래용ㅋㅋ,"['오프라인', '발품', '팔다', '구매', '할인']",4,2
1217,최신형으로 사시는 거면 오프라인이 나을 거 같아요,"['최신', '사다', '오프라인']",4,2
1218,항목이많으면 오프라인이 저렴하대요 ㅎㅎ,"['항목', '많다', '오프라인', '저렴하다']",4,1
1219,묶어서 사는 품목이 많으면 오프라인이 혜택 더 챙겨주고 그렇더라구요~~,"['묶다', '사다', '품목', '많다', '오프라인', '혜택', '챙기다']",4,1
1220,오프라인 가면 담당자들이 설명 엄청 잘해주죠 ㅜㅜ 신형 비스포크 상위모델들만 보여주니 스펙이런거 조사안해도 되지만 ㅜㅜ 카페에 졸업하신분들의 견적이 나오질 않네요 ㅜㅜ,"['오프라인', '담당자', '설명', '신형', '비스', '포크', '상위', '모델', '보이다', '스펙', '조사', '카페', '졸업', '견적', '나오다']",4,1
1221,신혼은 한꺼번에 많이사니까 매장혜택이 더 좋다고 하더라구요,"['신혼', '사다', '매장', '혜택', '좋다']",4,1
1222,다품목에 웨딩이면 오프라인이 더 가격이 좋을 것 같아욤,"['품목', '웨딩', '오프라인', '가격', '좋다']",4,1
1223,백화점 웨딩 혜택보고 하는거 짱짱 싸대여,"['백화점', '웨딩', '혜택', '싸다']",4,1
1224,카페에서 공지로 매월 핫딜 매장리스트 올려주는 것 보고 갔어요! 이 링크 참고해보세용!,"['카페', '공지', '매장', '리스트', '올리다', '링크', '참고']",4,4
1225,오프라인은 사은품이 있어서 좋겠네요! 쿠팡은 그런거 없습니다,"['오프라인', '사은품', '좋다', '쿠팡']",4,1
1226,전 알아봣더니 매장 신혼 패키지처럼 묶음으로 나와있는게 가장 저렴하던데요.,"['알아보다', '매장', '신혼', '패키지', '묶음', '나오다', '저렴하다']",4,2
1227,"많이 사면 오프라인이 할인율이 크고, 적으면 온라인으로 추천요!","['사다', '오프라인', '할인', '크다', '적다', '온라인', '추천']",4,2
1228,가성비 젤 좋은걸로요! 오프라인이 좋더라구요 와주세요 :,"['가성비', '좋다', '오프라인', '좋다']",4,1
1229,비교해보고 하심 될거 같아요! 저는 오프라인이 혜택이 더 많아서 오프라인으로 여러군대 견적받아보고 했어요 ㄷ,"['비교', '오프라인', '혜택', '많다', '오프라인', '군대', '견적']",4,1
1230,어떤가전이냐에 따라 다르겠지만 저는 오프라인이요!,"['가전', '따르다', '다르다', '오프라인']",4,2
1231,직접가서 보고 결정하는게 좋아서 오프라인이요!,"['결정', '좋다', '오프라인']",4,1
1232,오픈매장과 웨딩페어 같이 알아보면 좋을 것 같아요~,"['오픈', '매장', '웨딩', '페어', '좋다']",4,1
1233,와우 할머님 결혼선물 클라스가 멋지세용👍🏼 여러가지 사는거면 확실히 혜택 좋은 오프라인 매장에서 사는 게 더 이득인가 봐용! 고생하셨어요~,"['할머님', '결혼', '선물', '클라스', '멋지다', '사다', '혜택', '좋다', '오프라인', '매장', '사다', '이득', '고생']",4,1
1234,그래도 저는 오프라인이 좋을꺼같아요! 사은품 하나라도 더 챙겨줄꺼 같아요 ㅎㅎ,"['오프라인', '좋다', '사은품', '챙기다']",4,1
1235,그래도 오프라인이 나을것같아요 ! 실제로 보고 사는거랑 안보고 사는거랑 다르더라구요 ~,"['오프라인', '사다', '사다', '다르다']",4,2
1236,품목이 많다면 오프라인이요 직접 가서 보고 사는게 더 좋을것 같아요 ㅎㅎ,"['품목', '많다', '오프라인', '사다', '좋다']",4,1
1237,저는 아닌데 친한언니따라 갔다가 백화점 웨딩데이? or 새로 오픈 한 곳이 젤 많이 할인 되더라구요 상품권 포함 받아서요,"['친하다', '언니', '따르다', '백화점', '웨딩', '데이', '오픈', '할인', '상품', '포함']",4,1
1238,오프라인이 합쳐서 사면 더 혜택이 좋다고 들었어요!,"['오프라인', '합치다', '사다', '혜택', '좋다']",4,1
1239,직접보는게 중요한거같아서 오프라인이여,"['중요', '오프라인']",4,4
1240,저는 뮤조건 제눈으로 봐야해서 오프라인이요ㅋㅋ,"['뮤조', '오프라인']",4,1
1241,오프라인이 확실이 더 싸더라고요 한번에 살때요,"['오프라인', '확실', '싸다', '살다']",4,2
1242,오프라인으로 견적 받아봤는데 5품목 이상이면 오프라인이요!,"['오프라인', '견적', '품목', '이상', '오프라인']",4,1
1243,예복을 가성비로 했고 혼수가전도 오프라인 대신 온라인에서 전년도 모델로 개별구매 고려하고있어요~,"['예복', '가성비', '혼수', '가전', '오프라인', '대신', '온라인', '전년도', '모델', '개별', '구매', '고려']",4,1
1244,오프라인이 할인율이 크긴하져! 품목 많으면 오프라인잉요,"['오프라인', '할인', '크다', '품목', '많다', '오프라인']",4,2
1245,신혼이라면 오프라인이 할인이 많이 들어가서 저렴할 수도 있어요 견적 받아보세요,"['신혼', '오프라인', '할인', '들어가다', '저렴하다', '견적']",4,2
1246,오프라인이요! 직접 보고 상담받고 그래야 더 편하고 좋을거 같아요,"['오프라인', '상담', '편하다', '좋다']",4,1
1247,두군데 다 비교해보시는게 좋을것같구 오프라인이 신혼행사 많아서 더 저렴한거같기도 하더라구여!,"['비교', '좋다', '오프라인', '신혼', '행사', '많다', '저렴하다']",4,1
1248,몰아서사는건 확실히 오프라인이 싼거같아요,"['몰다', '사다', '오프라인', '싸다']",4,2
1249,한꺼번에 여러개 살거면 오프라인이 혜택도 많고 저렴하다고 하더라고요!,"['사다', '오프라인', '혜택', '많다', '저렴하다']",4,1
1250,두곳다 비교해보시는것도 좋긴하지만 다품목으로 구매하시는거면 오프라인이 더 할인이나 사은품 이런게 훨 이득이예요!ㄷ,"['비교', '좋다', '품목', '구매', '오프라인', '할인', '사은품', '이득']",4,1
1251,여러개 한번에 구입하시면 오프라인이 더 저럼한것으로 알고 있어요,"['구입', '오프라인', '저러다']",4,2
1252,혼수로 전체구매 하시는거면 오프라인이 더 저렴할거에요! ㅎㅎ,"['혼수', '전체', '구매', '오프라인', '저렴하다']",4,1
1253,오프라인이 더 안심될거 같아요 할인 많이 할때 노려서 하시면 될거같아요,"['오프라인', '안심', '할인', '노리다']",4,2
1254,오프라인이요 현장가서 컨디션 보고 확인하고 사는게 좋을것같아요,"['오프라인', '현장', '컨디션', '확인', '사다', '좋다']",4,1
1255,오프라인가서 전체적으로 견적받는거 추천이용,"['오프라인', '전체', '견적', '추천']",4,1
1256,묶어서 사는 건 오프라인이 더 싼 거 같아요!,"['묶다', '사다', '오프라인', '싸다']",4,2
1257,소량이라고해도 금액대가있는제품들이니 혼수할인은 일정금액넘어가면 혜택이있는거같았어요! 매장가서 한번 견적받아보고 인터넷이랑 비교해보는거도 나쁘지않은거같아요!,"['소량', '금액', '제품', '혼수', '할인', '일정', '금액', '넘어가다', '혜택', '매장', '견적', '인터넷', '비교', '나쁘다']",4,1
1258,저희는 오프라인을 방문해서 견적을 받아봤는데 오프라인이 낫더라고요. 우선 견적을 한번 받아보세요!,"['오프라인', '방문', '견적', '오프라인', '견적']",4,1
1259,오프라인이 더 괜찮을것같아요요 여러군제 견적도 받아서 비교해봐여죠,"['오프라인', '괜찮다', '견적', '비교']",4,1
1260,많이 살 땐 오프라인이 할인율이 높다 하더라구요! 견적 받아보심 좋을거같아요!,"['사다', '오프라인', '할인', '높다', '견적', '좋다']",4,2
1261,"제가 잘 몰라서 그러는데 원래가격에서 매장마다 할인적용해주는 금액이 할인가, 부수적으로 제휴카드나 상조가입 등 해서 캐시백이나 상품권 받는금액 뺀게 체감가 맞죵?","['그러다', '가격', '매장', '할인', '적용', '금액', '할인', '부수', '제휴', '카드', '상조', '가입', '캐시백', '상품', '금액', '빼다', '체감', '맞다']",4,4
1262,네 매니저님 말은 그러하였어요 체감가가 최종혜택가? 할인가는 특별할인은 들어간 금액이요~ 매장마다 다르더라고요ㅠ 저희는 웨딩박람회 연계로 가서 그 할인도 더받고 등등,"['매니저', '체감', '최종', '혜택', '할인', '특별', '할인', '들어가다', '금액', '매장', '다르다', '웨딩', '박람회', '연계', '할인']",4,4
1263,저는 오프라인이요! 근데 둘다 괜찮은 것 같아요 각각 장단점이 있어서요,"['오프라인', '괜찮다', '장단점']",4,2
1264,한번 인터넷 가격도 찾아보셔요! 근데 아무래도 오프라인이 좋은 등급?레벨?의 상품인거같아요! 제,"['인터넷', '가격', '찾다', '오프라인', '좋다', '등급', '레벨', '상품']",4,1
1265,결혼할때는 오프라인에서 발품 파는게 좋더라구요~!,"['결혼', '오프라인', '발품', '파', '좋다']",4,1
1266,무조건 오프라인이요! 그것도 많이 가면 갈수록 더 저렴하게 견적 받았어요 전 ㅎㅎ완료요,"['오프라인', '저렴하다', '견적', '완료']",4,2
1267,저는 백화점으로 했어요! 만약 결혼식보다 신혼집이먼저면 백화점좋은거같아요~ 답완,"['백화점', '결혼식', '신혼', '먼저', '백화점', '좋다']",4,1
1268,인터넷은 손품이니까 견적한번 보고 그거 기준으로 오프라인가서 비교해볼것같아요~,"['인터넷', '견적', '기준', '오프라인', '비교']",4,1
1269,오프라인가서 상담받아보고 사는게 좋을것같아요!,"['오프라인', '상담', '사다', '좋다']",4,1
1270,전귀찮아서 백화점에서 웨딩마일리지? 혜택받고 하려구용 !,"['귀찮다', '백화점', '웨딩', '마일리지', '혜택']",4,1
1271,여러개 사실때는 신혼부부혜택받아 오프라인이 더 좋을거같아용!,"['사다', '신혼부부', '혜택', '오프라인', '좋다']",4,1
1272,여러 개 세트로 사실 땐 오프라인이 혜택 좋더라구요,"['세트', '사다', '오프라인', '혜택', '좋다']",4,1
1273,저는 백화점에서 구매했어요. 인터넷으로 사는 것보다 웨딩할인 들어가면 더 쌀 수도 있으니 함 둘러보세요!,"['백화점', '구매', '인터넷', '사다', '웨딩', '할인', '들어가다', '싸다', '둘러보다']",4,1
1274,이것 저것 비교해볼 것 같은데 저는 할인매장 할 것 같네요 ㄷ,"['비교', '할인', '매장']",4,1
1275,종류가많으면 오프라인이 더 좋지 않을까요? 아무래도 보고 사심이!,"['종류', '많다', '오프라인', '좋다', '사심']",4,2
1276,결혼할때는 오프라인 백화점에 젤 싼거같아요!,"['결혼', '오프라인', '백화점', '싸다']",4,1
1277,오프라인이 더 싸고 혜택도 많이해준데요 ~ 무조건 오프라인이요,"['오프라인', '싸다', '혜택', '오프라인']",4,1
1278,오프라인이요 ! 직접 보고 만져보고 사는게 맘편해요ㅠㅠ,"['오프라인', '만지다', '사다', '편하다']",4,1
1279,댓글들이 말하듯 최소 5개이상 사실거면 오프라인이 낫다구해용,"['댓글', '최소', '이상', '사다', '오프라인']",4,1
1280,오프라인 오픈매장 그랜드세일 웨딩세일 까지 되는곳으로 가서 했어요!,"['오프라인', '오픈', '매장', '그랜드', '세일', '웨딩', '세일']",4,1
1281,혼수는 오프라인이 더 저렴해용 견적 받아보세요~~,"['혼수', '오프라인', '저렴하다', '견적']",4,1
1282,혼수는 오프라인으로 돌아다니면서 견적 받으시는게 더 저렴한 걸로 알고 있어요~ 신카로 일부 금액 할인 및 캐쉬백도 받을 수 있는 걸로 알고 있는데요?!,"['혼수', '오프라인', '돌아다니다', '견적', '저렴하다', '일부', '금액', '할인', '캐쉬']",4,1
1283,저는 발품하라고 말씀드리고 싶어요~! 유튜브 온통 찾아봐도 발품이 답이다가 결론이고 오프라인이 as면에서 안전할 것 같아요!,"['발품', '말씀', '드리다', '유튜브', '찾아보다', '발품', '결론', '오프라인', '안전']",4,2
1284,백화점 견적도 한번 받아보시는거 추천드려요! 신혼부부 헤택 받으면 견적 괜찮더라구요 ㅎㅎ,"['백화점', '견적', '추천', '드리다', '신혼부부', '견적', '괜찮다']",4,1
1285,적게 사는거라면 오프라인이 훨씬 이득이긴합니다,"['적다', '사다', '오프라인', '이득']",4,2
1286,한두개 고르는거면 온아인이지만 여러가지 고르는건 오프라인이래요,"['고르다', '고르다', '오프라인']",4,2
1287,오프라인이 좋을거같아요~~직접 만져보고 크기도 보고용,"['오프라인', '좋다', '만지다', '크기']",4,1
1288,오프라인이요! 신혼 할인으로 오프라인에서 묶어서 사는게 저렴하더라고요,"['오프라인', '신혼', '할인', '오프라인', '묶다', '사다', '저렴하다']",4,2
1289,오프라인이 더 저렴한 경우도 있어서 다 비교해보셔야해요 ㅎㅎ,"['오프라인', '저렴하다', '비교']",4,1
1290,가짓수가 많을 수록 오프라인이 낫다고 하더라구요 ㄷ,"['가짓수', '많다', '수록', '오프라인']",4,2
1291,리바트에서 하실거면 현대백화점 리바트 오프라인 매장 가셔서 하는게 좋아요! 10%씩 다 할인되더라구요,"['리바트', '현대백화점', '트다', '오프라인', '매장', '좋다', '할인']",4,4
1292,리바트도 온라인몰보면 웨딩클럽?있고 해서 혜택 잘 보고 하면 괜찮을 것 같아서 저도 현대백화점 리바트 가봤다가 견적내보고 리바트몰에서도 내 볼 예정이에요,"['리바트', '온라인', '웨딩', '클럽', '혜택', '괜찮다', '현대백화점', '리바트', '견적', '내다', '리바트몰', '내다', '예정']",4,4
1293,혼란스럽긴한데 오프라인매장 분들은 낚시? 사이트라고 하더라구요ㅜㅜ,"['혼란', '오프라인', '매장', '낚시', '사이트']",4,4
1294,같은제품으로 다 쳐서 저렇게면 쿠팡으로가는게 맞지안나요 ㅎㅎ,"['제품', '치다', '쿠팡', '맞다']",4,2
1295,품목이 많다면 오프라인이 행사나 할인들어가는게 많더라구요!,"['품목', '많다', '오프라인', '행사', '할인', '들어가다', '많다']",4,2
1296,묶어서 한꺼번에 구매를 하시는거면 전 오프라인 추천 드려요~ 그래야 한꺼번에 배송이 되서 설치하는 것도 편하거! 웨딩패키지가 할인율이 가장 쎄기도 하더라두요!,"['묶다', '구매', '오프라인', '추천', '드리다', '배송', '설치', '편하다', '웨딩', '패키지', '할인', '쎄다']",4,2
1297,오픈 매장 지방까지 찾아서 계약하시는 분들도 있긴 하더라고요 아니면 지인 중에 누가 근무하신다던지.. 알음알음 여러 다리 거쳐서,"['오픈', '매장', '지방', '찾다', '계약', '지인', '근무', '다리', '거치다']",4,2
1298,아하 감사합니당 다나와라는 매장이잇는건가요?,"['감사', '나오다', '매장']",4,3
1299,많이사실거면 오프라인가셔서 구매하시는게 할인폭이 더 커요,"['사다', '오프라인', '구매', '할인', '크다']",4,2
1300,5개 이상부터는 무조건 오프라인이요!,"['이상', '오프라인']",4,1
1301,품목이 만을경우엔 오프라인이 더 할인폭이 큰거같아여,"['품목', '오프라인', '할인', '크다']",4,2
1302,저도 오프라인이요! 설명듣고 실제로 보고하니까 더 좋더라고요 ㅎㅎ 한번에 사면 할인도 많이 되고요,"['오프라인', '설명', '좋다', '사다', '할인']",4,1
1303,신혼 할인패키지로 오프라인에서 묶어 사는 게 제일 저렴해요,"['신혼', '할인', '패키지', '오프라인', '묶다', '사다', '저렴하다']",4,2
1304,묶어서 살려면 오프라인이 좋을 것 같아요 ㅎ,"['묶다', '살다', '오프라인', '좋다']",4,2
1305,새상품인데 애초에 만들때 부품을 좀 저렴한걸로 대체하는거죠 ㅎㅎ그래서 매장보다 가격이 훨씬 싼거구요. 물론 고장이 안날수도 있죠!,"['상품', '애초', '만들다', '부품', '저렴하다', '대체', '매장', '가격', '싸다', '고장']",4,1
1306,저렴한걸 쓰는 이유는 아무래도 더 많이 팔리게 하기위함이 아닐까요? 일반적으로 우리가 옷같은 것 살때도 백화점에 납품되는것도있고 같은옷이지만 동대문에 파는것도 있자나요 ㅎㅎ그냥 그런 맥락인거같애요,"['저렴하다', '쓰다', '이유', '팔리다', '위하다', '일반', '사다', '백화점', '납품', '동대문', '파', '맥락']",4,2
1307,여러개 사실거면 오프라인이 할인받아 더 저렴해요!,"['사다', '오프라인', '할인', '저렴하다']",4,2
1308,여러개 구입하는거면 오프라인이 나을것같아요ㅎㅎ,"['구입', '오프라인']",4,2
1309,저는 매장에서 오픈할인 신혼할인 다 되는곳으로 했어요!,"['매장', '오픈', '신혼', '할인']",4,2
1310,견적서 안주는 곳도 있더라구요 그래서 총금액이랑 조건 같은거 메모장에적어놓고 여기저기 비교해봤었어요 ㅜ 혼수면 최소 천만원 이상 쓰실텐데 인터넷보다 매장가서 보시는걸 추천드려요 . 혼수는 품목이많아서 ㅁ세트할인 많이해줘요,"['견적서', '금액', '조건', '메모장', '적다', '여기저기', '비교', '혼수', '최소', '이상', '쓰다', '인터넷', '매장', '추천', '드리다', '혼수', '품목', '많다', '세트', '할인']",4,1
1311,저도 백화점에서 구매 예정입니다! 신혼특가할인도 있고 웨딩 마일리지도 해당되면 상품권도 받아갈 수 있어서요!,"['백화점', '구매', '예정', '신혼', '특가', '할인', '웨딩', '마일리지', '해당', '상품']",4,1
1312,한번에 사실거면 할인폭 크게들어가는 오프라인이 좋을것같야요! 부탁드려용♡,"['사다', '할인', '크다', '들어가다', '오프라인', '좋다', '부탁드리다']",4,2
1313,일괄적으로 구매하려면 오프라인이 저럼해요,"['일괄', '구매', '오프라인', '저러다']",4,2
1314,"인터넷으로 살 수 있는건 인터넷에서 사고, 백화점 웨딩마일리지 해당되는건 백화점에서 살까 생각하고 있어요!","['인터넷', '사다', '인터넷', '사다', '백화점', '웨딩', '마일리지', '해당', '백화점', '사다', '생각']",4,1
1315,결혼선배가 백화점에서 구매하라고 했어요! 백화점 행사?때 일정금액 이상사면 상품권으로 페이백도 해주고 상품권 당근으로 땡겨서 구매도 가능하니까요,"['결혼', '선배', '백화점', '구매', '백화점', '행사', '일정', '금액', '이상', '사다', '상품', '페이', '상품', '당근', '땡기다', '구매', '가능']",4,1
1316,한번에 구매하실때는 오프라인이 훨씬 저렴해요! 할인도 많이 해주시거든요,"['구매', '오프라인', '저렴하다', '할인']",4,2
1317,오히려 결혼하신 분들은 오프라인에서 보고 모델명으로 인터넷으로 주문하라고 해주시더라구요! ㅎㅎ 부탁드려용 ㅎㅎ,"['결혼', '오프라인', '모델명', '인터넷', '주문', '부탁', '드리다']",4,3
1318,"오프라인은 많이 사야 할인폭도 커진대서 고민하고있었어요 ㅠㅠㅋㅋ 동탄 가까우니까 한번 가봐야겠네여,, 감사해용 👍🏻","['오프라인', '사다', '할인', '커지다', '고민', '동탄', '감사']",4,2
1319,그래도 오프라인이 좋습니다.. 직원할인가도 받으시구 직접 제품도 보셔야죵!,"['오프라인', '좋다', '직원', '할인', '제품']",4,2
1320,신혼으로 사는건 오프라인이 더 할인률이 크다고했던 것 같아요~,"['신혼', '사다', '오프라인', '할인', '크다']",4,2
1321,저 품목이면 오프라인이 나을수도있어요! 한번 견적비교 받으세요~ 다품목할인,"['품목', '오프라인', '견적', '비교', '품목', '할인']",4,1
1322,저정도로 구입하시는 거면 많이 구매하시는 거라 대량 구매랑 신혼 할인 다 받아보시면 모를 것 같은데...ㅎ 동일 브랜드로 하실거면 매장도 함 가보세용,"['구입', '구매', '대량', '구매', '신혼', '할인', '동일', '브랜드', '매장']",4,2
1323,견적은 한번 받아보세요~! 항목 많으면 오프라인이 더 싸기도 하더라구요 부탁드려요:,"['견적', '항목', '많다', '오프라인', '싸다', '부탁드리다']",4,1
1324,오프라인이요! 상담받고 눈으로보고 고르는게 좋아요!답완,"['오프라인', '상담', '고르다', '좋다']",4,1
1325,오프라인이요! 실물로봤을때 싼티나는? 느낌이 싫어서요..,"['오프라인', '실물', '싸다', '느낌', '싫다']",4,1
1326,둘다 비교해보고 구매할래요! 근데 아마 오프라인 신혼부부 혼수 혜택이 더 큰걸로 알고있어요! 답완,"['비교', '구매', '오프라인', '신혼부부', '혼수', '혜택', '크다']",4,1
1327,아무래도 오프라인이 금액이 더 저렴하더라구요,"['오프라인', '금액', '저렴하다']",4,1
1328,신혼혜택때문에 오프라인으로 많이 사는 것 같아요!,"['신혼', '혜택', '오프라인', '사다']",4,1
1329,오프라인가서 패키지 카드 할인 이런거 받으면 더 저렴해지더라구여~,"['오프라인', '패키지', '카드', '할인', '저렴하다']",4,2
1330,저희도 알아보니 많은품목을 사는거면 오프라인이 좋은거같아요 부탁드려요~~,"['알아보다', '많다', '품목', '사다', '오프라인', '좋다', '부탁드리다']",4,2
1331,오프라인이 생각보다 저렴하더라두요. 대신 견적은 좀 내보셔야해요. 답완!,"['오프라인', '생각', '저렴하다', '대신', '견적', '내다']",4,1
1332,전자제품 같은 경우 저는 오프라인에서 했고 설치전에 조금 더 할인 받을 수 있나해서 새로 오픈점 생겨서 오프라인으로 같은 제품 모델명까지 같은걸로 받았는데도 300이나 차이나더라구요 비행기는 6월 기점으로 더 오른거 같아요...제가 예약했울때 전쟁때문에 경유도 길어지고 - 러시아 상공을 못지나가서.. 비용도 올라간다고 설명 듣긴했어요,"['전자', '제품', '오프라인', '설치', '할인', '오픈', '생기다', '오프라인', '제품', '모델명', '차이', '비행기', '기점', '오르다', '예약', '울다', '전쟁', '경유', '길다', '러시아', '상공', '지나가다', '비용', '올라가다', '설명']",4,2
1333,오프라인으로 상담가면 한복 예물 예복 가전 등 프로모션 많이 하더라구용!,"['오프라인', '상담', '한복', '예물', '예복', '가전', '프로모션']",4,1
1334,300만원 넘으면 신혼부부 할인되서 무조건 오프라인이 싸더라구요. 직원가로 사려다가 오프라인가서 샀습니다 냉장고 하나 샀는데 ㅎㅎ,"['넘다', '신혼부부', '할인', '오프라인', '싸다', '직원', '사다', '오프라인', '사다', '냉장고', '사다']",4,1
1335,백화점이나 가전매장 신혼부부혜택이 좋더라구요 부탁드려용,"['백화점', '가전', '매장', '신혼부부', '혜택', '좋다', '부탁드리다']",4,1
1336,오프라인이랑 임직원가 비교해봤는데 임직원가가 더 나았어요,"['오프라인', '원가', '비교', '임직원']",4,1
1337,답완저도 고민중인데 신혼혜택이 크다해서 오프라인한버 가보려구요!,"['고민', '신혼', '혜택', '크다', '오프라인한버']",4,1
1338,품목을 몇개하세여 ㅎㅎ 여러개면 오프라인이 싸요!,"['품목', '오프라인', '싸다']",4,2
1339,신상욕심없우시면 오프라인이 더 쌀거에요 !,"['신상', '욕심', '오프라인', '싸다']",4,4
1340,다품목이면 오프라인이 훨씬 괜찮은 것 같아요!,"['품목', '오프라인', '괜찮다']",4,2
1341,오프라인이 패키지로 묶이면 훨씬 저렴할 것 같아요!완,"['오프라인', '패키지', '묶이다']",4,2
1342,혼수 한번에 구먀하시는 거면 오프라인이 더 싸더라구요! 답완,"['혼수', '구먀', '오프라인', '싸다']",4,1
1343,오프라인이요! 저번에 견적대충보니까 할인율 50프로는 넘는것같았어요!,"['오프라인', '견적', '할인', '넘다']",4,1
1344,한가지 브랜드로 많이사면 오프라인이 할인율이 높더라구요!,"['브랜드', '사다', '오프라인', '할인', '높다']",4,2
1345,오프라인이 싸대요 저도 오프로 알아보려규요,"['오프라인', '싸다', '알아보다']",4,2
1346,품목 많으면 오프라인이 혜택이나 가격이 좋더라구요.답완,"['품목', '많다', '오프라인', '혜택', '가격', '좋다']",4,1
1347,비슷한거 같은데 서비스등이 오프라인이 좋은거 같아요,"['서비스', '오프라인', '좋다']",4,2
1348,오프라인이 좋을 것 같아요! 직접 보고 설명듣고 할인가까지 알려주셔서 좋았어요!,"['오프라인', '좋다', '설명', '할인', '알리다', '좋다']",4,1
1349,저렇게 사실꺼면 오프라인이더 괜찮을꺼같아요,"['사다', '오프라인', '괜찮다']",4,2
1350,힘드시겠지만 노력하신만큼 할인율 더 좋은매장 찾으실거에요,"['힘들다', '노력', '할인', '좋다', '매장', '찾다']",4,2
1351,맞아요 묶어서사는거면 오프라인이 괜찮죠ㅎㅎ,"['맞다', '묶다', '사다', '오프라인', '괜찮다']",4,2
1352,"한 5종 이런식으로 넘어가면, 오프라인이 더 저렴하대용","['넘어가다', '오프라인', '저렴하다']",4,2
1353,정말 케이스바이케이스더라구요~ 오프라인은 거의 와르르사야 할인이 많이되는 느낌이들어서 오픈샵 찾아봐야겠어용,"['케이스', '바이', '케이스', '오프라인', '사다', '느낌', '들다', '오픈', '찾다']",4,1
1354,묶음? 으로 사는건 오프라인이 싸지 않을까 싶어요~,"['묶음', '사다', '오프라인', '싸다']",4,1
1355,어려 제품을 구매하시는 거면 오프라인이 더 저렴할거 같아용 ㅎㅎ 아무래도 많이 사니까 할인폭도 크더라구용!,"['어리다', '제품', '구매', '오프라인', '저렴하다', '사다', '할인', '크다']",4,2
1356,오프라인이 더 저렴할거 같아요. 보통 행사품목으로 많이들어가는 상품이라,"['오프라인', '저렴하다', '행사', '품목', '들어가다', '상품']",4,1
1357,하나사는거 아니고 여러개사는거면 오프라인이 믿음도 가고 가격혜택도 있고 좋은 거 같아욤,"['사다', '사다', '오프라인', '믿음', '가격', '혜택', '좋다']",4,1
1358,천안에 볼일보러 갔을때 천안에있는 오픈매장에 가면서 뭘 이렇게까지 해야하나 싶었는데 문자 답장 오는것들만 비교해도 작게는 15부터 백단위이상 차이나니까 안할수가 없더라구요 ㅎㅎ 화이팅이요,"['천안', '볼일', '천안', '오픈', '매장', '문자', '답장', '비교', '작다', '단위', '이상', '차이']",4,4
1359,혼수가전으로 여러개 묶어서 사는경우에는 오프라인이 좋더라구용,"['혼수', '가전', '묶다', '사다', '오프라인', '좋다']",4,1
1360,오프라인이 캐시백 더 많아요! 그리고 적힌 금액보다 물어보면 더 저렴하구요,"['오프라인', '캐시백', '많다', '적히다', '금액', '저렴하다']",4,1
1361,500 넘으면 오프라인이요! 사은품 때문에 ㅎㅎ,"['넘다', '오프라인', '사은품']",4,1
1362,저흰 에몬스꺼 샀는데 매장에서 할인받아서 160대인 리클라이너 117에 샀어요ㅋㅋ,"['희다', '에몬스꺼', '사다', '매장', '할인', '리클라이너', '사다']",4,4
1363,와우 뭐로사셨나요? 백화점 비쌀거같은데,"['사다', '백화점', '비싸다']",4,4
1364,"백화점 웨딩 마일리지?하면 왠만큼 저렴해지는거 같더라구요. 그리고 온라인에서 살경우엔 인증점마크 확인하고 사시구, 물류센터에서 직배 오는걸루 사셔야해요!","['백화점', '웨딩', '마일리지', '온라인', '살다', '인증', '마크', '확인', '사다', '물류', '센터', '직배', '사다']",4,4
1365,"전 백화점에서 샀어요, 대리점보다 백화점이 더 쌌구요 백화점에서 사면 따로 카드 안만들어도 되요! 대신 웨딩마일리지는 있으면 더 좋겠죠? 그리고 현금으로 하면 아마 더 싸게 살수있을꺼예요","['백화점', '사다', '대리점', '백화점', '싸다', '백화점', '사다', '카드', '만들다', '대신', '웨딩', '마일리지', '좋다', '현금', '싸다', '사다']",4,1
1366,축하드려요! 저도 리클라이너 쇼파살예정이에요 오프라인은많이비싼가요?ㅠㅠ,"['축하', '드리다', '크다', '라이너', '쇼파', '사다', '예정', '오프라인', '비싸다']",4,4
1367,매장은 진짜 바가지 심한것같아요 ㅠㅠ,"['매장', '바가지', '심하다']",4,2
1368,설치기사님 복불복인데 잘만나셨네용ㅋㅋ,"['설치', '기사', '복불복', '만나다']",4,2
1369,15만원이면 진짜 큰데요? 어떤 모델인지 알 수 있을까요~,"['크다', '모델']",4,2
1370,오 현명하시다ㅠㅠ 저도 작년에 6월에 사려다가 다 품절되서 개고생했어요,"['현명', '작년', '사다', '품절', '고생']",4,4
1371,여름에 급하게 사면 바가지 쓰는게 맞죠ㅋㅋ 잘하셨어요,"['여름', '급하다', '사면', '바가지', '쓰다', '맞다']",4,4
1372,헐 대박ㅋㅋ 저도 어제 주문했는데 내일 온대요 부럽,"['주문', '내일']",4,3
1373,와 11시 주문에 7시 도착이면 실화냐 ㅋㅋ,"['주문', '도착', '실화']",4,3
1374,3년 고민ㅋㅋ 저도 그랬는데 진작 살껄 후회중,"['고민', '사다', '후회']",4,1
1375,설치하면 바로 후기 올려주세요!,"['설치', '후기', '올리다']",4,2
1376,리뷰 보실때 베스트리뷰말고 최신순으로 보세요~ 광고성 거르는게 포인트,"['리뷰', '베스트', '리뷰', '말', '최신', '광고', '거르다', '포인트']",4,2
1377,ㅇㅈ.. 저도 비슷한경험있음 ㅋㅋ 그냥 오프라인이 맘편해,"['비슷하다', '경험', '오프라인', '편하다']",4,1
1378,에구 속상하셨겟다 환불은 잘되셨나용?,"['속상하다', '환불']",4,1
1379,앱으로 신청되는거 몰랐음ㄷㄷ 정보감사합니당,"['신청', '정보', '감사']",4,3
1380,다음날? 완전빠르네요ㅋㅋ 오프라인도 이틀은 걸리던데,"['다음날', '빠르다', '오프라인', '이틀', '걸리다']",4,3
1381,15만원 차이면 개이득아니냐ㄷㄷ,"['차이', '이득']",4,3
1382,헐 저도 그거 놓쳐서 멘붕왔었는데ㅋㅋ 결국 현카 썼어요,"['놓치다', '멘붕', '결국', '쓰다']",4,2
1383,헐 저도 그거 장바구니에 담아놨다가 놓쳤어요ㅠㅠ 부럽,"['장바구니', '담다', '놓치다']",4,1
1384,55면 개이득이네 ㅋㅋ 전 작년에 70주고샀음,"['이득', '작년', '사다']",4,4
1385,저도 이번에 11번가에서 삼성꺼 질렀는데 아직 안왔어요ㅋㅋ 설렘,"['삼성', '끄다', '지르다', '설레다']",4,4
1386,오 400 대박이네요ㄷㄷ 전 아직도 매장파인데 고민되네,"['대박', '매장', '고민']",4,3
1387,축하해용! 신혼집 꾸미는거 진짜 재밌죠ㅎㅎ,"['축하', '신혼', '꾸미다', '재밌다']",4,3
1388,폐가전 버리는것도 온라인 시대네요 ㅋㅋ,"['가전', '온라인', '시대']",4,1
1389,저 대형 냉장고 그렇게 수거했는데 무료였어요~,"['냉장고', '수거', '무료']",4,4
1390,헐 15만원이면 꽤 큰데요? 저도 담에 공식몰 먼저 체크해야겟다,"['크다', '공식', '체크']",4,2
1391,멤버십 등급 올라가면 추가할인도 있어서 좋음,"['멤버십', '등급', '올라가다', '추가', '할인', '좋다']",4,1
1392,가격 얼마나 차이났어요?,"['가격', '차이']",4,3
1393,기사님 복불복인데 잘만나셧네용ㅋㅋ,"['기사', '복불복', '만나다']",4,2
1394,오브제 디자인 진짜 예쁘던데ㅋㅋ 부럽네요,"['오브제', '디자인', '예쁘다']",4,2
1395,헐 30만원 차이요? 완전 이득이네요 ㅠㅠ 저도 지금 고민중인데,"['차이', '이득', '고민']",4,3
1396,인정요 ㅋㅋ 저도 작년 7월에 사려다가 가격보고 기절,"['인정', '작년', '사다', '가격', '기절']",4,1
1397,맞아여 저 4월초에 샀는데 5만원차이남 ㄷㄷ,"['맞다', '사다', '차이']",4,4
1398,저도 제트 쓰는데 진짜 만족해요! 배터리도 오래가구,"['제트', '쓰다', '만족', '배터리']",4,1
1399,가성비면 제트가 답이죠 ㅎㅎ 축하드려요~,"['가성비', '제트', '축하', '드리다']",4,3
1400,오프라인은 전시품 떠넘기려는거같아서 ㄴㄴ,"['오프라인', '전시품', '떠넘기다']",4,2
1401,27 개이득이네 ㄷㄷ 저도 어제 네이버에서 봤는데 32였거든요,"['이득', '네이버']",4,3
1402,식세기는 진짜 인생템이에요ㄷㄷ 온라인이 확실히 저렴하긴한데 설치가 관건이죠,"['세기', '인생', '온라인', '설치', '관건']",4,1
1403,애셋이면 진작살걸 후회하실거에요ㅋㅋ 전 2년째 쓰는중,"['사다', '후회', '쓰다']",4,1
1404,가격은 좀비싸도 이럴때 빛을보네ㄷㄷ,"['가격', '비싸다']",4,4
1405,위닉스꺼 쓰는데 소음은 좀 있어요 ㄷㄷ,"['위닉스꺼', '쓰다', '소음']",4,1
1406,870리터면 진짜 크던데 계단으로? 기사님 체력 ㄷㄷㄷ,"['크다', '계단', '기사', '체력']",4,2
1407,매장은 임대료가 있으니까요ㅠ 근데 50은 좀 심한듯,"['매장', '임대료', '심하다']",4,4
1408,국민 15프로 나오면 그것도 괜찮아요ㅋㅋ 저는 그때 냉장고 샀습니다,"['국민', '나오다', '괜찮다', '그때', '냉장고', '사다']",4,4
1409,헐 저도 그거 장바구니 담아놨는데 품절됐어요ㅠㅠ 부럽,"['장바구니', '담다', '품절']",4,4
1410,300 ㄷㄷ 완전 대박이네요 축하드려요!,"['대박', '축하', '드리다']",4,3
1411,시어머님 쿨하시네 ㅋㅋ 우리 시어머니는 직접 보자고..ㅠ,"['시어머님', '쿨하다', '시어머니']",4,2
1412,쿠팡에서도 폐가전수거 옵션 잇던데 공짜인가요?,"['쿠팡', '가전', '수거', '옵션', '공짜']",4,4
1413,진짜 예전엔 폐가전 버리기 개귀찮았는데 ㅠㅠ 세상좋아짐,"['예전', '가전', '귀찮다', '세상', '좋다']",4,1
1414,비스포크 부럽ㄷㄷ 저도 곧 바꿔야하는데 고민중,"['비스', '포크', '바꾸다', '고민']",4,2
1415,혹시 카드할인 받으셨어요?,"['카드', '할인']",4,2
1416,20만원이면 완전 이득이네ㅋㅋ 부럽,['이득'],4,3
1417,오브제 진짜 예쁘던데 부럽습니다ㅠ 저도 곧 질러야지,"['오브제', '예쁘다', '지르다']",4,2
1418,헐 대박이네요! 저도 찜해놨는데 언제 살지ㅠ,"['대박', '찜하다', '살다']",4,2
1419,38만원이면 완전 개이득ㅋㅋ 축하드려용,"['이득', '축하', '드리다']",4,3
1420,지금이 진짜 적기죠 ㅋㅋ 5월만 되도 바로 오름,"['지금', '적기', '오르다']",4,3
1421,혹시 어떤 모델이세요? 저도 지금 고민중인데 참고하고싶어요,"['모델', '고민', '참고']",4,3
1422,애기있으면 공청기 필수인거같아요 ㅠㅠ 어떤 제품 사셨어용?,"['애기', '필수', '제품', '사다']",4,1
1423,가격 오프라인이랑 차이많이나나요?,"['가격', '오프라인', '차이']",4,1
1424,로켓배송 중독됨ㅋㅋ 이제 매장 안가게됨,"['로켓', '배송', '중독', '매장']",4,2
1425,식세기 진짜 삶의질 올라가요 ㅋㅋ 축하드려용,"['세기', '올라가다', '축하', '드리다']",4,3
1426,저두 이번주 삼성꺼 LG몰에서 샀는데 배송 대기중이에요ㅠㅠ 같이 떨어요,"['삼성', '끄다', '사다', '배송', '대기', '떨다']",4,4
1427,헐 ㅠㅠ 그건좀 심한데요... 보상같은거라도 주던가요,"['심하다', '보상']",4,4
1428,요즘 재고관리 개판인듯,"['요즘', '재다', '관리', '개판']",4,1
1429,저는 네이버에서 그런적있어요 ㅠ 환불처리도 느려서 열받았음,"['네이버', '환불', '처리', '느리다']",4,1
1430,매장가면 기다려야되고 주차도 ㅈ같음ㅋㅋ,"['매장', '기다리다', '주차']",4,4
1431,52만원이요? 미쳤다 ㄷㄷ 완전 득템,"['미치다', '득템']",4,4
1432,200만원이면 진짜 큰돈인데ㄷㄷ 부모님 설득 어떻게 하셨어요?,"['크다', '부모', '설득']",4,3
1433,저도 혼수 준비중인데 용기 얻고 가요 ㅠㅠ 백화점 가면 눈치보이고 부담스러워서,"['혼수', '준비', '용기', '백화점', '눈치', '보이다', '부담']",4,1
1434,혼수가전 리스트 공유해주실수 있나요ㅎㅎ 저도 곧 준비해야돼서,"['혼수', '가전', '리스트', '공유', '준비']",4,1
1435,무료로 가져가나요? 아님 비용 드나요?,"['무료', '가져가다', '비용', '들다']",4,4
1436,15프로면 개이득이네 ㄷㄷ 얼마짜리 사신거에요?,"['이득', '얼마', '사다']",4,1
1437,오브제 색상 뭐로하셧어요? 저도 고민중ㅠ,"['오브제', '색상', '고민']",4,3
1438,사은품 뭐뭐 받으셨어요?,['사은품'],4,1
1439,헐 저도 지금 찜해놨는데 ㄷㄷ 쿠폰 중복적용되나요?,"['찜하다', '쿠폰', '중복', '적용']",4,2
1440,와 저도 알아보는중인데 정보 감사합니당 ㅠㅠ,"['알아보다', '정보', '감사']",4,3
1441,저도 작년에 5월에 미리샀는데 완전 잘한듯요 ㅎㅎ 6월되니까 진짜 20~30 올라가더라구요,"['작년', '사다', '올라가다']",4,4
1442,혹시 어떤 모델 사셨나요? 저도 고민중인데,"['모델', '사다', '고민']",4,4
1443,80 초반이면 개이득이네요ㄷㄷ 전 90중반에 샀던듯,"['초반', '이득', '중반', '사다']",4,4
1444,위닉스 제로 좋죠! 저희집도 이거쓰는데 3년째 문제없음,"['위', '닉스', '좋다', '쓰다', '문제없다']",4,1
1445,오 가격은 어느정도 하던가요? 저도 살까 고민중,"['가격', '사다', '고민']",4,1
1446,식세기 없다가 생기면 세상이 바뀜ㅋㅋ,"['세기', '생기다', '세상', '바뀌다']",4,3
1447,40만원 차이면 완전 이득이네요 부럽...나도 사야되는데,"['차이', '이득', '사다']",4,3
1448,15만원 추가는 좀 심하네용 ㄷㄷ 미리 알려주지,"['추가', '심하다', '알리다']",4,3
1449,저도 LG앱 진짜 편하더라구요~ 예약시간도 선택가능해서 좋음,"['편하다', '예약', '시간', '선택', '가능', '좋다']",4,1
1450,헐 저는 삼성AS는 일주일기다렸는데ㅠ 역시 브랜드마다 다른가봐요,"['삼성', '기다리다', '브랜드', '다르다']",4,4
1451,다음날AS는 진짜 빠른거네 ㄷㄷ 저희동네는 보통 3일걸리던데,"['다음날', '빠르다', '동네', '걸리다']",4,3
1452,근데 매장에서도 깎아달라하면 좀 깎아주지않나요?,"['매장', '깎다', '깎다']",4,4
1453,헐 15만원? 저 어제 현대카드로 질렀는데 ㅠㅠ,"['현대카드', '지르다']",4,4
1454,헐 저도 찜해놨는데 32만원이나 할인해요? 지금도 하나,"['찜하다', '할인', '지금']",4,2
1455,32 대박이네요ㄷㄷ 전 작년에 풀프라이스로 삼,"['대박', '작년', '프라이스', '삼다']",4,3
1456,축하드려요~~ 300 차이면 냉장고 하나값인뎈ㅋㅋ,"['축하', '드리다', '냉장고']",4,3
1457,무료 맞아요? 비용 따로 안드나요ㅜㅜ,"['무료', '맞다', '비용', '들다']",4,4
1458,와 꿀팁이네 감사합니당ㅋㅋ 안그래도 청소기 버릴라했는데,"['감사', '청소기', '버리다']",4,4
1459,20이면 개이득이네 ㅋㅋ 2주정도야 기다리죠뭐,"['이득', '기다리다']",4,4
1460,비스포크 컬러 조합 어떻게 하셨어요?,"['비스', '포크', '컬러', '조합']",4,2
1461,삼성몰 할인쿠폰 겹쳐쓰면 진짜 싸더라구요 ㅇㅈ,"['삼성몰', '할인', '쿠폰', '겹치다', '쓰다', '싸다']",4,2
1462,18평에 얼마짜리 다셨어요?,['얼마'],4,1
1463,5일이면 좀 오래 걸렸네용 ㅠ,['걸리다'],4,3
1464,30만원 차이면 완전 큰데요? 저도 당장 알아봐야겠어요 ㅋㅋ,"['차이', '크다', '당장', '알아보다']",4,3
1465,헐 저도 어제 주문했는데 오늘 왔어요ㅋㅋ 같은 제품인가,"['주문', '제품']",4,3
1466,29에서 26이면 꿀딜이네요! 정보 감사,"['정보', '감사']",4,3
1467,요즘 미세먼지 장난아니라 저도 하나 더 사야하나 고민중ㅜㅜ,"['요즘', '미세', '먼지', '장난', '사다', '고민']",4,4
1468,식세기 진짜 인생템이에요ㅋㅋ 부부싸움 90% 줄어듬,"['세기', '인생', '부부', '싸움', '줄다']",4,1
1469,ㅋㅋ아 공감요 저도 밤에 청소기 두개 산적있어요,"['공감', '청소기', '사다']",4,4
1470,6kg면 진짜 작은데ㄷㄷ 반품 안되나요?,"['작다', '반품']",4,4
1471,술먹고 쿠팡 들어가면 안된다는게 이런거구나ㅋㅋ,"['먹다', '쿠팡', '들어가다']",4,2
1472,헐 저도 LG씽큐앱으로 했는데 진짜 편함ㅋㅋ,"['씽큐앱', '편하다']",4,4
1473,기사님 친절하셧나요? 전 당첨이엇는지 개불친절..ㄷㄷ,"['기사', '친절', '당첨', '친절']",4,1
1474,앱 깔기 귀찮아서 전화했는데 역시 시대를 따라가야하나봐요ㅠ,"['깔다', '귀찮다', '전화', '시대', '따르다']",4,3
1475,전 위닉스 쓰는데 괜찮아요~ 소음도 생각보단 안심하구,"['닉스', '쓰다', '괜찮다', '소음', '생각', '안심']",4,1
1476,장마전에 미리미리 사놓는게 답입니다ㅠ 지금 품절 많더라구요,"['장마', '사다', '품절', '많다']",4,4
1477,헐 진짜요? 저 삼성카드인데 삼성몰 보니까 15% 할인 이벤트 하던데 ㅋㅋ,"['삼성카드', '삼성몰', '할인', '이벤트']",4,3
1478,타이밍 잘 맞추신듯! 저는 놓쳐서 풀프라이스로 삿어요ㅠㅠ,"['타이밍', '맞추다', '놓치다', '프라이스', '사다']",4,3
1479,와 30만원 차이면 엄청나네 ㄷㄷㄷ 부럽,"['차이', '엄청나다']",4,3
1480,블프 놓쳤는데 넘 후회중ㅠ,"['블프', '놓치다', '후회']",4,1
1481,70만원대요? 저 지금 찾아봐도 90은 넘던데ㄷㄷ,"['찾아보다', '넘다']",4,1
1482,역시 타이밍이죠ㅎㅎ 축하드려요~,"['타이밍', '축하', '드리다']",4,3
1483,LG몰도 폐가전무료수거 되나요?,"['가전', '무료', '수거']",4,4
1484,요즘은 다 되더라구요 ㅋㅋ 저도 작년에 tv 바꿀때 씀,"['요즘', '작년', '바꾸다', '쓰다']",4,4
1485,포인트 적립되나요? 몰랐어요,"['포인트', '적립']",4,2
1486,수거 무료 부럽.. 저는 따로 돈내고 버렸는데ㅠ,"['수거', '무료', '내다', '버리다']",4,4
1487,오브제 디자인 이쁘죠~ 전 coupang에서 샀는데 익일배송 되더라구요,"['오브제', '디자인', '이쁘다', '사다', '익일', '배송']",4,4
1488,헐 저도 어제 똑같은거 샀는데 92만원 주고샀어요ㅠㅠ 쿠팡 체크를 안했네,"['똑같다', '사다', '사다', '쿠팡', '체크']",4,2
1489,트롬 쓰는데 진심 만족중ㅎㅎ 잘 사셨어요!,"['트다', '쓰다', '진심', '만족', '사다']",4,4
1490,근데 너무 일찍 사면 신제품 나올수도 있잖아요..? 그것도 고민 ㅎㅎ,"['사다', '제품', '나오다', '고민']",4,4
1491,7-8월은 진짜 헬게이트임 ㅋㅋ 지금 사놓는게 정신건강에 이로움,"['게이트', '사다', '정신', '건강']",4,2
1492,근데 AS는 어디서 받으시나요? 다이슨 공식 AS 되는건가,"['다이슨', '공식']",4,3
1493,오 저도 지금 장바구니 담아놨는데 용기얻고 갑니다!,"['장바구니', '담다', '용기']",4,1
1494,헐 저도 어제 봤던 그 제품인가ㅋㅋ 29만원 맞죠?,"['제품', '맞다']",4,4
1495,저도 미세먼지 개심해서 급하게 사야되는데 ㄱㅅ,"['미세', '먼지', '개심', '급하다', '사다']",4,4
1496,오 저도 고민중인데 어떤 제품 사셨어요?,"['고민', '제품', '사다']",4,4
1497,저도 애기 키우는데 진작살껄 후회중이에요 ㅠ,"['애기', '키우다', '사다', '후회']",4,1
1498,ㅋㅋ리뷰 다 조작인거 모르셨어요? 요즘 다 광고글임,"['리뷰', '조작', '요즘', '광고']",4,2
1499,저도 LG앱으로 신청했는데 진짜 빠르더라구요 굿굿,"['신청', '빠르다', '좋다', '좋다']",4,3
1500,LG 고객센터 앱 진짜 잘만들어놨어요ㅎㅎ 삼성도 비슷한데,"['고객', '센터', '만들다', '삼성', '비슷하다']",4,4
1501,물통 비우는거 은근 귀찮던데ㅋㅋ 자주 비워야해요,"['물통', '비우다', '은근', '귀찮다', '비우다']",4,2
1502,헐 저도 그거 겪었어요ㅋㅋ 복도 폭 미리 재봐야됨,"['겪다', '복도', '재']",4,2
1503,15만원이면 아파요ㅠ 근데 LG몰은 가격은 진짜 괜찮죠?,"['아프다', '가격', '괜찮다']",4,1
1504,ㅇㅈ.. 저도 그런적있어요 현대카드 20만원 할인 놓쳐서 진심 이틀동안 우울했음,"['현대카드', '할인', '놓치다', '진심', '이틀', '동안', '우울']",4,2
1505,고객센터 전화해서 취소후 재결제 가능할수도?,"['고객', '센터', '전화', '취소', '결제', '가능']",4,3
1506,23만원 차이면 개이득이네요ㅋㅋ 축하해용,"['차이', '이득', '축하']",4,3
1507,40만원 차이면 완전 큰돈인데.. 잘하셨네요! 요즘 온라인이 훨씬 저렴해요,"['차이', '크다', '요즘', '온라인', '저렴하다']",4,2
1508,설치도 똑같고 제품도 똑같은데 왜 오프라인이 비싼지 이해안됨ㅋㅋ,"['설치', '똑같다', '제품', '똑같다', '오프라인', '비싸다', '이해']",4,1
1509,헐 몰랐어요ㄷㄷ 집에 낡은 청소기 처리 고민중이였는데 정보 감사합니다,"['낡다', '청소기', '처리', '고민', '정보', '감사']",4,1
1510,무료수거 되는줄 몰라서 용달 부를뻔ㅠㅠ,"['무료', '수거', '부르다']",4,4
1511,쿠팡이랑 15만원차이면 공식몰이 맞죠 담엔 저도 거기서 살래요,"['쿠팡', '차이', '공식', '몰이', '맞다', '살다']",4,2
1512,헐 10프로 할인 대박이네요! 전 매장에서 샀는데 속상ㅠㅠ,"['할인', '대박', '매장', '사다']",4,2
1513,3주 기다리는거 진짜 힘들텐데 ㅋㅋ 그래도 할인받으셨으니 이득!,"['기다리다', '힘들다', '할인', '이득']",4,4
1514,저도 삼성몰 노리는중인데 언제 할인 들어온거에요?,"['삼성몰', '노리다', '할인', '들어오다']",4,3
1515,비스포크 색조합 맘대로 하는거 개꿀ㅋㅋ 부럽,"['비스', '포크', '조합']",4,2
1516,2주는 좀 오래 걸렸네요 ㄷㄷ 요즘 성수기라 그런가,"['걸리다', '요즘', '성수기']",4,2
1517,오 저도 디오스 쓰는데 조아요!,"['디오스', '쓰다', '조아']",4,1
1518,40만원 차이면 진짜 크네요ㄷㄷ 어느 판매처서 구매하셨어요?,"['차이', '크다', '판매', '구매']",4,2
1519,네이버쇼핑 스마트스토어 괜찮나요? 공식몰이랑 가격차이 좀 있던데,"['네이버 쇼핑', '스마트', '스토어', '괜찮다', '공식', '가격', '차이']",4,3
1520,저도 작년에 5월에 샀는데 2주 기다렸어요 ㅋㅋ 지금이 딱 좋은 타이밍인듯,"['작년', '사다', '기다리다', '지금', '좋다', '타이밍']",4,4
1521,헐 10만원 넘게 차이나네요ㄷㄷ 전 매장에서 샀는데 후회됨,"['넘다', '차이', '매장', '사다', '후회']",4,1
1522,아 저도 사고싶은데 남편이 필요없댜서..ㅠㅠ 부러워용,"['사다', '남편', '필요', '서다']",4,3
1523,어느 제품이세요? 저도 알아보는중ㅠ,"['제품', '알아보다']",4,2
1524,저도 요즘 알아보는중인데 어떤모델 구매하셨어요?,"['요즘', '알아보다', '모델', '구매']",4,2
1525,식세기 진짜 인생템이에요ㅋㅋ 축하드려용,"['세기', '인생', '축하', '드리다']",4,3
1526,헐 8만원요..? 그냥 쓰시는게 나을듯ㅠ,['쓰다'],4,1
1527,저도 비슷한 경험있어요ㅋㅋ 냉장고 폭 2센치 차이로 난리남,"['비슷하다', '경험', '냉장고', '차이', '난리']",4,1
1528,남편분 반응이 궁금하네욬ㅋㅋ,"['남편', '반응']",4,3
1529,스마트진단 진짜 편함... 전화안해도되서 조음,"['스마트', '진단', '편하다', '전화', '조음']",4,1
1530,다음날 오시다니ㄷㄷ 빠르네요,"['다음날', '빠르다']",4,3
1531,배송기사님 복불복인데 잘만나셨네,"['배송', '기사', '복불복', '만나다']",4,2
1532,260도 비싼데 300은 ㅎㄷㄷ,['비싸다'],4,4
1533,블프 지나갔는데 내년엔 미리 장바구니 담아놔야겠다ㅜㅜ,"['블프', '지나가다', '내년', '장바구니', '담다']",4,4
1534,부모님 설득 성공한거 대박이네욬ㅋㅋ 우리 엄마는 절대 안될듯,"['부모', '설득', '성공', '엄마']",4,3
1535,혹시 어느 제품들로 구매하셨어요? 저도 내년 결혼인데 참고하고싶어요~,"['제품', '구매', '내년', '결혼', '참고']",4,3
1536,LG몰도 그런거 있어요~ 신청란 체크하면 알아서 처리해줘요ㅎㅎ,"['신청', '체크', '처리']",4,2
1537,동사무소 전화하는거 진짜 귀찮던데 ㅋㅋ 좋은정보,"['동사무소', '전화', '귀찮다', '좋다', '정보']",4,3
1538,무료수거 맞아요~ 단 구매할때만 가능!,"['무료', '수거', '맞다', '구매', '가능']",4,4
1539,30만원 차이면 엄청나네요ㄷㄷ 저도 다음에 LG몰 먼저 확인해봐야겟다,"['차이', '엄청나다', '다음', '확인']",4,3
1540,케어솔루션 뭔가요? 궁금,"['케어', '솔루션']",4,1
1541,오 30만원 차이면 크네요! 저도 고민중인데 용기나요ㅋㅋ,"['차이', '크다', '고민', '용기']",4,3
1542,삼성몰 멤버십 할인 받으셨어요? 그거 쓰면 더 싸요~,"['삼성몰', '멤버십', '할인', '쓰다', '싸다']",4,1
1543,LG포인트 쌓이는거 개꿀ㅋㅋ 다음 구매때 쓸수있음,"['포인트', '쌓이다', '다음', '구매', '쓰다']",4,1
1544,139? 지금도 그가격인가요?,"['지금', '가격']",4,4
1545,네이버 중에서도 어디서 사셨어요? 스토어팜이요?,"['네이버', '사다', '스토어']",4,3
1546,인정이요ㅋㅋ 저도 작년에 6월에 주문했다가 7월말에 받음...,"['인정', '작년', '주문']",4,3
1547,오 정보 감사해요! 저도 당장 알아봐야겠네요,"['정보', '감사', '당장', '알아보다']",4,3
1548,배송 딜레이 진짜 최악이죠ㅠ 미리 사는게 답인듯,"['배송', '딜레이', '최악', '사다']",4,4
1549,어떤 제품이세요? 저도 찾는중인데 추천좀,"['제품', '찾다', '추천']",4,4
1550,로켓배송 안되는거 이제 못사겠음 진심ㅋㅋ,"['로켓', '배송', '사다', '진심']",4,2
1551,70만원 차이면 미쳤네요ㅋㅋ 매장 뭐하는거임,"['차이', '미치다', '매장']",4,4
1552,식세기는 진짜 인생템이에요ㅠㅠ 이제 설거지 안해두 됨,"['세기', '인생', '설거지']",4,1
1553,오 축하드려용 근데 빌트인은 싱크대 작업 따로 해야되지않나요?,"['축하', '드리다', '빌트', '싱크대', '작업']",4,3
1554,애기있으면 무조건 사세요ㅋㅋ 진작살껄 후회됨,"['애기', '사다', '사다', '후회']",4,1
1555,아 이거 저도 당할뻔했어요ㅋㅋ 냉장고 살때 cm까지 다 재봤음,"['당하다', '냉장고', '사다', '재']",4,4
1556,ㅋㅋ앜ㅋㅋ 상상만해도 빡칠듯ㅠ 기사님도 난감하셨겠다,"['상상', '치다', '기사']",4,1
1557,2주ㅋㅋ 그새 빨래 어케하셨어요ㅠㅠ,"['그새', '빨래']",4,1
1558,앱으로 신청가능한게 개이득ㅇㅈ 전화할 필요없음,"['신청', '가능', '이득', '전화', '필요']",4,3
1559,오 저도 다음에 문제생기면 앱써봐야겟다ㅠ 정보감사,"['다음', '문제', '생기다', '쓰다', '정보', '감사']",4,3
1560,기사님 친절하셨나용?,"['기사', '친절']",4,1
1561,저도 작년에 급하게 산거 쓰는데 ㅇㅈ 물 엄청받아욬ㅋㅋ,"['작년', '급하다', '사다', '쓰다']",4,4
1562,위닉스꺼 괜찮죠! 근데 소음은 좀 있긴해요 ㅎㅎ,"['위닉스꺼', '괜찮다', '소음']",4,1
1563,문폭 체크 진짜 중요한데 ㄷㄷ 저희집은 못들어와서 반품했어요 ㅠ,"['체크', '중요', '들어오다', '반품']",4,4
1564,매장은 인건비 매장운영비 다 들어가서 비쌀수밖에 없죠ㅋㅋ,"['매장', '인건비', '매장', '운영비', '들어가다', '비싸다']",4,4
1565,헐 20만원이면 진짜 아깝다ㅠㅠ 저도 비슷한 경험 있어서 공감됨..,"['비슷하다', '경험', '공감']",4,1
1566,취소하고 다시 사시면 안되나요?,"['취소', '사다']",4,3
1567,아 이런거 진짜 열받죠ㅋㅋ 저도 예전에 30만원 손해봄,"['예전', '손해']",4,4
1568,헐 63? 저도 같은거 보고잇는데 그가격 실화에요?,"['가격', '실화']",4,1
1569,부럽ㅠㅠ 전 타이밍 놓쳐서 다시 90으로 올라갔더라구요ㄷㄷ,"['타이밍', '놓치다', '올라가다']",4,2
1570,오 축하해요! 저도 내년엔 미리 장바구니 담아놔야지,"['축하', '내년', '장바구니', '담다']",4,4
1571,시댁 설득하기 힘들지않았어요?ㅠ 저희는 반대가 심해서..,"['시댁', '설득', '힘들다', '반대', '심하다']",4,4
1572,오 저도 몰랐는데 이런 기능이 있었네요! 다음에 꼭 써봐야겠어요 ㄱㅅㄱㅅ,"['기능', '다음', '쓰다']",4,4
1573,진짜 이거 개꿀ㅋㅋ 예전엔 폐가전 버리기 진짜 골치였는데,"['예전', '가전', '버리다', '골치']",4,4
1574,엘포인트 다음번에 또 쓸수이써서 좋음 ㅇㅈ,"['포인트', '다음', '번', '쓰다', '쓰다', '좋다']",4,1
1575,저도 비스포크 알아보는중인데 몇칸짜리 구매하셨어요?,"['비스', '포크', '알아보다', '구매']",4,2
1576,색상 조합 ㄹㅇ 너무 많아서 결정장애옴ㅠ,"['색상', '조합', '많다', '결정', '장애']",4,2
1577,엘포 쌓이는게 은근 크죠ㅋㅋ 나중에 또 살때 쓸수잇어서,"['쌓이다', '은근', '크다', '사다', '쓰다']",4,2
1578,2+1이벤트 뭔가요? 지금도하나,"['이벤트', '지금']",4,4
1579,35만원 차이면 완전 이득이네요! 어떤 모델인지 알려주실수있나용?,"['차이', '이득', '모델', '알리다']",4,3
1580,색상은 진짜 직접봐야하는데 ㅋㅋ 그래도 그정도 할인이면 인정,"['색상', '할인', '인정']",4,2
1581,오 저도 디오스 고민중인데 참고할게요~,"['디오스', '고민', '참고']",4,3
1582,117이면 진짜 싼거에요? 저도 알아봐야겠네,"['싸다', '알아보다']",4,2
1583,오 저도 지금 알아보는중인데 진짜 싸네요ㄷㄷ,"['알아보다', '싸다']",4,2
1584,작년 7월에 급하게사서 65만원 줬던 기억이..ㅠㅠ 부럽,"['작년', '급하다', '사다', '기억']",4,4
1585,혹시 무선시간은 어떤가요? 궁금,"['무선', '시간']",4,3
1586,46이면 개이득ㅋㅋ 저 70에 샀는데 ㅠ,"['이득', '사다']",4,4
1587,어느 제품 사셨어요? 저도 공청기 알아보는중인데,"['제품', '사다', '알아보다']",4,2
1588,오 3만원 차이면 꽤 크네요 부럽,"['차이', '크다']",4,3
1589,저도 이번주에 주문했는데 아직 안왔어요ㅠ 얼마나 편하신가요?,"['주문', '편하다']",4,3
1590,SK매직 괜찮죠! 저는 2년째 쓰는중,"['매직', '괜찮다', '쓰다']",4,2
1591,공간 문제는 진짜 측정 잘 해야되요ㅜㅜ 저는 그거 때매 반품했었음,"['공간', '문제', '측정', '반품']",4,4
1592,애들있으면 식세기 필수죠 ㅋㅋ 저도 2년전에 질렀는데 인생템,"['세기', '필수', '지르다', '인생']",4,1
1593,헐 그건 진짜 황당하네요ㄷㄷ AS 전화는 해보셨어요?,['전화'],4,3
1594,문 사이즈 측정은 기본인데 기사님이 불친절하셨나봐요ㅜ,"['사이즈', '측정', '기본', '기사', '친절']",4,1
1595,앱으로 AS되는거 진짜 편하죠ㅎㅎ 저도 냉장고 그렇게 했어요,"['편하다', '냉장고']",4,1
1596,다음날 출동은 진짜 갓LG...,"['다음날', '출동']",4,3
1597,위닉스 쓰는데 조용하고 괜찮더라구요~ 가격대비 성능 좋음,"['닉스', '쓰다', '괜찮다', '가격', '대비', '성능', '좋다']",4,1
1598,15만원 차이면 크네요 ㄷㄷ 오프라인은 뭐하러 가나싶음,"['차이', '크다', '오프라인']",4,2
1599,저도 냉장고 살때 현카 10프로 놓쳐서 완전 후회중ㅠ,"['냉장고', '사다', '놓치다', '후회']",4,1
1600,헐 대박.. 저도 그때 장바구니만 담아놨는데 ㅠㅠ 후회중,"['그때', '장바구니', '담다', '후회']",4,1
1601,139면 진짜 개꿀이네요! 축하드려용,"['축하', '드리다']",4,3
1602,오 대박 백만원이요? 그정도면 신혼여행비 나오겠는데요 ㄷㄷ,"['신혼여행', '나오다']",4,1
1603,축하드려요~ 저도 내년에 결혼인데 참고할게요!,"['축하', '드리다', '내년', '결혼', '참고']",4,3
1604,시어머님 설득 성공ㅋㅋ 가격이 진리죠,"['시어머님', '설득', '성공', '가격', '진리']",4,3
1605,무료 수거 최고... 예전엔 용달 불러야했는데ㅠㅠ,"['무료', '수거', '최고', '예전', '부르다']",4,4
1606,이거 모르는 사람 의외로 많더라구요 꿀팁!,"['사람', '많다']",4,2
1607,배송 얼마나 걸렸나요? 저도 주문할까 고민중ㅋㅋ,"['배송', '걸리다', '주문', '고민']",4,3
1608,AS는 확실히 공식이 낫죠 ㅇㅇ 근데 가격이 문제라,"['공식', '가격', '문제']",4,3
1609,멤버십 가입하면 적립도 쏠쏠하더라구용 계속 쓰게됨ㄷㄷ,"['멤버십', '가입', '적립', '쓰다']",4,1
1610,앱연동 저도 한참 걸렸어요ㄷㄷ 그래도 익숙해지면 괜찮던데,"['연동', '걸리다', '괜찮다']",4,3
1611,동네매장 압박 실화냐구요ㅋㅋ공감,"['동네', '매장', '압박', '실화', '공감']",4,1
1612,색상 차이 어느정도예요? 저도 오브제 고민중이라..,"['색상', '차이', '오브제', '고민']",4,3
1613,저도 3월에 쿠팡에서 질렀는데 여름보다 40만원 쌌어요 ㄷㄷ,"['쿠팡', '지르다', '여름', '싸다']",4,4
1614,전 작년에 여름에 사서 2주 기다렸는데 ㅋㅋ 올해는 미리,"['작년', '여름', '사다', '기다리다', '올해']",4,4
1615,어떤 모델 사셨어요? 저도 고민중인데 추천부탁드려용,"['모델', '사다', '고민', '추천', '부탁드리다']",4,4
1616,79? 완전 싸게 사셨네 부럽,"['싸다', '사다']",4,2
1617,어떤제품 사셨나용? 저도 하나 사려구요,"['제품', '사다', '사다']",4,4
1618,S8 Pro Ultra 저도 쓰는데 개꿀 ㄷㄷ 온라인으로 사도 됩니다,"['쓰다', '온라인', '사다']",4,1
1619,택배비 아까워도 환불하고 다시사세요;; 그냥두면 더 스트레스임,"['택배비', '환불', '사다', '두다', '스트레스']",4,4
1620,전 삼성껀데 3일 기다렸어요 ㅋㅋ 부럽,"['삼성', '기다리다']",4,4
1621,LG몰앱에서 바로 신청되나요? 저도 해봐야지,['신청'],4,3
1622,위닉스 쓰는데 조용하고 좋아요~ 설치도 그냥 갖다놓기만 하면 되서 편해요,"['닉스', '쓰다', '좋다', '설치', '갖다', '놓다', '편하다']",4,1
1623,와 870리터면 진짜 크던데 계단으로? 대박ㄷㄷ,"['크다', '계단']",4,2
1624,음료수 센스 굿! 저도 다음엔 그래야겠다,"['음료수', '센스', '좋다', '다음']",4,1
1625,3층 계단.. 기사님들 진짜 대단하심ㅠㅠ,"['계단', '기사']",4,2
1626,근데 AS는 오프라인이 더 빠르다던데 그건 어떤가요?,"['오프라인', '빠르다']",4,2
1627,아 저도그때 카트에만담아놓고 결제안했다가 놓쳤어요ㅜㅜ 진짜후회중,"['그때', '카트', '담다', '결제', '놓치다', '후회']",4,1
1628,와 대박이네요 ㄷㄷ 저도 내년에 결혼인데 참고할게요!,"['대박', '내년', '결혼', '참고']",4,3
1629,시어머니 설득 성공 축하드려욬ㅋㅋ 요즘 온라인이 진짜 혜자죠,"['시어머니', '설득', '성공', '축하', '드리다', '요즘', '온라인', '혜자']",4,3
1630,시댁 인정받으셨으면 성공이닼ㅋㅋ 온라인이 대세긴 함,"['시댁', '성공', '온라인', '대세']",4,1
1631,저도 이거 몰라서 헷갈렸는데 편하네용,"['헷갈리다', '편하다']",4,3
1632,쿠팡도 폐가전 수거 되나요?,"['쿠팡', '가전', '수거']",4,4
1633,예전에 청소기 버리려고 동네 돌아다닌 기억이ㄷㄷ,"['예전', '청소기', '버리다', '동네', '돌아다니다', '기억']",4,4
1634,회원쿠폰 얼마나 할인되나요?,"['회원', '쿠폰', '할인']",4,3
1635,케어플러스 공짜로준다는게 진짜 개이득,"['케어', '플러스', '공짜', '이득']",4,3
1636,3일도 빠른거 아닌가요?ㅋㅋ 전 일주일 기다림,"['빠르다', '기다리다']",4,4
1637,멤버십 할인 얼마나 되나요?,"['멤버십', '할인']",4,1
1638,혹시 모델명 알수잇을까요? 저도 디오스 알아보는중이라,"['모델명', '디오스', '알아보다']",4,2
1639,40이면 진짜크네 ㅋㅋ 저는 20정도 차이났었는데,"['크다', '차이']",4,3
1640,다음날 바로요? 대박.. 전 일주일 걸린다길래 포기했던,"['다음날', '대박', '일주일', '걸리다', '포기']",4,3
1641,혹시 카드 어떤거 쓰셧나요?,"['카드', '쓰다']",4,1
1642,저 작년 5월에 샀는데 여름보다 20만원정도 쌌어요ㄷㄷ,"['작년', '사다', '여름', '싸다']",4,4
1643,전 작년에 6월되니까 배송 한달 기다렸습니다ㅋㅋ 미리가 답,"['작년', '배송', '기다리다']",4,4
1644,저도 요새 가격추적 앱 쓰는데 진짜 하루에도 천차만별이에요 ㄷㄷ,"['요새', '가격', '추적', '쓰다', '하루', '천차만별']",4,1
1645,매장 95는 좀 심하네 ㅠ,"['매장', '심하다']",4,4
1646,식세기는 인생템이에요...진작 살걸 후회중ㅋㅋ,"['세기', '인생', '사다', '후회']",4,1
1647,헐 배수구까지 생각 못했네요ㅠ 저도 조심해야겠다,"['헐다', '배수구', '생각', '조심']",4,3
1648,아 저도 비슷한 경험있어요ㅋㅋ큐ㅠ 냉장고 문짝 방향때문에 반품한적;;,"['비슷하다', '경험', '냉장고', '문짝', '방향', '반품']",4,1
1649,11번가는 반품 빠르긴한데 이런일 생기면 진짜 빡치죠ㅜㅜ,"['번가', '반품', '빠르다', '생기다', '치다']",4,3
1650,앱 어차피 as 동일하고 기간 끝나면 유상이니 싼 거 ㄱ 조굼씩 다르긴하다던데 인터넷이 가격 생각하면 더 낫지,"['동일', '기간', '끝나다', '유상', '싸다', '조구', '다르다', '인터넷', '가격', '생각']",4,3
1651,안그래도 모델 많아서 미쳐버리겠는데 홈쇼핑용 모델을 따로 만든다고? ㅋㅋ나도 그생각인데.. 아빠는 부품이 다르다 뭐가 하나 빠졌다 하시는데 그렇게 차이 둬서 만들기가 더 힘들지 않을까 싶어서 모델명이 같다면 동일합니다,"['모델', '많다', '미치다', '홈', '쇼핑', '모델', '만들다', '생각', '아빠', '부품', '다르다', '빠지다', '차이', '두다', '만들다', '힘들다', '모델명', '동일']",4,4
1652,고마워! 11번가 98만원이라 거기서 사야게따 😂 타임딜걸려서 임직원할인안붙음ㅋㅋ 헉 그럼 원래 더 싼데 오히려 지금 더 비싸진거야?,"['사야게따', '타임', '걸리다', '임직원', '할인', '붙다', '싸다', '비싸다']",4,2
1653,앱들어가서 신혼가전 싹다 확인해보니 제가 일일이 찾은것보다 조금씩 다 비쌉니다 동일제품인것도있고 아닌것도 있지만 기능으로 봤을때 작은것까지도 동일한 제품인데 금액은 비싼 사이트들이에요 7품목 총 계산해보니 90만원돈 차이가 나네요,"['들어가다', '신혼', '가전', '확인', '찾다', '비싸다', '동일', '제품', '기능', '작다', '동일', '제품', '금액', '비싸다', '사이트', '품목', '계산', '차이']",4,4
1654,와 진짜 복받으실거에요 엄청 고민중이었는데 제가 고민한거에다가 확신을 주셔서 넘 감사합니다 25년도 행복한 일만 가득하시고 대박나세요 이렇게 중요한 팁을 주시다니 다들 엄청 도움되실거에요 착하신분이시네요,"['고민', '고민', '확신', '감사', '행복', '중요', '도움', '착하다']",4,3
1655,흉기가 먼저한 신개념의 착취기술임 흉기모비스가 단순부품들 묘듈화해서 백미러 유리만깨져도 통으로갈아야하는걸로 바꿈 이런식의 묘듈화해서 부품교체비를 올려버림 그렇게 키운게 흉기모비스임,"['흉기', '개념', '착취', '기술', '흉기', '모비스', '단순', '부품', '묘듈', '백미러', '유리', '깨지다', '갈다', '바꾸다', '묘듈', '부품', '교체', '올리다', '키우다', '흉기', '모비스']",4,3
1656,이번에 결혼하고 가전 준비 하면서 그간에 비교해놓으신 영상이 많은 도움되었습니다 님 귀곰님 영상 강추 저희는 구축 집이 한 채 있어서 샤시제외 전체 리모델링비 부가세포함 2900만원 반지 스몰웨딩 신혼여행 가전제품 가구 전체 포함 2300만원 기존예산 2000만원 들었네요,"['결혼', '가전', '준비', '비교', '영상', '많다', '도움', '영상', '구축', '샤시제외', '전체', '리모델링', '부가세', '포함', '반지', '스몰', '웨딩', '신혼여행', '가전제품', '가구', '전체', '포함', '기존', '예산', '들다']",4,1
1657,유투브 자체를 잘안보고 네이버처럼 사용하는 사람인데 요리 레시피 등 필요할 때만 찾아서 보고 안보는 정말 너무너무 감사하고 자세한 영상에 감동해서 구독 좋아요 댓글 죄다 남기고 갑니다 앞으로도 화이팅하세요 d,"['유투브', '자체', '네이버', '사람', '요리', '레시피', '필요', '찾다', '감사', '영상', '감동', '구독', '좋다', '댓글', '남기다']",4,3
1658,구독 잘 안누르는 사람이고 누가 부탁하면 고민하고 누릅니다 인생에서 처음으로 자의로 구독 박습니다 뭐 살때마다 표로 만들어서 쫙 비교하고 사는 성격인데 그걸 다 해주시네요 천천히 정주행해보겠습니다 감사합니다 왜 이제 봤을까요,"['구독', '누르다', '사람', '부탁', '고민', '누르다', '인생', '자', '구독', '박스', '사다', '만들다', '비교', '사다', '성격', '주행', '감사']",4,3
1659,같은 제품이라도 자율가격제라 판매자마다 가격을 다르게 하기 때문에 가격은 아무 의미가 없다고 본다 돈이 넘쳐나는 부자가 아니라면 한번 쓰고 버리는 휴지를 비싼제품으로 살 이유는 없다고 본다,"['제품', '자율', '가격', '판매자', '가격', '다르다', '가격', '의미', '넘치다', '부자', '쓰다', '버리다', '휴지', '비싸다', '제품', '사다', '이유']",4,4
1660,와 유툽도 있었네요 옛날부터 물건 살 때 도움을 받아 늘 초록창에서 링크 공유했었는데 이런 좋은 사이트가 구독자 23만명 이런 좋은 사이트가 추천 구독 잘 안 누르는데 누르고 갑니다,"['유툽', '옛날', '물건', '사다', '도움', '초록', '링크', '공유', '좋다', '사이트', '구독자', '좋다', '사이트', '추천', '구독', '누르다', '누르다']",4,3
1661,그래요 우리 집안쪽에 as 하시는분 있는데 경력도 오래 되셨고 브랜드 다 뜯어보고 해서 요런거 살때 물어보고 사거든요 그래서 지인들도 살때 물어보고 따라 사는 케이스 브랜드 값이래요 브랜드 따지는 분들은 브랜드 보고 사는게 맞죠,"['안쪽', '경력', '브랜드', '뜯어보다', '사다', '사다', '지인', '살다', '따르다', '사다', '케이스', '브랜드', '브랜드', '따지다', '브랜드', '사다', '맞다']",4,4
1662,명쾌한 답변 감사드립니다 찾아봐도 잘 모르겠고 더 잘 아시는 분의 도움이 필요했는데 저처럼 질문하는 분들이 한 두 분이 아닐 것 같아서 답변 받을 거란 기대는 안 하고 있었어요 즐거운 저녁 보내세요,"['답변', '감사', '드리다', '찾다', '도움', '필요', '질문', '답변', '기대', '저녁', '보내다']",4,3
1663,남편이 검색해서 그럴수도요 같은 와이파이쓰면 유튭 알고리즘 가족끼리 떠요 예를들어 a가 햄스터 영상 찾아보면 b 유튭 알고리즘으로 햄스터영상 뜸 b가 문고리 수리 영상 찾아보면 a 알고리즘에 문수리하기 영상뜸 뜬금없는 영상들이 알고리즘에 뜬다면 우연이 아니라가족들이 찾아 본 거,"['남편', '검색', '와이파이', '쓰다', '유튭', '알고리즘', '가족', '뜨다', '들다', '햄스터', '영상', '찾아보다', '유튭', '알고리즘', '햄스터', '영상', '문고리', '수리', '영상', '찾아보다', '알고리즘', '수리', '영상', '뜬금없다', '영상', '알고리즘', '뜨다', '우연', '가족', '찾다']",4,2
1664,많은 도움이 되었습니다 장인정신이 발휘된 고급 컨텐츠네요 이런 댓글은 첨 달아봅니다 도움만 받고 도움드릴게 없어 지송할 정도 더 많은 구독자가 있어야 정상인데 제발 앞으로 더더더 대박나시길,"['많다', '도움', '장인', '정신', '발휘', '고급', '컨텐츠', '댓글', '달다', '도움', '도움', '드리다', '많다', '구독자', '정상']",4,3
1665,정말 유익하고 도움이 많이 됐어요 이걸 다 테스트하시고 영상만드시느라 정말 수고많으셨네요 그 열정과 노력에 응원의 박수 보내드리고 싶네요 원래 구독 잘 안누르는데 눌렸어요 계속 시청해보고 싶은 채널입니다 감사합니다,"['유익', '도움', '테스트', '영상', '수고', '많다', '열정', '노력', '응원', '박수', '보내다', '구독', '누르다', '눌리다', '시청', '채널', '감사']",4,3
1666,씨앤씨코퍼레이션 마케팅 담당자입니다 유튜브 협업 건 관련 이메일 보내드렸었는데 확인하셨는지 확인차 댓글 남깁니다 확인 후 답변 부탁드립니다 혹여나 메일을 받지 못하셨다면 스팸 메일함을 확인하시거나 말씀해주시면 다시 보내드리겠습니다,"['씨앤', '씨', '코퍼레이션', '마케팅', '담당자', '유튜브', '협업', '이메일', '보내다', '확인', '확인', '댓글', '남기다', '확인', '답변', '부탁', '드리다', '메일', '스팸', '메일', '확인', '말씀', '보내다']",4,3
1667,키보드 구매가이드 보러가기 키보드 추천제품 모아보기 영상 속 제품의 스펙 분석과 후기 확인하기 abko hacker 축교환 게이밍 기계식 블랙 3만원대 마이크로닉스 manic 마닉축 기계식 키보드 3만원대 maxtill tron rgb 축교환 방진축 4만원대 cox 블랙 게이트론 led 게이밍 기계식 6만원대 마이크로닉스 manic 엣지 rgb 카일박스축 7 8만원대 한성컴퓨터 tfg arf 체리 게이밍 기계식 한글 8 9만원대 cherry mx board 3 9만원대 영상에 포함되지 않은 다른 키보드 찾아보기 앱 다운로드 링크 홈페이지,"['키보드', '구매', '가이드', '키보드', '추천', '제품', '모으다', '영상', '제품', '스펙', '분석', '후기', '확인', '교환', '게이밍', '기계식', '블랙', '마이크', '닉스', '마닉축', '기계식', '키보드', '교환', '블랙', '게이트', '게이밍', '기계식', '마이크', '닉스', '엣지', '카일', '박스', '한성', '컴퓨터', '체리', '게이밍', '기계식', '한글', '영상', '포함', '키보드', '찾아보다', '다운로드', '링크', '홈페이지']",4,4
1668,잘 봤습니다 예전에 기계식 키보드 한 번 사서 써봤는데 저는 좀 별로더라구요 시끄럽고 타이핑 치는 것도 불편하고 해서요 아무래도 취향을 좀 타는듯 하네요 나중에 사무실에서 사용할 때 쓸만한 무소음 키보드 무소음 마우스도 한 번 해주세요,"['예전', '기계식', '키보드', '사다', '쓰다', '타이핑', '치다', '불편', '취향', '타다', '사무실', '쓰다', '소음', '키보드', '소음', '마우스']",4,1
1669,요즘 유튜브 같이만들어서 조횟수 빠는애들 많은데 진짜 이런사람들이 돈벌어야지 신인개그맨 새 끼들 주작해서 조횟수 빠는거보면 빡친다 힘내세요 구독했어요 진심 이런분이 잘됐으면 좋겠더,"['요즘', '유튜브', '만들다', '횟수', '빨다', '많다', '사람', '벌다', '신인', '개그맨', '주작', '횟수', '빨다', '치다', '힘내다', '구독', '진심', '좋다']",4,2
1670,진짜 찢었어요 이건 구독을 안 누를수가 없어 초보새댁인데 진심 겁내 도움이라요 이게 진정한 리뷰 당신의 정성에 감동 받고 카톡 플러스친구 추가도했어요 엉엉 핵감동이야 대박나세요 님,"['찢다', '구독', '누르다', '초보', '새댁', '진심', '겁내다', '도움', '리뷰', '정성', '감동', '카톡', '플러스', '친구', '추가', '감동']",4,3
1671,마켓 입점을 위한 과 프로그램 사용료 정도 입니다 중간에 그만두신다고 해서 위약금이나 불이익 등이 있지도 않구요 위에서 첨부드린 카페와 블로그 외에도 제가 이전부터 운영하던 카페와 블로그 유튜브 계정도 있고 정영민 tv나 구대판다 유튜브 등에 출연한 영상들도 있으니 관심있는 분들은 연락주시면 안내드리겠습니다 온라인 부업이나 투잡을 생각중인 분들이라면 좋은 기회가 되리라 생각합니다 이 외에 궁금하신 부분들이 있다거나 관심 있으신 분들은 아래 오카방 통해서 편하게 연락 주세요 d,"['마켓', '입점', '위하다', '프로그램', '사용료', '중간', '두다', '위약금', '이익', '첨부', '드리다', '카페', '블로그', '이전', '운영', '카페', '블로그', '유튜브', '계정', '대', '팔다', '유튜브', '출연', '영상', '관심', '연락', '내다', '드리다', '온라인', '부업', '생각', '좋다', '기회', '생각', '궁금하다', '관심', '아래', '오카', '통하다', '편하다', '연락']",4,1
1672,그냥 한국주식어플에서 삼성전자 이런 식으로 회사이름 검색하듯이 s p치면 그거 들어간 이티에프 쫙 나와요 그중에서 사면 돼요 한국주식 사는 거랑 똑같아요 저도 조금씩 사서 모으고 있는데 괜찮아요 간편하고 어느 종목이 좋은지 잘 모르면 지수추종이티에츠가 좋더라고요,"['한국', '주식', '어플', '삼성전자', '회사', '이름', '검색', '치다', '들어가다', '티에프', '나오다', '중', '사다', '한국', '주식', '사다', '똑같다', '사다', '모으다', '괜찮다', '간편하다', '종목', '좋다', '지수추종이티에츠가', '좋다']",4,1
1673,하이마트 베스트샵 여러군데 비교해봤는데 전 결국엔 롯데백화점에서 했어요 웨딩마일리지로 페이백 받는걸로 보통 인정금액이 1 2인데 더블마일리지 기간에 100퍼 인정 받구요 백화점에서 다른 혼수도 장만할거면 그것도 괜찮은 방법예요,"['하이마트', '베스트', '비교', '결국', '롯데백화점', '웨딩', '마일리지', '페이', '보통', '인정', '금액', '더블', '마일리지', '기간', '인정', '백화점', '혼수', '장만', '괜찮다', '방법']",4,1
1674,탈퇴처리 되나요 아님 그냥 글만 삭제 되나요 냉장고에 필름지 붙이고 맘에 들어서 글 올렸는데 추측하기론 어디서 구매할 수 있냐고 하셔서 제가 필름지를 구입한 내역을 캡처해서 올려가지구 보관게시판 간거같아요,"['탈퇴', '처리', '삭제', '냉장고', '필름', '붙이다', '들다', '올리다', '추측', '구매', '필름', '구입', '내역', '캡처', '올리다', '보관', '게시판']",4,2
1675,진짜공감되요 한국사람들 왜그렇게 차에 자기자신을 투영해요 누가뭐탄다 쟤이번에 제네시스삿다더라 왜 차로남을평가하죠 외국사는데 여긴 회사 ceo도 다뿌셔져가는차끌고다녀요 아무도 신경안씀,"['공감', '한국', '사람', '자신', '투영', '타다', '제네시스', '사다', '평가', '외국', '사다', '회사', '뿌시다', '끌다', '다니다', '신경', '쓰다']",4,4
1676,스마트스토어는 수량도 네이버에 요청해서 업데이트 하는게 아니라 운영하는 본인이 직접 수정할 수 있는거고 이런 사항을 알면 저 내용이 사기치는거라 바로 알 수 있었을텐데 저런 사기꾼들 싹 다 잡아 쳐 넣고 싶네요,"['스마트', '스토어', '수량', '네이버', '요청', '업데이트', '운영', '본인', '수정', '사항', '내용', '사기', '치다', '사기', '치다', '넣다']",4,3
1677,이 글 아니었으면 전혀 몰랐을 방법이네요 전 포인트 적립과 사용때문에라도 안하긴 했겠지만 순간 별생각없이 했을지도 모를일이죠 근데 홍보를 대대적으로 하고 있다니 네이버 지마켓 자주 이용하는데도 전혀 몰랐어요,"['방법', '포인트', '적립', '순간', '생각', '홍보', '대대적', '네이버', '마켓']",4,2
1678,맘카페 글올린다하세요 지키고있다가 하나하나 지적하면서 시키고 돈지불 첨부터 다하면 배째라던더 요 저런분들 주인지키고 있으면 여기저기 더해달라할까봐 끝났다 인사도 안하고 자기들끼리 귓속말하고 하나둘 빠져나가고 어느순간보면 아무도없더라구요,"['카페', '올리다', '지키다', '지적', '시키다', '지불', '째다', '주인', '지키다', '여기저기', '끝나다', '인사', '귓속말', '빠져나가다', '순간']",4,2
1679,게임하는 아들 두신 분들 궁금해요 계속 키보드 등 마우스 비싼것을 자꾸 사달라 합니다 물론 너무 비싸 중고 뒤지고 있지만요 다른 아이들도 컴퓨터 부속용품 사달라 계속 하나요 사주면 본인이 당근이나 이런곳에 되팔아 쓰고 하더라고요 원래 그런가요 저는 게임하는 맘은 아닙니다,"['게임', '아들', '두다', '궁금하다', '키보드', '마우스', '비싸다', '사다', '비싸다', '중', '고', '뒤지다', '아이', '컴퓨터', '부속', '용품', '사다', '사다', '본인', '당근', '되팔다', '쓰다', '게임']",4,4
1680,게임 점점하구 자기도 보는분이 생기고 알게되니 저절로 뭐가 좋은지 어쩐지 알게되더라구요 자기용돈 모아서 알아서 키보드 헤드셋 마우스 다 바꾸어서 사용했구요 컴터는 졸업하구 그럴때 업그레이드 해주었습니다,"['게임', '생기다', '좋다', '어쩌다', '용돈', '모으다', '키보드', '헤드셋', '마우스', '바꾸다', '졸업', '업그레이드']",4,4
1681,저는 처음엔 원하는 중저가 사주었고 그다음부터는 저렴한거 또는 본인용돈 구매하게해요 지금은 그냥저냥 있는거 만족하며 사용하는거같아요 겜하는것도 넘싫은데 키보드 마우스 등등 비싸게 사주긴 정말싫더라구요,"['원하다', '중저가', '사다', '다음', '본인', '용돈', '구매', '지금', '만족', '싫다', '키보드', '마우스', '비싸다', '사다', '싫다']",4,4
1682,갑자기 지금 생각남 20살때 집으로 걸려온 전화 타임연구 라는 월간 영어잡지인데 내 고등학교 출신자들한테 특별할인해준다구 2년 정기구독 했음 의욕과 달리 자꾸 밀려서 홀딩해놓구 잊고 있었는데 회사가 사라진듯 타임연구 행방 아시는분,"['생각', '걸리다', '전화', '타임', '연구', '월간', '영어', '잡지', '고등학교', '출신자', '특별', '할인', '정기', '구독', '의욕', '밀리다', '홀딩', '잊다', '회사', '사라지다', '타임', '연구', '행방']",4,3
