,content,tokens_final,cluster,action_cluster
0,tvl 구입할 때 이렇게 구입하시면 됩니다 가성비를 원한다면 화질과 크기에 적당한 밸런스를 원한다면 극강의 화지를 원한다면 안녕하세요 LG 전자 가전 세일즈 상위 0.1% 명예 대명장 출신 피크입니다 명예 대명장 얘기하는 이유요 그만큼 제가 tvl 쉽게 잘 알려 드릴 수 있기 때문에 말씀드려 봤습니다 빠질 수 없는 가전 중 하나가 바로 tv 근데 막상 tvl 보려고 하면 뭐가 좋은 건지 모르겠고 어떤 건 100만 원부터 어떤 건 1천만 원까지 훌쩍 넘어가니 머리가 아파집니다 일반적으로 TV 가 어려운 이유는 제조사마다 브랜드에 맞는 다른 용어를 쓰기 때문인데요 4k uhd 크리스탈 UHD 나노셀 q& qled 올레드 ja 4K AK 너무 헷갈립니다 용어와 브랜딩을 기억하기 전에 우선 한 가지만 기억해 주세요 tv's 가장 중요한 것은 화질입니다 쉽게 말하면 화질을 얼마나 좋게 하느냐에 따라서 금액이 올라간다고 보시면 되는데요 화질이 어떻게 좋아지는지 알고 라인업을 정리하면 tvN 아주 쉽습니다 세 가지만 기억하세요 HD qled 올레로 알려 드릴게요 첫 번째 UHD 있니다 저렴한 금액의 대형 인치를 원하시나요 그렇다면 UHD 딱입니다 uhdtv n 울트라 HDTV 또는 울트라 TV 아고 불리기도 합니다 저는 UHD tvl tvy 본질에 가장 충실한 제품이라고 표현하는데요 제가 이렇게 표현하는 이유는 기본적으로 필요한 기능은 다 들어가 있으면서 가장 경제적인 모델이기 때문입니다 uhdtv LED TV Pro 백라이트에서 빛을 쏴아 주는 방식 인데요 백라이트를 사용하는 방식은 영상에서 조명을 많이 사용하는 컨텐츠에 강합니다 예를 들어 스포츠 경기나 화려한 콘서트를 보는 경우에 적합한데요 백라이트에서 빛을 쏴 주게 되면 빛이 옆으로 퍼지는 것을 볼 수 있습니다 그래서 uhdtv 어두운 장면이 나올 때 검정색다는 회색에 가까운 컬러로 표현되며 색상 정확도가 다소 떨어집니다 다소 떨어지는 화질이라고 하더라도 저렴한 금액에 대형 인치를 원한다면 이만한 제품이 없을 것 겁니다 80인치 기준 200만 원대부터 구매할 수 있거든요 간혹 저렴한 tvr 하면 유튜브 넷플릭스 등 스마트 기능이 없는 건 아닌지 많이 궁금해하시는데요 모델마다 다를 순 있지만 대부분의 모델에는 스마트 기능이 있습니다 두 번째는 Q LED TV window uh uhdtv ES 부족했던 화질을 보완한 LED 제품입니다 퀀텀 다이라 기능을 통해 화질을 개선했는데 퀀텀닷은 양자점이 불리는 나노 스케일의 반도체 입자를 사용해서 백라이트의 색상을 조절합니다 삼성에서는 qled LG 있는 q& 아는 브랜딩을 사용하고 있습니다 더 쉽게 얘기하자면 qled n 아주 작은 입자로 빛을 방출할 때 특정 색상을 생성하기 때문에 uhdtv다는 색상 정확도와 밝기가 크게 향상됩니다 백라이트에서 나오는 빛번짐도 훨씬 덜하기 때문에 검정색에 가까운 컬러도 잘 구현합니다 처음에 알려드린 uhdtv 다 나은 화질을 원하신다면 추천드리는 제품입니다 80인치대 기준 200만 원 중후반부터 구매가 가능하고요 화질이 좋아지니 금액도 조금 더 올라갔네요 화질과 크기에 적당한 밸런스를 원한다면 qled 고려해 보세요 세 번째 올레드 TV 있니다 올레드 TV 지금까지 설명했던 것과는 전혀 다른 방식입니다 기존 제품들은 백라이트에서 빛을 쏴주는 LED 방식이었지만 올레드는 백라이트가 없이 각 픽셀이 개별적으로 자체 발광하는 방식입니다 기존 tvd이 아무리 얇아졌다 하더라도 올레드 패널이 훨씬 얇은 것도 백라이트가 없기 때문입니다 올레드 TV n 강력한 장점을 가지고 있는데요 첫 번째 어떤 각도에서 봐도 똑같아 보입니다 주방에서 식사를 하면서 tvl 보면 tvga 잘 안 보이는 경우가 있는데요 LED 방식의 TV n 정면이 아닌 방향에서는 잘 안 보입니다 하지만 올레드는 어느 각도에서 보더라도 변화가 거의 없다는게 장점입니다 두 번째 완벽한 검정색을 표현합니다 필요 없는 부분에는 빛이 켜지지 않기 때문에 빛이 세는게 아닌 완전한 검정색을 표현할 수 있습니다 요즘 넷플릭스 등 어두운 화면이 나오는 영상들이 많은데요 영화와 같은 영상들을 많이 보신다면 올레드의 좋은 화질을 훨씬 더 체감하실 수 있습니다 LG 그래만 판매됐던 올레드가 최근 삼성에서도 올레드를 재 출시하면서 앞으로 올레드 시장이 더 활성화될 것으로 보입니다 당연히 단점도 있습니다 첫 번째는 번인 현상인데요 번인 현상이란 디스플레이에 화소가 타버려서 누렇게 되거나 연구적인 잔상이 남는 것을 의미합니다 하지만 출시 10년 동안 많은 기술력을 통해 보완되고 있어 2023년이 현재는 크게 걱정하는 분위기는 아닙니다 두 번째는 금액입니다 출시 이후 65인치 기준 1천만 원 가까이 하던 제품들이 지금은 200만 원대에 구매가 가능하니 가격은 많이 안정화가 됐습니다 하지만 80인 이상 대형 인치로 갈수록 아직 금액이 비싼 부분은 단점이라고 할 수 있습니다 83인치 기준 900만 원이네요 UHD 다 무려 700만 원 가까이 비쌉니다 그만큼 좋다는 거겠죠 극강의 화질로 영화 한 편 한 편을 즐기고자 하는 분들은 명실상부 올레드를 선택하시면 됩니다 오늘 말씀드린 내용 정리해 보겠습니다가 성비를 원한다 UHD 화질과 크기의 적당한 밸런스를 원한다면 qled 극강의 화질을 원한다면 올래입니다 이렇게 라인업을 정하고 제품 내 세부 스펙을 결정하시면 나에게 맞는 tvl 결정하실 수 있을 겁니다 주변에서 많이 듣는 질문 세 가지를 더 가져왔는데요 하나는 4K AK 있던데 어떤 걸 사야 하나요입니다 제 개인적인 생각에 AK n 아직 시기상조다 생각합니다 이유는 케로도로 충분한 부분도 있지만 그것보다 아직 AK 촬영할 수 있는 장비나 컨텐츠가 부족하기 때문에 굳이 비용을 더 주고 akl 구매하진 않아도 된다고 생각합니다 예전에 UHD 처음 출시됐을 때를 생각하면 될 거 같은데요 UHD 처음 나왔을 때 굉장히 비쌌습니다 두 번째는 대기업 패널을 쓰는 중소기업 제품은 어떤가입니다 내가 생각하는 화질과 스마트 기능이 들어가 있고 금액이 정말 좋다면 나쁘지 않다고 생각합니다 하지만 한 가지 주의해야 할 부분이 있는데요 대기업 패널을 쓴다고 하더라도 AS n 제조사에서 하기 때문에 AS 잘 되는지 여부를 확인하고 구매하시면 될 것 같습니다 세 번째는 몇 인치를 해야 하나요입니다 아무리 tvN 거거 익선이 하더라도 집에 맞는 제품을 구매해야 하는데요 인터넷을 보면 공식 같은 것들이 있습니다 평수 더 20 혹은 평수 곱하기 0.24 이렇게 인치를 결정하는 것도 좋지만 제가 생각하는 가장 좋은 방법은 바로 평형대가 아닌 벽면의 길이와 시청 거리를 보는 것입니다 20 평형대를 하더라도 시청거리 가 멀다면 80인치 대도 충분히 가능합니다 2.5m 이상인 경우 65in 이상 제품을 고려하셔서 좋을 것 같습니다 제품마다 다르겠지만 백라이트 방식은 뒤에서 빛을 쏴 주는 방식이기 때문에 가까운 거리에서 대형 인치의 밝은 화면을 보면 눈에 안 좋을 수 있으니까이 점은 참고해 주세요이 세 가지 외에 더 궁금하신게 있다면 댓글 남겨 주세요 제가 말씀드린 내용을 참고해서 구매에 도움이 되셨으면 좋겠습니다 오늘도 영상이 도움되셨다면 구독과 좋아요 요청드립니다 다음에도 더 도움되는 영상으로 돌아오겠습니다 고맙습니다,"['구입', '구입', '가성비', '원하다', '화질', '크기', '밸런스', '원하다', '화지', '원하다', '안녕', '전자', '가전', '세일즈', '상위', '명예', '명장', '출신', '피크', '명예', '명장', '얘기', '이유', '알리다', '말씀', '드리다', '빠지다', '가전', '좋다', '넘다', '머리', '아프다', '일반', '이유', '제조사', '브랜드', '맞다', '용어', '쓰다', '크리스탈', '나노', '올레', '헷갈리다', '용어', '랜딩', '기억', '기억', '중요', '화질', '화질', '좋다', '따르다', '금액', '올라가다', '화질', '좋다', '라인업', '정리', '기억', '올레', '알리다', '금액', '대형', '울트라', '울트라', '아고', '불리', '본질', '충실', '제품', '표현', '표현', '이유', '기본', '필요', '기능', '들어가다', '경제', '모델', '백라이트', '방식', '백라이트', '방식', '영상', '조명', '컨텐츠', '강하다', '들다', '스포츠', '경기', '콘서트', '적합', '백라이트', '쏘다', '퍼지다', '장면', '나오다', '검정', '회색', '컬러', '표현', '색상', '정확도', '떨어지다', '떨어지다', '화질', '금액', '대형', '원하다', '제품', '기준', '구매', '유튜브', '넷플릭스', '스마트', '기능', '궁금하다', '모델', '다르다', '부분', '모델', '스마트', '기능', '부족', '화질', '보완', '제품', '퀀텀', '다이', '기능', '통하다', '화질', '개선', '퀀텀', '양자', '불리', '나노', '스케일', '반도체', '입자', '백라이트', '색상', '조절', '삼성', '랜딩', '얘기', '작다', '입자', '방출', '특정', '색상', '생성', '색상', '정확도', '밝다', '크다', '향상', '백라이트', '나오다', '번지', '검정', '컬러', '구현', '알리다', '화질', '추천', '드리다', '제품', '기준', '중후반', '구매', '가능', '화질', '좋다', '금액', '올라가다', '화질', '크기', '밸런스', '원하다', '고려', '올레', '올레', '지금', '설명', '다르다', '방식', '기존', '제품', '백라이트', '쏘다', '방식', '올레', '라이트', '픽셀', '개별', '자체', '발광', '방식', '기존', '얇다', '레드', '패널', '얇다', '백라이트', '올레', '장점', '가지다', '각도', '똑같다', '보이다', '주방', '식사', '보이다', '방식', '정면', '방향', '보이다', '올레', '각도', '변화', '장점', '완벽', '검정', '표현', '필요', '켜다', '세다', '검정', '표현', '요즘', '넷플릭스', '화면', '나오다', '영상', '많다', '영화', '영상', '올레', '좋다', '화질', '체감', '판매', '올레', '최근', '삼성', '올레', '출시', '레드', '시장', '활성', '보이다', '단점', '현상', '현상', '디스플레이', '화소', '타다', '연구', '잔상', '남다', '의미', '출시', '동안', '많다', '기술력', '통하다', '보완', '현재', '크다', '걱정', '분위기', '금액', '출시', '이후', '인치', '기준', '제품', '지금', '구매', '가능', '가격', '안정', '이상', '대형', '금액', '비싸다', '단점', '기준', '비싸다', '좋다', '화질', '영화', '즐기다', '명실상부', '레드', '선택', '말씀', '드리다', '내용', '정리', '성비', '화질', '크기', '밸런스', '원하다', '화질', '원하다', '라인업', '정하다', '제품', '세부', '스펙', '결정', '맞다', '결정', '주변', '질문', '가져오다', '사다', '개인', '생각', '시기상조', '생각', '이유', '케로', '촬영', '장비', '컨텐츠', '부족', '비용', '구매', '생각', '예전', '출시', '생각', '나오다', '비싸다', '기업', '패널', '쓰다', '중소기업', '제품', '생각', '화질', '스마트', '기능', '들어가다', '금액', '좋다', '나쁘다', '생각', '주의', '기업', '패널', '쓰다', '제조사', '여부', '확인', '구매', '익선', '맞다', '제품', '구매', '인터넷', '공식', '평수', '곱하다', '결정', '좋다', '생각', '좋다', '방법', '벽면', '길이', '시청', '거리', '시청', '거리', '멀다', '가능', '이상', '이상', '제품', '고려', '좋다', '제품', '다르다', '백라이트', '방식', '쏘다', '방식', '거리', '대형', '밝다', '화면', '좋다', '참고', '궁금하다', '댓글', '남기다', '말씀', '드리다', '내용', '참고', '구매', '도움', '좋다', '영상', '도움', '구독', '좋다', '요청', '드리다', '다음', '도움', '영상', '돌아오다']",5,1
1,"안녕하세요. 피크입니다. 제가 여러 가정들을 보면서 가장 어려움을 많이 느끼는 가정이 뭘까라고 해서 보면 바로 TV입니다. TV가 왜 어려울까라고 곰곰히 생각을 해 봤거든요. 첫 번째 용어가 일단 거부감을 줍니다. 두 번째는 우리가 구매할 수 있는 곳이 온라인 오프라인데 어딜 가더라도 화질에 대한 정확한 거를 우리가 보기가 어려운 거예요. 왜? 우리가 집에서 보는 거는 뭐 넷플릭스 보고 유튜브 보고 KBS, MBC, 뭐 JTBC 이런 걸 보는데 매장에서는 막상가 보면 굉장히 좋은 영상의 화질이 나오니까 얘도 좋고 쟤도 좋고 뭘 사야 될지 몰라요. 그래서 가까이 가서 금액표를 딱 보면 또 거부감이 옵니다. 왜 이렇게 비싸? 그렇죠? 집에 가서 그래서 검색을 딱 해 보면 조금 더 만만한 금일대의 제품들이 있거든요. 근데 문제는 뭐냐? 이게 좋은지 저게 좋은지 뭐 LG를 사야 되는지 삼성을 사야 되는지 또 추가로 요즘에 중국산 제품들도 많다 보니까 어려울 수밖에 없습니다. 그래서 제가 오늘은 다른 것보다 LG 삼성 제품들의 라인업을 비교해 드리면서 우리가 정말 이해하기 쉽게 제가 설명을 드려 볼게요. TV 전문가들께서는 굳이이 영상을 안 보셔도 됩니다. 정말 기본적이고 가이드를 잡는 정도. 그리고 구매하신데 꿀팁까지 알려 드리는 거기 때문에 팁이 어려우신 분들 영상 끝까지 봐 주세요. 출발. 오늘은 1타 강사 모드인데요. 자, 제가 LG삼성 제품 라인업에 대해서 쭉 써 놨습니다. 이거 보시면 일단 이해가 정말 쉬울 거예요. 첫 번째 일단 TV는 LCD 그리고 올레드 두 가지로 나눠지는데요. LCD는 백라이트에서 빛을 쏴 주는 방식에 우리가 흔히 알고 있는 팁이라고 보시면 됩니다. LG 같은 경우는 울트라 HD 나노셀 QNED 라인이 LCD 라인업이라고 보시면 되고 삼성은 크리스탈 UHD QLED 네오 QLED가 LCD 라인업입니다. 여기까지는 뒤에서 빛을 쏴 주는 방식이라고 보면 되고요. 그리고 요즘에 OLED 올레드 이런 얘기 많이 들어 보셨을 겁니다. 올레드 TV는 뒤에서 빛을 쏴 주는 방식이 아니라 패널 자체에서 발광하는 자발광이기 때문에 일반 LCD는 방식이 다르고요. 필요한 부분에만 빛을 밝히기 때문에 검정색 그 완벽한 블랙을 표현한다라고 보시면 됩니다. 그래서 올레드이 OLED 같은 경우는 LCD와는 다른 개념의 팁이라고 알고 계시면 되고 가장 높은 사양의 팁이기 때문에 그만큼 금액대도 조금 더 올라간다라고 이해를 하시면 됩니다. 여기까지 아시겠죠? 자, 그러면 각각에 어떤 차이가 있냐라고 말씀을 드리려고 하는데요. 라인업을 이렇게 나눈 이유가 우리에게 가장 익숙한 자동차로 설명을 드려 보겠습니다. 저는이 가장 기본적인 라인을 아반떼라고 얘기하고 싶어요. 그리고 쏘나타, 그랜저, 제네시스 이렇게 갑니다.이 울트라 HD와 크리스탈 UHD는 우리가 흔히 알고 있는 4K 화질, 요즘 얘기 많이 하죠. 4K 화질의 가장 기본형이라고 보면 됩니다. 그렇기 때문에 가성비가 좋고요. 가성비가 좋지만 화질만에 있어서는 막 엄청 좋은 화질은 아니다. 하지만 내가 조금 더 큰 인치에 4K TV를 사고 싶다라고 하면 가장 가성비 좋은 두 가지의 라인이라고 보시면 되고요. 그러면 여기서 한 단계 올라갈 때 뭐가 달라질까요? 바로 화질이 달라집니다. 나노셀은 미세 입자로 색을 걸러내서 화질을 조금 더 좋게 만드는 거라고 보면 되고요.이 크리스탈 UHD에서 QLED로 넘어올 때이 Q는 퀀텀이라는 필름으로 색을 풍부하게 만들어 줍니다. 즉 같은 빨강이라도 더 진한 빨강을 구현해 준다라고 보면 되는데요. 제가 QLED 제품도 구매해서 사용을 해 봤거든요. 어떤 차이가 있냐면 훨씬 더 색감이 쨍합니다. 그래서이 기본형 라인에서이 한 단계 소 라인으로 올라온다 그러면 색감이 조금 더 쨍해지는 부분이 있고 나노세 같은 경우는 일반적으로 TV를 정면에서 보겠지만 우리가 주방에서 밥을 먹으면서 거실에 있는 TV를 볼 때이 기본형 라인은 잘 안 보이거든요. 근데 두 번째 라인업으로 넘어오면서는 조금 더 시야 넓어진다라는 부분이 있습니다. 여기까지 이해되셨죠? 어, 그다음은 QLED에서 네오 QLED 그리고 QNED로 올라오는데요. 여기서 또 중요한 부분이 있습니다. 일단 LG부터 말씀을 드리면이 같은 Q가 들어갔잖아요. 기존에는 LG도 퀀텀 시트가 들어가 있었습니다. 근데 제가 기존에도라고 말씀드린 이유가 2025년부터는 퀀텀 시트가 아니라 LG가 자체 개발한 다이나믹 Q& 컬러 솔루션을 적용했다라고 얘기를 하고 있어서 사실 이제 퀀텀이 아닌 거예요. 이게 별거 아닌 거 같아도 굉장히 중요합니다. 왜냐? 최근에 TCL이라는 회사에서 퀀텀-이 들어가 있지 않은데 QLED라고 표현한 부분이 문제가 돼서 지금 미국에서 집단 소송 중이거든요. 이런 부분이 우리가 꼭 알고 있어야 되는 부분 중에 하나다라고 말씀을 드리고 두 번째 기존 라인업에서 그랜저로 넘어가면서 가장 크게 변화하는 건 뭐냐? 아까 백라이트에서 빛을 쏴 준다라고 말씀을 드렸잖아요. 예를 들어 불빛의 크기가 이렇게 크다라고 하게 되면이 불빛이 띄엄띄엄 있기 때문에 만약에 블랙 컬러를 구현한다라고 했을 때는 약간 탁하게 보이는 부분이 있습니다. 뭐 짙은 회색 이런 정도로 말씀을 드릴 텐데요. 그래서이 라인업부터는 어떤게 달라지냐? 미니 LED가 들어갑니다.이 올레드 TV에서 가장 좋은게 필요한 부분에만 빛이 나온다고 말씀드렸잖아요. LCD TV 안에서도 올레드만큼의 화질을 낼 수 있도록 LCD 라인에서 프리미엄 사용으로 만들었다라고 보시면 돼요. 그리고 잘 모르고 넘어가는 부분이 있는데 바로 로컬 디밍존입니다. TV는 화면을 여러 구역으로 나눠서 밝고 어두움을 조절하는데요.이 이 로컬 디존이 많을수록 검은색 표현이 깊어지고 명함 대비가 뚜렷해집니다. 다만 LG나 삼성 제품 상세 페이지 스펙을 보면 로컬 디밍존가 나와 있지 않습니다. 그래서 일반적으로는 모델 번호가 높을수록 로컬 디용수가 많아지고 밝기와 화질 엔진도 다 좋아진다 정도로 이해하시면 됩니다. 이해되시죠? 그래서 울트라 HD 나노셀 QNED이 순서 그리고 삼성에서 크리스탈 UHD QLED 네오 QLED 순서로 아반떼 쏘나타 그랜저 라인업으로 올라간다라고 보시면 됩니다. 어떠세요? 이해되셨죠? 자, 그럼 여기서 또 보실 때 뭐가 필요하냐? 우리가 인치를 보셔야 되잖아요. 우리가 흔히 55인치, 65in 75in 85in가 있습니다. 그러면 요즘에는 많이 구매하시는 것 중에 하나가 70인치대를 많이 구매를 하시는데 상세 페이지를 보게 되면 요즘에 인치로 나와 있지 않은 경우들이 있어요. 뭐냐? TV에 대각선 사이즈로 나오는 경우가 있어서 이게 몇 인치지 하고서 다시 내가 뒤를 돌아보고 다시 찾아봐야 되는 번거로움이 있어서 제가 또 꿀팁 하나 알려 드리겠습니다. 75는 대각선 사이즈가 몇이냐 또 찾아보고 하기 번거롭잖아요. 제가 하나 기발하게 생각한 건 키 175인 피크가 가장 부러워하는 키는 189cm입니다. 이해되셨나요? 키 175인 피크가 가장 부러워하는 사이즈는 189다. 그렇기 때문에 75인치는 189구나 이렇게 수능 공부하듯이 하나만 암기해 두시면 만약에 189보다 작다 하는 경우에는 65in 163cm 그리고 85in 같은 경우는 2m가 넘어갑니다. 그래서 제 영상을 보신 분들이라면 절대 헷갈리지 않으실 겁니다. 이해되셨죠? 자, 이제 모델명을 보면 모델명에도 뒤에 LG 3상 동일하게 숫자가 들어갑니다. 자, 60 70 80 그리고 뭐 삼성 같은 경우는 6 7 8 이런 식으로 나눠진다고 보시면 되는데이 옵션은 크게 화질과 사운드로 나눠진다라고 보시면 됩니다. 화질에서는 먼저 요즘에 4K냐 AK냐 얘기 많이 들어 보셨을 겁니다.이 4K인지 AK인지에 따라서 금액이 확 올라가거든요. 근데 아직까지는 우리가 흔히 보는 지상파 방송이나 OTT는 AK가 아니라 4K 영상이 나오기 때문에 굳이 더 비싼 돈을 주고 사실 필요는 없지 않을까라고 생각합니다. 그래서 가성비를 원하신다면 4K를 고르시는 걸 추천드립니다. 그리고 주사율인데요. 일반적으로 TV는 60Hz로 되어 있습니다.이 이 60Hz는 1초당 60개의 프레임이 움직인다라고 보시면 되는데 일반적으로 보는 영상에는 크게 상관없겠지만 만약에 고아질 게임을 하거나 화면 전환이 빠른 스포츠 영상을 즐기는 분들이라면 60보다는 120를 보시는 걸 추천드립니다. 이게 언제 체감했냐면 제가 아이폰을 쓰고 있는데 아이폰도 60Hz에서 120Hz로 딱 바뀌는 시점이 있었거든요. 화면을 넘기는 그 부드럽기가 완전 다르더라고요. 그래서 주사율의 차이로 TV의 옵션이 변한다라고 보시면 됩니다. 화질 말씀드리고 사운드를 말씀드릴게요. 사운드는 보통 20W, 40W, 60W 이렇게 나뉘고 그 옵션도 안에서 돌비 애트모스가 되냐 안 되냐 이런 식으로 볼 수 있는데요. 사실 사운드의 경우 우리가 사운드바을 통해서 업그레이드를 할 수 있는 부분이기 때문에 사운드보다는 화질에 집중해서 내가 원하는 스펙을 고르시는 걸 추천드립니다. 좀 치사한 얘기긴 한데요. LG 같은 경우는 리모컨의 사양에 따른 차이도 있습니다. 최근에 냉장고 영상을 올리면서도 말씀을 드렸던 건데 냉장고에 접이식 선반을 넣고 빼고에 따른 또 스펙 차이가 있는 것처럼 LG에서는 리모컨 사용의 차이가 있습니다. LG 리모컨이 생각보다 굉장히 편하거든요. 어떤 분이 편하냐?이 마우스 포인터처럼 화면을 움직일 수가 있어요. 근데 그런 좋은 걸 뺀 거죠. 그리고 별도 구매를 하게 합니다. 금액은 한 5만6,000원 정도인데 약간의 차이는 있을 수 있습니다. 그러면 이걸 말씀드리는 이유가 우리 가장 많이 고민하는 것 중에 하나가 그랜저 깡통을 살 거냐, 쏘나타 풀옵션을 살 거냐에 있어서의 또 선택을 하실 수가 있잖아요. 우리가이 정도 라인업 알고 숫자가 클수록 차이가 있다는 부분을 아신다면 내가 나노셀 인치를 더 큰 걸로 사양 좋은 걸 살지 아니면 QNED 모델로 해서 조금 더 화질 좋은 걸 구매를 할지를 결정할 수 있게 된다는 얘긴 겁니다. 그래서 TV는 화질과 사운드로 나눠지고 디테일한 부분은 약간의 차이가 있겠지만이 숫자가 클수록 더 높은 모델이다 정도를 알고 계시면 됩니다. 그리고 TV의 인치를 어떻게 해야 될까라고 궁금하신 분들 많거든요. 사실 저는 엄청 큰 사이즈가 무조건 좋다라고 하는 주인은 아닙니다. 왜냐면 구매를 할 때는 사실 잘 모를 수 있는데 이사를 한번 해 보시면 압니다.이 이 인치가 80 이상이 되는 모델과 80in 이하 모델의 배송, 운반류, 다시 재설치비 이런 부분에서 차이가 있기 때문에 인치를 너무 큰 걸 한다기보다는 저는 그래서 아까 기준을 175인 피크를 예를 들었던 이유가 75인치를 기준을 두고서 구매 여부를 생각해 보시면 좋을 것 같습니다. 만약에 내가 30형대 이상이다 하시는 분들은 75인치 이상 되는 것도 당연히 만족하실 수 있지만 이외에 비용이 발생한다는 부분도 알고 계시면 됩니다. 요즘에는 다른 브랜드에서 100인치 넘는게 많이 나오거든요. 이전 설치 비용이 100만 원이 넘습니다. 살 땐 몰랐죠. 이런 거를 살 때 안 알려 주잖아요. 그래서이 부분까지 말씀을 드리고 싶었습니다. 오프라인에서 구매하기 쉽지 않은 이유가 뭐냐면 매장을 딱 들어가면 일단 화질이 다 좋아요. 얘도 좋고 쟤도 좋고 뭐가 다른지 모르겠어요. 근데 우리 상담해 주는 직원이 얘기를 하죠. 아 저거는 올레드라서요. 저건 뭐라서요? 금액표를 딱 보면 거부감이 생겨요. 어 너무 비싸거든요. 그래서 집에 와서 검색을 딱 해 보면 뭐라고 써 있냐? 다 좋은 몰입감에 실제와 같은 컬러에 막 이런 얘기가 써 있잖아요. 이럴 수밖에 없는 이유가 매장에서는 고아질 영상을 켜 놓기 때문입니다. 그래서 우리가 일반적으로 화면에 켜져 있는 화질과 집에서 보는게 다를 수밖에 없거든요. 그럴 때 할 수 있는 방법 알려 드릴게요. 뭐냐면 바로 영상 하나를 딱 정해서 직접 가서 켜오는 겁니다. 무슨 얘기냐면 저 같은 경우는 상담을 많이 해 봤잖아요. 그럴 때 유튜브에서 어벤져스 예고편을 딱 틀어서 보여 드렸거든요. 지금도 제가 이게 화질이 얼마나 좋은지를 비교할 때 매장감이 항상 켜 봅니다. 그러면 어느 정도 수준인지가 눈에 보여요. 유튜브에서 어벤져스 예고편을 검색해서 켜면 어떤 장면들이 있냐? 일단 토니 스타크가 우주에 갇혀 있습니다. 그리고 별들이 촉촉 박혀 있어요. 근데 울트라 HD나 크린스타 UHD TV로 딱 보면 힙역해 보여요. 화질이 매우 떨어지거든요. 여기서 올라가면 조금 더 보정이 되고 보완이 되는게 느껴져요. 그럴 때 내가 어떤 정도를 하고 싶은지를 고르시면 됩니다.이 이 제가이 말씀드리는 결론은 여러 가지 다양한 화면을 켜 놓거나 혹은 다른 장면을 켜 놓으면 비교가 안 되기 때문에 어벤져스 예고편 추천드립니다. 이거 하면 TV 잘실 수 있어요. 오늘은 TV를 고르는데 있어서 좀 편하게 고르실 수 있는 라인업에 대해서 말씀을 드렸는데요.이 이 정도 알고 계시면 온라인에서 구매를 하든 오프라인에서 구매를 하시든 어느 정도 가이드가 잡혀서 직업말 혹은 상세 페이지에만 얘기를 듣지 않아도 어느 정도 가이드가 될 겁니다. 제 채널을 보시는 분들은 꼭 합리적인 소비를 하셨으면 좋겠습니다. 오늘 영상은 여기까지고요. 영상을 시청해 주셔서 감사합니다. 고맙습니다. 안녕하세요. 피크입니다. 제가 여러 가정들을 보면서 가장 어려움을 많이 느끼는 가정이 뭘까라고 해서 보면 바로 TV입니다. TV가 왜 어려울까라고 곰곰히 생각을 해 봤거든요. 첫 번째 용어가 일단 거부감을 줍니다. 두 번째는 우리가 구매할 수 있는 곳이 온라인 오프라인데 어딜 가더라도 화질에 대한 정확한 거를 우리가 보기가 어려운 거예요. 왜? 우리가 집에서 보는 거는 뭐 넷플릭스 보고 유튜브 보고 KBS, MBC, 뭐 JTBC 이런 걸 보는데 매장에서는 막상가 보면 굉장히 좋은 영상의 화질이 나오니까 얘도 좋고 쟤도 좋고 뭘 사야 될지 몰라요. 그래서 가까이 가서 금액표를 딱 보면 또 거부감이 옵니다. 왜 이렇게 비싸? 그렇죠? 집에 가서 그래서 검색을 딱 해 보면 조금 더 만만한 금일대의 제품들이 있거든요. 근데 문제는 뭐냐? 이게 좋은지 저게 좋은지 뭐 LG를 사야 되는지 삼성을 사야 되는지 또 추가로 요즘에 중국산 제품들도 많다 보니까 어려울 수밖에 없습니다. 그래서 제가 오늘은 다른 것보다 LG 삼성 제품들의 라인업을 비교해 드리면서 우리가 정말 이해하기 쉽게 제가 설명을 드려 볼게요. TV 전문가들께서는 굳이이 영상을 안 보셔도 됩니다. 정말 기본적이고 가이드를 잡는 정도. 그리고 구매하신데 꿀팁까지 알려 드리는 거기 때문에 팁이 어려우신 분들 영상 끝까지 봐 주세요. 출발. 오늘은 1타 강사 모드인데요. 자, 제가 LG삼성 제품 라인업에 대해서 쭉 써 놨습니다. 이거 보시면 일단 이해가 정말 쉬울 거예요. 첫 번째 일단 TV는 LCD 그리고 올레드 두 가지로 나눠지는데요. LCD는 백라이트에서 빛을 쏴 주는 방식에 우리가 흔히 알고 있는 팁이라고 보시면 됩니다. LG 같은 경우는 울트라 HD 나노셀 QNED 라인이 LCD 라인업이라고 보시면 되고 삼성은 크리스탈 UHD QLED 네오 QLED가 LCD 라인업입니다. 여기까지는 뒤에서 빛을 쏴 주는 방식이라고 보면 되고요. 그리고 요즘에 OLED 올레드 이런 얘기 많이 들어 보셨을 겁니다. 올레드 TV는 뒤에서 빛을 쏴 주는 방식이 아니라 패널 자체에서 발광하는 자발광이기 때문에 일반 LCD는 방식이 다르고요. 필요한 부분에만 빛을 밝히기 때문에 검정색 그 완벽한 블랙을 표현한다라고 보시면 됩니다. 그래서 올레드이 OLED 같은 경우는 LCD와는 다른 개념의 팁이라고 알고 계시면 되고 가장 높은 사양의 팁이기 때문에 그만큼 금액대도 조금 더 올라간다라고 이해를 하시면 됩니다. 여기까지 아시겠죠? 자, 그러면 각각에 어떤 차이가 있냐라고 말씀을 드리려고 하는데요. 라인업을 이렇게 나눈 이유가 우리에게 가장 익숙한 자동차로 설명을 드려 보겠습니다. 저는이 가장 기본적인 라인을 아반떼라고 얘기하고 싶어요. 그리고 쏘나타, 그랜저, 제네시스 이렇게 갑니다.이 울트라 HD와 크리스탈 UHD는 우리가 흔히 알고 있는 4K 화질, 요즘 얘기 많이 하죠. 4K 화질의 가장 기본형이라고 보면 됩니다. 그렇기 때문에 가성비가 좋고요. 가성비가 좋지만 화질만에 있어서는 막 엄청 좋은 화질은 아니다. 하지만 내가 조금 더 큰 인치에 4K TV를 사고 싶다라고 하면 가장 가성비 좋은 두 가지의 라인이라고 보시면 되고요. 그러면 여기서 한 단계 올라갈 때 뭐가 달라질까요? 바로 화질이 달라집니다. 나노셀은 미세 입자로 색을 걸러내서 화질을 조금 더 좋게 만드는 거라고 보면 되고요.이 크리스탈 UHD에서 QLED로 넘어올 때이 Q는 퀀텀이라는 필름으로 색을 풍부하게 만들어 줍니다. 즉 같은 빨강이라도 더 진한 빨강을 구현해 준다라고 보면 되는데요. 제가 QLED 제품도 구매해서 사용을 해 봤거든요. 어떤 차이가 있냐면 훨씬 더 색감이 쨍합니다. 그래서이 기본형 라인에서이 한 단계 소 라인으로 올라온다 그러면 색감이 조금 더 쨍해지는 부분이 있고 나노세 같은 경우는 일반적으로 TV를 정면에서 보겠지만 우리가 주방에서 밥을 먹으면서 거실에 있는 TV를 볼 때이 기본형 라인은 잘 안 보이거든요. 근데 두 번째 라인업으로 넘어오면서는 조금 더 시야 넓어진다라는 부분이 있습니다. 여기까지 이해되셨죠? 어, 그다음은 QLED에서 네오 QLED 그리고 QNED로 올라오는데요. 여기서 또 중요한 부분이 있습니다. 일단 LG부터 말씀을 드리면이 같은 Q가 들어갔잖아요. 기존에는 LG도 퀀텀 시트가 들어가 있었습니다. 근데 제가 기존에도라고 말씀드린 이유가 2025년부터는 퀀텀 시트가 아니라 LG가 자체 개발한 다이나믹 Q& 컬러 솔루션을 적용했다라고 얘기를 하고 있어서 사실 이제 퀀텀이 아닌 거예요. 이게 별거 아닌 거 같아도 굉장히 중요합니다. 왜냐? 최근에 TCL이라는 회사에서 퀀텀-이 들어가 있지 않은데 QLED라고 표현한 부분이 문제가 돼서 지금 미국에서 집단 소송 중이거든요. 이런 부분이 우리가 꼭 알고 있어야 되는 부분 중에 하나다라고 말씀을 드리고 두 번째 기존 라인업에서 그랜저로 넘어가면서 가장 크게 변화하는 건 뭐냐? 아까 백라이트에서 빛을 쏴 준다라고 말씀을 드렸잖아요. 예를 들어 불빛의 크기가 이렇게 크다라고 하게 되면이 불빛이 띄엄띄엄 있기 때문에 만약에 블랙 컬러를 구현한다라고 했을 때는 약간 탁하게 보이는 부분이 있습니다. 뭐 짙은 회색 이런 정도로 말씀을 드릴 텐데요. 그래서이 라인업부터는 어떤게 달라지냐? 미니 LED가 들어갑니다.이 올레드 TV에서 가장 좋은게 필요한 부분에만 빛이 나온다고 말씀드렸잖아요. LCD TV 안에서도 올레드만큼의 화질을 낼 수 있도록 LCD 라인에서 프리미엄 사용으로 만들었다라고 보시면 돼요. 그리고 잘 모르고 넘어가는 부분이 있는데 바로 로컬 디밍존입니다. TV는 화면을 여러 구역으로 나눠서 밝고 어두움을 조절하는데요.이 이 로컬 디존이 많을수록 검은색 표현이 깊어지고 명함 대비가 뚜렷해집니다. 다만 LG나 삼성 제품 상세 페이지 스펙을 보면 로컬 디밍존가 나와 있지 않습니다. 그래서 일반적으로는 모델 번호가 높을수록 로컬 디용수가 많아지고 밝기와 화질 엔진도 다 좋아진다 정도로 이해하시면 됩니다. 이해되시죠? 그래서 울트라 HD 나노셀 QNED이 순서 그리고 삼성에서 크리스탈 UHD QLED 네오 QLED 순서로 아반떼 쏘나타 그랜저 라인업으로 올라간다라고 보시면 됩니다. 어떠세요? 이해되셨죠? 자, 그럼 여기서 또 보실 때 뭐가 필요하냐? 우리가 인치를 보셔야 되잖아요. 우리가 흔히 55인치, 65in 75in 85in가 있습니다. 그러면 요즘에는 많이 구매하시는 것 중에 하나가 70인치대를 많이 구매를 하시는데 상세 페이지를 보게 되면 요즘에 인치로 나와 있지 않은 경우들이 있어요. 뭐냐? TV에 대각선 사이즈로 나오는 경우가 있어서 이게 몇 인치지 하고서 다시 내가 뒤를 돌아보고 다시 찾아봐야 되는 번거로움이 있어서 제가 또 꿀팁 하나 알려 드리겠습니다. 75는 대각선 사이즈가 몇이냐 또 찾아보고 하기 번거롭잖아요. 제가 하나 기발하게 생각한 건 키 175인 피크가 가장 부러워하는 키는 189cm입니다. 이해되셨나요? 키 175인 피크가 가장 부러워하는 사이즈는 189다. 그렇기 때문에 75인치는 189구나 이렇게 수능 공부하듯이 하나만 암기해 두시면 만약에 189보다 작다 하는 경우에는 65in 163cm 그리고 85in 같은 경우는 2m가 넘어갑니다. 그래서 제 영상을 보신 분들이라면 절대 헷갈리지 않으실 겁니다. 이해되셨죠? 자, 이제 모델명을 보면 모델명에도 뒤에 LG 3상 동일하게 숫자가 들어갑니다. 자, 60 70 80 그리고 뭐 삼성 같은 경우는 6 7 8 이런 식으로 나눠진다고 보시면 되는데이 옵션은 크게 화질과 사운드로 나눠진다라고 보시면 됩니다. 화질에서는 먼저 요즘에 4K냐 AK냐 얘기 많이 들어 보셨을 겁니다.이 4K인지 AK인지에 따라서 금액이 확 올라가거든요. 근데 아직까지는 우리가 흔히 보는 지상파 방송이나 OTT는 AK가 아니라 4K 영상이 나오기 때문에 굳이 더 비싼 돈을 주고 사실 필요는 없지 않을까라고 생각합니다. 그래서 가성비를 원하신다면 4K를 고르시는 걸 추천드립니다. 그리고 주사율인데요. 일반적으로 TV는 60Hz로 되어 있습니다.이 이 60Hz는 1초당 60개의 프레임이 움직인다라고 보시면 되는데 일반적으로 보는 영상에는 크게 상관없겠지만 만약에 고아질 게임을 하거나 화면 전환이 빠른 스포츠 영상을 즐기는 분들이라면 60보다는 120를 보시는 걸 추천드립니다. 이게 언제 체감했냐면 제가 아이폰을 쓰고 있는데 아이폰도 60Hz에서 120Hz로 딱 바뀌는 시점이 있었거든요. 화면을 넘기는 그 부드럽기가 완전 다르더라고요. 그래서 주사율의 차이로 TV의 옵션이 변한다라고 보시면 됩니다. 화질 말씀드리고 사운드를 말씀드릴게요. 사운드는 보통 20W, 40W, 60W 이렇게 나뉘고 그 옵션도 안에서 돌비 애트모스가 되냐 안 되냐 이런 식으로 볼 수 있는데요. 사실 사운드의 경우 우리가 사운드바을 통해서 업그레이드를 할 수 있는 부분이기 때문에 사운드보다는 화질에 집중해서 내가 원하는 스펙을 고르시는 걸 추천드립니다. 좀 치사한 얘기긴 한데요. LG 같은 경우는 리모컨의 사양에 따른 차이도 있습니다. 최근에 냉장고 영상을 올리면서도 말씀을 드렸던 건데 냉장고에 접이식 선반을 넣고 빼고에 따른 또 스펙 차이가 있는 것처럼 LG에서는 리모컨 사용의 차이가 있습니다. LG 리모컨이 생각보다 굉장히 편하거든요. 어떤 분이 편하냐?이 마우스 포인터처럼 화면을 움직일 수가 있어요. 근데 그런 좋은 걸 뺀 거죠. 그리고 별도 구매를 하게 합니다. 금액은 한 5만6,000원 정도인데 약간의 차이는 있을 수 있습니다. 그러면 이걸 말씀드리는 이유가 우리 가장 많이 고민하는 것 중에 하나가 그랜저 깡통을 살 거냐, 쏘나타 풀옵션을 살 거냐에 있어서의 또 선택을 하실 수가 있잖아요. 우리가이 정도 라인업 알고 숫자가 클수록 차이가 있다는 부분을 아신다면 내가 나노셀 인치를 더 큰 걸로 사양 좋은 걸 살지 아니면 QNED 모델로 해서 조금 더 화질 좋은 걸 구매를 할지를 결정할 수 있게 된다는 얘긴 겁니다. 그래서 TV는 화질과 사운드로 나눠지고 디테일한 부분은 약간의 차이가 있겠지만이 숫자가 클수록 더 높은 모델이다 정도를 알고 계시면 됩니다. 그리고 TV의 인치를 어떻게 해야 될까라고 궁금하신 분들 많거든요. 사실 저는 엄청 큰 사이즈가 무조건 좋다라고 하는 주인은 아닙니다. 왜냐면 구매를 할 때는 사실 잘 모를 수 있는데 이사를 한번 해 보시면 압니다.이 이 인치가 80 이상이 되는 모델과 80in 이하 모델의 배송, 운반류, 다시 재설치비 이런 부분에서 차이가 있기 때문에 인치를 너무 큰 걸 한다기보다는 저는 그래서 아까 기준을 175인 피크를 예를 들었던 이유가 75인치를 기준을 두고서 구매 여부를 생각해 보시면 좋을 것 같습니다. 만약에 내가 30형대 이상이다 하시는 분들은 75인치 이상 되는 것도 당연히 만족하실 수 있지만 이외에 비용이 발생한다는 부분도 알고 계시면 됩니다. 요즘에는 다른 브랜드에서 100인치 넘는게 많이 나오거든요. 이전 설치 비용이 100만 원이 넘습니다. 살 땐 몰랐죠. 이런 거를 살 때 안 알려 주잖아요. 그래서이 부분까지 말씀을 드리고 싶었습니다. 오프라인에서 구매하기 쉽지 않은 이유가 뭐냐면 매장을 딱 들어가면 일단 화질이 다 좋아요. 얘도 좋고 쟤도 좋고 뭐가 다른지 모르겠어요. 근데 우리 상담해 주는 직원이 얘기를 하죠. 아 저거는 올레드라서요. 저건 뭐라서요? 금액표를 딱 보면 거부감이 생겨요. 어 너무 비싸거든요. 그래서 집에 와서 검색을 딱 해 보면 뭐라고 써 있냐? 다 좋은 몰입감에 실제와 같은 컬러에 막 이런 얘기가 써 있잖아요. 이럴 수밖에 없는 이유가 매장에서는 고아질 영상을 켜 놓기 때문입니다. 그래서 우리가 일반적으로 화면에 켜져 있는 화질과 집에서 보는게 다를 수밖에 없거든요. 그럴 때 할 수 있는 방법 알려 드릴게요. 뭐냐면 바로 영상 하나를 딱 정해서 직접 가서 켜오는 겁니다. 무슨 얘기냐면 저 같은 경우는 상담을 많이 해 봤잖아요. 그럴 때 유튜브에서 어벤져스 예고편을 딱 틀어서 보여 드렸거든요. 지금도 제가 이게 화질이 얼마나 좋은지를 비교할 때 매장감이 항상 켜 봅니다. 그러면 어느 정도 수준인지가 눈에 보여요. 유튜브에서 어벤져스 예고편을 검색해서 켜면 어떤 장면들이 있냐? 일단 토니 스타크가 우주에 갇혀 있습니다. 그리고 별들이 촉촉 박혀 있어요. 근데 울트라 HD나 크린스타 UHD TV로 딱 보면 힙역해 보여요. 화질이 매우 떨어지거든요. 여기서 올라가면 조금 더 보정이 되고 보완이 되는게 느껴져요. 그럴 때 내가 어떤 정도를 하고 싶은지를 고르시면 됩니다.이 이 제가이 말씀드리는 결론은 여러 가지 다양한 화면을 켜 놓거나 혹은 다른 장면을 켜 놓으면 비교가 안 되기 때문에 어벤져스 예고편 추천드립니다. 이거 하면 TV 잘실 수 있어요. 오늘은 TV를 고르는데 있어서 좀 편하게 고르실 수 있는 라인업에 대해서 말씀을 드렸는데요.이 이 정도 알고 계시면 온라인에서 구매를 하든 오프라인에서 구매를 하시든 어느 정도 가이드가 잡혀서 직업말 혹은 상세 페이지에만 얘기를 듣지 않아도 어느 정도 가이드가 될 겁니다. 제 채널을 보시는 분들은 꼭 합리적인 소비를 하셨으면 좋겠습니다. 오늘 영상은 여기까지고요. 영상을 시청해 주셔서 감사합니다. 고맙습니다.","['안녕', '피크', '가정', '어려움', '가정', '생각', '용어', '거부감', '구매', '온라인', '오프라인', '화질', '대하다', '정확', '넷플릭스', '유튜브', '매장', '좋다', '영상', '화질', '나오다', '좋다', '좋다', '사다', '금액', '거부감', '비싸다', '검색', '대', '제품', '문제', '좋다', '좋다', '사다', '삼성', '사다', '추가', '요즘', '중국', '제품', '많다', '오늘', '삼성', '제품', '라인업', '비교', '이해', '설명', '드리다', '전문가', '영상', '기본', '가이드', '구매', '알리다', '영상', '출발', '오늘', '강사', '모드', '삼성', '제품', '라인업', '대하다', '쓰다', '이해', '올레', '나누다', '늘다', '백라이트', '쏘다', '방식', '울트라', '나노', '라인', '라인업', '삼성', '크리스탈', '네오', '라인업', '쏘다', '방식', '요즘', '올레', '얘기', '올레', '쏘다', '방식', '패널', '자체', '발광', '발광', '일반', '늘다', '방식', '다르다', '필요', '밝히다', '검정', '완벽', '블랙', '표현', '올레', '다르다', '개념', '높다', '사양', '금액', '올라가다', '이해', '각각', '차이', '말씀', '드리다', '라인업', '나누다', '이유', '자동차', '설명', '드리다', '기본', '라인', '아반떼', '얘기', '쏘나타', '그랜저', '제네시스', '울트라', '크리스탈', '늘다', '화질', '요즘', '얘기', '화질', '기본', '가성비', '좋다', '가성비', '좋다', '화질', '좋다', '화질', '크다', '사다', '가성비', '좋다', '라인', '단계', '올라가다', '달라지다', '화질', '달라지다', '나노', '미세', '입자', '거르다', '화질', '좋다', '크리스탈', '넘어오다', '퀀텀', '필름', '만들다', '빨강', '진하다', '빨강', '구현', '제품', '구매', '차이', '색감', '기본', '라인', '단계', '라인', '올라오다', '색감', '나노', '세', '일반', '정면', '주방', '먹다', '거실', '기본', '라인', '보이다', '라인업', '넘어오다', '시', '넓다', '이해', '다음', '네오', '올라오다', '중요', '말씀', '드리다', '들어가다', '기존', '퀀텀', '시트', '들어가다', '기존', '말씀', '드리다', '이유', '퀀텀', '시트', '자체', '개발', '다이나믹', '컬러', '솔루션', '적용', '얘기', '퀀텀', '별거', '중요', '최근', '회사', '퀀텀', '들어가다', '표현', '문제', '미국', '집단', '소송', '말씀', '드리다', '기존', '라인업', '그랜저', '넘어가다', '크다', '변화', '백라이트', '쏘다', '말씀', '드리다', '들다', '불빛', '크기', '크다', '불빛', '만약', '블랙', '컬러', '구현', '탁하다', '보이다', '짙다', '회색', '말씀', '드리다', '라인업', '달라지다', '미니', '들어가다', '올레', '좋다', '필요', '나오다', '말씀', '드리다', '올레', '화질', '내다', '라인', '프리미엄', '만들다', '넘어가다', '로컬', '디밍존', '화면', '구역', '나누다', '밝다', '어두움', '조절', '로컬', '많다', '검은색', '표현', '깊다', '명함', '대비', '삼성', '제품', '페이지', '스펙', '로컬', '디밍존', '나오다', '일반', '모델', '번호', '높다', '로컬', '많다', '밝다', '화질', '엔진', '좋다', '이해', '이해', '울트라', '나노', '순서', '삼성', '크리스탈', '네오', '순서', '아반떼', '쏘나타', '그랜저', '라인업', '올라가다', '이해', '필요', '인치', '요즘', '구매', '구매', '페이지', '요즘', '나오다', '대각선', '사이즈', '나오다', '돌아보다', '찾아보다', '알리다', '대각선', '사이즈', '찾아보다', '생각', '피크', '부러워하다', '이해', '피크', '부러워하다', '사이즈', '수능', '공부', '암기', '만약', '작다', '넘어가다', '영상', '헷갈리다', '이해', '모델명', '모델명', '동일', '숫자', '들어가다', '삼성', '나누다', '옵션', '크다', '화질', '사운드', '나누다', '화질', '요즘', '얘기', '따르다', '금액', '올라가다', '지상파', '방송', '영상', '나오다', '비싸다', '사다', '필요', '생각', '가성비', '원하다', '고르다', '추천', '드리다', '주사', '일반', '프레임', '움직이다', '일반', '영상', '크다', '상관', '만약', '고아', '게임', '화면', '전환', '빠르다', '스포츠', '영상', '즐기다', '추천', '드리다', '체감', '아이폰', '쓰다', '아이폰', '바뀌다', '시점', '화면', '넘기다', '다르다', '주사', '차이', '옵션', '변하다', '화질', '말씀', '드리다', '사운드', '말씀', '드리다', '사운드', '나뉘다', '옵션', '돌비', '애트모스', '사운드', '사운드', '통하다', '업그레이드', '사운드', '화질', '집중', '원하다', '스펙', '고르다', '추천', '드리다', '얘기', '리모컨', '사양', '따르다', '차이', '최근', '냉장고', '영상', '올리다', '말씀', '드리다', '냉장고', '접이식', '선반', '넣다', '빼다', '따르다', '스펙', '차이', '리모컨', '차이', '리모컨', '생각', '편하다', '편하다', '마우스', '포인터', '화면', '움직이다', '좋다', '빼다', '별', '구매', '금액', '차이', '말씀', '드리다', '이유', '고민', '그랜저', '깡통', '사다', '쏘나타', '옵션', '사다', '선택', '라인업', '숫자', '크다', '차이', '나노', '크다', '사양', '좋다', '사다', '모델', '화질', '좋다', '구매', '결정', '얘기', '화질', '사운드', '나누다', '디테일', '차이', '숫자', '크다', '높다', '모델', '궁금하다', '많다', '크다', '사이즈', '좋다', '주인', '구매', '이사', '이상', '모델', '이하', '모델', '배송', '운반', '설치비', '차이', '크다', '기준', '피크', '들다', '이유', '기준', '두다', '구매', '여부', '생각', '좋다', '만약', '이상', '이상', '만족', '비용', '발생', '요즘', '브랜드', '넘다', '나오다', '이전', '설치', '비용', '넘다', '살다', '사다', '알리다', '말씀', '드리다', '오프라인', '구매', '이유', '매장', '들어가다', '화질', '좋다', '좋다', '좋다', '다르다', '상담', '직원', '얘기', '올레', '금액', '거부감', '생기다', '비싸다', '검색', '쓰다', '좋다', '몰입', '실제', '컬러', '얘기', '쓰다', '이러다', '이유', '매장', '고아', '영상', '켜다', '일반', '화면', '켜다', '화질', '다르다', '방법', '알리다', '영상', '정하다', '켜다', '얘기', '상담', '유튜브', '어벤져스', '예고편', '틀다', '보이다', '지금', '화질', '좋다', '비교', '매장', '켜다', '수준', '보이다', '유튜브', '어벤져스', '예고편', '검색', '켜다', '장면', '토니 스타크', '우주', '갇히다', '박히다', '울트라', '스타', '보이다', '화질', '떨어지다', '올라가다', '보정', '보완', '고르다', '말씀', '드리다', '결론', '다양', '화면', '켜다', '장면', '켜다', '비교', '어벤져스', '예고편', '추천', '드리다', '오늘', '고르다', '편하다', '고르다', '라인업', '대하다', '말씀', '드리다', '온라인', '구매', '오프라인', '구매', '가이드', '잡히다', '직업', '페이지', '얘기', '가이드', '채널', '합리', '소비', '좋다', '영상', '영상', '시청', '감사', '안녕', '피크', '가정', '어려움', '가정', '생각', '용어', '거부감', '구매', '온라인', '오프라인', '화질', '대하다', '정확', '넷플릭스', '유튜브', '매장', '좋다', '영상', '화질', '나오다', '좋다', '좋다', '사다', '금액', '거부감', '비싸다', '검색', '대', '제품', '문제', '좋다', '좋다', '사다', '삼성', '사다', '추가', '요즘', '중국', '제품', '많다', '오늘', '삼성', '제품', '라인업', '비교', '이해', '설명', '드리다', '전문가', '영상', '기본', '가이드', '구매', '알리다', '영상', '출발', '오늘', '강사', '모드', '삼성', '제품', '라인업', '대하다', '쓰다', '이해', '올레', '나누다', '늘다', '백라이트', '쏘다', '방식', '울트라', '나노', '라인', '라인업', '삼성', '크리스탈', '네오', '라인업', '쏘다', '방식', '요즘', '올레', '얘기', '올레', '쏘다', '방식', '패널', '자체', '발광', '발광', '일반', '늘다', '방식', '다르다', '필요', '밝히다', '검정', '완벽', '블랙', '표현', '올레', '다르다', '개념', '높다', '사양', '금액', '올라가다', '이해', '각각', '차이', '말씀', '드리다', '라인업', '나누다', '이유', '자동차', '설명', '드리다', '기본', '라인', '아반떼', '얘기', '쏘나타', '그랜저', '제네시스', '울트라', '크리스탈', '늘다', '화질', '요즘', '얘기', '화질', '기본', '가성비', '좋다', '가성비', '좋다', '화질', '좋다', '화질', '크다', '사다', '가성비', '좋다', '라인', '단계', '올라가다', '달라지다', '화질', '달라지다', '나노', '미세', '입자', '거르다', '화질', '좋다', '크리스탈', '넘어오다', '퀀텀', '필름', '만들다', '빨강', '진하다', '빨강', '구현', '제품', '구매', '차이', '색감', '기본', '라인', '단계', '라인', '올라오다', '색감', '나노', '세', '일반', '정면', '주방', '먹다', '거실', '기본', '라인', '보이다', '라인업', '넘어오다', '시', '넓다', '이해', '다음', '네오', '올라오다', '중요', '말씀', '드리다', '들어가다', '기존', '퀀텀', '시트', '들어가다', '기존', '말씀', '드리다', '이유', '퀀텀', '시트', '자체', '개발', '다이나믹', '컬러', '솔루션', '적용', '얘기', '퀀텀', '별거', '중요', '최근', '회사', '퀀텀', '들어가다', '표현', '문제', '미국', '집단', '소송', '말씀', '드리다', '기존', '라인업', '그랜저', '넘어가다', '크다', '변화', '백라이트', '쏘다', '말씀', '드리다', '들다', '불빛', '크기', '크다', '불빛', '만약', '블랙', '컬러', '구현', '탁하다', '보이다', '짙다', '회색', '말씀', '드리다', '라인업', '달라지다', '미니', '들어가다', '올레', '좋다', '필요', '나오다', '말씀', '드리다', '올레', '화질', '내다', '라인', '프리미엄', '만들다', '넘어가다', '로컬', '디밍존', '화면', '구역', '나누다', '밝다', '어두움', '조절', '로컬', '많다', '검은색', '표현', '깊다', '명함', '대비', '삼성', '제품', '페이지', '스펙', '로컬', '디밍존', '나오다', '일반', '모델', '번호', '높다', '로컬', '많다', '밝다', '화질', '엔진', '좋다', '이해', '이해', '울트라', '나노', '순서', '삼성', '크리스탈', '네오', '순서', '아반떼', '쏘나타', '그랜저', '라인업', '올라가다', '이해', '필요', '인치', '요즘', '구매', '구매', '페이지', '요즘', '나오다', '대각선', '사이즈', '나오다', '돌아보다', '찾아보다', '알리다', '대각선', '사이즈', '찾아보다', '생각', '피크', '부러워하다', '이해', '피크', '부러워하다', '사이즈', '수능', '공부', '암기', '만약', '작다', '넘어가다', '영상', '헷갈리다', '이해', '모델명', '모델명', '동일', '숫자', '들어가다', '삼성', '나누다', '옵션', '크다', '화질', '사운드', '나누다', '화질', '요즘', '얘기', '따르다', '금액', '올라가다', '지상파', '방송', '영상', '나오다', '비싸다', '사다', '필요', '생각', '가성비', '원하다', '고르다', '추천', '드리다', '주사', '일반', '프레임', '움직이다', '일반', '영상', '크다', '상관', '만약', '고아', '게임', '화면', '전환', '빠르다', '스포츠', '영상', '즐기다', '추천', '드리다', '체감', '아이폰', '쓰다', '아이폰', '바뀌다', '시점', '화면', '넘기다', '다르다', '주사', '차이', '옵션', '변하다', '화질', '말씀', '드리다', '사운드', '말씀', '드리다', '사운드', '나뉘다', '옵션', '돌비', '애트모스', '사운드', '사운드', '통하다', '업그레이드', '사운드', '화질', '집중', '원하다', '스펙', '고르다', '추천', '드리다', '얘기', '리모컨', '사양', '따르다', '차이', '최근', '냉장고', '영상', '올리다', '말씀', '드리다', '냉장고', '접이식', '선반', '넣다', '빼다', '따르다', '스펙', '차이', '리모컨', '차이', '리모컨', '생각', '편하다', '편하다', '마우스', '포인터', '화면', '움직이다', '좋다', '빼다', '별', '구매', '금액', '차이', '말씀', '드리다', '이유', '고민', '그랜저', '깡통', '사다', '쏘나타', '옵션', '사다', '선택', '라인업', '숫자', '크다', '차이', '나노', '크다', '사양', '좋다', '사다', '모델', '화질', '좋다', '구매', '결정', '얘기', '화질', '사운드', '나누다', '디테일', '차이', '숫자', '크다', '높다', '모델', '궁금하다', '많다', '크다', '사이즈', '좋다', '주인', '구매', '이사', '이상', '모델', '이하', '모델', '배송', '운반', '설치비', '차이', '크다', '기준', '피크', '들다', '이유', '기준', '두다', '구매', '여부', '생각', '좋다', '만약', '이상', '이상', '만족', '비용', '발생', '요즘', '브랜드', '넘다', '나오다', '이전', '설치', '비용', '넘다', '살다', '사다', '알리다', '말씀', '드리다', '오프라인', '구매', '이유', '매장', '들어가다', '화질', '좋다', '좋다', '좋다', '다르다', '상담', '직원', '얘기', '올레', '금액', '거부감', '생기다', '비싸다', '검색', '쓰다', '좋다', '몰입', '실제', '컬러', '얘기', '쓰다', '이러다', '이유', '매장', '고아', '영상', '켜다', '일반', '화면', '켜다', '화질', '다르다', '방법', '알리다', '영상', '정하다', '켜다', '얘기', '상담', '유튜브', '어벤져스', '예고편', '틀다', '보이다', '지금', '화질', '좋다', '비교', '매장', '켜다', '수준', '보이다', '유튜브', '어벤져스', '예고편', '검색', '켜다', '장면', '토니 스타크', '우주', '갇히다', '박히다', '울트라', '스타', '보이다', '화질', '떨어지다', '올라가다', '보정', '보완', '고르다', '말씀', '드리다', '결론', '다양', '화면', '켜다', '장면', '켜다', '비교', '어벤져스', '예고편', '추천', '드리다', '오늘', '고르다', '편하다', '고르다', '라인업', '대하다', '말씀', '드리다', '온라인', '구매', '오프라인', '구매', '가이드', '잡히다', '직업', '페이지', '얘기', '가이드', '채널', '합리', '소비', '좋다', '영상', '영상', '시청', '감사']",5,1
2,쿠팡에서 티비를 오늘 구매햇는데 갠찮을까요..구매후기와 많은걸로 삿는데요..,"['쿠팡', '티비', '오늘', '구매', '구매', '후기', '많다', '사다']",5,2
3,이마트에있는 삼성가전제품 사도 괜찮을까요,"['이마트', '삼성', '가전제품', '사다', '괜찮다']",5,1
4,신혼때 티비랑 에어컨 사야해서 삼성직원인 사촌오빠에게 직원할인해서 사줘(당연히 제가 돈 주고요)했더니 엘지꺼 사~~~가전은 엘지야...20년전 얘기입니다ㅎㅎ,"['신혼', '티비', '에어컨', '사다', '삼성', '직원', '사촌', '오빠', '직원', '할인', '사다', '엘지', '사다', '가전', '엘지', '얘기']",5,2
5,삼성 친구들도 가전은 LG라고 하네요 삼성 제품들은 일정 사용기간이 지나면 수리를 받아야되게끔 만들었나봐요 임직원 몰에서 삼성 TV 구매 후 2년만에 고장.. 뭐 뽑기를 잘못한거겠지만..😅,"['삼성', '친구', '가전', '삼성', '제품', '일정', '기간', '지나다', '수리', '만들다', '임직원', '삼성', '구매', '고장', '뽑기']",5,1
6,"신혼초 삼성 직원가로 살수있어서 김냉, 세탁기, 냉장고 등 큼직한건 거진 삼성으로 가지고 있었는데요. 2년 이상 되니 잔고장으로 수리 들어 갔구요 나머지 가전( 티비, 에어컨, 청소기, 스타일러)은 엘지. 이사 몇번 다녀도 멀쩡해요. 이젠 왠만해선 좀 비싸도 엘지 사려구해요….","['신혼', '삼성', '직원', '살다', '세탁기', '냉장고', '가지다', '이상', '하다', '고장', '수리', '들다', '나머지', '가전', '티비', '에어컨', '청소기', '스타일', '엘지', '이사', '다니다', '이제', '비싸다', '엘지', '사다']",5,1
7,공감 ㅋㅋ 그 누구도 답이 없을꺼에요 인간은 뭐하나 꽂히면 가는 거기 때문에 ㅋㅋ 한 브랜드로만 몰압한다는것만 지키면 될 것 같아요~! 둘 다 글로벌 가전 업체라 제품은 둘 다 졸죠~!,"['공감', '인간', '꽂히다', '브랜드', '몰다', '지키다', '글로벌', '가전', '업체', '제품', '졸다']",5,1
8,근래 삼성 세탁기 몇 번이나 터진사건 뉴스 기억 안 나는지요? 삼성가전이 oem odm제품이 LG보다 더 많아요. 조심해야 합니다.,"['근래', '삼성', '세탁기', '터지다', '사건', '뉴스', '기억', '삼성', '가전', '제품', '많다', '조심']",5,1
9,"고맙습니다ㅠㅠㅠ안그래도 iptv가입혜택 들어가서 이게뭔가했는데,,걸러야하는걸까요ㅜㅜ 그런거까지 다 치면 온라인보다 싸게 치긴 한데 참 고민이많네요","['고맙습니다', '가입', '혜택', '들어가다', '거르다', '치다', '온라인', '싸다', '치다', '고민', '많다']",5,2
10,"LG 는 서비스가 너무 구림. 스타일러 서비스신청햇는데 10일이 넘게 기다려야 하고 내가 사는 지역 기사가 교육이나 휴가라도 가면 대체인력없이 그냥 공백임, 최근에 서비스 신청해보고 너무 놀랏음. 진짜 제품자체에 대한 매력만 없으면 삼성가전 으로 가고 싶음.","['늘다', '서비스', '구리', '스타일', '서비스', '신청', '넘다', '기다리다', '사다', '지역', '기사', '교육', '휴가', '대체', '인력', '공백', '최근', '서비스', '신청', '놀라다', '제품', '자체', '대하다', '매력', '삼성', '가전']",5,1
11,"iptv까지 넣어서 온라인보다 저렴한거라면, 온라인 구매하시고 iptv를 다른 곳에서 하면서 혜택 받으시면 됩니다! 그렇다면 온라인 구매가 더 저렴하게 되는거죠","['넣다', '온라인', '저렴하다', '온라인', '구매', '혜택', '온라인', '구매', '저렴하다']",5,2
12,베스샆이랑 엘지대리점이랑 다른게뭐예요,"['베스샆', '엘지', '대리점', '다르다']",5,2
13,올레드티비 살때 판매직원이 번인현상 생길꺼 알려주지도않았어요. 3년쯤 지나서 티비보다가 어느순간 노랑이 점점 선명도가 떨어졌고 지금은 거의 형광빛이 나요ㅋㅋ,"['올레', '티비', '사다', '판매', '직원', '현상', '생기다', '알리다', '지나다', '티비', '순간', '노랑', '선명', '떨어지다', '지금', '형광']",5,2
14,우리집도 그래요 수리비많이들어 다음엔삼성사야겠어요,"['수리비', '들다', '다음', '삼성', '사다']",5,2
15,전 상담때 대놓고 올레드 번인 물어봤었는데 번인 몇년만에 들어본다며 요즘 그런거없다고 말하던 직원이 생각나네요 ㅋㅋ 쓰는 사람들이 있다는데 ㅋㅋ,"['상담', '올레', '요즘', '직원', '생각나다', '쓰다', '사람']",5,1
16,엘지 서비스 너무 꽝입니다 판매만하고 서비스 너무 나쁘면 재 구매 힘들지 않을까요,"['엘지', '서비스', '판매', '서비스', '나쁘다', '구매', '힘들다']",5,1
17,@ 제가 하고싶으니까 했죠;; 55인치랑 65인치랑 30만원 차이였는데 55인치 했어요. 25평 거실에서 충분히 만족스럽구요. 65인치 너무 커서 눈아파요,"['차이', '거실', '만족', '크다', '아프다']",5,2
18,LG 올레드 tv 는 진짜 선명함 세계에서 탑이죠 올레드 처음 개발 했으니까 근데 거거익선 이라고 요즘 80인치 넘어서는게 인기인데 올레드는 70인치만 넘어가도 가격 2배 뛰더라고요 번인 현상도 아직 완벽히 해결 안됐고 수명도 길지는 않는편 장단점은 있는거 같아요 개인적으로 가성비를 생각한다면 삼성 tv가 가격은 LG보다 싸고 좋음 QLED 나 Neo QLED 해도 충분히 선명하구요 글고 아직 8K까지는 필요없는듯요,"['올레', '늘다', '선명', '세계', '레드', '개발', '요즘', '넘어서다', '인기', '올레', '넘어가다', '가격', '뛰다', '현상', '해결', '수명', '길다', '장단점', '개인', '가성비', '생각', '삼성', '가격', '싸다', '좋다', '선명', '필요']",5,1
19,시흥 은계에 있는 엘지도 그러는데 다 똑같구나,"['시흥', '엘지', '그러다', '똑같다']",5,1
20,98인치 삼성 가성비제품 추천해주세요 블프때 사는걱 좋겠죠? 고정형 브라켓 많이 불편한가요?,"['삼성', '가성비', '제품', '추천', '블프때', '사는걱', '좋다', '고정', '브라켓', '불편']",5,2
21,쿠팡 삼성75QN85와 홈플러스에 있는 75QNF85 어떤 상품이 더 좋은건가요?,"['쿠팡', '삼성', '홈플러스', '상품', '좋다']",5,1
22,소중한 고민을 공유해주셔서 감사합니다 :) 75QN85가 좋은 선택입니다. 2024년형 QN85D 시리즈도 Neo QLED의 핵심인 Mini LED 기술이 적용되어 화질이 매우 뛰어난 모델입니다. 가격적인 메리트가 크다면 굳이 최신 모델을 고집할 필요는 없습니다.,"['고민', '공유', '감사', '좋다', '선택', '시리즈', '핵심', '기술', '적용', '화질', '뛰어나다', '모델', '가격', '메리트', '크다', '최신', '모델', '고집', '필요']",5,2
23,피크님 궁금한게 있는데요. 저는 지금 올레드 77인치 g4 (lg가전입니다.) 를 보고있습니다. 모델명이 같은 것은 확인했고 피크님 영상처럼 같은 제품인 것은 알겠는데. 정가 900만원에 베스트샵에선 880만원 이었는데 온라인에선 697만원까지 떨어지는 제품이 있습니다. 근데 모델명은 같습니다. (oled77g4까진 같습니다.) 이럴경우 저렴한 697만원을 안심하고 구입해도 괜찮을까요? 궁금합니다.,"['피크', '궁금하다', '올레', '가전', '모델명', '확인', '피크', '영상', '제품', '정가', '베스트', '온라인', '떨어지다', '제품', '모델명', '안심', '구입', '괜찮다', '궁금하다']",5,1
24,"그 "" 급 ""에선 화질 차이가 나지않음 화질은 아에 카테고리로 QLED / 올레드 / QNed / evo 등등 이렇게 큰 틀에서 나뉨 세부모델차이는 편의기능 차이","['화질', '차이', '화질', '카테고리', '올레', '크다', '나뉘다', '세부', '모델', '차이', '편의', '기능', '차이']",5,2
25,온라인에서 구매하세요ㆍ이번에 삼성대리점가서 티비상ㅎ는데ᆢ거의두배비싸게 샀어요ᆢ멘붕이 오더라고요,"['온라인', '구매', '삼성', '대리점', '티비', '늘다', '비싸다', '사다', '멘붕']",5,2
26,그냥 블랙프라이데이때 사면되는거 아닌가요?,"['블랙', '프라이', '데이', '사다']",5,1
27,신혼가전 제품 준비 중인데 Oled 티비로 갈고 했다가 번인 이슈가 있어서 고민인데 우째 조언 좀 부탁 드랴도 될까오 ?,"['신혼', '가전', '제품', '준비', '티비', '갈다', '이슈', '고민', '조언', '부탁', '드랴']",5,2
28,여유가 있으시다면 OLED 당연 좋죠 번인은 기술력으로 많이 커버 한다고 하는데 그래도 같은 가격이라면 전 대형사이즈를 추천드립니다!,"['여유', '좋다', '기술력', '커버', '가격', '대형', '사이즈', '추천', '드리다']",5,1
29,@ oled77c4 제품군으로 봤거든요 혼수 제품이다보니 스탠바이미 2까지 껴서 판매를 하더라구요 4년정도 쓰다가 번인이 생겨 스트레스를 호소 하시는 분들이 많아 그냥 qled로 가야 하나 이리저리 알아보고 있었습니당,"['제품군', '혼수', '제품', '스탠 바이 미', '끼', '판매', '쓰다', '생기다', '스트레스', '호소', '많다', '알아보다']",5,2
30,배디터님 빅스마일데이 방송 안해주시나요 혹시 85인치 86인치 가성비 추천좀 해주세요,"['배디터', '스마일', '데이', '방송', '가성비', '추천']",5,2
31,최근 영상에 보시면 대형인치 추천 영상 제작해놓았습니다! 빅스마일데이는 지금 각을 보고 있습니다...,"['최근', '영상', '대형', '추천', '영상', '제작', '스마일', '데이']",5,1
32,저두 식세기랑.TV구매하려고 영상 챙기는중입니다.둘다엘지로요.,"['세기', '구매', '영상', '챙기다', '엘지']",5,1
33,"요양원을 할려고 하는데, TV만 15대 정도 구매하고 싶은데, 이때는 어디로 가야 하나료?^^;;","['요양원', '구매']",5,1
34,TV 홈쇼핑으로 샀는데 24개월 사용하고 맛이 감....수리비가 몇십만원해서 뿔다구 나서 버리고 왔음... 다시는 그 브랜드 안 사기로 했습니다.,"['홈', '쇼핑', '사다', '수리비', '뿔', '버리다', '브랜드', '사다']",5,2
35,안녕하세요 ^^TV사려하는데. . 기능은 크게 신경안쓰고 얇은거 좋와해요. 알려줄수있나요 LG전자로요. 부탁드립니다,"['안녕', '사다', '기능', '크다', '신경', '쓰다', '얇다', '좋다', '와해', '알리다', 'LG전자', '부탁', '드리다']",5,2
36,LG 뚜껑형 7년째인데 앵 소리가 나더니 꺼져서 서비스센터에 연락하니 두번다 오지도않고 모터 가는데 또 고장난다 새걸사라였어요.이런,"['뚜껑', '소리', '꺼지다', '서비스', '센터', '연락', '모터', '고장', '사다']",5,1
37,네이버 라이브행사할때 lg 제품저렴하게 구입하는 개꿀띠,"['네이버', '라이브', '행사', '제품', '저렴하다', '구입', '개꿀띠']",5,2
38,최신형모델이아닌 구형모델은 매장에 있나요 티비85 인치 기준 135만짜리도 인터넷에있네요,"['최신', '모델', '구형', '모델', '매장', '티비', '기준', '인터넷']",5,2
39,65인치 티비 부모님에게 사드리고 싶은데 어떤걸 선택하는게 좋을까요?,"['티비', '부모', '사다', '선택', '좋다']",5,2
40,티비구매해야되는데 고민되네요.모델번호도 너무헷갈리고~,"['티비', '구매', '고민', '모델', '번호', '헷갈리다']",5,2
41,온라인에서 지마켓같은곳의 빅스마일데이같은 할인폭을 크게주는 이벤트때에 구매하는것은 어떤가요?,"['온라인', '마켓', '스마일', '데이', '할인', '크다', '이벤트', '구매']",5,2
42,죄송합니다. 엘지가전이라서ㅜ,"['죄송하다', '엘지', '가전']",5,1
43,혹시 제가 11월 초에 이사를 하는데 그때 가전을 싹 구매하려고 허거든요. 근뎨 그때 쯤이면 블랙프라이데이다 뭐다 이런게 있잖아요? 그때까지 기다렸다가 백화점에 가면 확실히 저렴한가요?,"['이사', '그때', '가전', '구매', '근뎨', '블랙', '프라이데이', '그때', '기다리다', '백화점', '저렴하다']",5,2
44,티비를 사야하는데 코스코의 중소기업제품을 살까합니다 괜찮을까요? 엘지 전시상품도 판매하던데 어떨까요?,"['티비', '사다', '코스코', '중소기업', '제품', '사다', '괜찮다', '엘지', '전시', '상품', '판매']",5,2
45,디자인을 왜봐 ?무조건 성능이지.특히 앞으로 여름이 점점 무더워질텐데 .남편이나 마누라도 아니고 얼굴 뜯어먹고 살꺼도 아닌데 디자인 개나 줘버려!가전은 LG가 정답이지.,"['디자인', '성능', '여름', '남편', '마누라', '얼굴', '먹다', '살다', '디자인', '가전', '정답']",5,1
46,혼자 사실거면 인치수 마음에 드는 led tv 구입하시면 됩니다. 매장에서는 올해 제품만 있어서 인터넷 작년 모델들 보다는 비싸요.,"['사다', '인치', '마음', '구입', '매장', '올해', '제품', '인터넷', '작년', '모델', '비싸다']",5,2
47,개인적으로 중소기업 제품 좋은 것 같습니다 왜냐하면 소프트웨어는 없는 대신 대기업과 동일한 패널을 사용한 곳이 많거든요 요샌 통신사 셋톱박스가 워낙 잘되어 있어서 넷플도 셋톱박스로 볼 수 있으니 욕심 없다면 이정도면 충분하지 않을까 생각해요 그리고 차주 진열 관련 컨텐츠 진행 예정인데 개인적으로 디스플레이는 진열 비추해요,"['개인', '중소기업', '제품', '좋다', '소프트웨어', '대신', '기업', '동일', '패널', '많다', '요새', '통신사', '셋톱박스', '넷플', '셋톱박스', '욕심', '생각', '차주', '진열', '컨텐츠', '진행', '예정', '개인', '디스플레이', '진열', '추하다']",5,2
48,-c9g 저도 가전 유통업에서 일했던 사람으로 무슨 말씀인지 이해됩니다. 매장에서 단골 고객이 43인치 티비를 구매하러 왔는데 온라인에 가격을 도저히 맞출 수 없어 돌려보냈던 기억이 나네요 온오프 차이 없이 어디서든 저렴하게 살 수 있는 환경이 만들어졌으면 좋겠네요 마감 잘하시구요 오늘도 수고 많으셨습니다,"['가전', '유통업', '사람', '말씀', '이해', '매장', '단골', '고객', '티비', '구매', '온라인', '가격', '맞추다', '돌려보내다', '기억', '오프', '차이', '저렴하다', '사다', '환경', '만들다', '좋다', '마감', '오늘', '수고', '많다']",5,1
49,전년도 모델이라는 이유로 티비가 1.5배이상 가격차이가 나던데 그럼 티비는 이전모델로 하고 나머지는 새제품으로 구성하는거도 좋은 방법이 될까요?,"['전년도', '모델', '이유', '티비', '이상', '가격', '차이', '티비', '이전', '모델', '나머지', '제품', '구성', '좋다', '방법']",5,2
50,삼성꺼라 국내생산인줄 알고 샀는데 중국산 ㅡ.ㅡ,"['삼성', '국내', '생산', '사다', '중국']",5,1
51,LG 견적 받아보면 다 알수있음 ㅈㄴ비쌈,"['견적', '비싸다']",5,2
52,TV를 계속 보고있었는데 작년비해 돈만오르고 좋아진게 없네요 ~ 85인치C라인올레드랑 NEO QLED중 계속 고민되네요 LG올레드를 생각하다 수명이 짧다는데 NEO QLED는 삼성꺼는 봤는데 LG랑 무슨차인가요? 삼성이 너무 쨍하고 올레드는 LG로 ~ 수명때문에 결정고민되네요 어디꺼가 좋은지요 ? 백화점에서 삼성,"['작년', '비하', '오르다', '좋다', '라인', '레드', '고민', '레드', '생각', '수명', '짧다', '삼성', '차이', '삼성', '올레', '수명', '결정', '고민', '좋다', '백화점', '삼성']",5,1
53,두께도 얇은 올레드를 몇년전부터 봤는데 백화점은 C라인부터있고 삼성쪽은NEO QLED 쪽만 계속 팔려고 하더라구요 오랜시청하는 주부로서 85인치를 구매할때 LG C라인 올레드와 QLED삼성ㆍ엘지중 어떤것을 선택해야 후회없는 선택일까요? 유투브는 게속보는데 저가만 방송많이하고 진정 수준높은 소비자성향을 모르시는것 같아서요 명장이신데 의견부탁드려요^^,"['두께', '얇다', '올레', '백화점', '라인', '삼성', '팔다', '시청', '주부', '구매', '라인', '올레', '삼성', '엘지', '선택', '후회', '선택', '유투브', '방송', '진정', '수준', '높다', '소비자', '성향', '명장', '의견', '부탁드리다']",5,2
54,엘지 OLED만 거의 10년째쓰는데 일단 비추천드립니다. 화질은좋은데 초기모델은 5년쓰니 액정이 나가버렸고 다시 구입때는 3년째에 번인현상탓에 화면 중앙부분 색감이 죽어버려 수리비 80만원 나오더군요 그래서 이번엔 LED로가는데 화질차이는 확실히 나는데 맘편한게 좋은거같습니다 그리고 삼성 올레드는 삼성독자기술이 아니라서 추천안하는걸수도...,"['엘지', '쓰다', '추천', '드리다', '화질', '좋다', '초기', '모델', '쓰다', '액정', '나가다', '구입', '현상', '화면', '중앙', '색감', '죽다', '수리비', '나오다', '화질', '차이', '편하다', '좋다', '삼성', '올레', '삼성', '독자', '기술', '추천']",5,1
55,아침부터 밤까지 하루종일 틀거 아니면 oled사세요. 하루종일 틀어두시는 스타일이면 삼성qled 사시고,"['아침', '하루', '종일', '틀다', '사다', '하루', '종일', '틀다', '스타일', '삼성', '사다']",5,2
56,LG전자의 가장이 되어 가시는 느낌 퇴사한곳에서 더 찾는! 피크의 피크는 아직이다!,"['LG전자', '가장', '가시', '느낌', '퇴사', '찾다', '피크', '피크']",5,1
57,삼성은 안하시나요?ㅠㅠ 저말고도 많은 분들이 궁금해하실거예요ㅠㅠ 혼수 10가지 이상 품목 구매예정입니다!,"['삼성', '말', '많다', '궁금하다', '혼수', '이상', '품목', '구매', '예정']",5,2
58,삼성제품은 안될까요? 이사 앞두고 냉장고 김치냉장고 티비 멀티쿠커 다 삼성으로 사려는데 ㅠ ㅠ,"['삼성', '제품', '이사', '앞두다', '냉장고', '김치', '냉장고', '티비', '멀티', '쿠', '크다', '삼성', '사다']",5,1
59,삼성은 아직이지만... 열심히 준비해보겠습니다!,"['삼성', '준비']",5,1
60,하이마트랑 엘지람같은엘지 제품인데 서로다른곳에서 생산되는문건인가요?,"['하이마트', '엘지', '엘지', '제품', '생산', '문건']",5,1
61,"TV 사야하는데 돈은 없고 눈만 자꾸 높아집니다 B, C, G 시리즈 등 종류도 너무 많더라구요 83G3이면 더 좋겠지만 77G3도 가격이 너무 비싸네요 연말되면 많이? 떨어질까요?","['사다', '높다', '시리즈', '종류', '많다', '좋다', '가격', '비싸다', '연말', '떨어지다']",5,2
62,동영상 대부분 : 삼성 킹왕짱 최고 결과 : LG 풀세트 구입,"['동영상', '부분', '삼성', '킹왕짱', '최고', '결과', '세트', '구입']",5,1
63,삼성은 애매하게 먼가속이는감이있음 성능도그렇고,"['삼성', '멀다', '가속', '성능']",5,1
64,가격이야 진짜 나이많은 어르신들 아니고서야 엘지가 더비싸다는건 다 아는 사실이죠..ㅎ 기능차이 영상을 만들고 이탄으로 가격차이 영상을 말해주셨어면 선택은 소비자의몫이라..살짝 아쉽네요 ㅋㅋ,"['가격', '나이', '많다', '어르신', '엘지', '비싸다', '기능', '차이', '영상', '만들다', '탄', '가격', '차이', '영상', '선택', '소비자']",5,2
65,신혼이라 이번에 지역 대리점 직영점 백화점 10군데 이상 돈 것 같은데....백색은 lg라 해도 삼성이 400이상 쌉니다 ㅠㅠ 결국 삼성으로 결정했네요,"['신혼', '지역', '대리점', '직영점', '백화점', '이상', '돌다', '백색', '삼성', '이상', '싸다', '삼성', '결정']",5,2
66,신혼가전 구입할때 돌아다닌거 생각나네요 ㅋㅋ 결국 저도 엘지 삼성 비교하다 가격메리트와 비스포크때문에 삼성으로..... ㅋㅋ,"['신혼', '가전', '구입', '돌아다니다', '생각', '엘지', '삼성', '비교', '가격', '메리트', '비스', '포크', '삼성']",5,1
67,lg 발품 팔아서 싸졌다고 하셨는데 삼성도 충분히 발품 파신건가요? 궁금...,"['발품', '팔다', '싸다', '삼성', '발품', '파']",5,1
68,컴퓨터도애플 가전 은엘지다.알간삼성아,"['컴퓨터', '애플', '가전', '지']",5,1
69,담달 입주인데 아직도 가전 못고르고 있어요 LG가 너무 비싸서 4개인데 카드를 안만들수가 없어요 오프라인이 잼있어요 돌아당기기 단지 먼가 만들고 가입해야되는 그런게 많았어요 상조 가입 이야기 하길래 놀랐네요 삼성이 말씀처럼 대략 비슷한 급으로 봤을때 엄청 싸더라구요 단지 평생 휴대폰말곤 LG만 써왔는데 7년전에 가격이 아니네요,"['입주', '가전', '고르다', '비싸다', '카드', '만들다', '오프라인', '돌다', '당기다', '멀다', '만들다', '가입', '많다', '상조', '가입', '이야기', '놀라다', '삼성', '말씀', '싸다', '평생', '휴대폰', '말', '쓰다', '가격']",5,1
70,처음에 삼성 좋다고 하더니 나중엔 LG로 구입?,"['삼성', '좋다', '구입']",5,1
71,잇섭님 영상 덕분인지 엘지도 봉투가 예쁘게 바뀌어있네요.ㅎㅎ,"['잇섭', '영상', '덕분', '엘지', '봉투', '예쁘다', '바뀌다']",5,1
72,"혼수가전은 엘지로 했었고, 이번에 이사가면서 삼성으로 하는데 과연 얼마나 버텨낼지 기대중입니닷ㅋㅋ","['혼수', '가전', '엘지', '이사', '삼성', '버티다', '기대']",5,1
73,삼성은 고장 진짜 개잘남ㅋㅋ Lg에 비해 2배는 나는듯. 내가뽑기운이 안좋은지ㅋ..,"['삼성', '고장', '잘나다', '비하', '뽑기', '좋다']",5,1
74,"바꼈나? 🤔 원래 삼성, LG가 스펙이 동일하진 않지만 비슷한 사양의 제품은 LG가 더 저렴했는데.. 예를 들어 티비 같은 경우 삼성이랑 LG 인치가 똑같은 크기가 안나오고 Lg가 조금 더 크게 나왔는데 그런데도 LG가 저렴했었는데.. 그리고 세탁이는 최근에 삼성 앞 유리 깨지는 사고가 여러건 있었어서..","['바끼다', '삼성', '스펙', '동일', '사양', '제품', '저렴하다', '들다', '티비', '삼성', '똑같다', '크기', '나오다', '크다', '나오다', '세탁', '최근', '삼성', '유리', '깨지다', '사고']",5,1
75,lg가 마케팅이 잘되서 한국에선 삼성보다 좋다라는 인식이 있는데 글로벌기준으로 삼성이랑 엘지 가전 판매량이나 점유율 정말 많이 차이남,"['마케팅', '한국', '삼성', '좋다', '인식', '글로벌', '기준', '삼성', '엘지', '가전', '판매량', '점유', '차이']",5,1
76,9년전 결혼할때 삼성으로 싹다 샀는데 티비 말고 하자에 김냉은 사망선고 lg로 다시삼 모터는 lg임,"['결혼', '삼성', '사다', '티비', '말', '하다', '사망', '선고', '삼다', '모터']",5,2
77,딴 말 필요없다. 우리 부모님댁 TV는 하늘에 해가 3개 뜬다. 진짜 하나 두개는 엄청 큰 불량화소. 그것도 3년 만에 나는 엘지TV 13년 됐지만 아무 문제 없이 쓰고 있다. 애초에 전자제품은 두 기업 자체를 비교하지마라. 엘지 가전은 사랑이다.,"['필요', '부모', '하늘', '뜨다', '크다', '불량', '화소', '엘지', '문제', '쓰다', '애초', '전자', '제품', '기업', '자체', '비교', '엘지', '가전', '사랑']",5,1
78,집값을 꼭대기에 사서 lg 총견적 현재 50개 앞으로 150개이상 세트가격이 쿨럭,"['집값', '꼭대기', '사다', '견적', '이상', '세트', '가격']",5,2
79,요즘 삼성 아님 뉴스에 맨날 세탁기 냉장고 폭발 사고 죄다 삼성임,"['요즘', '삼성', '뉴스', '세탁기', '냉장고', '폭발', '사고', '삼성']",5,1
80,"진짜 판매점, 판매원들 보면 그 브랜드의 철학이 나오네요. ㅋㅋ 삼성은 다른 기업을 좀 까고 고급스럽게 하려고 하고 애플 디자인 같은걸 좀 따라하고 엘지는 진짜 착한 기업같고 좀 촌스러운(?) 느낌이 있음. 하지만 남들 따라하려고하는 것이 아니고 여러 다양한 도전을 하는 것이 보여서 보기 좋음. 물론 실패작이 많지만 (LG WING 스마트폰, 듀얼 스마트폰 같은 것들)","['판매점', '판매원', '브랜드', '철학', '나오다', '삼성', '기업', '까다', '고급', '애플', '디자인', '따르다', '엘지', '착하다', '기업', '느낌', '따르다', '다양', '도전', '보이다', '좋다', '실패작', '많다', '스마트폰', '듀얼', '스마트폰']",5,1
81,삼성한테 돈받았네! 하며 욕하고 봤는데 결국엔 엘지를 사기위함이셨구나 ㅋㅋ 역시 한국말은 끝까지들어야하네요ㅋㅋ 늘 고맙습니다,"['삼성', '욕', '결국', '엘지', '사다', '위하다', '한국말']",5,1
82,걍 엘지사라 고장이안남 모니터도 엘쥐,"['엘지', '고장', '모니터', '엘쥐']",5,1
83,가전은 LG...진짜입니다 냉장고 보증10년 에어컨 10년 말다했쥬?,"['가전', '냉장고', '보증', '에어컨']",5,1
84,모바일은 삼성/애플이지만 가전은 LG지ㅋㅋ,"['모바일', '삼성', '애플', '가전']",5,1
85,저는 삼성 엘지 한달정도 고민하다가 삼성쪽으로 맘이 기울어서 발품팔다가 이마트 죽전점이 크고 행사도 많이 한다길래 가봤는데 확실히 온라인보다 저렴하구 행사모델도 좋더라구요 강추 드립니다,"['삼성', '엘지', '고민', '삼성', '기울다', '발품', '팔다', '이마트', '죽전', '크다', '행사', '온라인', '행사', '모델', '좋다', '드리다']",5,2
86,여러매장 다 돌아봤는데 이마트 죽전점에서 세일을 많이해 삼성 엘지 둘다 상담 들어봤는데 삼성이 여러방면에서 좀 니은거같아 삼성으로 구매했어요..,"['매장', '돌아보다', '이마트', '죽전', '세일', '삼성', '엘지', '상담', '삼성', '방면', '니은', '삼성', '구매']",5,1
87,솔직히 lg어설퍼요. 더 저렴하고 내실 충실한 삼성 가전이 더 낫다고 생각합니다.,"['어설프다', '저렴하다', '내실', '충실', '삼성', '가전', '생각']",5,1
88,거지같은 서비스 마인드에 가격만 비싸고 그냥 덩치큰 마찌꼬빠인 개아들수준의 LG가 세계최고 품질에 세계최고 AS를하는 삼성과 비교 한다는자체가 말이 안되지요,"['거지', '서비스', '마인드', '가격', '비싸다', '덩치', '크다', '마찌꼬빠', '아들', '수준', '세계', '최고', '품질', '세계', '최고', '삼성', '비교', '자체']",5,2
89,근데 사용해보면(시간이지나면) 엘지 퀄리티가 좋음 그건아직 못넘음,"['시간', '지나다', '엘지', '퀄리티', '좋다', '넘다']",5,1
90,가전제품 만드는거 보면 왜 lg가 좋은지 알수있습니다. 아직도 삼성은 주먹구구식 제품과 싼자재로 만드는 제품입니다 에어컨 동관도 하위제품들은 알루미늄관 쓰고요. 오죽하면 포스코에서 자재좀 좋은거 쓰라고 했겠어요.,"['가전제품', '좋다', '삼성', '주먹구구식', '제품', '싸다', '자재', '제품', '에어컨', '동관', '하위', '제품', '알루미늄', '쓰다', '포스코', '자재', '좋다', '쓰다']",5,1
91,그래도 가전은 LG ㅎㅎ 내년 입주 기대됩니답,"['가전', '내년', '입주', '기대']",5,1
92,"저는 냉장고와 티비, 에어컨, 청소기는 삼성으로 세탁기 건조기랑 티비는 엘지였는데... 살 때 삼성과 엘지 기술차이 나는지도 잘 몰라서 그냥 집 근처 서로 마주보고 있던 삼성플라자와 엘지베스트샵에서 각각 추천받고 구매했었어요. 디자인 측면에서 삼성이 더 맘에 들어서 나랑 자주 접촉하는 가전을 삼성으로 했는데, 우연의 일치인지 진짜 품질차이인지 삼성 것만 구매 시점에서 2,3년만에 모두 고장나서 수리하느러 비용이 들거나(티비) 비용은 없는데 피해를 봤거나(냉장고), 에어컨은 기능 두개 안되는거 무시하고 쓰고있어요. 전 그간 모든 전자제품 as를 당일접수해서 해결했는데... 냉장고나 에어컨의 경우 여름에 몇일씩 기다려야된다는걸 그때 첨 알았어요. 이래서 매일 쓰는 제품은 고장안나는 브랜드를 선호하는구나를 깨달았습니다. 한여름에 냉장고나 에어컨이 고장난채로 일주일 버티다보면...디자인보다 성능인거 같아요. 그뒤 공청기 등은 엘지에서 구매하고 있어요.","['냉장고', '티비', '에어컨', '청소기', '삼성', '세탁기', '건조기', '티비', '엘지', '사다', '삼성', '엘지', '기술', '차이', '근처', '삼성', '플라자', '엘지', '베스트', '추천', '구매', '디자인', '측면', '삼성', '들다', '접촉', '가전', '삼성', '우연', '일치', '품질', '차이', '삼성', '구매', '시점', '고장', '수리하느러', '비용', '들다', '티비', '비용', '피해', '냉장고', '에어컨', '기능', '무시', '쓰다', '그간', '전자', '제품', '당일', '접수', '해결', '냉장고', '에어컨', '여름', '기다리다', '그때', '쓰다', '제품', '고장', '브랜드', '선호', '여름', '냉장고', '에어컨', '고장', '일주일', '버티다', '디자인', '성능', '엘지', '구매']",5,1
93,삼성 신행때 싹다 샀는데 9년되니 교체하라고 고장이 나네요 심지어 김냉은 고쳐도 작동 안된다 사망 판정 다시 삽니다.,"['삼성', '신행', '사다', '교체', '고장', '고치다', '작동', '사망', '판정', '살다']",5,1
94,"티비,냉장고,세탁기 모두 삼성만 쓰다가 잦은고장으로 지난해 엘지오 바꿨네요….물론 가격만보면 삼성일수있지만 손절했습니다. 특히나 결혼하여 자녀가있는경우 내구성 필수입니다","['티비', '냉장고', '세탁기', '삼성', '쓰다', '잦다', '고장', '지난해', '엘지', '바꾸다', '가격', '삼성', '결혼', '자녀', '내구', '필수']",5,1
95,삼성이 그렇게 LG를 많이 까나 보네요 많이 돌아본만큼 절약되죠,"['삼성', '깔다', '돌아보다', '절약']",5,1
96,가전제품은 LG로 사야죠 저는 모든 제품을 LG입니다 서비스는 삼성이 좋은데 제품 자체는 LG가 튼튼합니다 TV만 삼성이네요 인터넷과 연결하려다 보니 어쩔수 없이 삼성 티비인데 제품은 엘지인데 가격은 삼성이 조금더 저렴할수 있네요 위니아는 더 저렴하지요 ?,"['가전제품', '사다', '제품', '서비스', '삼성', '좋다', '제품', '자체', '삼성', '인터넷', '연결', '어쩌다', '삼성', '티비', '제품', '엘지', '가격', '삼성', '저렴하다', '위니', '아', '저렴하다']",5,1
97,계속 삼성꺼만 쓰다가 뭐 가전은 엘지 해대길래 처음으로 엘지 트윈워시 세탁기랑 울트라 유에이치디 65인치 티비샀다가 폭망ㅜㅜ잦은고장 터무니없는 에이에스 비용ㅡㅡ트윈워시 아래칸은 전원 안들어온지 오래고ㅋㅋ살다살다 티비가 수명이 있다는 소린 첨들어봄ㅋㅋ결국 다시 삼성으로 갈아탐,"['삼성', '쓰다', '가전', '엘지', '엘지', '트윈', '워시', '세탁기', '울트라', '에이치디', '티비', '사다', '잦다', '고장', '터무니', '에이에스', '비용', '트윈', '워시', '아래', '전원', '들어오다', '살다', '살다', '티비', '수명', '소리', '삼성', '갈아타다']",5,1
98,"삼성이 가격이 저렴하다고 혹 하시면 안됩니다. 저희 집이 모두 LG로 도배한 이유. 수명이 아~~주 깁니다. 내구성이 강하다는 얘기죠. 삼성과 LG 모두 다 써본 바로는 삼성은 그리 오래 쓰질 못하더군요. 세탁기, 냉장고, TV 모두. 뭔가 기술력에 있어서 LG가 아직은 앞선다고 생각합니다.","['삼성', '가격', '도배', '이유', '수명', '내구', '강하다', '얘기', '삼성', '쓰다', '삼성', '쓰다', '세탁기', '냉장고', '기술력', '앞서다', '생각']",5,1
99,세탁기는 이재용 회장님도 LG꺼 쓴답니다.,"['세탁기', '이재용', '회장', '끄다', '쓰다']",5,1
100,삼성 스폰인가?.. 엘사 갔다 삼성가서 뭔개 하접해서 엘사에서 다삼.. 네..지름,"['삼성', '스포', '사다', '삼성', '접하다', '사다', '지름']",5,2
101,삼성세력은있지만그러나엘지가전은확실한거겄에요소음적은엘지총적으로엘지가많이나아요티비는오얼디가훨신좋아요세계에서얼지가색감눈한테도많이좋아요,"['삼성', '세력', '엘지', '가전', '소음', '적다', '엘지', '엘지', '티비', '좋다', '세계', '얼다', '색감', '좋다']",5,1
102,확실히 삼성이 글로벌적으로 돈을 많이 버니까 체험공간이나 사소한 부분도 감성으로 채워나가는 모습을 보여주네요... 요즘은 대우 받는 느낌이 참 중요하다 보니,"['삼성', '글로벌', '벌다', '체험', '공간', '감성', '채우다', '모습', '보이다', '요즘', '대우', '느낌', '중요']",5,1
103,엘지 아무래도 잇섭님 말 듣고 봉투 바꿨나봐요ㅋㅋ이제 저 봉투 아니고 삼성이랑 비슷한 예쁜 봉투예요ㅋㅋ,"['엘지', '잇섭', '봉투', '바꾸다', '봉투', '삼성', '비슷하다', '예쁘다', '봉투']",5,1
104,"제품은 솔직히 우라나라 두 곳 모두 좋습니다… 백색가전은 엘지라는 인식이 아직 강하게 있어 상대적으로 삼성이 저렴할 수 있습니다. 허나 티비는 반대입니다. 하지만 구입세트구성이나 구입처, 결제방법에 따라 가격은 천자만별로 달라집니다. 결국은 아는것이 힘!","['제품', '나라', '좋다', '백색', '가전', '엘지', '인식', '강하다', '상대', '삼성', '티비', '반대', '구입', '세트', '구성', '구입처', '결제', '방법', '따르다', '가격', '천자', '달라지다', '결국']",5,1
105,lg는 디자이너 새로뽑고 올드한 느낌주는 것들 다 리뉴얼하면 가전으로는 삼성이 못따라올텐데 안타깝... 스마트폰시장도 포기했는데 가전이라도 잘 붙잡아야할텐데..,"['디자이너', '올드', '느낌', '리뉴얼', '가전', '삼성', '따라오다', '스마트폰', '시장', '포기', '가전']",5,1
106,삼성 살 줄 알았는데 막판 대 반전ㅋㅋ,"['삼성', '살다', '막판', '반전']",5,1
107,탁월한 선택! 가전은 역시 엘쥐~~~ 샘성은 컴터와 반도체... 인정할건 인정,"['탁월하다', '선택', '가전', '엘쥐', '컴터', '반도체', '인정', '인정']",5,1
108,타사제품은 제발 까지말자. 삼성 메모하고있니?,"['타사', '제품', '까다', '삼성', '메모']",5,2
109,4:52 ㅋㅋ 이 영상때문인지 엘지가 봉투를 고급지게 바꿨더라구요,"['영상', '엘지', '봉투', '고급', '지', '바꾸다']",5,1
110,이래서 모터달린거는 LG라는 말이있구나,"['모터', '달리다']",5,1
111,"이 영상의 핵심 요약 ""잇섭 : 삼성 LG 둘다 좋긴한데 난 LG로 도배했음ㅋㅋ""","['영상', '핵심', '요약', '삼성', '좋다', '도배']",5,1
112,가전제품 오래 쓰려면 삼성 디자인 으로만보면 LG죠,"['가전제품', '쓰다', '삼성', '디자인']",5,1
113,가전은엘지가짱삼성은야비해요진짱삼성진짜야비한놈들,"['가전', '엘지', '최고', '최고']",5,1
114,여러분... 백색가전은 그래도 엘지입니다. ㅎㅎ 잇섭님을 보십시오.,"['백색', '가전', '엘지', '잇섭']",5,1
115,"이상하게 대형마트, 하이마트 가면 삼성을 추천하고 삼성걸 사면 혜택도 많아 딱 한번 냉장고를 사봤는데.. LG걸로 살걸 바로 후회함. 핸드폰은 삼성, 백색가전은 LG가 정답인듯...","['이상', '대형', '마트', '하이마트', '삼성', '추천', '삼성', '사면', '혜택', '많다', '냉장고', '사다', '사다', '후회', '핸드폰', '삼성', '백색', '가전', '정답']",5,1
116,신혼가전 구매때문에 여러매장 방문해봐서 잇섭님 말에 완전공감합니다 개인적으로 엘지가전 좋아하는데 프로모션 때문에 삼성으로 모두 맞췄네여 엘지 영업 및 마케팅 담당하시는 분들은 반성하셔야 할듯 합니다,"['신혼', '가전', '구매', '매장', '방문', '잇섭', '공감', '개인', '엘지', '가전', '좋아하다', '프로모션', '삼성', '맞추다', '엘지', '영업', '마케팅', '담당', '반성']",5,1
117,삼성 매장은 다 똑같구나. 무작정 LG 제품 까면서 삼성제품 홍보하기. 지난 번에 노트북 구매할려고 알아볼 때에도 삼성매장은 LG제품 까면서 홍보함. 어떤 부분들은 근거없이 까는 것도 있다고 느껴질 정도. 반면 LG매장은 그냥 제품별로 뭐가 좋은지 말해주고 타사제품 까는 짓은 안했음.,"['삼성', '매장', '똑같다', '작정', '제품', '까다', '삼성', '제품', '홍보', '하다', '지나다', '노트북', '구매', '알아보다', '삼성', '매장', '제품', '까다', '홍보', '근거', '까다', '반면', '매장', '제품', '좋다', '타사', '제품', '까다']",5,2
118,결국 lg임. 하나하나 사면 삼성가전이 앞서는 부분이 있지만 기본기는 차이가 없고 대부분의 가전이 lg가 가성비가 뛰어나다보니 결국 lg임.,"['결국', '사다', '삼성', '가전', '앞서다', '기본기', '차이', '부분', '가전', '가성비', '뛰어나다']",5,1
119,근데 LG 백색가전 써보니 잔고장은 확실히 없는건 팩트네요,"['백색', '가전', '쓰다', '하다', '고장', '팩트']",5,1
120,울 아들 LG전자 베스트샵 대졸공채로 입사를 했어요 본점에 근무하는데 한번도 삼성을 까는말 하지 않아요 그리고 제품에 대한 자부심 대단합니다 삼성은 당장 금액이 싸서 구매하는 경우가 다반사 이구요 LG가전은 비싼값을 충분히 합니다 LG는 매니아층이 굉장하다고 합니다 여유가 있는분들은 거의 LG를 쓴다고 해요 세계적으로 LG가전 알아준답니다 비싼게 좀 아쉽죠,"['아들', 'LG전자', '베스트', '대졸', '공채', '입사', '본점', '근무', '삼성', '까다', '제품', '대하다', '자부심', '대단하다', '삼성', '당장', '금액', '싸다', '구매', '다반사', '가전', '비싸다', '매니아', '여유', '쓰다', '세계', '알아주다', '비싸다']",5,1
121,5년전부터 품질은 삼성이 좋음. LG는 AS가 개판. 아무도 AS에 대해서는 이야기 잘 안함. AS까지가 품질에 속함.,"['품질', '삼성', '좋다', '개판', '대하다', '이야기', '품질', '속하다']",5,2
122,LG가 핸드폰을 가전처럼 만들었음 휴... 삼성독과점에 가격 후리기가 얼마나 될지 안타깝다... 샤오미를 믿어야 할 판이니ㅡㅡㅋ 씁쓸하다... 가전은 LG...,"['핸드폰', '가전', '만들다', '삼성', '독과점', '가격', '후리', '샤오미', '가전']",5,1
123,가전은 엘지임. 삼성은 oem이 너무 많아짐,"['가전', '엘지', '삼성', '많다']",5,1
124,"골때리는게, 삼성은 항상 지들이 ""기술력이 딸려서 못하는걸 구린것처럼 미친듯이깜. "" 엘지는 ""지들이 할수 있어도 더 강점이 있어도 광고를 안함"" ..... QLED도 퀀텀닷 소재가 뭐 새로운 발광색소자로써 역할을 해주는게 아니고, OLED 엘지에 쳐발리는데 기술 개발은 엘지고 삼성이고 졸라 느리니까, 일단 돈벌어 보겠다고 어쩔수 없이 일단 대체제로 QLED 선택해놓고, 그래놓고 고작 백라이트만 퀀텀닷으로 구라치고.... 그래놓고 OLED 졸라 구림요 라고 광고하는 꼬라지 보면 구역질나오죠. 그런게 한두개가 아님.... 심지어 하도 삼성이 지랄옆차기 하니까, 엘지가 대응을 한두번 했더니, 것봐라 OLED가 구린데 찔려서 대응하는거다 라고 개 지랄 염병을 하는게 삼성. 아무리 삼성이 좋아졌고 좋더라도 별로 사고싶은 마음이 안들게 만드는, 그런 구역질나는 삼성 직원들 태도나 삼성 광고나...... 매장가서 직접 보면 진짜 이런 태도들이 진짜 역겨움.","['때리다', '삼성', '기술력', '딸리다', '구리', '미치다', '까다', '엘지', '강점', '광고', '퀀텀', '소재', '발광', '색소', '역할', '엘지', '치다', '발리', '기술', '개발', '엘지', '삼성', '느리다', '벌다', '어쩌다', '제로', '선택', '백라이트', '퀀텀', '구라', '졸라', '구림', '광고', '꼬라지', '구역', '나오다', '삼성', '지랄', '차기', '엘지', '대응', '구리', '찔리다', '대응', '지랄', '염병', '삼성', '삼성', '좋다', '좋다', '사다', '마음', '들다', '구역', '삼성', '직원', '태도', '삼성', '광고', '매장', '태도']",5,1
125,LG 참..착해...........정도경영 ㅠㅠ...그러다 스마트폰 사업부도 접긴했찌..............난엘지조아.......,"['착하다', '경영', '그러다', '스마트폰', '사업부', '난엘지조아']",5,1
126,"제가 결혼 했을때 삼성으로 전부 선택해서 샀는데 5년내 에어콘, 냉장고, 공기청정기 그리고 TV까지 고장 났어요. 스탠드 에어콘은 디자인 때문이지 앞으로 기울기 시작했고(수리 불가하다함) 냉장고는 자동 오픈도어 센서 고장과 도어 잠근 고장(수리 불가하다함) 계속 삐삐 거림, 공기청정기 미세먼지 센서 고장(수리), LED 액정 줄생김(제 과실 있음/수리). 그리고 TV 가격 얘기 많이하는데 삼성 최상 트림이라도 LG 올레드와는 레베루가 다르게 하급입니다.","['결혼', '삼성', '선택', '사다', '에어콘', '냉장고', '공기', '청정기', '고장', '스탠드', '에어콘', '디자인', '기울다', '시작', '수리', '불가', '냉장고', '자동', '오픈', '도어', '센서', '고장', '도어', '잠그다', '고장', '수리', '불가', '거리', '공기', '청정기', '미세', '먼지', '센서', '고장', '수리', '액정', '생기다', '과실', '수리', '가격', '얘기', '삼성', '최상', '트림', '올레', '레베루', '다르다', '하급']",5,1
127,저도 삼성 lg 견적 보고 왔는데 느낌 똑같은거 뭐지 ^^ 꿀팁도 배우고 조아여 좋습니다 영상 잘 보고 갑니다,"['삼성', '견적', '느낌', '똑같다', '배우', '조', '좋다', '영상']",5,2
128,LG마케팅좀 잘 했으면...가전보면 늘 드는 생각ㅜㅜ,"['마케팅', '가전', '생각']",5,1
129,폰 삼성 가전 엘지 이말이 괜히 있는게 아니지 삼성 에어컨 사용했다가 실외기에서 불났음 빨리 발견 해서 다행이였지만 그냥 꾸준히 엘지로 가야 했는데 젠장,"['삼성', '가전', '엘지', '삼성', '에어컨', '실외', '불나다', '발견', '다행', '엘지']",5,1
130,오랫동안 국내 디스플레이를 연구해 오신 분에게 직접 강의를 들었는데..... OLED 와 QLED 는 비교대상이 아니라고 하네요. Qled 는 OLED 기술과 비슷한 수준으로 보이려는 눈속임에 불과하다는 이야기를 들었네요. 디스플레이는 OLED 가 압도적이라고 생각합니다. ^^;,"['오랫동안', '국내', '디스플레이', '연구', '강의', '늘다', '비교', '대상', '늘다', '기술', '수준', '보이다', '눈속임', '이야기', '디스플레이', '압도', '생각']",5,2
131,삼성가전 제품은 오래쓰면 그 진가가 나타납니다. 저희 집 15년전에 모두 삼성 제품 사서 썼었지만 정말 말도 안되는 이유로 다 망가져서 가전은 다시는 삼성 안삽니다. 냉장고-5년이내 제어 쪽 기판 파괴로 온도조절 불가 10년 이상 쓰니 문쪽 볼트가 파괴되어 버림... ㅋㅋ 세탁기- 모서리 부분 파괴 됨. 기능 저하도 당연함. 옛날 이건희 회장 시절에는 그래도 자기 프라이드라도 있어서 수리나 최선을 다했는데 지금은 그냥 아 몰라요. 돈 안되는 수리는 최대한 안해줄려는 분위기....... 가전은 엘지입니다. 그나마 비교가능한게 TV뿐인거죠.,"['삼성', '가전', '제품', '쓰다', '지', '나타나다', '삼성', '제품', '사다', '쓰다', '이유', '망가지다', '가전', '삼성', '냉장고', '제어', '기판', '파괴', '온도', '조절', '불가', '이상', '쓰다', '볼트', '파괴', '세탁기', '모서리', '파괴', '기능', '저하', '당연', '옛날', '이건희', '회장', '시절', '프라이드', '수리', '최선', '지금', '수리', '분위기', '가전', '엘지', '비교', '가능']",5,1
132,"엘쥐 티비, 오븐 쓰고있습니다. 2년 되니 둘다 메인보드 불량에 가각 출장비 만팔천원과 수리비 별도를요구하네요 이럴꺼면 삼성살껄...","['엘쥐', '티비', '오븐', '쓰다', '메인', '보드', '불량', '출장비', '수리비', '별', '요구', '삼성', '살다']",5,1
133,이제 가전도 삼성같음... LG는 그룹자체가 갈수록 퇴보하는 느낌,"['가전', '삼성', '늘다', '그룹', '자체', '퇴보', '느낌']",5,1
134,삼성꺼 고장나서 서비스 가면 너무친절해서 돈다내고 삼성최고 하죠..고장이 안나야 좋은제품인데,"['삼성', '끄다', '고장', '서비스', '친절', '내다', '삼성', '최고', '하다', '고장', '좋다', '제품']",5,1
135,제품은 좋지만 마켓팅은 못하는 엘지.....,"['제품', '좋다', '마켓', '엘지']",5,1
136,가전은 엘지가 답임. 써보면 다르다. 삼성갔다가 심하게 후회하고 엘지로 되돌아감 ㅜㅜ,"['가전', '엘지', '쓰다', '다르다', '삼성', '심하다', '후회', '엘지', '되돌아가다']",5,1
137,이거 보고나서 저도 LG에서 다 사고싶어졌어요! 미국 유학생인 저에겐 삼성 엘지 다 저에게는 자랑스런 기업들이지만요! 😄,"['사다', '미국', '유학', '삼성', '엘지', '자랑', '기업']",5,1
138,예전 노트북 살때 생각나네 그때 11년에 한때 LG는 i7장착했는데 삼성은i5이하로 나온적있는데 LG상담사는 삼성은 일본과 협약으로 비슷한 스펙 cpu써야한다 그런데 일본 노트북 회사들 홍수로(11년도쯤 일본홍수 찾아조셈)i7급 cpu못 쓴다라고 까고 삼성가니 i7은 아직( 당시 2세대로기억함) 불안정해서 안쓴다 서비스는 우리가 좋다 이런식으로 견제하던데 그때 선택 받은 노트북 아직도 잘씀 광고같아서 업체는 말안함,"['예전', '노트북', '사다', '생각나다', '그때', '한때', '장착', '삼성', '이하', '나오다', '상담사', '삼성', '일본', '협약', '스펙', '쓰다', '일본', '노트북', '회사', '홍수', '일본', '홍수', '찾다', '쓰다', '까다', '삼성', '당시', '대', '기억', '안정', '쓰다', '서비스', '좋다', '견제', '그때', '선택', '노트북', '쓰다', '광고', '업체']",5,2
139,엘지도 좋지만 실제 자동차처럼 옵션차이마다 가격차이가 많이나고 ~~ 섬성 핸드폰과 연동 기가 막히게 잘되서 이제는 삼성제품으로 슬슬다 교체중~~ 디자인보다는 직관적임 삼성제품이,"['엘지', '좋다', '실제', '자동차', '옵션', '차이', '가격', '차이', '핸드폰', '연동', '막히다', '이제', '삼성', '제품', '교체', '디자인', '직관', '삼성', '제품']",5,1
140,좋은정보 감사드립니다. 처음에 삼성가전으로 이야기해서 그쪽으로 생각해보려고 했는데 마지막에 결국 엘지로 갈아타셨네요. 반전감있게 잘보았습니다. 잠깐 삼성에 흔들렸지만 엘지로 많은군데 알아봐야겠네요 정보 감사합니다,"['좋다', '정보', '감사', '드리다', '삼성', '가전', '이야기', '생각', '마지막', '결국', '엘지', '갈아타다', '반전', '삼성', '흔들리다', '엘지', '많다', '알아보다', '정보', '감사']",5,2
141,인정 ㅋㅋ 발품팔다보면 가전은 LG가 훨~~~~~~씬 좋은게 느껴짐 비싸더라도 걍 LG꺼 ㅋㅋ 근데 폰은 삼성꺼,"['인정', '발품', '팔다', '가전', '좋다', '비싸다', '삼성', '끄다']",5,1
142,"작년 10월 중순 신혼가전으로 삼성과 lg 고민하다 할인과 덤에 넘어가 삼성을 선택~! 삼개월 써보니 역시 가전은 엘쥐였다! 진심 tv, 세탁기, 건조기, 냉장고, 청소기 전부","['작년', '중순', '신혼', '가전', '삼성', '고민', '할인', '넘어가다', '삼성', '선택', '쓰다', '가전', '엘쥐', '진심', '세탁기', '건조기', '냉장고', '청소기']",5,1
143,혼수 삼성으로했는데 최고의 선택이얐음,"['혼수', '최고', '선택']",5,2
144,잇섭의 삼성빌드업에도 이겼다. 가전은 엘지,"['잇섭', '삼성', '이기다', '가전', '엘지']",5,1
145,엘지가전 사는 사람들은 알꺼다 삼성꺼 안사고 엘지꺼 사는 이유가 가격때문이 아니라는것,"['엘지', '가전', '사다', '사람', '삼성', '사다', '엘지', '사다', '이유', '가격']",5,1
146,5:45 앞부분은 오 그렇구나~ 하면서 봤는데 티비 얘기 나오면서 그럼 걍 닥 엘지로 맞춰야겠네 됨ㅋㅋ 디스플레이는 막눈 아닌이상 엘지,"['티비', '얘기', '나오다', '엘지', '맞추다', '디스플레이', '이상', '엘지']",5,1
147,뭐여 이거 삼성 뒷광고 아녀 하면서 보다가 역시 속내는 엘지네 ㅋㅋ,"['삼성', '광고', '속내', '엘지']",5,1
148,근데 솔직히 삼성 매장에선 엘지 까면서 파는게 습관 되어 있는듯... 엘지도 삼성 까는건 똑같은데 잇섭님 말처럼 삼성 제품 장단점을 알려 주면서 엘지껄 더 치켜 세우는 전략인데..삼성은 똑같이 자사 제품 치켜 세우면서 엘지 제품 비교 하며 단점 까기만 함 물론 일반화 시키면 안되지만 내가 사는 지역 삼성 매장은 다 그런식 인데 마케팅이 좀 거북한 느낌이 든다는.. 요약 하면 엘지는 자신감 있으니 삼성꺼 비교 하면서 장단점 말하고 삼성은 조급해서 그런가 그저 엘지꺼 까기 바쁨~!,"['삼성', '매장', '엘지', '까다', '파', '습관', '엘지', '삼성', '까다', '똑같다', '잇섭', '삼성', '제품', '장단점', '알리다', '엘지', '치키다', '세우다', '전략', '삼성', '자사', '제품', '치키다', '세우다', '엘지', '제품', '비교', '단점', '까다', '일반', '시키다', '사다', '지역', '삼성', '매장', '마케팅', '느낌', '들다', '요약', '엘지', '자신감', '삼성', '비교', '장단점', '삼성', '엘지', '끄다', '까다', '바쁘다']",5,1
149,LG가서 TV번인 얘기하니까 판매사원 표정이 굳어버림 ㅋㅋ,"['얘기', '판매', '사원', '표정']",5,2
150,as최고인 삼성으로 선택했음 lg as 개답답함,"['최고', '삼성', '선택', '답답하다']",5,2
151,주부로서..가전은 엘지 스마트폰은 삼성.. 그것은 진리..,"['주부', '가전', '엘지', '스마트폰', '삼성', '진리']",5,1
152,"정말 매장 가보면 엘지는 별로 설득하는 느낌도 없이 객관적으로 설명만 하는데, 삼성매장은 진짜 조명부터 직원 표정, 멘트까지 다 준비되어있고 LG제품이랑 비교하면서 완전 혹하게 만들더라구요. 살 마음 전혀 없던 사람도 사게 만듬. 매장에서 직원 설명 들으면서 구경하면 삼성제품이 엄청나게 훠얼씬 좋은 것처럼 보임. 그런데 나중에 집에 와서 차분하게 전에 찍어둔 사진이나 실물 보면 느낌이 확 다름.","['매장', '엘지', '설득', '느낌', '객관', '설명', '삼성', '매장', '조명', '직원', '표정', '멘트', '준비', '제품', '비교', '혹하다', '만들다', '살다', '마음', '사람', '사다', '만', '드', '매장', '직원', '설명', '구경', '삼성', '제품', '엄청나다', '좋다', '보이다', '찍다', '사진', '실물', '느낌', '다르다']",5,2
153,이상하게 어렸을때 부터 삼성보다는 LG였음 심지어 예전티비도 골드스타ㅋㅋ 딱하나 핸드폰은 삼성,"['이상', '어리다', '삼성', '예전', '티비', '골드', '스타', '핸드폰', '삼성']",5,1
154,모터가 들어가는 건 엘지가 갑 입니다. 에어컨 청소기 냉장고 건조기 세탁기 스타일러 등등등 그러니 가전은 엘지가 낫다가 된거죠.,"['모터', '들어가다', '엘지', '에어컨', '청소기', '냉장고', '건조기', '세탁기', '스타일', '그러다', '가전', '엘지']",5,1
155,정말 혹함 집에서 정신차리고 찬찬히 비교해보면 결국 성능이나 메리트는 엘지임 ㅋ,"['혹하다', '정신', '차리다', '비교', '성능', '메리트', '엘지']",5,1
156,저는 무조건 가전은 엘지다 하고 티비 냉장고 인덕션 세탁기 오븐기 청소기 다 엘지삿는데 쫌 후회되여.. 삼성폰이랑 연동이 잘 안되버려서 그냥 싹다 삼성살걸 싶은..? 근데 그냥저냥 잘 쓰구 잇어여.... 머 어떡해여ㅠㅠㅠㅠㅠ쓸수밖에없음..,"['가전', '엘지', '티비', '냉장고', '인덕션', '세탁기', '오븐', '청소기', '엘지', '사다', '후회', '삼성', '연동', '삼성사', '쓰다', '어떡하다', '쓰다']",5,1
157,"LG는 지금 정신차려야 할 때이죠 '감성','감성'을 충전하세요 LG여","['정신', '차리다', '감성', '감성', '충전']",5,1
158,시작은 삼전이었으나 결말은 LG! 결론. 발품을 열심히 팝시다.,"['시작', '결말', '결론', '발품', '팔다']",5,1
159,엘지진짜ㅠㅋㅋ개웃김 ㅠㅠㅋㅋ,"['엘지', '웃기다']",5,1
160,가전은 닥 LG다 핸드폰은 몰라도. 잔고장 AS등 LG만 계속사서 후회한적이없음,"['가전', '핸드폰', '하다', '고장', '사다', '후회']",5,1
161,엘지사는 이유는 잔고장없음 이건 진짜 써보면 알게 됨,"['엘지', '사다', '이유', '하다', '고장', '쓰다']",5,1
162,삼성의 가전이 LG를 마니~~~따라했지! 이번에 비스포크도 외국가전 베낌!ㅋ,"['삼성', '가전', '말', '따르다', '비스', '포크', '외국', '가전', '베끼다']",5,1
163,결국 정도 경영을 하는 엘지 제품을 구입함.,"['경영', '엘지', '제품', '구입']",5,1
164,6:00 아니 전자제품 유튜번데 oled랑 qled를 구분못한다고? Oled 랑 qled가 비교대상이냐? 전시품만봐도 화면의 이질감이 확 느껴지던데~,"['전자', '제품', '유튜버', '구분', '비교', '대상', '전시품', '화면', '이질감']",5,2
165,Lg쓰레기입니다 lg는 쓰레기입니다 광고도있는대 ㅋㅋ,"['쓰레기', '쓰레기', '광고']",5,1
166,이사가시면 혹시 집에 빔프로젝터나 홈시어터 설치 안하시나요? 계획이 있으시면 인테리어 해치지 않으면서 깔끔하고 성능 좋은 홈시어터 시스템과 빔프로젝터 설치기 부탁드립니다.,"['이사', '프로젝터', '홈시어터', '설치', '계획', '인테리어', '해', '성능', '좋다', '홈시어터', '시스템', '프로젝터', '설치', '부탁', '드리다']",5,2
167,그냥 엘지는 20년이상 쓰느사람 주변에 생각보다 많은데 삼성은 10년이상 쓰는걸 못봄.뭔가 스펙에만 나오는 기능말고도 뭔가 있는듯,"['엘지', '이상', '쓰느', '사람', '주변', '생각', '많다', '삼성', '이상', '쓰다', '스펙', '나오다', '기능', '말']",5,1
168,tv lg꺼쓰다가 삼성으로 갈아탓는데 화질도 그렇고 편의성도 그렇고 lg가 더 나음..삼성산거 후회중,"['쓰다', '삼성', '갈아타다', '화질', '편의', '삼성', '살다', '후회']",5,1
169,저번에 세탁기 고장나서 수리기사 불렀는데 세탁기 삼성꺼 어떠냐고 물어봤는데 기사왈 '삼성꺼는 태어나서 한번도 본적이 없어서 모르겠다'ㅋㅋ,"['세탁기', '고장', '수리', '기사', '부르다', '세탁기', '삼성', '물어보다', '기사', '삼성', '태어나다']",5,1
170,저도 최근에 가전천만원조금 넘게 구입했는데 잠깐만 알아봐도 엘지 살수밖에 없더군요 삼성은 겉모습만 이쁘고 기능이 너무 부실,"['최근', '가전', '넘다', '구입', '잠깐', '알아보다', '엘지', '살다', '삼성', '겉모습', '이쁘다', '기능', '부실']",5,1
171,결혼 13년차.. 10년 되기 전에 고장으로 바꾸게 된 가전은 모두 삼성꺼~ㅡㅡ,"['결혼', '고장', '바꾸다', '가전', '삼성', '끄다']",5,1
172,10:12 결론 ㅋㅋ 삼성 구입 하려다가 최종 LG,"['결론', '삼성', '구입', '최종']",5,1
173,저희 집 냉장고가 고장나서 삼성기사님을 불렀는데 다행이 문제가 없었고 기사님이 돌아가실때 “다른 삼성제품 없나요? 한번에 등록하면 좋아요” 라고 말씀하셨습니다... 하지만 저희 가족은 냉장고 빼고 핸드폰 가전제품모두 엘지를 써서 뻘쭘했던 기억이 나네요,"['냉장고', '고장', '삼성', '기사', '부르다', '문제', '기사', '돌아가다', '삼성', '제품', '등록', '좋다', '말씀', '가족', '냉장고', '빼다', '핸드폰', '가전제품', '엘지', '쓰다', '기억']",5,1
174,부럽다 작은집이라니;;ㅜㅜ 혼자사는데 20평이면 와 꿈의 집 아닙네까 진짜 가전은 역시 LG 베스트샵,"['작다', '혼자', '사다', '까다', '가전', '베스트']",5,2
175,백색가전은 LG라는 마케팅에 속아서 신혼가전은 LG로 풀세팅했는데 살아보니 LG의 극악의 AS현실에 이번에 가전을 전부 바꾸면서 삼성으로 갈아탔습니다. 심지어 LG는 TV AS시 수리기사가 사기까지 치는 상황에서 확실히 돌아서는 계기가 되었죠... TV메인보드 교체 판정으로 15만원에 메인보드 교체(저에게는 새제품이라고 했으나 알고보니 중고재생품)후 동일고장 증상이 나타났으나 다른 수리기사가 해당제품의 고질병이라면서 단자조임 불량으로 1분만에 처리되어서 황당했었죠....,"['백색', '가전', '마케팅', '속다', '신혼', '가전', '세팅', '살다', '극악', '현실', '가전', '바꾸다', '삼성', '갈아타다', '수리', '기사', '사기', '치다', '상황', '돌아서다', '계기', '메인', '보드', '교체', '판정', '메인', '보드', '교체', '제품', '재생', '동일', '고장', '증상', '나타나다', '수리', '기사', '해당', '제품', '고질병', '단자', '조', '불량', '처리']",5,1
176,영상 5개 올리면 2~3개가 광고. 솔직히 가전은 lg라고 하면서 삼성 as별로라고 하는데 바이럴같음;;,"['영상', '올리다', '광고', '가전', '삼성']",5,1
177,lg 가전제품은 수명이 10년이 아니라 30년 아니 더하면 50년 까지 가능함 아직도 금성 전자레인지 쓰는사람도 있음,"['가전제품', '수명', '가능', '금성', '전자', '레인지', '쓰다', '사람']",5,1
178,역시 반전이 있었네요 확정은 LG이군요ㅎㅎ 시간되시면 티비구입에 대해 한번 해주시면 감사하겠습니다 티비 진짜 온라인 오프라인 해외직구 리퍼 등등 그리고 제품넘버 뒤에 40k 41k 등등 아주미세하게 바뀐 제품 번호 똑같은 65인치인데도 가격이 몇십만원이나 차이가나고 4k 8k 올레드 등등 너무 많더라구요 잇섭님이 간단하게 정리한번해주시는건어떨까요? 늦었지만 새해복만이받으세요 영상 매번잘보고있습니다^^,"['반전', '확정', '시간', '티비', '구입', '대하다', '감사', '티비', '온라인', '오프라인', '해외', '직구', '리퍼', '제품', '넘버', '미세', '바뀌다', '제품', '번호', '똑같다', '가격', '차이', '올레', '많다', '잇섭', '정리', '늦다', '새해', '영상']",5,2
179,tv를 포함하면 lg가비싸진다는뎅 oled말고 그냥 led tv로 할 예정인데 이러면 가격차이 별로 없겟죠? 애초에 비싸지않은 tv니.. 오픈매장 집주변 백화점 세군데 돌아볼예정인데 이정도면 충분할까 싶네용.. 아고..,"['포함', '비싸다', '말', '예정', '이러다', '가격', '차이', '애초', '비싸다', '오픈', '매장', '주변', '백화점', '돌아보다', '예정', '충분하다']",5,2
180,나노셀 말고 LG QNED로 사면 되겠네요 ㅎ,"['나노', '말', '사다']",5,2
181,삼성이 기능도 좋아지고 디자인도 예쁜데 내구성이 떨어지더라구요. 아직 가전은 더 발전해야합니다,"['삼성', '기능', '좋다', '디자인', '예쁘다', '내구', '떨어지다', '가전', '발전']",5,1
182,고가의 티비는 직구가 괜찮지 않나요?,"['고가', '티비', '직구', '괜찮다']",5,2
183,삼성이 많이 저렴하고 좋아요... 근데 난 엘지.,"['삼성', '좋다', '엘지']",5,1
184,"추가하자면 요즘들어 피부로 느끼는부분인데 IT를 잘활용하는 사람은 가급적 브랜드를 통일해서 사는게 좋습니다,,,삼성이면 삼성 엘지면 엘지 왜냐면 요즘나오는 제품은 다 와이파이로 연결해서 스마트폰으로 컨트롤하게 되어있기때문에 제조회사가 섞이면 제대로 사용하기 어렵습니다,,,가전제품 한번사면 10년이상 쓸건데 TV따로 냉장고따로 세탁기따고 어플깔고 쓸면 웃기지 않겠습니까,,ㅎㅎ,,,,IT고 AI고 관심없는분은 그냥 섞어서 AS기사 따로따로 부르시던지,,,^^*,,,머리가 안되면 수족이 불편해야하는법,,","['추가', '요즘', '들다', '피부', '활용', '사람', '브랜드', '통일', '사다', '좋다', '삼성', '삼성', '엘지', '엘지', '요즘', '나오다', '제품', '와이파이', '연결', '스마트폰', '컨트롤', '제조', '회사', '섞이다', '가전제품', '사다', '이상', '쓰다', '냉장고', '세탁기', '따다', '어플', '깔다', '쓸다', '웃기다', '관심', '섞다', '기사', '부르다', '머리', '수족', '불편']",5,1
185,브랜드는 취향차이이고 기술력은 두군데 어디든 떨어지지않아요 맞는가전 가성비좋은상품을 구입하시는게 현명한듯합니다. 둘다 우리나라최고기업인데 누가못만들고 누가 잘만들고가 어디잇겠어요 ㅎㅎ,"['브랜드', '취향', '차이', '기술력', '떨어지다', '맞다', '가전', '가성비', '좋다', '상품', '구입', '현명', '우리나라', '최고', '기업', '만들다', '만들다']",5,1
186,옛날부터 모터 달린것은 LG 꺼 사라고 들었습니다 ㅎㅎ,"['옛날', '모터', '달리다', '사다']",5,1
187,설치기사나 as기사 친절도 까지 따지면 삼성에 한표 드림,"['설치', '기사', '기사', '친절', '따지다', '삼성', '드리다']",5,2
188,저만 느낀건지는 모르겟지만 가전은 엘지가 더 오래 쓰는거 같더라구요,"['가전', '엘지', '쓰다']",5,1
189,가전을 써본사람들은..... 왜 가전은 LG라고 하는지 알게될겁니다 주부들이 더 잘알아요,"['가전', '쓰다', '사람', '가전', '주부']",5,1
190,"순간의 선택이 10년을 좌우합니다, 가전은 역시 LG","['순간', '선택', '좌우', '가전']",5,2
191,삼성으로 빌드업하다가 결국 LG로 구입. 완벽한 밸런스다.,"['삼성', '결국', '구입', '완벽', '밸런스']",5,1
192,엘지가 가전이 좋으면 머하냐 AS가 좆같은데..,"['엘지', '가전', '좋다', '좆같다']",5,1
193,lg쓸거면 10년 못쓰고 최소 40년이니까 잘 선택하세요 한번에 선택이 40년을 좌우합니다,"['쓰다', '쓰다', '최소', '선택', '선택', '좌우']",5,2
194,난 처음에 가격 때문에 삼성 샀는 줄 알았는데... 역시 엘지였어~~ 가전은 엘지다.. 시전.. ㅋㅋ,"['가격', '삼성', '사다', '엘지', '가전', '엘지']",5,1
195,LG 가전담당 먼지나게 털렸겠네 아이고,"['가전', '담당', '먼지', '털리다']",5,1
196,"예전부터삼성은 사기마켓팅 금성은 겸손하고 정직한마켓팅이었죠 89년도 대학입학기념으로 아버님이사주신 삼성vtr..음성다중스테레오인줄알았는데..음성다중방송만수신되고,,음향은 그냥 모노사운드였음,,,음성헤드가 모노였던거임,,거기에 반해 엘지는 뭐든지 정직하고 겸손한 마켓팅이었음..","['예전', '삼성', '사기', '마켓', '금성', '겸손', '정직', '마켓', '대학', '입학', '기념', '아버님', '사다', '삼성', '음성', '다중', '스테레오', '음성', '다중', '방송', '수신', '음향', '모노', '사운드', '음성', '헤드', '모노', '반', '엘지', '정직', '겸손', '마켓']",5,1
197,제품마다 가격 다른데 삼성이 더싸다고 하시다니 ㅎㅎ 저는 삼성제품을 좋아하고 집 가건역시 삼성이 대다수이긴하나...좀 삼성편드시는 영상인듯 ㅋ,"['제품', '가격', '다르다', '삼성', '싸다', '삼성', '제품', '좋아하다', '삼성', '다수', '삼성', '드시다', '영상']",5,1
198,"저희 가족이 뽑기 운이 없는건지 모르겠는데 수명도 LG가 훨씬 긴 느낌이에요 티비, 냉장고, 세탁기 할것 없이 삼성것만 들이면 잔고장이..골드스타 짱짱😀","['가족', '뽑기', '수명', '길다', '느낌', '티비', '냉장고', '세탁기', '삼성', '들', '하다', '고장', '골드', '스타']",5,1
199,삼성도 팠으면 더더싸졌을꺼임 ㅋㅋ,"['삼성', '파', '싸다']",5,1
200,잇섭특) 엘지폰 칭찬하지만 삼성폰씀 삼성가전 칭찬하지만 엘지가전 씀,"['잇섭특', '엘지', '칭찬', '삼성', '쓰다', '삼성', '가전', '칭찬', '엘지', '쓰다']",5,1
201,충신24호 ㅂㅅ이네 폰은 삼성 모든 백색가전은 엘지가 답이야 세계에서 엘지가 백색가전1위 하는 이유는 서양인들이 팩트체크 해주는중,"['충신', '삼성', '백색', '가전', '엘지', '세계', '엘지', '백색', '가전', '이유', '서양인', '팩트', '체크']",5,1
202,에이 형 엘지가 100만원돈이 더 비싼데 똑같다고 표현하면! 가전 사대주의아냐?ㅋㅋ,"['에이', '엘지', '비싸다', '똑같다', '표현', '가전', '사대주의']",5,1
203,LG 정도경영 이미지 좋네요. 삼성을 구입했겠지만? 응? 결국 LG 굳굳 좋은팁 잘보고 갑니다 :),"['경영', '이미지', '좋다', '삼성', '구입', '결국', '좋다']",5,1
204,"좋은정보 감사합니다 잇섭님께서 말씀해주신 부분은 제가 부모님의 가전제품 살 때 너무 공감했고 사실 가격이 저렴해서 삼성을 산 게 가장 큰 이유였다고 해도 무방합니다 문제는 제가 삼성과 인연이 없어서 그런지 삼성에서 산 김치냉장고, 냉장고, 그리고 제 세탁기가 몇 년도 못쓰고(대략 3년) 잔고장으로 엄청 고생하고 있습니다(지금도 고장나 있는 상태인데 그냥 포기하고 삽니다) 그 때 어머니는 세탁기는 엘지꺼 사고 싶다고 하셔서 유일하게 어머니 세탁기만 LG인데 추운날씨에도 말썽 안피우네요 이러한 경험 때문에 저는 제가 가전을 넣어야한다면 돈이 더 들더라도 수명이 긴(?) LG를 쓰려구요","['좋다', '정보', '감사', '잇섭', '말씀', '부모', '가전제품', '사다', '공감', '가격', '삼성', '사다', '크다', '이유', '문제', '삼성', '인연', '삼성', '사다', '김치', '냉장고', '냉장고', '세탁기', '쓰다', '하다', '고장', '고생', '지금', '고장', '상태', '포기', '살다', '어머니', '세탁기', '엘지', '사다', '유일', '어머니', '세탁기', '날씨', '말썽', '피우다', '이러하다', '경험', '가전', '넣다', '들다', '수명', '길다', '쓰다']",5,1
205,인트로 보면서 느꼈는데 lg가전제품을 저렇게 예쁘게 만들면서 아니 핸드폰은.. 윙..,"['인트', '가전제품', '예쁘다', '만들다', '핸드폰']",5,1
206,제품 디자인이나 매장 경험이나 엘지는 ㅋㅋ 물건울 잘만드나 진짜 마케팅 디자인 경영은 진짜 못함,"['제품', '디자인', '매장', '경험', '엘지', '물건', '만들다', '마케팅', '디자인', '경영']",5,1
207,기업 특성이 그대로 드러나는구만... 수단을 가리지 않는 삼성. 안되는건 안된다고 막아서는 엘지.. 가끔은 이게 수단인지 모르는 엘지...,"['기업', '특성', '드러나다', '수단', '가리다', '삼성', '막아서다', '엘지', '수단', '엘지']",5,2
208,솔직히 삼성이 가전까지 먹으면 엘지는 파산함,"['삼성', '가전', '먹다', '엘지', '파산']",5,1
209,가전은 닥치고 엘지이다 삼성이 못따라옴 이건 펙트임,"['가전', '닥치다', '엘지', '삼성', '따라오다', '펙트']",5,1
210,"아 저도 건조기사러 돌아다녔을때 삼성쪽은 엘지까면서 어필해서 뭔가 신뢰가안갔어요. 그래서 종합가전판매점가서 툭터놓고 상담하니 결국 엘지 ㅋㅋ... 까면서 파는거 좀 별로야 ㅠㅠ 성능을 봤을때, 편리함을 고려했을때 결국 엘지였음..","['건조기', '사다', '돌아다니다', '삼성', '엘지', '까다', '어필', '신뢰', '종합', '가전', '판매점', '터놓다', '상담', '결국', '엘지', '까다', '파', '성능', '편리', '고려', '엘지']",5,1
211,삼성 근무했었을때 신혼가전 구매할때 전부다 엘지로 구매했어요 가격적인 부분보다 제품의 성능상태 및 내구성때문에 결정한 이유입니다,"['삼성', '근무', '신혼', '가전', '구매', '엘지', '구매', '가격', '제품', '성능', '상태', '내구', '결정', '이유']",5,1
212,LG는 모니터 입니다 ThinQ,['모니터'],5,2
213,10년 보고 구매하지만 엘지쓰면 20년은 기본 쓰게 됩니다...ㅋㅋ,"['구매', '엘지', '쓰다', '기본', '쓰다']",5,1
214,삼성: 걍사여 엘지 ㄴㄴ 엘지:저희꺼는 이러하고 쇰송은 이러헤어 그리고 @#)@#@#@$@,"['삼성', '사다', '엘지', '엘지', '끄다', '이러하다', '이러다', '헤어']",5,1
215,엘지가 가전은 짱이라는게 모터핵심 기술을 따라올수가 없다는거죠 요번에도 마그나와 합작회사 차리는게 그 때문인겁니다~! 여러분!,"['엘지', '가전', '최고', '모터', '핵심', '기술', '따라오다', '요번', '마그나', '합작', '회사', '차리다']",5,1
216,집에 25년 이상된 가전제품 잘 작동되는거 보고 놀람,"['이상', '가전제품', '작동', '놀라다']",5,1
217,삼성은 자기 제품을 소개하기보다 엘지랑 비교하며 까기 바쁜건 어딜가나 비슷하구나,"['삼성', '제품', '소개', '엘지', '비교', '까다', '바쁘다']",5,2
218,이번에 엘지에서 비스포크 겨냥해서 나온 제품군들 너무 잘 나왔죠 비스포크가 이쁜 느낌 이면 엘지 꺼는 고급진 느낌,"['엘지', '비스', '포크', '겨냥', '나오다', '제품군', '나오다', '비스', '포크', '이쁘다', '느낌', '엘지', '고급', '지', '느낌']",5,1
219,기승전 삼성 결론은 LG 가전은 LG다,"['기승', '삼성', '결론', '가전']",5,1
220,돈 차이로 엘지를 선택하지 않는다면 몇년후에 땅을 치게 될것이다. 그건 사용해보면 안다. 갑작스럽게 만든제품이 얼마나 잘 고장 나는지,"['차이', '엘지', '선택', '치다', '만들다', '제품', '고장']",5,1
221,ㅋㅋ 지능적으로 삼성까기인 느낌이 드는 영상이었네요. 저는 개인적으로 삼성 엘지 다 쓰지만 엘지 응원합니다~ 항상 리뷰 잘 보고 있습니다. 감사합니다~,"['지능', '삼성', '까다', '느낌', '영상', '개인', '삼성', '엘지', '쓰다', '엘지', '응원', '리뷰', '감사']",5,1
222,이사축하드립니다 메이커마다 차이가 있네요 하지만 5년10년기준으로 사용한다고 선택하면 저는 삼성이 더좋은것 같아요 매번 삼성노트북만 썼는데 이번기회에 엘지 한번써볼려고 합니다 가전제품은 자기취향인것 같아요 좋은정보 감사합니다,"['이사', '축하', '드리다', '메이커', '차이', '기준', '선택', '삼성', '좋다', '삼성', '노트북', '쓰다', '기회', '엘지', '쓰다', '가전제품', '취향', '좋다', '정보', '감사']",5,2
223,초반에 삼성 구매한척하더니 엘지승이네 ㅋ,"['초반', '삼성', '구매', '엘지']",5,1
224,Tv 같은경우 직구가 더 저렴하지 않나요?,"['직구', '저렴하다']",5,2
225,이제 이 분은 lg광고를 못 받습니다,['광고'],5,2
226,삼성 스마트씽스 허브 환경이 엘지는 절대 따라올수없는점 같아요,"['삼성', '스마트', '스다', '허브', '환경', '엘지', '따라오다']",5,2
227,우리 지역은 반대인데요. ㅋㅋ LG가 삼성을 미친듯이 깝니다. 그런데...... 가격이 LG가 더 싸다는......(특정카드 할부시),"['지역', '반대', '삼성', '미치다', '까다', '가격', '싸다', '특정', '카드', '할부']",5,2
228,솔직히 엘지빠이기도 하지만 폰이면 모를까 가전은 엘지죠♥,"['엘지', '가전', '엘지']",5,1
229,삼성이 가전까지 탑 먹으면 lg는 뭐먹고살까...,"['삼성', '가전', '타다', '먹다', '먹다', '살다']",5,1
230,"삼성이 세계 시장에서는 백색 가전에서도 LG보다 점유율이 높은데, 뭔가 국내 시장에서는 브랜드 파워에서 밀리는 느낌이더라고요. 그리고 하이마트나 전자랜드, 코스트코, 이마트 트레이더스 같은 곳들도 비교 컨텐츠가 있었으면 더 좋았을 거 같아요.","['삼성', '세계', '시장', '백색', '가전', '점유', '높다', '국내', '시장', '브랜드', '파워', '밀리다', '느낌', '하이마트', '전자랜드', '코스트코', '이마트', '트다', '레이더스', '비교', '컨텐츠', '좋다']",5,1
231,걍 돈 더주고 LG 사는 이유는 딱 5년뒤를 보면 알지요~,"['사다', '이유']",5,1
232,12년전 삼성 재직시절 임직원 가격으로 가전을 풀셋팅해도 되는 조건이었지만 전부 LG로 구입을 베스트샵에서 샀는데 아직까지도 문제 없이 냉장고와 세탁기와 티비는 그대로 잘 쓰고 있는 상황입니다. 저는 아직도 가전은 엘지로 갈래요ㅎ,"['삼성', '재직', '시절', '임직원', '가격', '가전', '셋팅', '조건', '구입', '베스트', '사다', '문제', '냉장고', '세탁기', '티비', '쓰다', '상황', '가전', '엘지']",5,1
233,그런가요? 전세계로봐도 가전쪽은 삼성이 엘지에 비해 브랜드파워는 밀릴껄요? 제가본 기사에서는 2021년도 기준 백색가전은 월풀을 LG가 꺾고 전세계 매출1등을 했다는 정보를 봤는데 결국 점유율보단 매출과 매출이익이 더 중요한거 아닌가요? 적은 점유율로 브랜드의 가치가 더 높다는뜻이니까?,"['세계', '가전', '삼성', '엘지', '비하', '브랜드', '파워', '밀리다', '기사', '기준', '백색', '가전', '꺾다', '세계', '매출', '정보', '결국', '점유', '매출', '매출', '이익', '중요', '적다', '점유', '브랜드', '가치', '높다']",5,1
234,저도 전세계에서는 삼성이 1위인걸로알고있습니다 한국에서만lg,"['세계', '삼성', '한국']",5,1
235,2023년 현재기준 삼성이 1위 맞네요!,"['기준', '삼성', '맞다']",5,1
236,3:24 삼성에서 옴니아의 향기가 난다!ㅋㅋ,"['삼성', '옴니아', '향기']",5,1
237,1:42 삼성이 갤럭시에 이 방법을 적용했으면 lg는 핸드폰에 가전 감성을 적용하고ㅎㅎ,"['삼성', '갤럭시', '방법', '적용', '핸드폰', '가전', '감성', '적용']",5,1
238,저도 가전 구매하려고 엄청 아라봤는데 결국 저는 엘지로 했어요 그 이유중 하나가 엘지는 국내생산 삼성은 해외에서 만들어서 갖고오거나 타제품을 이름만 삼성으로 바꿔 판매하는게 정종 있어서 엘지로..... 거의모든 제품을 엘지로 쓰는데 고장난적 없고 맘에듭니다 ㅎㅎ,"['가전', '구매', '결국', '엘지', '이유', '엘지', '국내', '생산', '삼성', '해외', '만들다', '갖다', '제품', '이름', '삼성', '바꾸다', '판매', '정종', '엘지', '제품', '엘지', '쓰다', '고장', '들다']",5,1
239,ㄹㅇ삼성꺼 보다가 집에오는 물건은 엘지,"['삼성', '끄다', '물건', '엘지']",5,1
240,전자제품 좋아하는 사람으로써.. 가전은 LG? LG가 나쁘다는게 아니라 이게 얼마나 어이없는 소리인지. 삼성은 솔직히 후방로 베끼고 따라와서 좀 카피캣스타일이고 그만큼 잘만들어냄. 공부잘하는 애가 컨닝하는 느낌임.,"['전자', '제품', '좋아하다', '사람', '가전', '나쁘다', '어이없다', '소리', '삼성', '후방', '베끼다', '따르다', '카피캣', '스타일', '만들다', '공부', '컨닝', '느낌']",5,1
241,가전제품은 아무도 엘지를 못이김 핸드폰은 아무도 엘지를 이김,"['가전제품', '엘지', '이기다', '핸드폰', '엘지', '이기다']",5,1
242,LG는 아파트하자보수 처럼 as가 답답하다 반면 삼성은 대처가빠르다 엘지쓰고싶은데 답답한 사후대처때문에 못쓰겠다,"['아파트', '하다', '보수', '반면', '삼성', '대처', '빠르다', '엘지', '쓰다', '사후', '대처', '쓰다']",5,1
243,티비 오프라인 300만원주고 샀는데 아직도 고장안나고 화질도 너무 좋아 근대 희한하게 인터넷에서 산건 싼데 얼마 못가 왜그럴까,"['티비', '오프라인', '사다', '고장', '화질', '좋다', '근대', '인터넷', '사다', '싸다', '얼마']",5,2
244,친구가 누나 혼수 가족끼리 같이 보러 갔다가 노트북 하나 업어오던데 ㅋㅋ 온라인대비 40%나 더 저렴하다고 했던게 이거구나 ㅋㅋ,"['친구', '누나', '혼수', '가족', '노트북', '온라인', '대비', '저렴하다']",5,2
245,삼성은 진짜 직원 교육을 그렇게 하는듯...저번달에 아파트 입주하느라 가전알아봤었는데 잇섭님이 느낀거랑 똑같이 lg를 엄청 까고 매장 한쪽에는 oled 번인생긴거 갖다놓고 비교시켜주고 하더라구요. 진짜 뭐만하면 다 삼성이 최고라고 해서 좀 거북했음...,"['삼성', '직원', '교육', '아파트', '입주', '가전', '알아보다', '잇섭', '까다', '매장', '쪽', '생기다', '갖다', '놓다', '비교', '삼성', '최고']",5,2
246,가전 싸다고 삼성에서 사면 나중에 LG에서 살걸....이캄.... 스마트폰은 몰라도 가전은 LG...,"['가전', '싸다', '삼성', '사다', '살다', '이카', '스마트폰', '가전']",5,1
247,저능 삼성 화이팅(?)입니다 삼성꺼로 이사오면서 싹다 후라라ㅏㄱ(?),"['삼성', '삼성', '이사']",5,1
248,오늘 강남 삼성전자 갔더니 의상이 추례하다고 직원이 안내도 안하더라구요. 완전 근처 동네 주민인데말이죠. 분가를 근래에 했어서 무선 청소기랑 다리미 토스트기 세탁기 헤어드라이기 고르러 갔었는데 다리미 먼저 본다고 안내도 안하고 다른 중년 잘입은 부부만 상대하더라구요ㅋㅋ 가전은 역시 엘지죠. ㅋㅋ,"['강남', '삼성전자', '의상', '추례', '직원', '내다', '근처', '동네', '주민', '분가', '근래', '무선', '청소기', '다리미', '토스트기', '세탁기', '헤어', '드라이기', '고르다', '다리미', '내다', '중년', '부부', '상대', '가전', '엘지']",5,1
249,나쁜의도는 아닙니다. 그냥 궁금해서 그러는건데 삼성 좋아하시는 분은 좋아요 LG 좋아하시는 분은 싫어요 눌러주세요,"['나쁘다', '의도', '그러다', '삼성', '좋아하다', '좋다', '좋아하다', '싫다', '누르다']",5,2
250,참고 블라인드 테스트로 엘지 올레드와 큐엘이디 시험 했을때 삼성 큐엘이디가 23:7 로 압도적으로 이김 왜 인지는 모르겠음 올레드가 쫌 너무 색감이 과장되어 보이는게 있어서 그런지 번인 때문인지....,"['참고', '블라인드', '테스트', '엘지', '레드', '엘이디', '시험', '삼성', '엘이디', '압도', '이기다', '올레', '색감', '과장', '보이다']",5,1
251,"참 두 회사 다 일관되네요. ㅋㅋ 대통령 친구 딸내미한테 말까지 사주면서, 국민연금까지 동원하면서 돈안들이고 세습할려던 기업하고... 모든 기업들 다 돈 찔러줬는데 혼자서만 안찔러줬던 기업 ..... 현실은 그렇게 정직하게 장사하는 기업보다 할수 있는 모든 편법 동원하는 기업이 돈은 더 잘버는데 ㅎ","['회사', '일관', '대통령', '친구', '딸내미', '사다', '국민연금', '동원', '들', '세습', '기업', '기업', '찔러주다', '혼자', '찌르다', '기업', '현실', '정직', '장사', '기업', '편법', '동원', '기업', '벌다']",5,2
252,10:12 이부분을 삼성이 싫어합니다,"['삼성', '싫다']",5,2
253,엘지도 비스포크랑 비슷한 오브제 컬렉션 나와서 저는 엘지쪽으로 더 기운것 같아요 ..가전은 엘지라는 마음도 계속들고..,"['엘지', '비스', '포크', '오브제', '컬렉션', '나오다', '엘지', '기울다', '가전', '엘지', '마음', '들다']",5,1
254,"완전한 소비자용 영상이네요! 감사합니다. 그나저나 서로 견제는 굉장하더라구요 ㅋㅋ LG냉장고 고장나서 오프라인 매장가서 새로 사려고 말하니까 첫마디가 ""삼성이죠?""","['소비자', '영상', '감사', '견제', '냉장고', '고장', '오프라인', '매장', '사다', '마디', '삼성']",5,2
255,근데 삼성 진짜 고장잘나요 울엄니 진짜 고생하셨음,"['삼성', '고장', '엄니', '고생']",5,1
256,애플 최고사양이 가성비로 인식시켜버리는 매직옵션질 알고리즘을 삼성은 가전 세트에 숨겨놨었구먼 껄껄,"['애플', '최고', '사양', '가성비', '인식', '매직', '옵션', '알고리즘', '삼성', '가전', '세트', '숨기다']",5,1
257,그래서 저는 나이와 다르게 엘지를 선택합니다. 폰은 빼구요... 이번에 레인보우는 제대로 나오면 좋겠네요~ 엘지~~~,"['나이', '다르다', '엘지', '선택', '빼다', '레인보우', '나오다', '좋다', '엘지']",5,1
258,경험자로써 엘지는 마케팅 정말 병신같음.. 짜증날 정도로... 근데 전 열받으면서 엘지 삼 근데 정말 짜증났음,"['경험자', '엘지', '마케팅', '병신', '짜증', '엘지', '짜증']",5,1
259,뭘 모르시나본데 LG가 아니라 럭키금성입니다.,['럭키금성'],5,1
260,폰만삼성꺼쓰는 엘빠로써 엘지꺼 사서 너무좋네요 ㅋㅋ,"['끄다', '쓰다', '엘', '빠', '엘지', '사다', '좋다']",5,1
261,그래도 가전은 LG라는 인식이 강하다,"['가전', '인식', '강하다']",5,1
262,"형 부모님 tv사드리고 싶은데 lg, 삼성 어느 거 추천해? 원래 oled 쓰셨는데 번인이랑 색상 이상해지는 거 땜에 고민 중이야ㅠㅠ","['부모', '사다', '삼성', '추천', '쓰다', '색상', '이상', '고민']",5,2
263,6:41 삼성은 브로커기업.비윤리기업.분식회계 불법 국민연금투자.돌려까기네. 엘지는 윤리 도덕적기업! 멋진 잇섭! 삼성스레기마인드 저도싫어함.,"['삼성', '브로커', '기업', '윤리', '기업', '분식', '회계', '불법', '국민연금', '투자', '돌리다', '까다', '엘지', '윤리', '도덕', '기업', '멋지다', '마인드', '싫다']",5,2
264,우리아빠 LG다닌다기... 라이벌 기류가 흐르니 이만 LG쪽으로 물러나겠다기... 가격은 미안하다기...,"['아빠', '다니다', '라이벌', '기류', '흐르다', '물러나다', '가격', '미안']",5,2
265,눈 편안하게 보고싶다 하시면 돈 조금 더 들어도 올레드(OLED) LG 것을 추천드립니다 눈에 피로감이 확실히 적어요,"['편안', '들다', '올레', '추천', '드리다', '피로감', '적다']",5,2
266,가격이고 뭐고 나발이고 가전은 무조건 엘지사야 됨 삼성꺼는 고장이 ㅎㄷㄷ 함..... 왜 삼성 직원들이 경쟁사 욕하면서 지내꺼 팔려고 하겠음? 뭔가 꿀리는게 있고 지내가 쓰레이인거 아니까 그러는거임 엘지는 꿀리는게 없고 자신이 있으니까 제품설명할때도 경쟁사 욕안하고 어떤거는 삼성꺼가 좋다고 어떤건 엘지가 좋다고 하는거임,"['가격', '나발', '가전', '엘지', '사다', '삼성', '고장', '삼성', '직원', '경쟁사', '욕', '지내다', '끄다', '팔다', '꿀리다', '쓰레', '그러다', '엘지', '꿀리다', '자신', '제품', '설명', '경쟁사', '삼성', '좋다', '엘지', '좋다']",5,1
267,"저희 가족은 처음부터 가전은 lg지! 하면서 냉장고, 김치 냉장고, 세탁기, 티비, 에어컨을 다 lg로 샀었던 기억이...","['가족', '가전', '냉장고', '김치', '냉장고', '세탁기', '티비', '에어컨', '사다', '기억']",5,1
268,베트남 제조와 국내제조 차이가 크다고 생각했습니다 전 그래서 lg가전으로 하나한 바꾸고 있습니다 결혼 10년차 가장입니다..,"['베트남', '제조', '국내', '제조', '차이', '크다', '생각', '바꾸다', '결혼', '가장']",5,1
269,장담...아니 장담까지는 아니고 어느정도 예측컨데 이 영상 LG에서 보면 일단 견적서 담아주는 봉투부터 바꾸겠다..ㅋ.ㅋ.ㅋ.ㅋ.ㅋ.,"['장담', '장담', '예측', '크다', '영상', '견적서', '담다', '봉투', '바꾸다']",5,1
270,"솔직히 가전은 lg임.. 몇십년째 삼서메어컨, lg냉장고 티비 김치냉장고 써보는데, 아직 가전은 대부분lg가 훨씬 고장도 덜나고 오래쓸수잇음","['가전', '삼서메어컨', '냉장고', '티비', '김치냉장고', '쓰다', '가전', '부분', '고장', '쓰다']",5,1
271,"LG가 전자 부분에서 특허를 낸 기술들이 엄청 많아서 세부 기능 까지 보면, 아직가전은 LG인듯","['전자', '특허', '내다', '기술', '많다', '세부', '기능', '가전']",5,1
272,역시 가전은 프리미엄 에루지~ㅎㅎ 올레드TV를 접해보면 다른 티비 못본다 진짜 이건 리얼이다 ㅋㅋ,"['가전', '프리미엄', '에루지', '올레', '접하다', '티비', '리얼']",5,1
273,삼성 버즈프로 임직원가 17.9입니다,"['삼성', '버즈', '프로', '임직원']",5,1
274,"그러네요~가전이 삼성이면어떠하고, 엘지면 어떠하리~~","['가전', '삼성', '엘지']",5,1
275,핸드폰은 삼성 가전제품 모터 들어간건 lg 제품 lg모터 기술력은 못참지,"['핸드폰', '삼성', '가전제품', '모터', '들어가다', '제품', '모터', '기술력', '참다']",5,1
276,삼성 비스포크처럼 엘지는 오브제로 나와서 LG로 가전 혼수 견적 비교할려고 발품파는 중인데 공감가네요 ㅋ,"['삼성', '비스', '포크', '엘지', '오브제', '나오다', '가전', '혼수', '견적', '비교', '발품', '파', '공감']",5,1
277,Lg가 모터가 좋다 10년 이상 쓸 생각이면 lg 그 이하로 사용 후 교체할꺼면 아무거나 디자인 가격보고 사도 됨,"['모터', '좋다', '이상', '쓰다', '생각', '이하', '교체', '디자인', '가격', '사다']",5,1
278,오래 써보면 쓸 수록 핸드폰 삼성 가전은 LG,"['쓰다', '쓰다', '수록', '핸드폰', '삼성', '가전']",5,1
279,lg가 항상 2위면 된다고 하니까 그러겠죠?,['그러다'],5,1
280,전 개인적으론 엘지제품이 더 좋더군요. 실제로 제품 만족도가 더 높아서..,"['개인', '엘지', '제품', '좋다', '제품', '만족도', '높다']",5,1
281,반전의 반전 ㅋㅋ 결국 가전 LG였다,"['반전', '반전', '가전']",5,1
282,삼성은 주식 스마트폰말고는 딱히? 생활가전은 LG가 압승이라고 생각,"['삼성', '주식', '스마트폰', '말', '생활', '가전', '압승', '생각']",5,1
283,빌드업은 삼성이었는데 최종 구매는 LG ㅋㅋ,"['삼성', '최종', '구매']",5,2
284,ㅋㅋ뭐여 삼성샀다는줄 알고 보는데 엘지샀네ㅋ,"['삼성', '사다', '엘지', '사다']",5,1
285,삼성은 휴대폰이고 LG는 가전이지 ㅋㅋ,"['삼성', '휴대폰', '가전']",5,1
286,-m5t ㅋㅋ 그게 아니라 가전은 역시 엘지 이거에욬ㅋㅋ,"['가전', '엘지']",5,1
287,결국 이나라에선 폰은 삼성 가전은 LG,"['결국', '나라', '삼성', '가전']",5,1
288,ㅋㅋ삼성칭찬 엄청하길래 당연히 삼성삿나햇더니...대반전!,"['삼성', '칭찬', '삼성', '사다', '반전']",5,1
289,저도 삼성 사시는줄 알았어요 ㅋㅋ 반전,"['삼성', '사다', '반전']",5,1
290,삼성전자가 LG전자못따라가는 가전은 OLEDTV,"['삼성전자', 'LG전자', '따라가다', '가전']",5,1
291,엘지는 진짜 윗대가리가 문제야 마케팅이 너무 구려ㅠㅠ,"['엘지', '대가리', '문제', '마케팅', '구리']",5,1
292,이영상봤다면 삼성의접객매뉴얼중 LG까기를 뺄수도있을꺼같네요 ㅋㅋ,"['영상', '삼성', '접객', '매뉴얼', '까다', '빼다']",5,2
293,최근 가전을 다량 구입하며 알아봤지만 솔찍히 원천기술이나 생산지등을 보면 핸드폰빼고는 아직은 가전은 전부 다 LG로... 하지만 언제나 기업의 경쟁에서 이익을 보는건 소비자이기 때문에 삼성도 마음속으로는 응원 합니다,"['최근', '가전', '다량', '구입', '알아보다', '찍히다', '원천', '기술', '생산지', '핸드폰', '빼다', '가전', '기업', '경쟁', '이익', '소비자', '삼성', '마음', '속', '응원']",5,1
294,천재한명이 전체를 먹여살린다는 삼성과 천재한명보다 100명의 똑똑한 사람이 필요하다는 엘지의 차이죠 엘지는 사공이 많아서 산으로 감,"['천재', '전체', '먹이', '살리다', '삼성', '천재', '사람', '필요', '엘지', '차이', '엘지', '사공', '많다']",5,1
295,풀셋으로 살거면 무조건 삼성가세요. 싼게 진리입니다. 정말 원하는 기능적인 부분이 있다면 모르겠지만 그게 아니라면 가전은 싼게 진리입니다. 불량걱정은 하지 마세요. 어차피 복불복입니다. 삼성사나 LG사나 재수없으면 걸리는겁니다. 성능도 그게 그겁니다. 수치상으로는 차이가 있으나 일반적인 실사용조건에선 큰 의미를 부여하기 힘듭니다. LG임직원들 중에서도 가격때문에 삼성풀셋 가는사람 많습니다.,"['살다', '삼성', '싸다', '진리', '원하다', '기능', '가전', '싸다', '진리', '불량', '걱정', '복불복', '삼성사', '재수', '걸리다', '성능', '수치', '차이', '일반', '조건', '크다', '의미', '부여', '힘들다', '임직원', '가격', '삼성', '사람', '많다']",5,1
296,평생 엘지 가전만 쓰다가 냉장고 김치냉장고가 하도 삼성이 싸서 구입했는데 결국 후회중... 드는 생각은 역시 백색가전은 엘지이고 싸면 싼값하더라... 수리만 몇번을 받았는지 백색가전은 엘지라는말이 괜히 나온게 아님,"['평생', '엘지', '가전', '쓰다', '냉장고', '김치', '냉장고', '삼성', '싸다', '구입', '결국', '후회', '생각', '백색', '가전', '엘지', '싸다', '싸다', '수리', '백색', '가전', '엘지', '나오다']",5,1
297,LG가전 제품은 써본사람이 압니다 처음 가격을 볼땐 비싸다.. 라는 인식을 만들지만 써보면 아.. 비싼 이유가 있구나 생각이 되어지는부분이 많죠 그렇다고 삼성 제품이 안좋다는건 아니지만 삼성은 as와 마케팅 가격 면에서 엘지보다 강점이 있다봅니다 엘지는 비싼만큼 자제가 좋고 생산 대부분을 국내에서 해서 그런지 완성도에서 분명 다른 제조사와 다른 강점이 있습니다. 엘지가 마케팅과 as까지 섭렵한다면 삼성이 따라오기 어렵겠지만 엘지가 왠지 따라오게 만드는 실수?를 하는게 의아할정도로 아쉬운 부분이 많은게 사실입니다..,"['가전', '제품', '쓰다', '사람', '가격', '비싸다', '인식', '만들다', '쓰다', '비싸다', '이유', '생각', '많다', '삼성', '제품', '좋다', '삼성', '마케팅', '가격', '엘지', '강점', '엘지', '비싸다', '자제', '좋다', '생산', '국내', '완성도', '다르다', '제조사', '다르다', '강점', '엘지', '마케팅', '섭렵', '삼성', '따라오다', '엘지', '따라오다', '실수', '의아', '많다']",5,1
298,Tv는 lg가 개꿀 ㅋㅋ근데 현재 내집을 삼성뿐ㅋ,['삼성'],5,1
299,가전은 LG라는 말은 보증기간 차이 때문에 나오는 말이에요,"['가전', '보증', '기간', '차이', '나오다']",5,1
300,아뇨 가전은 lg입니다 나중에 웁니다 진짜로,"['가전', '울다']",5,1
301,가전은 엘지라는건 마케팅인듯 엘지가전 쓰던거 다 삼성으로 바꾼뒤 만족도가 올라감,"['가전', '엘지', '마케팅', '엘지', '쓰다', '삼성', '바꾸다', '만족도', '올라가다']",5,1
302,가전은 엘지 얼마나 유지될지 궁금합니다!,"['가전', '엘지', '유지', '궁금하다']",5,1
303,확실히 가전에선 lg직원들에게 여유로움이 느껴짐ㅋㅋㄱㅋㅋ 삼성은 자신들이 뒤에 있다고 생각하는지 공격적으로 나오는데 lg는 삼성제품 얘길 꺼내도 아~ 천천히 알아보시구 결정하세요~ㅋㅋ,"['가전', '직원', '여유', '삼성', '자신', '생각', '공격', '나오다', '늘다', '삼성', '제품', '얘기', '꺼내다', '알아보다', '결정']",5,1
304,ㅋㅋ얼마전에 그램하고 이온 비교해보러갔는데 엘지는 사람바글바글하고 좀더 보고올게요~ 하니까 네~^^하고 나왔는데 이온보러가서 아 엘지도 보고 올게요 하니까 삼성은 '삼성 컴퓨터는 5년쓰는데 엘지는 3년만에 바꿉니다 이유가 뭐겠어요 그리고 화면은 엘지가 못따라옵니다 저기 중국에서도 삼성하면 알아주지 엘지는 따라오지도 못해요'그랬어요 개인적 체험이라 그냥 그런갑다 했는데 딴 매장도 그런가보군요^0^,"['얼마', '이온', '비교', '엘지', '사람', '나오다', '엘지', '삼성', '삼성', '컴퓨터', '쓰다', '엘지', '바꾸다', '이유', '화면', '엘지', '따라오다', '중국', '삼성', '알아주다', '엘지', '따라오다', '개인', '체험', '매장']",5,1
305,이온보다 그램 판매율이 압도적으로 위에 있는데 지고 있으니 ㅂㄷㅂㄷ 하는거겠죠 교육을 엘지 까는식으로 배우는듯,"['이온', '그램', '판매', '압도', '교육', '엘지', '까다', '배우']",5,2
306,엘지가 인식이 좋은게 아니라 제품이 좋은거임(스마트폰 제외). 오히려 이미지 앞세워서 인식만 좋은게 삼성이지ㅋㅋ 어려서 멋모를때나 삼성이라는 기업이미지에 혹해서 샀지 살다보니 삼성제품은 역대급 가성비가 아닌 이상 거들떠도 안보게 되더라. 아무리 as가 좋아봐야 애초에 as 받을 일 없는 제품이 최고임,"['엘지', '인식', '좋다', '제품', '좋다', '스마트폰', '제외', '이미지', '앞세우다', '인식', '좋다', '삼성', '어리다', '멋모르다', '삼성', '기업', '이미지', '혹하다', '사다', '살다', '삼성', '제품', '역대', '가성비', '이상', '거들뜨다', '좋다', '애초', '제품', '최고']",5,1
307,맞아 우리동네 LG는 삼성 칭찬도 하던데 삼성에서는 그딴기능이 왜 필요하냐 화내서 쫄았음,"['맞다', '동네', '삼성', '칭찬', '삼성', '기능', '필요', '화내다', '쫄다']",5,1
308,국내에선 확실히 LG가 인식이 좋네유.. 세계 판매량은 떨어져도,"['국내', '인식', '좋다', '세계', '판매량', '떨어지다']",5,1
309,-i9d 뭔 개소리야 ㅋㅋ 세계적으로 엘지가 삼성 잡은지가 언젠데 ㅂㅅ이라 모바일이랑 착각하는거 아니냐? 백색가전은 엘지가 압도적으로 1위야 삼성 백색가전은 중국에도 밀린 상황인데 삼엽충들아 정신차려 제발 ㅋㅋ,"['개소리', '세계', '엘지', '삼성', '모바일', '착각', '백색', '가전', '엘지', '압도', '삼성', '백색', '가전', '중국', '밀리다', '상황', '삼엽충', '정신', '차리다']",5,1
310,-i9d LG가 가전 세계 1등이에요 삼성은 미국 1등이고,"['가전', '세계', '삼성', '미국']",5,1
311,아직 백색 가전은 lg인가요? 저희 아빠는 백색 만큼은 무적권 lg라는데...? 크게 차이 없죠?,"['백색', '가전', '아빠', '백색', '무적', '크다', '차이']",5,1
312,마지막은 lgㅋㅋ,['마지막'],5,2
313,내용 요약 : 삼성 비스포크 광고와 엘지는 촌스럽고 비싸다 왠지 삼성광고하는 느낌,"['내용', '요약', '삼성', '비스', '포크', '광고', '엘지', '비싸다', '삼성', '광고', '느낌']",5,1
314,메인샷에 LG전자 로고가 잘못되었어요,"['메인', '전자', '로고']",5,1
315,가전은 닥엘지. 단 OLED는 아직은 시기상조. 번인 지림.,"['가전', '닥엘지', '시기상조', '지리']",5,1
316,처음에 삼성 사시는줄 알았는데 결국은 엘지로 가셨군요~ 꿀팁 감사합니다~,"['삼성', '사다', '결국', '엘지', '감사']",5,1
317,언제적 이야기하고 있는건지. 패널 교환정책도 다 나옴 77인치부터 가격이 산으로가서 문제지,"['이야기', '패널', '교환', '정책', '나오다', '가격', '문제']",5,1
318,현재진행형인 이야기. 삼성의 퀀텀닷도 꽤 봐줄만하니 엘지 OLED는 좀 더 관망해도 될 듯.,"['진행', '이야기', '삼성', '퀀텀', '보다', '엘지', '관망']",5,1
319,TV를 포함하면 삼성으로 가야했습니다. 가격이 너무 저렴해서 ㅎㅎ,"['포함', '삼성', '가격', '저렴하다']",5,2
320,삼성에서 LG 뭐라고 깠는지 궁금하네요 ㅋㅋ,"['삼성', '까다', '궁금하다']",5,2
321,"그냥 건조기는 엘지는 구멍이 1개인데, 삼성은 2개이고 더 빨리 된다는 등등이요 ㅎㅎ 특히 건조기 이슈를 많이 이야기 하시더라구요.","['건조기', '엘지', '구멍', '삼성', '건조기', '이슈', '이야기']",5,1
322,엘지는 대부분 인도네시아 에서 생산인데요?;;,"['엘지', '인도네시아', '생산']",5,1
323,프리미엄 가전 말한거에요 프리미엄은 대부분 창원에서 생산합니다 반대로 삼성은 국내상산은 적죠,"['프리미엄', '가전', '프리미엄', '부분', '창원', '생산', '반대', '삼성', '국내', '상사', '적다']",5,1
324,"사실 처음부터 디자인은 엘지가 마음에 들었지만, 가격적인 부분+스마트싱스 때문에 삼성으로 거의 확정하고 오프라인 돌아봤습니다. 근데 발품을 팔다보니 가격이 삼성과 엘지와 가격차이가 나지않아 더 맘에드는 엘지로 결정한 것이죠. ㅎㅎ","['디자인', '엘지', '마음', '들다', '가격', '스마트싱스', '삼성', '확정', '오프라인', '돌아보다', '발품', '팔다', '가격', '삼성', '엘지', '가격', '차이', '엘지', '결정']",5,1
325,아닙니다 ㅋㅋ 근데 TV빼고 구입해서 850대로 끊었습니다. ㅎㅎ,"['빼다', '구입', '끊다']",5,2
326,"사실 몇년전만해도, 정말 가전제품 하이퀄리티하면 (디자인+상위제품군) lg에서 샀는데, 비스포크 라인업나오고, 입주가전에 전폭적인 공세를해서그런지, 삼성으로 사는분들이 많더라고요, 시대차이겠지만, 요즘은 굳이 LG를 사야되나 싶을정도 삼성의 가심비가 높아진건 사실이죠","['가전제품', '하이', '퀄리티', '디자인', '상위', '제품군', '사다', '비스', '포크', '라인업', '나오다', '입주', '가전', '전폭', '공세', '삼성', '사다', '많다', '시대', '차이', '요즘', '사다', '삼성', '가다', '높다']",5,1
327,삼성 : 남을 비판하면서라도 잘 팔고싶다. / LG : 남의 장점을 설명하면서도 잘 판다.,"['삼성', '비판', '팔다', '장점', '설명', '팔다']",5,2
328,이번 이사하면서 가전 싹 바꿨는데 lg로 다 했습니다. 삼성이 보면 lg가 만들어 놓고 돈벌이 될라치면 교묘하게 특허 피해서 이슈없게 만들어 파는건 알아줘야하겠더라구요. 삼성은 중국 회사 OEM도 많고 써보면 삼성이 AS좋지 않냐하는데 고장이 안나는게 중요하지 우선 만들어 밀어내고 서비스센터에서 고치게 만드는 영업보단 10년 쓰는 가전은 아직 lg가 더 나은거 같더라구요.,"['이사', '가전', '바꾸다', '삼성', '만들다', '돈벌이', '특허', '피하다', '이슈', '만들다', '파', '알아주다', '삼성', '중국', '회사', '많다', '쓰다', '삼성', '좋다', '고장', '중요', '만들다', '밀어내다', '서비스', '센터', '고치다', '영업', '쓰다', '가전']",5,1
329,엘G야 너가 엘지에서 LG가 된 지금을 즐겨라 폰리뷰하면 타락이 뻔하다,"['엘지', '지금', '즐기다', '리뷰', '타락', '뻔하다']",5,1
330,삼성 식기세척기 쓰다가...누수돼서 as기사 불렀었는데 손상된 바닥 수리절차 진행중에 담당기사가 한달이넘게 아무연락을 안주고 사무실에서도 기사랑 통화하라고 자꾸 말돌려서 소보원에 신고한적이있네요.... 제품도 제품인데 as도 참 중요한거같아요,"['삼성', '식기', '세척기', '쓰다', '누수', '기사', '부르다', '손상', '바닥', '수리', '절차', '진행', '담당', '기사', '넘다', '연락', '사무실', '기사', '통화', '돌리다', '소보원', '신고', '제품', '제품', '중요']",5,1
331,"제 주위 신혼들도 엘지구입하는사람은 거의 없고, 대부분 삼성이더라구요. 이유를 물어보면 엘지가 더 좋은건 알지만 디자인과 무엇보다 가격적인 혜택이 가장 컸다고해요. ㅎㅎ","['주위', '신혼', '엘지', '구입', '사람', '부분', '삼성', '이유', '엘지', '좋다', '디자인', '가격', '혜택', '크다']",5,1
332,"이것도 시기마다 케바케일 수도 있지만, 저는 삼성/LG 모두 오프라인이 훨씬 저렴했습니다. ㅎㅎ","['시기', '케바케', '삼성', '오프라인', '저렴하다']",5,1
333,"요즘은 65인치 이상이 아니라면 오프라인 가격도 직구가만큼 많이 저렴해져서, 저는 오히려 직구는 생각하진 않았습니다. 국내 구입시 TV는 A/S 기간도 있구요. ㅎㅎ 77인치나 그 이상을 보신다면 TV직구가 좋은데, 65인치 까지는 국내에서 묶어서 사시는게 더 저렴하실거예요 ㅎㅎ","['요즘', '이상', '오프라인', '가격', '직구', '직구', '생각', '국내', '구입', '기간', '이상', '직구', '좋다', '국내', '묶다', '사다', '저렴하다']",5,2
334,진짜 예전엔 가전은 LG였는데 삼성이 많이 따라왔구나,"['예전', '가전', '삼성', '따라오다']",5,1
335,역시 엘지에서 혁신을 할꺼면 먼저 “홍보부”부터 혁식하면 되겠다. 65인치가 글래스 한장에서 찍어낼수 있는 최대 효율 크기였나? 그 이상부터는 나머지 부분 버려야한다고...,"['엘지', '혁신', '홍보', '글래스', '찍다', '최대', '효율', '크기', '이상', '나머지', '버리다']",5,2
336,저는 LG 제품 관련 공장 생산직으로 근무하지만.. LG 제품이 더 좋다고 생각했어요..,"['제품', '공장', '생산', '근무', '제품', '좋다', '생각']",5,1
337,가전 엘지.삼성 다 써봣지만 둘 다 좋던데...그런데 이거 하나는 명확함. AS는 엘지가 삼성 못 따라오는듯,"['가전', '엘지', '삼성', '쓰다', '좋다', '엘지', '삼성', '따라오다']",5,1
338,삼성은 폰만 너무 바라보는것같음 가전도 신경 많이 써줬으면 좋겠당,"['삼성', '바라다', '가전', '신경', '쓰다', '좋다']",5,1
339,삼성전자 다니는 저희 이모부는 임직원몰에서 싸게 살수있는데 가전은 무조건 LG라며 이모가 삼성가전 산다고 하면 화냅니다.,"['삼성전자', '다니다', '이모부', '임직원', '싸다', '사다', '가전', '조건', '이모', '삼성', '가전', '사다', '화내다']",5,1
340,LG좀 믿어줘..............................…...........……… LG 좋은 기업이야ㅠㅠ 핸드폰도 알고보면 쓰레기임,"['좋다', '기업', '핸드폰', '쓰레기']",5,1
341,"ㅋㅋ 인정함... 엘지 한번 문제 발생하면 개빡치는 경우가 많아서,,, 삼성만 씁니다 특히 요즘엔 내구성이 거의 비슷해서 삼성냉장고 15년째 잘쓰고 있고 결국 가전도 그래픽카드처럼 뽑기임 큰 차이는 잔고장 발생하면 삼성은 대응이 좋은데 엘지는 개빡친다는거,,,,","['인정', '엘지', '문제', '발생', '치다', '많다', '삼성', '쓰다', '요즘', '내구', '삼성', '냉장고', '쓰다', '가전', '그래픽', '카드', '뽑기', '크다', '차이', '하다', '고장', '발생', '삼성', '대응', '좋다', '엘지', '치다']",5,1
342,삼성에서 이사실을 알면 바로 시말서각 ㄷㄷㄷㄷㄷㄷㄷㄷㄷㄷㄷ,"['삼성', '시말서']",5,1
343,가전제품은 삼성보다는 LG가 좋고 핸드폰은 LG보다 삼성 무조건 가전제품은 LG가 답입니다,"['가전제품', '삼성', '좋다', '핸드폰', '삼성', '가전제품']",5,1
344,와 진쫘 lg는 가전제품 계열에서 Apple 아뽈이다. 너무 이쁘자너 (가격은 크흠 조용이해라),"['쪼다', '가전제품', '계열', '이쁘다', '가격']",5,2
345,LG전자 가전도 밀리면 폭망하는데ㅋㅋ,"['전자', '가전', '밀리다', '망하다']",5,1
346,양판에서 혼합으로 구매하는것도 상당히 가성비와 매리트를 느낄수있어요 75인치이상 QLED 비스포크 4도어 워시타워+스타일러 이렇게만 가도 혜택 많이 나옵니다,"['혼합', '구매', '가성비', '매리트', '이상', '비스', '포크', '도어', '워시', '타워', '스타일', '혜택', '나오다']",5,1
347,ㅋㅋ 반전 삼성으로 구입했구나 하고 생각했는데,"['반전', '삼성', '구입', '생각']",5,1
348,가전은 lg가 국룰인데 홍보를 너무 못하고 윗대가리가 할배들로만 채웠나봄 감각 머선일...?,"['가전', '홍보', '대가리', '할배', '채우다', '감각', '머선']",5,1
349,외관 색상 디자인만 고집하시지 않는다면 약간의 디자인과 실용성 즉 가성비보면 엘지께 좀 낫더라구요. 기능비슷한데 외관차이로 인해서 가격차이가 최소 몇십만원 차이가 남.,"['외관', '색상', '디자인', '고집', '디자인', '실용', '가성비', '엘지', '기능', '외관', '차이', '가격', '차이', '최소', '차이']",5,1
350,예전에 제가 삼성 인덕션을 쓰다가 터져서 기사를 부르니까 그냥 신형으로 바꿔줌ㅋㅋ,"['예전', '삼성', '인덕션', '쓰다', '터지다', '기사', '부르다', '신형', '바꾸다']",5,1
351,둘다 잘 전자제품 잘만드는 곳입니다. 밀린다고 해도 세계 3위권이니까 폭망은 어닙니다.,"['전자', '제품', '밀리다', '세계', '얼다']",5,1
352,전 비싸도 엘지가전 삽니다 ㅋ싼데엔 이유가있으니까 ㅋ,"['비싸다', '엘지', '가전', '싸다', '이유']",5,1
353,10:12 결국에는 형도 가전은 lg 네,"['결국', '가전']",5,1
354,이번에 청약되서 엘지vs삼성 가구고민했는데 감사해요!,"['청약', '엘지', '삼성', '가구', '고민', '감사']",5,2
355,삼성은 내구성이 좀 떨어져요. 그래서 AS가 발달할수 밖에 없는 회사죠.. LG는 이만하면 오래썼다 할정도의 타이밍에 고장이 나는 반면에 삼성제품은 좀 이른 시점에 고장이 나고 수리비를 계산해보니 차라리 새거 사는게 낫겠다 싶어서 교체하는 경우가 많더군요. 저는 그래서 가전은 무조건 LG로 합니다.,"['삼성', '내구', '떨어지다', '발달', '회사', '쓰다', '타이밍', '고장', '반면', '삼성', '제품', '시점', '고장', '수리비', '계산', '사다', '교체', '많다', '가전', '조건']",5,1
356,형 그냥 lg 시그니처로 전부 조져버려,"['시그니처', '조지']",5,1
357,확실히 lg대비 삼성은 아직 잔고장이 심함.. 특히 tv는 아직도 lcd가지고 qled로 사기쳐먹는거 보면 사고픈마음 없음,"['대비', '삼성', '하다', '고장', '심하다', '사기', '치다', '먹다', '사다', '마음']",5,1
358,근데도 QLED가 잘 팔리니 문제 브랜드가 악질인데 너무 커버림. 삼성 좋아했는데 들여다볼수록 이상한 거 같음 기본 앱 광고도 ㅈㄴ 넣고,"['팔리다', '문제', '브랜드', '악질', '크다', '삼성', '좋다', '들여다보다', '이상', '기본', '광고', '넣다']",5,1
359,"아직 TV는 2021년 신형으로 사려고 구입하지않았지만, 이번에는 QLED를 사려고 했었습니다. OLED를 2년간 써보니 밤에쓰기에는 최고인데, 낮에는 밝기가 너무 낮아 QLED가 훨씬 쨍해보여서 장단점이 있더라구요. ㅎㅎ","['신형', '사다', '구입', '사다', '쓰다', '쓰다', '최고', '밝다', '낮다', '보이다', '장단점']",5,2
360,파연.. 샘성의 마케팅이 바뀔것인가... 엘지의 강점을 말해줄것잉가.. ㅋㅋ,"['마케팅', '바뀌다', '엘지', '강점']",5,1
361,오나랑 비슷하다 이사때문에 두매장갔었는데 삼성가면 무조건 엘지까던데 엘지가면 삼성꺼도 좋다 하지만우리는 이런게 더 장점이다 이렇게 말하던데 ㅋㅋ 우리집도 올엘지로 쌌어요 특히 울와이프는 건조기를 젤조아하더만 ㅋ,"['이사', '매장', '삼성', '엘지', '까다', '엘지', '삼성', '끄다', '좋다', '장점', '엘지', '싸다', '와이프', '건조기', '젤조아하더']",5,1
362,3:38 백라이트 없는 OLED 광고 생각나네,"['백라이트', '광고', '생각나다']",5,1
363,삼성매장가면 몇년전 기사로 뉴스안보냐며 엘지디스하고 시작하죠. 반대로 엘지매장가면 건조기 아랫쪽에 먼지털이 퍼포먼스로 삼성제품디스를 시작하더군요. 그래서 전 전자랜드에서 전문샐러한테 양쪽 장단점 싹다비교하고 서로 사이좋게 샀어요 ㅋㅋ,"['삼성', '매장', '기사', '뉴스', '엘지', '디스', '시작', '반대', '엘지', '매장', '건조기', '아랫쪽', '먼지', '털', '퍼포먼스', '삼성', '제품', '디스', '시작', '전자랜드', '전문', '새', '양쪽', '장단점', '비교', '사이', '좋다', '사다']",5,1
364,접데 LG전자 갔는데 LG직원분이 폰은 삼성이 제일 좋다고 그러더라고요 ㅋㅋ LG직원분도 인정한 삼성폰,"['접데', 'LG전자', '직원', '삼성', '좋다', '그러다', '직원', '인정', '삼성']",5,1
365,삼성다니는 친구도 가전은 LG라는데 ㅋㅋ,"['삼성', '다니다', '친구', '가전']",5,1
366,"모니터 사면서도 느낀 건데, 모니터는 LG다 하고 믿고 쓰는 LG 15년째 쓰고 있지만, 솔직히 38GN950하고 오디세이 G9 보면.... 우리 LG는요... 틀딱이예욧! 틀딱! 세련됨이나 디자인에서의 미려함이란 게 없다구욧! 삼성 셰프 마스터도 보면 디자인 끝내줌. LG는 그냥 그럼.","['모니터', '모니터', '쓰다', '쓰다', '오디세이', '세련', '디자인', '삼성', '셰프', '마스터', '디자인', '끝내주다']",5,1
367,양판점 가서 엘지삼성 티비 앞에 서서 비교해보면... 삼성은 사고 싶지 않더라구요,"['양판점', '엘지', '삼성', '티비', '서다', '비교', '삼성', '사다']",5,2
368,솔직히 그건 lg전자 사장이 와도 인정함ㅋㅋ,"['전자', '사장', '인정']",5,1
369,lg 회장이 옆구르기 하면서 봐도 킹정일듯,"['회장', '구르다']",5,2
370,여러분 이젠 엘지 가전매장에서 휴대폰 아이폰 팔아요 ㅋㅋ아이폰에 엘지가전 Thin Q 기능 넣을수도 있는 미래가 보임,"['이제', '엘지', '가전', '매장', '휴대폰', '아이폰', '팔다', '아이폰', '엘지', '가전', '기능', '넣다', '미래', '보이다']",5,1
371,서로 까는거 있음 식기 세척기 사러 갔을때 lg 직원이 삼성 제품 자세히 말 안해줌(장확하게 설명×) 그리고 삼성이랑 비교를 안하고 sk 매직? 비슷한 회사랑 비교하드랔ㅋㅋ,"['까다', '식기', '세척기', '사다', '직원', '삼성', '제품', '설명', '삼성', '비교', '매직', '비슷하다', '회사', '비교']",5,2
372,음.. 갠적으로 삼성 상담 방식이 맘에 안드네요 LG는 경쟁사 제품 강점도 얘기해주는데 삼성은 비꼬기만 했다니.. 좀 그럴거 같습니다..,"['삼성', '상담', '방식', '들다', '경쟁사', '제품', '강점', '얘기', '삼성', '비꼬다']",5,1
373,가전은 엘지 직접 써보면 내구성이나 수명에서 비교 불가임 삼성은 겉을 중요시하고 as에서 장점이 있는대 이럴수밖에 없는게 기술에서 밀리니 디자인으로 젊은층에 어필하고 이미지 좋게 마케팅 해야 하기에 실속 보다 겉을 중요시 여김,"['가전', '엘지', '쓰다', '내구', '수명', '비교', '불가', '삼성', '중요', '장점', '이러다', '기술', '밀리다', '디자인', '젊다', '어필', '이미지', '좋다', '마케팅', '실속', '중요', '여기다']",5,1
374,오 삼성이 저런 방법이 있구나 ~ 했는데 결론은 LG 역시 청렴기업 L-G,"['삼성', '방법', '결론', '청렴', '기업']",5,1
375,저도 입주 가전으로 묶어서 구입하니 삼성이 엘지보다 훨씬 저렴해서 티비도 엘지oled 사려다가 삼성qled로 갔습니다.,"['입주', '가전', '묶다', '구입', '삼성', '엘지', '티비', '엘지', '사다', '삼성']",5,1
376,에어컨 만큼은 lg가 훨씬 좋음.... 삼성은 부모님한태 2018년도 최신형 넣어줫다가 여름때 마다 욕먹엇음.. 시원한게 오래 가질않어..ㅠㅠ 삼성 살바에 캐리어나 위니아가 차라리 나았습니다 ㅠㅠ,"['에어컨', '좋다', '삼성', '부모', '최신', '넣다', '여름', '욕먹다', '삼성', '캐리어', '위니', '아']",5,1
377,6:52 천만 원으로 가전을 사는데 50억을 돌려줘...? 그래서 삼성이 창조경제에 대해서는 지식이 빠삭했구나~,"['가전', '사다', '돌려주다', '삼성', '창조', '경제', '대하다', '지식']",5,1
378,QLED 상위 라인으로사도 더 저렴해지는 ㅎㅎ,"['상위', '라인', '사다', '저렴하다']",5,2
379,삼성인줄 알았는데 응?엘지?ㅋㅋ,"['삼성', '엘지']",5,1
380,TV는..LG OLED가..수율이 잘 안나와서..QLED랑 비교가..사실안되죠.;; OLED는 백라이트가 없는 혁신 인데..가격만 본다면 구매가 쉽지 않긴 해요. 2007년도 결혼할때 3D 기능있늕TV가..42인치가 400만원대였던 기억이.. 지금은 TV가격이 완젼 내려가서 75인치도 백만원대 중후반도 있더라구요.,"['수율', '나오다', '비교', '백라이트', '혁신', '가격', '구매', '결혼', '기능있늕', '기억', '지금', '가격', '지', '내려가다', '중후반']",5,1
381,현재 LG전자레인지 20년 넘게 사용중 아무문제 없음,"['전자', '레인지', '넘다', '문제']",5,1
382,"특히 65인치 OLED는 그나마 가격이 많이 내려왔는데, 이상갈수록 가격이 배가 되어버리는 ㅎㅎ","['가격', '내려오다', '상가', '가격']",5,2
383,상세하게 능력을 따지면 lg가 좋은거 같긴한데 가격차이보단 할인 차이가 갭도 안되더라죠 ㅜ ㅎㅎ,"['능력', '따지다', '좋다', '가격', '차이', '할인', '차이']",5,2
384,솔직히 오브제 컬렉션이 비스포크랑 비슷하다고 하는데.. 비스포크도 인테리어 가전의 시초는 아니구.. 삼성이 스타일러를 비슷하게 가져간 거처럼 가전은 트렌드를 따라가는거라고 생각합니다! 아무튼 가전은 LG,"['오브제', '컬렉션', '비스', '포크', '비스', '포크', '인테리어', '가전', '시초', '삼성', '스타', '가져가다', '가전', '트렌드', '따라가다', '생각', '가전']",5,1
385,"엘지가 비스포크 따라했다고 욕먹지만, 실제로 살펴보니 좋은쪽으로 잘 따라했더라구요. ㅎㅎ","['엘지', '비스', '포크', '따라하다', '욕먹다', '살펴보다', '좋다', '따르다']",5,1
386,제일 편한건 삼성 lg 직원한테 임직원가로 구매하달라고하면 됩니다 ㅋㅋ 저의 큰이버지가 삼성다녀서 이번에 가전제품 바꿀때 천만원정도 아꼇네요 ㅋㅋ,"['편하다', '삼성', '직원', '임직원', '구매', '큰이버지', '삼성', '다니다', '가전제품', '바꾸다', '아끼다']",5,1
387,삼성이랑 lg는 아직도 모터의 기술차이가 있어서 컴프레셔나 모터가 들어가는 백색가전은 소요전력과 마력이 확실히 차이가 나던대요..,"['삼성', '늘다', '모터', '기술', '차이', '컴프레셔', '모터', '들어가다', '백색', '가전', '소요', '전력', '마력', '차이']",5,1
388,우리집 가전제품리스트 냉장고:엘지 세탁기:엘지 TV:엘지 핸드폰:삼성,"['가전제품', '리스트', '냉장고', '엘지', '세탁기', '엘지', '엘지', '핸드폰', '삼성']",5,1
389,ㅋㅋ맞아요 저도 이번에 이사가는데 tv 공기청정기 김냉 냉장고 청소기 건조기 삼성으로 묶어서 구매했네요 그리고 가전은 lg라는 소리가 많았는데 디자인자체가 삼성이 훨씬 심플하더라구요 특히 비스포크 보고 lg냉장고보니까 lg가 급식소 냉장고 같더라구요 ㅋㅋ,"['맞다', '이사', '공기', '청정기', '냉장고', '청소기', '건조기', '묶다', '구매', '가전', '소리', '많다', '디자인', '자체', '삼성', '심플', '비스', '포크', '냉장고', '급식소', '냉장고']",5,1
390,27년째 Gold star 전자레인지 사용중ㅋㅋ 바꾸고 싶어도 절대고장이 안나네요ㅎㅎ... 가전은 LG로 갑니댱 총총총...👣,"['전자', '레인지', '바꾸다', '고장', '가전', '갑니댱']",5,1
391,Lg는 멍청할 정도로 착하네...ㅋㅋ,['착하다'],5,1
392,Lg 베스트샵 경험기는 챕터는 왜 안 넣었어... 차별하는거야? 물론 난 삼엽충 ^^,"['베스트', '경험', '챕터', '넣다', '차별', '삼엽충']",5,2
393,헐 ㅋㅋ 맞아요. 비스포크보면 엘지 오브제 빼고는 사기 싫더라구요. 가격도 확실히 삼성이 더 저렴하고 깔끔해서 대부분 젊은 사람들은 삼성을 택할 수 밖에 없는...,"['맞다', '비스', '포크', '엘지', '오브제', '빼다', '사다', '싫다', '가격', '삼성', '저렴하다', '부분', '젊다', '사람', '삼성', '택하다']",5,1
394,4:39 ㄹㅇ 삼성이 훨씬 LG보다 깔끔함,"['삼성', '깔끔']",5,2
395,LG매장가서 OLED구입하려고 보니까 OLED옆에 삼성QLED를 대놓고 옆에 붙여놓고 팔더라? ㄹㅇ견제가 심한듯,"['매장', '구입', '삼성', '대', '붙이다', '팔다', '견제', '심하다']",5,2
396,써본 사람은 알겠지만 가전은 LG 더라구요,"['쓰다', '사람', '가전']",5,1
397,와... 근데 삼성 비스포크랑 엘지 오브제처럼 다 디자인이 비슷비슷해지는거 같다ㄷㄷㄷ,"['삼성', '비스', '포크', '엘지', '오브제', '디자인']",5,1
398,1:58 이거 ㄹㅇ 이래서 우리집 가전이 다 삼성이지...,"['가전', '삼성']",5,1
399,가전은 lg 입니다 lg가 최고이고 lg가 최강입니다,"['가전', '최고', '최강']",5,1
400,가전제품은 삼성! LG제품도 서비스도 구림.....가격이 싼것도 아님,"['가전제품', '삼성', '제품', '서비스', '구림', '가격', '싸다']",5,1
401,"실물로보니 엘지가 빼꼈네 ㅋㅋ 했는데, 무광좋아하면 오브제가 훨씬 예뻤어요 ㅎㅎ","['실물', '엘지', '빼다', '끼', '좋아하다', '오브제', '예쁘다']",5,1
402,견적내보면 솔직히 삼성이 가격면에서 너무 끌려서 사게 만들어버림,"['견적', '내다', '삼성', '가격', '끌리다', '사다', '만들다']",5,2
403,진짜 가전사실분한테 조언하자면 LG는 잘 안고장나고 위력도 쌤 삼성은 위력만 쌤 LG사란말임,"['전사', '조언', '고장', '위력', '쌔다', '삼성', '위력']",5,1
404,폰은 역시 벤츠고 가구는 노키아고 유튭은 네이버지!,"['벤츠', '가구', '노키아', '네이버']",5,2
405,Tv: 삼성? 엘지?(갠취) 가전:엘지,"['삼성', '엘지', '갠취', '가전', '엘지']",5,1
406,엘지가 핸드폰을 가전처럼 잘 만들었으면..,"['엘지', '핸드폰', '가전', '만들다']",5,1
407,ㄹㅇ 우리집 가전 엘지쓰는데 다 맛탱이 가서 이번에 삼성으로 바꿀꺼임.,"['가전', '엘지', '쓰다', '맛탱', '삼성', '바꾸다']",5,1
408,구라NO 삼성 따로따로 냉장고 아직도 쓰고 있는데요?,"['구라', '삼성', '냉장고', '쓰다']",5,1
409,가전은 10년? 마! 우리집 냉장고는 23년째 쓰고 있다ㅋ,"['가전', '냉장고', '쓰다']",5,1
410,LG가 왜 티비가 비싼지 알것같더라구요,"['티비', '비싸다']",5,2
411,가전은엘지 핸드폰은.........,"['가전', '엘지', '핸드폰']",5,1
412,ㅋㅋ마케팅 ㅋㅋ 가전은 엘지 언제까지 그럴려나 ㅋㅋ,"['마케팅', '가전', '엘지']",5,1
413,가전제품은 가성비는 삼성 성능은 LG 이거지,"['가전제품', '가성비', '삼성', '성능']",5,1
414,난 갠적으로 삼성이 체고 근데 반포자이 살아서 대부분의 가전이 엘지임 ㅋㄲ,"['삼성', '반포자이', '살다', '부분', '가전', '엘지']",5,1
415,안녕하세요! 유익한 정보 감사합니다! 한가지 궁금한게 있는데 연말 블랙프라이 데이 때 할인율이 크게 들어가는게 맞나요? 오늘 LG 견적 받고 왔는데 상담해주시는 분은 사실상 크지가 않다고 하더라구요😂,"['안녕', '유익', '정보', '감사', '연말', '블랙', '프라이', '데이', '할인', '크다', '들어가다', '맞다', '견적', '상담', '크다']",5,2
416,"안녕하세요~ 블랙프라이데이는 유통사(하이마트, 이마트 등)에서 진행하는 거라 할인율을 당장 알기는 어렵습니다ㅜ 다만, 최근 몇 년간 눈에 띌 만큼 큰 할인은 없었습니다 :))","['안녕', '블랙', '프라이데이', '유통', '하이마트', '이마트', '진행', '할인', '당장', '최근', '띄다', '크다', '할인']",5,1
417,"해당 영상은 TV구매에 도움을 드리기위해 제작된 영상입니다. LG,삼성 등 제조사는 HD, UHD, QLED, OLED로 카테고리를 나누고있습니다. 그 부분에 맞춰 설명하다보니 UHD에 대한 설명이 부족한 부분 양해부탁드립니다. 정확하게는 UHD는 해상도 규격을 의미합니다. 제가 영상에서 말씀드린 UHD TV는 삼성의 크리스탈 UHD라인업 , LG의 울트라HD라인업을 의미합니다. 영상 시청에 참고하시길 바랍니다🙂","['해당', '영상', '구매', '도움', '드리다', '위하다', '제작', '영상', '삼성', '제조사', '카테고리', '나누다', '맞추다', '설명', '대하다', '설명', '부족', '양해', '부탁', '드리다', '정확', '해상도', '규격', '의미', '영상', '말씀', '드리다', '삼성', '크리스탈', '라인업', '울트라', '라인업', '의미', '영상', '시청', '참고', '바라다']",5,1
418,"여러분 왜 사람들이 OLED하는지는 사고 나신 후 역체감 하시면 느껴지실 겁니다. 진짜 TV의 중요도는 A/S, 가성비, 크기, 몰입감 입니다. 이 네가지는 무조건 기억하세요. 특히, A/S 이건 진짜 필수 입니다 진짜ㅠㅜㅜㅜㅜ","['사람', '사고', '체감', '중요도', '가성비', '크기', '몰입', '기억', '필수']",5,1
419,올레드티비 보다가 다른 티비 못봄 극강의 화질이란 말이 딱 맞음 하루 시청시간 18시간 이고 4년 됐는데 잠 자는 시간 빼곤 틀어놓음 솔직히 많은 시청 시간으로 번인이 걱정이 되기도 하지만 나의 눈을 호강시켜주는 올레드 너무 좋음 번인이 오더라도 다음 티비도 올레드로 구매할 생각임 제발 번인 늦게 오기를 비나이다,"['올레', '티비', '티비', '화질', '맞다', '하루', '시청', '시간', '시간', '자다', '시간', '빼다', '틀다', '많다', '시청', '시간', '걱정', '호강', '올레', '좋다', '다음', '티비', '올레', '구매', '생각', '늦다', '빌다']",5,2
420,삼성Qled 구입했는데 화면이 뿌옇게나오는건 왜그런거죠 삼서에서도 정상이라하고 셋톱박스도 정상아라하구,"['삼성', '구입', '화면', '나오다', '정상', '셋톱박스', '정상아']",5,1
421,86인치 LG 제품 추천 부탁드립니다,"['제품', '추천', '부탁', '드리다']",5,2
422,"궁금한점이 있어요! Lg oled A B C 그래이드가 있던데 차이가 뭔지 알려주실수 있을까요? 그리고 해당 그레이드 내에서도 b3, b4이런식으로 나뉘어 있던데..이것도 궁금해요","['이드', '차이', '알리다', '해당', '그레이', '나뉘다', '궁금하다']",5,2
423,LG 티비 화면이 깨졌는데 고객센터에서 고칠 수 있음 고치는 게 낫나요.새로 사야하나요?ㅜㅠ 월세집 오피스텔 옵션 티비 입니다.제발 도와주세요😢,"['티비', '화면', '깨지다', '고객', '센터', '고치다', '고치다', '사다', '월세', '오피스텔', '옵션', '티비', '도와주다']",5,2
424,"OLED, 화질 기가 맥히지요 하지만 수명은 길면 5년 짧으면 2년반, 각오하고 사세요--","['화질', '맥히다', '수명', '길다', '짧다', '각오', '사다']",5,1
425,lg 티비는 왜 이리 빽라이트 수명이 짧은가요?1년반이면 빽라이트 꺼져버려요.세번째 또 나가버려서 짜증나요. 하루종일보는것도 아니고 아침 잠깐 저녁보거든요.서비스비만 몇십만원이예요ㅠㅠ삼성으로 사야할지,"['티비', '라이트', '수명', '짧다', '라이트', '꺼지다', '나가다', '짜증', '하루', '종일', '아침', '저녁', '서비스', '삼성', '사다']",5,1
426,중국 TCL QLED 국내사와 비교시 수준은? 가성비 관점에서는?,"['중국', '국내', '비교', '수준', '가성비', '관점']",5,1
427,"tv 인치와 모델은 정했는데 구매 방법은 어디를 통해서 사는게 낳을까요 매장은 온라인보다 비싸고 온라인은 저렴하나 사이트마다 가격이 다 달라서.. 어디서 구매를 해야할지 모르겠네요.. 저렴한 온라인을 믿어도 될까요.. 옥션, 지마켓, 티몬, 신세계 등등이요ㅠㅠ 그리고 벽걸이 스탠드 중 어떤 거를 더 추천하시나요? 두서없이 여쭈어 봅니다ㅜㅜ","['모델', '정하다', '구매', '방법', '통하다', '사다', '낳다', '매장', '온라인', '비싸다', '온라인', '사이트', '가격', '다르다', '구매', '저렴하다', '온라인', '옥션', '마켓', '티몬', '신세계', '벽걸이', '스탠드', '추천', '두서', '여쭈다']",5,2
428,Neo Qled. 는 어떤가요? 삼성이 저걸 밀던데요,"['삼성', '밀다']",5,1
429,"화질이 올라갈 수록 눈에 피로감이 더해지나요? QLED , OLED 고민이 됩니다","['화질', '올라가다', '수록', '피로감', '고민']",5,2
430,NEO QLED는 OLED밑에 등급인가요?,['등급'],5,2
431,그렇죠. 현존하는것 중에는 OLED가 최상이고 그 아래가 NEO QLED인데 이게 미니LED에요.,"['현존', '최상', '아래', '미니']",5,2
432,01 좋은화질을 원하시면 에너지등급 4~5를 선택하세요. (좋은 화질을 구현하기 위해선 더 많은 전력이 필요합니다. 1등급 TV는 최악의 화질입니다.02. TV안에 내얼굴이나 거실을 보기싫어면 빛반사기능이 있는지 확인하세요. 03. 4~5년 쓸거면 OLED /10년이상이면 QLED (번인없음) /04 프로젝터가 있다면 TV는 싼걸로하세요. 700만원 4K 65인치 VS 250만원 120인치 프로젝터 FHD로 영화볼때 프로젝터가 더 압도적입니다. 제 라이프 스타일로 비싼 TV산걸 후회합니다. TV의 80%는 방송용인데 (집의 TV점유율 80%를 지배하는 나의 반쪽은 이 최고의 TV로 예능 주말드라마 일일연속극을 보므로 TV재능이 낭비중임. 먕암비 사운드의미없음) TV에 대해선 모르고 이게 저의 실체감입니다.,"['좋다', '화질', '에너지', '등급', '선택', '좋다', '화질', '구현', '위하다', '많다', '전력', '필요', '등급', '최악', '화질', '얼굴', '거실', '싫다', '반사', '기능', '확인', '쓰다', '이상', '프로젝터', '싸다', '프로젝터', '영화', '프로젝터', '압도', '라이프', '스타일', '비싸다', '살다', '후회', '늘다', '방송', '점유', '지배', '최고', '예능', '주말', '드라마', '일', '연속극', '재능', '낭비', '먕암비', '사운드', '의미', '대하다', '실체']",5,2
433,몇개월전에 LG 올레드 G시리즈를 구입했는대 G모델은 MLA 추가됫지만 83인치에는 추가가 안됬었더라구요 ㅠㅠ 그래서 G3 83인치 구매한게 약간 뭔가 밝지가 않아서 좀후회했네요..... G모델 갤러리형티비라면 MLA 차이가 있고 없고 차이가 많이 심한가요 ? MLA 좀더 밝고 선명한화질이 G3 55 65 77 까지만 적용됫드라구요 ㅠㅠ,"['올레', '시리즈', '구입', '모델', '추가됫', '추가', '구매', '밝다', '후회', '모델', '갤러리', '티비', '차이', '차이', '심하다', '밝다', '선명', '화질', '적용']",5,2
434,백라이트티비 가까운데서보면 눈나빠잔다는데 75인치tv. 2.5 미터거리는 괜찮나요,"['백라이트', '티비', '나쁘다', '자다', '거리', '괜찮다']",5,2
435,"OLED 샀어야는데, 아쉽습니다! TV 바꿀 시점에 사람들이 찾아와 ''영화ㆍ스포츠 보자'' 괴롭혔거든요. 그래서 UHD로! :)","['사다', '바꾸다', '시점', '사람', '찾아오다', '영화', '스포츠', '괴롭히다']",5,2
436,UHD 75인치로 갈지 QLED 65인치가 좋을지 고민했는데 역시 QLED 65인치가 좋을것 같다는 생각이 드네요. 2.5미터 기준으로 헤도 적당할것 같다는 생각이 드네요~ 한방에 해결 ㄳ합니다 ^^,"['좋다', '고민', '좋다', '생각', '들다', '기준', '헤다', '생각', '들다', '해결']",5,2
437,잘 봤습니다. UHD 를 살까 했는데 역시 OLED로 해야겠어요,['사다'],5,2
438,안녕하세요 163cm QLED 4K KQ65QB67AFXKR 스탠드형 이제품도 추천하시나요?,"['안녕', '스탠드', '제품', '추천']",5,2
439,피크님 안녕하세요. 다름이 아니라 몇일전 티비를 알콜로닦아버려서 자국이 생겼습니다.ㅜㅜ 혹시 제거방법알수있을까요?,"['피크', '안녕', '다르다', '티비', '알콜', '닦다', '자국', '생기다', '제거', '방법']",5,1
440,250만원내에서 화질 괜찮은 제품 추천해주실꺼 있을까요? 65인치기준,"['화질', '괜찮다', '제품', '추천', '기준']",5,2
441,"TV는 거거익선 입니다. TV사고나서, 좀더 주고 더 큰걸 살걸... 이라고 매번 생각 합니다. 시청거리 2.5미터 이상이면, 65인치 이상도 다 좋습니다. 예산이 빡빡하다면, 화면크기를 제1순위로 생각하고 선택하세요.","['사다', '크다', '사다', '생각', '시청', '거리', '이상', '인치', '이상', '좋다', '예산', '화면', '크기', '순위', '생각', '선택']",5,2
442,영상 잘 봤습니다. 올레드tv 선택에 아주 큰도움이 되었습니다. 한가지 궁금한점은 네이버에서 검색하다보니 같은 83인치 c3 라인인데 제조국이 인도네시아산이라고 된업체는 3백만원대로 lg전자 공식몰하고 가격차이가 너무 큰데 어떤 차이 일까요?,"['영상', '올레', '선택', '크다', '도움', '네이버', '검색', '라인', '조국', '인도네시아', '업체', '전자', '공식', '가격', '차이', '크다', '차이']",5,2
443,"좋은 영상 감사합니다~ 현재 올레드 구매예정인데 올레드도 A,B,C,G로 나뉜다더라구요. 그리고 제작한 영상이 어떤방식(?)이냐에 따라 B나 C나G나 다 똑같다던데.. 보통 유튜브나 넷플렉스 시청을 할경우 피크님이라면 B, C,G 중 어떤것을 추천하실지요?","['좋다', '영상', '감사', '올레', '구매', '예정', '올레', '나뉘다', '제작', '영상', '방식', '따르다', '똑같다', '유튜브', '넷플렉스', '시청', '피크', '추천']",5,1
444,uhd tv는 등급이 아닌 해상도 등급입니다. 그냥 led tv라고 하는게 맞습니다. uhd하는 말은 방송에서 송신하는 해상도 방식이죠. 요즘tv는 모두uhd tv 인거죠.,"['등급', '해상도', '등급', '맞다', '방송', '송신', '해상도', '방식', '요즘']",5,2
445,이번에 새해 첫날 행사로 홈플러스에서 LG OLED 77인치 330만원에 구매했습니다 화질이 기대가 되는군요!,"['새해', '날', '행사', '홈플러스', '구매', '화질', '기대']",5,1
446,형들 나도 어제 올레드 샀지만 10년 이상 쓸생각은 버려야 할것같에 번인때메,"['올레', '사다', '이상', '쓰다', '생각', '버리다', '번', '인', '때', '메다']",5,2
447,쿠팡에서 삼성 75인치 4k QLED 제품 와우할인에 카드할인 들어가면 160만원대에 구매 가능하니 QLED로 ㄱ ㄱ 싱 OLED가 좋다고는 하지만 티비를 옆에서 볼 일은 없고 가격차이가 QLED보다 3배 이상 나니 지금으로서는 QLED가 가성비죠,"['쿠팡', '삼성', '제품', '할인', '카드', '할인', '들어가다', '구매', '가능', '좋다', '티비', '가격', '차이', '이상', '지금', '가성비']",5,2
448,"지금껏 qled, neo qled 쓰다가 이번에 sc90 구입했는대 oled가 그냥 압살함.. 진짜 색감차이 상상이상으로 심함","['쓰다', '구입', '압살', '색감', '차이', '상상', '이상', '심하다']",5,2
449,그냥 한방에 oled 가셈 후회함 10년이상 더씀 인치 85한방에 가는거임 돈없음 75가고,"['가세', '후회', '이상', '쓰다', '방']",5,2
450,QLED가 답인거 같은데...Oled는 번인 때문에 컴퓨터랑 같이 쓰는 입장에서는 고를수가 없는 제품..,"['컴퓨터', '쓰다', '입장', '고르다', '제품']",5,1
451,죄송한데 oled가 압도합니다 현재 lg의 oled가 가장 좋은 기술입니다,"['압도', '좋다', '기술']",5,1
452,65인치 250만원이면 LG올레드도 충분히 가능합니다!,"['레드', '가능']",5,2
453,궁금합니다 올레드65B or 올레드77A 게임안하고 tv만보는데 어떤걸선택하는게좋을까요?😊,"['궁금하다', '레드', '올레', '게임', '선택', '좋다']",5,2
454,10년 이상 쓰는 게 맞지만 2년전 4K QLED 가격 생각해보면.... 앞으로 2년만 지나도 OLED 가격은 급격하게 내려오니 지금 비싸게 85인치 OLED는 좀....,"['이상', '쓰다', '맞다', '가격', '생각', '지나다', '가격', '내려오다', '비싸다']",5,2
455,"엘이디: 뭔 놈의 색감이니 난 그런 거 필요없어. 난 그냥 이것저것 편하게 보면 되. 왜 TV가 비싼데? 큐엘이디: 이런저런 다양한 방송을 맘 편한 색감으로 볼 거야. 오엘이디: 기왕에 보는 거, 제대로 된 색감을 느끼고 싶다. 어두운 장면과 밝은 장면도 좀 구별하자! 너무 무식한 일반인의 느낌입니다. ^^;","['엘이디', '색감', '필요', '이것저것', '편하다', '비싸다', '엘이디', '다양', '방송', '편하다', '색감', '오엘이디', '색감', '장면', '밝다', '장면', '구별', '무식', '일반인', '느낌']",5,1
456,우와 다른 이런저런 잡설없이 정말 확실한 장단점으로 정리하셨네요. 고민거리 중 하나가 영화나 드라마를 볼 때 검은색을 제대로 표현하는가! 극 중 결정적인 장면이 검을 때가 많잖아요? 요즘 드라마도 그냥 가족 드라마가 아닌 넷플릭스 스타일의 경우 검은색이 늘어나고 있는데. 집 TV와 컴퓨터 모니터를 바꿀 때가 되서 고민됐는데 거의 결정되었습니다. 올레드의 번인 고민을 안고서라도 올레드가 나을 듯 합니다. ^^,"['장단점', '정리', '고민거리', '영화', '드라마', '검다', '표현', '결정', '장면', '검다', '많다', '요즘', '드라마', '가족', '드라마', '넷플릭스', '스타일', '검은색', '늘어나다', '컴퓨터', '모니터', '바꾸다', '고민', '결정', '레드', '고민', '알다', '올레']",5,2
457,"삼성은 게임범용, 영상만이면 무조건 lg임. oled는 일반 led와는 근본부터가 다른 별개의 카테고리임. 특히 저녁에 조명없이 보면 암부표현부분을 절대 따라올 수 없음.","['삼성', '게임', '범용', '영상', '늘다', '일반', '근본', '다르다', '별개', '카테고리', '저녁', '조명', '표현', '따라오다']",5,1
458,UHD - 영화관 느낌 QLED - 영화관보다 화질 좋음 OLED - 그냥 압살함.. 이걸로보다가 영화관가면 역체감...,"['영화관', '느낌', '영화관', '화질', '좋다', '압살', '영화관', '체감']",5,2
459,LG전자의 나노셀TV는 어떤 건가요? QNED보다 더 화질이 좋은 건가요?,"['전자', '나노', '화질', '좋다']",5,1
460,삼성 다니는 사촌동생이 고민도 안하고 티비는 엘지지! 하고 사버렸던...크흠....,"['삼성', '다니다', '사촌', '동생', '고민', '티비', '엘지', '사다']",5,2
461,안녕하세요 혹시 QLED와 NEO QLED는 무슨 차이일까요? 가격도 차이가 클까요?,"['안녕', '차이', '가격', '차이', '크다']",5,2
462,"살아있는 화질은 삼성. 예쁜 화면을 원하면 엘지. 이렇게 구분을 할 수 있습니다. 이는 각 사가 추구하는 화질 개선 칩(Chip)이 추구 하는 방향이 다르기 때문입니다. 중소기업TV는 화질 개선 칩(Chip)이 없어 중국 회사의 칩을 사용합니다. 물론 삼성과 엘지에 비하면 화질이 떨어지기는 합니다만, 본인께서 보는데 크게 문제 없다라고 판단하신다면 구매해도 나쁘지 않다고 봅니다. AS문제도 요즘은 거의 다 해결되어 큰 불편함이 없죠. TV로 보는 뉴스 앵커의 얼굴에 모공이 보일 정도로 생생한 화면은 삼성. 뽀샤시 화장을 한 듯 예쁘게 보이는 화면은 엘지라는 건.... 어느 회사가 옳고 어느 회사가 잘못됐다는 것은 없습니다. 다만... 우리는 우리의 눈이 원하는 TV를 고르면 되는 거죠. 내 눈이 원하는 회사를 선택하는 것이 바른 선택이라고 봅니다. 기술력에 대한 설명만 듣고 선택했다가는 볼 때마다 후회하게 됩니다.","['살다', '화질', '삼성', '예쁘다', '화면', '엘지', '구분', '추구', '화질', '개선', '추구', '방향', '다르다', '중소기업', '화질', '개선', '중국', '회사', '삼성', '엘지', '화질', '떨어지다', '본인', '크다', '문제', '판단', '구매', '나쁘다', '문제', '요즘', '해결', '크다', '불편', '뉴스', '앵커', '얼굴', '모공', '보이다', '생생하다', '화면', '삼성', '뽀샤시', '화장', '예쁘다', '보이다', '화면', '엘지', '회사', '옳다', '회사', '원하다', '고르다', '원하다', '회사', '선택', '바르다', '선택', '기술력', '대하다', '설명', '선택', '후회']",5,1
463,안녕하세요 티비구입하려고 하는데 백화점용이랑 인터넷 마트용으로 나오는 모델이 차이가 있을까요?,"['안녕', '티비', '구입', '백화점', '인터넷', '마트', '나오다', '모델', '차이']",5,2
464,QLED QNED 등급도 함께 설명 듣고 싶어요!,"['등급', '설명']",5,2
465,"1,050,000원 짜리 중소기업 QLED TV 75인치 사용중. 그냥 공중파나 케이블 방송 볼 때는 화질의 차이를 못 느낀다. 하지만 넷플릭스 볼 때는 대기업 제품 보다 화면이 어둡고 선명하지 못하다고 느끼게 된다.","['중소기업', '공중파', '케이블', '방송', '화질', '차이', '넷플릭스', '기업', '제품', '화면', '선명']",5,2
466,"UHD는 걍4k를 총칭하는건데,왜 led로 국한하는지요,,걍 led ,,정확히는 lcd라오qled,oled로 구분해야되는거 아닌가요?","['총칭', '국한', '구분']",5,1
467,게임도 영상인데 왜 게임은 삼성인가요? 콘솔이라서 hz도 60이상 상관없을텐데,"['게임', '영상', '게임', '삼성', '콘솔', '이상', '상관']",5,2
468,-gd1mm 패널특성상 응답속도 때문에요. 엘지도 많이 빨라졌다지만 뭐 아직 인식은 그렇습니다. 콘트롤러와 영상송출간의 갭차이를 말하는 겁니다. 영상은 그냥 보면 그만이라 상관없죠,"['패널', '특성', '응답', '속도', '엘지', '빠르다', '인식', '콘트롤', '영상', '송출', '차이', '영상', '상관']",5,2
469,그냥 차이가 없는 겁니다. QLED와 OLED는 그냥 유기발광다이오드냐 무기발광다이오드냐이고 이 둘은 기본적으로 UHD는 나옵니다. 참고로 지금 유료방송사업자한테 돈내고 보는건 UHD가 아닌 FHD 입니다.,"['차이', '유기', '발광', '다이오드', '무기', '발광', '다이오드', '기본', '나오다', '참고', '유료', '방송', '사업자', '내다']",5,1
470,나노셀은 QNED보다 아래 모델입니다! 요즘엔 QNED와 금액차이가 별로 안나서 포지션이 애매해졌습니다😊,"['나노', '아래', '모델', '요즘', '금액', '차이', '포지션']",5,2
471,lg임원집에도 가전다 삼성이였음 자기취향입니다,"['임원', '가전', '삼성', '취향']",5,1
472,Neo QLED와 QLED의 차이는 led의 차이입니다. Neo QLED가 QLED에 비해 led가 작은 미니led방식이라 조금 더 디테일하게 색감을 표현할겁니다. 금액은 스펙마다 달라 정확히 말씀드릴 순 없지만 금액차이는 조금 있는것같아요!😄,"['차이', '차이', '비하', '작다', '미니', '방식', '디테일', '색감', '표현', '금액', '스펙', '다르다', '말씀', '드리다', '금액', '차이']",5,1
473,삼성 티비는 비추...금방 화질이 나빠짐.,"['삼성', '티비', '비추다', '화질', '나쁘다']",5,2
474,​​ -d8m 그런 고장은 엘지도 다수 나옵니다. 그런데도 삼성은 세계 판매 1위...,"['고장', '엘지', '다수', '나오다', '삼성', '세계', '판매']",5,1
475,​ KU65UB8100FXKR 삼성제품입니다~ 가능한가요?,"['삼성', '제품', '가능']",5,1
476,"저랑 비슷한 문제의식을 가지셨네요. 일반 드라마나 공중파 등은 보통 밝은 화면이 주를 이루니까 큰 차이를 못 느꼈는데 영화나 넷플릭스의 경우 영화 스타일의 어두운 장면들이 자주 나오더군요. 그럴 때 어두운 장면인데도 완전히 까만 부분과 그 속의 덜 까만 부분의 차이가 아쉬웠죠. 영화관에서는 확실하게 구분이 갔는데. 제가 그걸 좀 따집니다. ^^; 집에서 TV로 영화를 볼 때, 화면은 작아도 영화, 그색감,그 느낌을 바랐는데... 결국 저도 올레드 쪽으로 기웁니다. 번인? 각오해야죠. ^^","['문제의식', '가지다', '일반', '드라마', '공중파', '밝다', '화면', '이루다', '크다', '차이', '영화', '넷플릭스', '영화', '스타일', '장면', '나오다', '장면', '차이', '영화관', '구분', '따지다', '영화', '화면', '작다', '영화', '색감', '느낌', '바라다', '결국', '올레', '기울다', '각오']",5,2
477,​ 그거 예민한 분들은 무조건 올레드티비 삽니다 ㅎㅎ,"['올레', '티비', '사다']",5,2
478,"86qned85 제품은 어떤가요? 영화,넷플릭스,드라마 위주로 보는데 생각보다 비싸더라구요 더 가성비 좋은 모델도 있나요?","['제품', '영화', '넷플릭스', '드라마', '위주', '생각', '비싸다', '가성비', '좋다', '모델']",5,2
479,좋은 말씀 감사합니다. 제가 전달드리고 싶은 내용은 구매 시 필요한 내용 위주 (UHD TV는 LG의 한 브랜드)로 설명드렸습니다.^^ 다음 영상에서는 조금 더 디테일한 내용으로 준비하겠습니다. 댓글 고맙습니다.,"['좋다', '말씀', '감사', '전달', '드리다', '내용', '구매', '필요', '내용', '위주', '늘다', '브랜드', '설명', '드리다', '다음', '영상', '디테일', '내용', '준비', '댓글']",5,1
480,삼성94년식 냉장고 지금껏 고장없이 사용중 가끔 컴프에 쌓인 먼지 제거해줌,"['삼성', '냉장고', '고장', '컴프', '쌓이다', '먼지', '제거']",5,1
481,"엘지도 요새 대부분 중국 제조임. 그리고 가전은 엘지라고 하지만 그것도 이제는 옛말임. 삼성도 가전 퀄리티 많이 올라가서 굳이 엘지만 고수할 필요 전혀 없음. 또한, as 생각하면 오히려 엘지가 더 불편하고 더 비쌈. 전자제품이야 케바케라서 뽑기가 존재해서 엘지, 삼성 무조건 다 좋다고 할 순없음.","['엘지', '요새', '부분', '중국', '제조', '가전', '엘지', '이제', '옛말', '삼성', '가전', '퀄리티', '올라가다', '엘지', '고수', '필요', '생각', '엘지', '불편', '비싸다', '전자', '제품', '케바케', '뽑기', '존재', '엘지', '삼성', '좋다']",5,1
482,진짜 제일고민되는게 엘지vs삼성임 ㅋㅋ,"['고민', '엘지', '삼성']",5,1
483,삼성이 할인좋고 가전은 삼성이나 lg나 성능은 같습니다,"['삼성', '할인', '좋다', '가전', '삼성', '성능']",5,1
484,"블랙프라이데이 세일이 가장 저렴하지않나요? 🧐 세일기간에 당연히있을줄알았는데 11월이 없어서 의아해서 댓글달아봅니다! 혹시 비교해보셨는데도 9,10월이 더 저렴했는지, 아니면 비교대상에서 블페가 빠진건지 궁금합니다","['블랙', '프라이', '데이', '세일', '세일', '기간', '의아', '댓글', '달다', '비교', '저렴하다', '비교', '대상', '블페', '빠지다', '궁금하다']",5,1
485,"님,,,지금은 새해에 삼성페스타를 하는데 그건 어떻죠?😂😅","['지금', '새해', '삼성', '페스']",5,1
486,저도 최근에 혼수를 했는데 삼성폰 쓰시면 역시 혼수는 삼성이 좋더라구요 ... 할인도 많아서 삼성이 역시 ...,"['최근', '혼수', '삼성', '쓰다', '혼수', '삼성', '좋다', '할인', '많다', '삼성']",5,1
487,저희도 가전 구매 할 때 발품 엄청 팔았던 기억이나요 ㅎㅎ 저희도 삼성으로 구매했어요~~ㅎㅎ,"['가전', '구매', '발품', '팔다', '기억', '삼성', '구매']",5,1
488,전 디자인도 삼성이 더 좋더라구요!,"['디자인', '삼성', '좋다']",5,1
489,삼성에서 일부 제품 lg꺼 지원하는데 거의 없어요. 저는 온갖 브랜드 다써서 앱이 굉장히 많습니다ㅋㅋ,"['삼성', '일부', '제품', '지원', '브랜드', '쓰다', '많다']",5,1
490,삼성 lg사세요 몇년 지나면 후화합니다,"['삼성', '사다', '지나다']",5,1
491,자녀계획이 바로있으시다면 TV도 천천히 사도된다는게 개인경험상 의견입니다ㅎ,"['자녀', '계획', '사다', '개인', '경험', '의견']",5,2
492,엘지 제품중에는 가성비 없을까요? 엘지꺼도 한번 해주세요~,"['엘지', '제품', '가성비', '엘지', '끄다']",5,1
493,삼성티비 가격 더 떨어졌네요.. 150!,"['삼성', '티비', '가격', '떨어지다']",5,2
494,140정도에 학교 과제하고 유튜브 영상이나 넷플릭스같은거 볼거같아요 ppt 한글 엑셀 문서작업 할거같슴니다 갤럭시북 시리중에 하나 생각중이긴합니다..예산 좀 더 넘기더라도 괜찮으면 살수있어요,"['학교', '과제', '유튜브', '영상', '넷플릭스', '한글', '엑셀', '문서', '작업', '갤럭시', '시리', '생각', '예산', '넘기다', '괜찮다', '살다']",5,2
495,7:15 내부 판넬이 스텐처럼 보이지만 LG는 플라스틱이고 삼성은 보이는 그대로 스텐이라는 말씀인가요?,"['내부', '판넬', '스텐', '보이다', '플라스틱', '삼성', '보이다', '스텐', '말씀']",5,2
496,신혼가전 구매 예정인데 많은 도움받고 있습니다. 혹시 042 모델이 가성비 모델이라고 하셨는데 lg베스트샵에서도 판매중인 모델일까요? 가끔보면 가성비 모델은 홈쇼핑이나 마트 전용 모델인 경우가 있어서 여쭤봅니다,"['신혼', '가전', '구매', '예정', '많다', '도움', '모델', '가성비', '모델', '베스트', '판매', '모델', '가성비', '모델', '쇼핑', '마트', '전용', '모델', '여쭈다']",5,2
497,막눈은 그냥 봐도 모름. 그리고 매장에서 보면 달라보여도 집에 내 tv만있음 전혀 모름,"['매장', '다르다', '보이다']",5,2
498,oled 6년쓰고 번인 그때는 450만원 본전뽑은 느낌은 안드는데 지금oled가격이 많이 내려와서 고민,"['쓰다', '그때', '본전', '느낌', '가격', '내려오다', '고민']",5,2
499,75 in 이상은 고장 나면 수리비가 좆나게 비싸다그러니까 비싼 테레비를 살 필요가 없다. TCL 사가지고 2 3년 보고 그 돈으로 바꾸면 되는 거야. 또 다른 거로 새 거로 그래 안그래. 아님 말고,"['이상', '고장', '수리비', '좆', '나다', '비싸다', '비싸다', '테레비', '사다', '필요', '사다', '바꾸다', '말']",5,2
500,아니 왜 OLED는 설명을 안해주시나요 그것만 기다렸는데 영상이 끝났어요,"['설명', '기다리다', '영상', '끝나다']",5,2
501,말씀해주신조건으로 50인치 가성비 제품추천부탁드립니다,"['말씀', '조건', '가성비', '제품', '추천', '부탁', '드리다']",5,2
502,절때 이스트라 티비 사지마세요! 화면이 노란색으로 나와요! 피보는중 ㅠㅠ,"['이스트', '티비', '사다', '화면', '노란색', '나오다']",5,2
503,OLED(유기발광다이오드)는 구조적으로 번인을 해결할수 없음.아직도 큰~난재이죠. 화질은 완전 좋죠.(블랙 완벽표현) 그냥 Mini led구매하시는게 가성비도 화질도 무난합니다.,"['유기', '발광', '다이오드', '구조', '해결', '크다', '난재', '화질', '좋다', '블랙', '완벽', '표현', '구매', '가성비', '화질']",5,1
504,우리는 이제 부부가 나이드러서 조금한 티빙을 살려고 합니다 .강사님 어떤걸 사면 좋을까요.가격 삼 사십만원정 생각합니다 32인치정도입니다 강사님강의 잘들었습니다^^,"['부부', '나이', '드러', '티빙', '사다', '강사', '사다', '좋다', '가격', '생각', '강사', '강의']",5,2
505,TCL은 C8K추천을 받았는데 엘지 QNED EVO 랑 선택한다면 어떤걸 더 추천해주시나요?,"['추천', '엘지', '선택', '추천']",5,2
506,​ -i1b 예?.. 이번에 oled 계약햇는데?,['계약'],5,2
507,혹시 어떤거 구매하셨나요? 저도 50인치 찾는중이에요 😊,"['구매', '찾다']",5,2
508,티비 구매하려는데 기본적인 도움이 됐어요 딱 매장직원이 말하는거랑 같네요..ㅎ 매장에서는 비싼것만 유도해요,"['티비', '구매', '기본', '도움', '매장', '직원', '매장', '비싸다', '유도']",5,2
509,블랙프라이데이 사면좋을 티비 뭐이런시리즈 해주시면 좋겠습니다 ㅠㅠ,"['블랙', '프라이', '데이', '사다', '좋다', '티비', '시리즈', '좋다']",5,1
510,삼성KQ75QD83. 구매하려합니다괜찮나요. 우퍼까지230이라네요.답좀주셔요.금액은230 우퍼포함.이마트 쓱데이 금액입니다.,"['삼성', '구매', '괜찮다', '우퍼', '금액', '우퍼', '포함', '이마트', '쓱데', '금액']",5,1
511,LG 제품 중에서도 OLED TV 제품은 4세대 OLED 제품이 최신입니다. 매장가서 구형 구입하지 마세요. 3세대랑 화질 차이가 크게 납니다. (소비전력 차이도 나요),"['제품', '제품', '대', '제품', '최신', '매장', '구형', '구입', '대', '화질', '차이', '크다', '소비', '전력', '차이']",5,2
512,솔까 tv는 이제 중국산사도됨 엘지나 삼성이나 이제 옵션장난질만 치는시대가 왔음. ㅋ 중소기업껀 중국패널 가져다쓰면서 가격도 별차이없게 나오니 의미없고 ㅋ,"['중국', '사다', '엘지', '삼성', '옵션', '장난', '치다', '시대', '중소기업', '중국', '패널', '가지다', '쓰다', '가격', '차이', '나오다', '의미']",5,1
513,3:50 여기서 나노셀이라고 언급하신건 정확하지 않은것 같아요~ 나노셀과 QLED라고 하셨어야.......... 자칫 순간적으로 나노셀만 시야각이 기본형보다 좋아진거고 QLED는 기본형과 시야각 차이가 없는건가?라는 생각이 들게 만드네요~ 바로 몇초 지나서 자막에 나노셀과 QLED 둘 다 언급하고 있어서 금방 이해되긴 했지만요.... 이 부분만 옥의 티이고 나머지 설명해주신 내용들은 엄청나게 도움이 되었습니다!,"['나노', '언급', '정확', '나노', '순간', '나노', '시', '기본', '좋다', '기본', '시', '차이', '생각', '들다', '만들다', '지나다', '자막', '나노', '언급', '이해', '나머지', '설명', '내용', '엄청나다', '도움']",5,1
514,LG 모델 75QNED75AEA 삼성 모델 KQ75QNF75-W 비교부탁드립니다 !😃😃,"['모델', '삼성', '모델', '비교', '부탁', '드리다']",5,2
515,LG OLED CX C2 G4 C5 써봤어요 6년동안 제가 OLED TV 만 구매해서 시청하는이유는 일단 시청시간이 적어요 거의 OTT&PS5 로만 사용합니다 TV를 많이보시거나 일반IPTV위주거나 그러신다면 OLED 구매할이유 1도없어요 번인3년차부터옵니다 가격이 비싸지만 제가 OLED를 계속 구매하는이유는 OLED로 OTT영화 게임즐기셨다면 다른티비로 못내려가요 중형차 타다 소형차로 못내려가듯 선명함과 색감 리얼 블랙 겪어보면 역시 OLED구나 생각들어요 OLED 아래 4KQNED 는 OLED보다 밝이는 밝아요 얼핏보면 쨍하고 밝아서 OLED보다 화질좋아보이지만 색감 외곡이 있어요 확실이 틀려요,"['쓰다', '동안', '구매', '시청', '이유', '시청', '시간', '적다', '일반', '위주', '그러다', '구매', '이유', '가격', '비싸다', '구매', '이유', '영화', '게임', '즐기다', '티비', '내려가다', '중형차', '타다', '소형', '내려가다', '선명', '색감', '리얼', '블랙', '겪다', '생각', '들다', '아래', '늘다', '밝다', '밝다', '밝다', '화질', '좋다', '보이다', '색감', '확실', '틀리다']",5,1
516,"피크님 제가 처음으로 LG에서 75qned86aka 모델을 구매했는데, 사운드가 중소기업제품보다 안좋아요 ㅜㅜ 삼탠바이미(M7모니터)랑 비교해도 더 안좋은데, 원래 LG티비 내장 스피커가 별로인가요? 아직 구매한지 한달 이내인데 AS신청해봐야할까요? 너무 스트레스 받습니다 ㅜㅜ 도와주세요...!","['피크', '모델', '구매', '사운드', '중소기업', '제품', '좋다', '태', '모니터', '비교', '좋다', '티비', '내장', '스피커', '구매', '이내', '신청', '스트레스', '도와주다']",5,1
517,아닙니다... 차이크게나요..그리고 as에 미칩니다 티비는 크고혼자힘들잖아요.,"['차이', '크다', '미치다', '티비', '크다', '힘들다']",5,2
518,-o9k as 어차피 보증기간내에 고장나는경우없고 lg꺼 보증기간끝났따고 수리비가 몇십만원 나와버리는데 ㅋ,"['보증', '기간', '고장', '끄다', '보증', '기간', '끝나다', '따다', '수리비', '나오다']",5,1
519,번인이 금방 오더군요 하루종일 틀어 놓는 타입인데 머칠만에 번인와서 패널교체 받고 10일만에 번인와서 앞으로 엘지 oled 안삽니다 왜 다들 화질이 좋다고만 얘기하고 치명적인 번인현상은 쉬쉬하는 지…. Oled 의 최대 단점인 번인현상을 개선하지 않는 이상 구입하지 마세요,"['하루', '종일', '틀다', '타입', '패널', '교체', '엘지', '살다', '화질', '좋다', '얘기', '치', '명', '현상', '쉬쉬하다', '최대', '단점', '현상', '개선', '이상', '구입']",5,1
520,어떤 제품 사셨나요 ? 저 이번에 삼성OLED 글레어프리 사는데.. 이 제품 쓰셨나요 ?,"['제품', '사다', '삼성', '글레어프리', '사다', '제품', '쓰다']",5,2
521,몇인치인가는 그냥모델명 앞 숫자 보는게 제일편하구 4k 영상물밖에없어 4k티비사는게 낮다? 전혀노.. 8k 보고있는데 같은 영상도 업스케일링 등으로 어떤 품질의 영상을 보더라고 8k가 확실히 차이나게 좋아요..화질 중요하게생각하심 한번사면 10년보는데 4k사면 후회합니다.,"['모델명', '숫자', '편하다', '영상물', '티비', '사다', '낮다', '영상', '스케일링', '품질', '영상', '차이', '좋다', '화질', '중요', '생각', '사다', '사다', '후회']",5,2
522,oled는 지금은 어떨지 모르겠는데 내가 살 당시엔 4등급이... ㅎㄷㄷ,"['지금', '살다', '당시', '등급']",5,1
523,85인치 이전설치비 얼마나 할까요?,"['이전', '설치비']",5,1
524,지상파 많이 보시는분 및 스카이라이프 보시는 분들은 HLG 있고 없고의 화질 차이도 있고 해외직구는 지상파 셋탑박스 사묭 불가고 화면 반사 방지 기능이 있는 모델도 있고 없고 lg는 돌비비젼 삼성은 hdr 이것들이 장난하는 것도 아니고.... 삼성 oled모델은 lg패널 쓰는 모델도 있고 구형 패널 들어가 있는 제품도 있고 내 집 거실에 65?75?등등 옵션질이 현기차 뺨칩니다.빨리 결정해야 할 텐데요ㅋ,"['지상파', '스카이', '라이프', '화질', '차이', '해외', '직구', '지상파', '박스', '사묭', '불가', '화면', '반사', '방지', '기능', '모델', '늘다', '지', '삼성', '장난', '삼성', '모델', '패널', '쓰다', '모델', '구형', '패널', '들어가다', '제품', '거실', '옵션', '현기', '뺨', '치다', '결정']",5,1
525,TV과목 1타강사시네요. 잘봤습니다. 올레드로 갑니다.,"['과목', '강사', '레드']",5,1
526,지금 G마켓 빅스마일데이 KQ85QNF70AFXKR 289만원 인데 이것 사도 괜찮은지? 알려 주세요 전에 올라왔던 모델과 가격은 좀 내려 왔는데 사양이 좀 빠진 모델 같아서요 전에 올라왔던 모델 KQ85QND85BFXKR 360만원 이예요,"['마켓', '스마일', '데이', '사다', '괜찮다', '알리다', '올라오다', '모델', '가격', '내리다', '사양', '빠지다', '모델', '올라오다', '모델']",5,2
527,"삼성티비 세대 샀는데 보험든 고급라인은 안고장, 보급기라인 두개는 금방고장 ,..","['삼성', '티비', '대', '사다', '보험', '들다', '고급', '라인', '고장', '보급', '라인', '고장']",5,1
528,"삼성tv 절대 사지마세요 갑자기 패널이 떨어져서 깨짐. 밑에 강아지 놀고 있었는데 다칠뻔! 티비가 무기가 될수 있어요. 삼성 직원 대응도 웃기고 삼성은 수준이 거의 중국산, 마인드도","['삼성', '사다', '패널', '떨어지다', '깨지다', '강아지', '놀다', '다치다', '티비', '무기', '삼성', '직원', '대응', '웃기다', '삼성', '수준', '중국', '마인드']",5,2
529,제주도 신규점포 출장가서 하루에 올레드 평균 10대씩 팔때 생각나네요. 티비 아래서 누워서보면 올레드말고 다른 티비는 화면 전체가 안보임 RGB의 한계임,"['제주도', '신규', '점포', '출장', '하루', '올레', '평균', '팔다', '생각나다', '티비', '아래', '올레', '말', '티비', '화면', '전체', '보이다', '한계']",5,2
530,삼성 neo qled tv KQ43QNF90AFXKR -25년 KQ50QNF90AFXKR - 25년 KQ55QNF90AFXKR - 25년 삼성 올레드 tv KQ42SF90AEXKR - 25년 KQ48SF90AEXKR - 25년 KQ55SD90AFXKR -24년 KQ55SF90AFXKR - 25년 KQ55SF95AFXKR - 25년 lg 올레드 evo tv OLED42C5KNA - 25년 OLED48C5KNA - 25년 OLED55C5SNA - 25년 네오는 올레드 ips 비해서 더밝고 유튜브 호라이즌 포비든 웨스트 포케이 모드로 보면 입체감 살아있다는 느낌을 받아요 어딘가 저곳이 있을까 같은 느낌임 삼성 올레드 KQ55SD90AFXKR 이모델 가장 싸면서 합리적 lg c3모델보다 더밝음 큐디 올레드 lg 화이트 올레드보다 더나은부분 있음 밝기 가격 크기 삼성 올레드 모델 중에서 화이트올레드 있어요 엘지 올레드 대비 차이는 있긴함 엘지 올레드 에보는 c g시리즈 있는데 c를 사는걸 권장함 최근 하피 티비에 g모델 샀다가 화면이 뭉개는 현상을 발견했다고 뉴스에 올라옴 해결 됐는지 모름 c5후기도 괜찮음 엘지나 삼성은 어두운 게임을 했을때 장점이 더크고 네오랑 같은 영상을 봤을때 엘지가 조금더 입체감 더크게 느껴질수가 있음 티비랑 모니터 겸용 하면서 쓰기엔 42-55인치 중에서 쓰면됨 본체도 고스펙으로 맞추면 왠만한 모니터보다 좋아요,"['삼성', '삼성', '올레', '올레', '네오', '올레', '비하', '밝다', '유튜브', '호라이즌 포비든 웨스트', '케이', '모드', '입체감', '살다', '느낌', '느낌', '삼성', '올레', '모델', '싸다', '합리', '모델', '밝다', '큐디', '올레', '화이트', '올레', '밝다', '가격', '크기', '삼성', '올레', '모델', '화이트', '레드', '엘지', '레드', '대비', '차이', '엘지', '올레', '에보', '시리즈', '사다', '권장', '하피', '티비', '모델', '사다', '화면', '뭉개다', '현상', '발견', '뉴스', '올라오다', '해결', '후기', '괜찮다', '엘지', '삼성', '게임', '장점', '크다', '네오', '영상', '엘지', '입체감', '크다', '티비', '모니터', '겸용', '쓰다', '쓰다', '스펙', '맞추다', '모니터', '좋다']",5,2
531,3일전에 neoqled 85인치 qn85 250만원에 구매했습니다. 벽걸이 설치 포함이요~~ ㅎ,"['구매', '벽걸이', '설치', '포함']",5,2
532,LG QNED가 삼성 NEO QLED랑 동급이라고 나눈거? 으잉?ㅎㅎ,"['삼성', '동급', '나누다']",5,1
533,코스트코에서 티비구매했는데 그 제품이 단종 되어 다른제품으로 드린다고 모델명 주셨는데.. 검색해도 잘 모르겠어서요.. 괜찮은건지 봐주실수있나요..? 모델명 : KQ85QF7SAFXKR 금액 : 250만 QFF7<- 이부분 모델명 뜻도 알려주실 수 있을까요..?,"['코스트코', '티비', '구매', '제품', '단종', '제품', '모델명', '검색', '괜찮다', '모델명', '금액', '모델', '알리다']",5,2
534,그랜저급이 이상하네요 삼성 네오qled가 LG qned보다 훨씬 좋습니다,"['그랜저', '이상', '삼성', '네오', '좋다']",5,1
535,요즘티비 누가 10년보나요 길어야 5년입니다 8K좋져 아직은 아닙니다 LG 삼성도 업그레이드 정책 5년이구요 AS는2년입니다 옛날이나 티비 10년보죠 요즘은 5년 안넘어요,"['요즘', '티비', '길다', '좋다', '삼성', '업그레이드', '정책', '늘다', '옛날', '티비', '요즘', '넘다']",5,1
536,​ 8k한번 사서 보시면 그런 말씀 못하신다니깐요ㅋㅋ 저렴한티비 작은인치수는 그정도면 바꿔야겠죠.. 년식보단 얼마나 좋은 티비사는냐가 화질차이가 확실히 나고 화질 중요시 여기는데 4k는 높은등급 샀다가..그것만 보면 후회없을수도 있겠지만 8k집에 놀러가서 한번보면 이때부터 후호합니다.,"['사다', '말씀', '저렴하다', '티비', '작다', '바꾸다', '좋다', '티비', '사다', '화질', '차이', '화질', '중요', '여기다', '높다', '등급', '사다', '후회', '놀다', '후', '호']",5,2
537,LED전에 모델들 LCD를 설명한것 같아요,"['모델', '설명']",5,2
538,LG기준 70~80인치면 20만원정도합니다 65인치 이하는 10만원정도하구요 LG공홈에서 신청가능하구요 보험적용되서 이전설치시 파손될경우 보상도됩니다,"['기준', '이하', '신청', '가능', '보험', '적용', '이전', '설치', '파손', '보상']",5,2
539,지금 한달째 티비 흩트고 있는데 결론에 좀 다달으면서 깨달음 사운드 화질 다 최신기능 칩셋성능 다 잡을려면 하는수 없이 고가 밖에 없는 양사 제품들 임 저가의 보급형들은 가성비까지 엘지 중급은 가성비까지 삼성 고품은 가성비가 안 나옴 걍 화질은 OLED는 엘지 미니 LED는 삼성 칩셋성능 삼성 이렇게 결론ㅋㅋ 고장? 요센 덜한데 둘다ㅈ똑같음ㅋ 둘다 매달 보험료 들고 티비이 봐야 함 보혐료들이 달에 3만원 가량ㄷㄷㄷ 제품 많아바야 이사해서 티비 놓을거 아니면 선뜻 손이 잘 안가는 듯 가성비 자체가 없음 가성비는 티엘씨인데 중국제품이라......,"['티비', '흩다', '트다', '결론', '깨달음', '사운드', '화질', '최신', '기능', '칩셋', '성능', '고가', '제품', '저가', '보급', '가성비', '엘지', '중급', '가성비', '삼성', '가성비', '나오다', '화질', '엘지', '미니', '삼성', '성능', '삼성', '결론', '세다', '똑같다', '보험료', '들다', '티비', '보혐료', '가량', '제품', '많다', '이사', '티비', '놓다', '가성비', '자체', '가성비', '중국', '제품']",5,1
540,NEO QLED 85인치를 250? 엄청 잘 구매하셨네. 혹시 해외판 아닌가요?,"['구매', '해외']",5,2
541,85모델명 75인치겠죠... 85인치 85모델이 그가격 안나오는데,"['모델명', '모델', '가격', '나오다']",5,2
542,중국티비 5년째 시청하는데 너무 좋은데 98인치 280만원,"['중국', '티비', '시청', '좋다']",5,2
543,"QNED EVO가 NEO QLED랑 동급입니다 일반 QNED는 QLED+라고 보시면 됩니다.. 가격도 QLED보단 조금 비쌉니다.., 글구 영상에서 빠진게 프레임..인데 게임은 안하더라도 스포츠나 액션,SF영화를 즐겨보신다면 120프레임을 추천합니다.., 근데 120프레임 TV가 NEO QLED, QNED EVO, OLED밖에 없네요..ㅡㅡ","['동급', '일반', '가격', '비싸다', '영상', '빠지다', '프레임', '게임', '스포츠', '액션', '영화', '즐기다', '프레임', '추천', '프레임']",5,2
544,올레드는 LG가 직접비교해보니 좋더라고요 특히 G C라인이상 구매해야 진정한 올레드,"['올레', '비교', '좋다', '라인', '이상', '구매', '진정', '올레']",5,1
545,누가 LG 삽니까... 세계적으로 유명한 TV평점사이트인 RTINGS만 들어가도 답이나옵니다. 1등 2등이 삼성이 먹었고 평점도 LG랑 넘사에요. 심지어 3등인 LG는 지금 중국한테도 따이려고하는데... 평점에서도 중국기업 TCL보다 떨어지는 것도 있고... 가전은 LG 이말 자체도 엘지슬로건이지 이제 한물갔어요. 굵직한 제품들은 이제 삼성한테 안됩니다. 디자인 하나볼꺼면 LG가는게 맞아요😅,"['세계', '유명', '평점', '사이트', '들어가다', '나오다', '삼성', '먹다', '평점', '사다', '중국', '평점', '중국', '기업', '떨어지다', '가전', '자체', '엘지', '슬로건', '한물가다', '굵직하다', '제품', '삼성', '디자인', '맞다']",5,1
546,"온라인에서 TV구매 시, 직구 모델이 아닌지 꼭 확인하시구요. '잘 모르겠다'싶으면 공식홈페이지에서 구매하시는 걸 추천드립니다. 공홈에서 할인가 높은 제품도 많이 나오더라구요! 합리적인 가격에 득템하시길 바랍니다.","['온라인', '구매', '직구', '모델', '확인', '공식', '홈페이지', '구매', '추천', '드리다', '할인', '높다', '제품', '나오다', '합리', '가격', '득템', '바라다']",5,2
547,25년 출시 삼성 oled가 화질 밝기 테스트에서 lg를 이겼음.lg는 소니 파나소닉한테도 밀렸음.세계 판매량 1워는 단연 삼성~lg는 tcl에도 밀림.,"['출시', '삼성', '화질', '밝다', '테스트', '이기다', '소니', '파나소닉', '밀리다', '세계', '판매량', '삼성', '밀리다']",5,1
548,가전은 엘지임다. 삼성 판들다 엘지에서 사다쓰는디,"['가전', '엘지', '삼성', '엘지', '사다', '쓰다']",5,1
549,저도 그런줄 알았는데 옛날에는 그럭저락 맞았다고... 근데 진짜 삼성이 기술로 다 따라 잡았다고 하더라구요,"['옛날', '그럭저', '맞다', '삼성', '기술', '따르다']",5,1
550,엘지 42인치 LED TV 12년넘게 고장없이잘쓰고 있음 화질도좋고 디자인도좋음 솔직히 더큰걸봐꾸고 싶어도 품질이 좋으니까 버리기아까움,"['엘지', '넘다', '고장', '쓰다', '화질', '좋다', '디자인', '좋다', '크다', '꾸다', '품질', '좋다', '버리다']",5,1
551,나도 옛날부터 집안 모든 제품이 삼성이였는데 5년전?부터 바꾸는 가전은 lg로 바꾸고 있네요 더좋아요 일단 lg는 고장이 잘 안나유,"['옛날', '집안', '제품', '삼성', '바꾸다', '가전', '바꾸다', '좋다', '고장']",5,1
552,올레드 검색 좀하고 아는척 하세요. 엘지가 괜히 비싼게 아닙니다. 많이 팔린다고 가장 좋은게 아닙니다. 그랜저 많이 팔린다고 가장 좋은차가 아니죠.,"['올레', '검색', '엘지', '비싸다', '팔리다', '좋다', '그랜저', '팔리다', '좋다']",5,1
553,LG가 사기쳐서 소송중인 TCL보다 떨어진다니 ㅋㅋ 집에 티비 없죠? ㅋㅋ,"['사기', '치다', '소송', '떨어지다', '티비']",5,1
554,에어컨 종사자지만 에어컨은 엘지가 훠얼씬 좋습니다.에바두께만봐도 엘지가 두껍고 튼튼하고 실외기 스마트링크 인버터pcb불량 허다하게 다옵니다,"['에어컨', '종사자', '에어컨', '엘지', '좋다', '두께', '엘지', '실외', '스마트', '링크', '인버터', '불량']",5,1
555,오픈마켓 말고 엘지 공홈에서도 저렴하게 살 수 있게 할인을 좀 해주면 도지 않을까나,"['오픈마켓', '말', '엘지', '저렴하다', '사다', '할인']",5,2
556,"없는 모델이겠죠... 다른매장엔 팔고ㅡ.ㅡ....아휴 엘지는 베샵만 있는게 아니라 양판 할인점 베샵 이렇게 있어요. SN 이랑 NS랑 재질만 다른거고, 다른 넘버 같으면 같은 성능인건 아시죠?","['모델', '매장', '팔다', '엘지', '양파', '할인점', '이랑', '재질', '다르다', '넘버', '성능']",5,2
557,"그리고, 엘지 신모델뭐뭐하는데... 신모델구모델 별차이없어요. 자동차처럼페이스리프트한단개념이아니고. 뭐 그냥 색깔바뀌는정도? 그런게전부에요","['엘지', '모델', '모델', '모델', '차이', '자동차', '페이스', '리프트', '개념', '색깔', '바뀌다', '전부']",5,1
558,모니터 29wl50s 랑 29wl500 이랑 차이가 멀까여? 가격차이 4만원 정도 차이납니다. 스피커 차이 입니다. 분명히 차이는 있습니다. 필요한 기능이냐 아닐뿐이지 29wl5s 매장가는 29 이고 온라인하고는최저 27만원대 입니다,"['모니터', '차이', '가격', '차이', '차이', '스피커', '차이', '차이', '필요', '기능', '매장', '온라인', '최저']",5,2
559,백화점에서 300주고 산 삼성티비 2년 좀 넘겼는데 패널 고장나서 (당시 보증2년) 60달라길래 버리고 인터넷으로 삿는데 잘쓰고있음요 가전은 복불복인듯 ㅋㅋ,"['백화점', '사다', '삼성', '티비', '넘기다', '패널', '고장', '당시', '보증', '버리다', '인터넷', '사다', '쓰다', '가전', '복불복']",5,1
560,"저 가전살때 다들 가전은 엘지다, 인터넷 하이마트 이런곳 말고 매장가서 사야한다 하셔서 엘지베스트샵가서 샀거든요. 결론은 10년 동안 as한번 받아본적 없이 잘 쓰고있는데 옵션? 더 들어간 기능들 딱히 쓴적이없어요ㅋㅋ비슷한시기 결혼한 친구는 하이마트에서 삼성으로 다 샀는데 거기도 10년가까이 멀쩡해요ㅎㅎ곧 입주라 전체가전 바꾸는데 디자인 만족하면 비교해서 저렴한거 사고파요ㅎ","['가전', '사다', '가전', '엘지', '인터넷', '하이마트', '말', '매장', '사다', '엘지', '베스트', '사다', '결론', '동안', '쓰다', '옵션', '들어가다', '기능', '쓰다', '시기', '결혼', '친구', '하이마트', '삼성', '사다', '입주', '전체', '바꾸다', '디자인', '만족', '비교', '저렴하다', '사다', '파']",5,1
561,저는 풀옵션이라 따로 구입은 안했지만 산다면 오프라인으로 할 것 같아요,"['옵션', '구입', '사다', '오프라인']",5,1
562,오프라인도 알아보려구요!ㅎㅎ 오늘 매장에서 견적받을 때 티비 500이엇는데 인터넷 250이더라구요,"['오프라인', '알아보다', '매장', '견적', '티비', '인터넷']",5,2
563,넘버만 다르고 같지 않나요? ^^ 저같은 경우는 대형마트 돌다보면 전시상품 싸게 팔때 있는데 그런거 업어옵니다. 티비는 제외구요.^^,"['넘버', '다르다', '대형', '마트', '돌다', '전시', '상품', '싸다', '팔다', '티비', '제외']",5,2
564,저는 가성비 삼성으로 하려고 맞추는 중이에요 ㅎㅎ,"['가성비', '맞추다']",5,2
565,"제가 거의 글쓴이님과 거의 동일한생각이었고 3~4개월 실제 발품 팔아봤는데 오프라인에서 보고 온라인으로 사는게 저렴하고, 티비는 전시가 저렴했습니당","['글쓴이', '동일', '생각', '실제', '발품', '팔다', '오프라인', '온라인', '사다', '저렴하다', '티비', '전시']",5,2
566,티비는 오프라인 매장이 좋데요!,"['티비', '오프라인', '매장', '좋다']",5,2
567,요즘 다른 회원분들이 관심있어하는 삼성부터 드리미까지 알아왔습니다ㅋㅋ,"['요즘', '회원', '관심', '삼성', '드리다']",5,1
568,전 냉장고 세탁기는 아니고 tv인데 온라인이 더 저렴해서 온라인으로 샀어용,"['냉장고', '세탁기', '온라인', '저렴하다', '온라인', '사다']",5,2
569,음 티비 에어콘이 얷어서 좀 애매한디 혹시 신혼이신지?,"['티비', '에어콘', '신혼']",5,2
570,전 엘지로 살거라서 엘지 공홈이요! 오늘의 집도 괜찮은 것 같아서 비교해보고있어영,"['엘지', '살다', '엘지', '오늘', '괜찮다', '비교']",5,1
571,"혼수 준비하면서 예산이 얼마없는데… 사고싶은건 많아서 여기저기 견적 진짜 많이 알아 봤고 진짜 거의 광기로 가격비교 했습니다…. ㅋㅋ😭 결론 .. 오늘의집에서 패키지로 사는게 젤 싸다. 리얼입니다.. 저는 여기에서 삼성 여러개 사면 추가로 할인해 준다고 한 것도 받고 카드할인 추가로 받고 그때 리뷰 이벤트 하는 것도 있어서 또 추가로 받고,, 등등 여러개 영혼까지 끌어모아서 진짜 싸게 샀어요.. 일단 가전부터 얘기해보면 가전은 오프라인 새로 오픈하는 곳 가서 견적 받아보고 백화점 다 가봤고 진짜 할인 많이 해줍니다 근데 그냥 절대액이 너무 커서 안샀어요 진짜 제대로 준비할거고 프리미엄으로만 빵빵 하게 살거다 하는 사람은 오프라인에서 사는게 맞음 근데 결국 저는 1. 오버 스펙으로 사야함 거의 프리미엄 라인으로 사야함 2. 무조건 카드 만들어야함.. 나중에 해지하고 이런거 너무 귀찮았음.. 3. 로청은 로보락 사고싶고 전자레인지는 발뮤다를 사고싶었는데 이건 할인 안 됨 그래서 오프라인 말고 온라인으로 결정했고 품목별로 하나하나 원하는 스펙 대략 정해 놓고 네이버에서 최저가 검색했어요 엑셀로 하나하나 광기로 정리해서 넣고 구매하려고했는데 두둥… 오늘의집에서 패키지 머 최저가라고 해서 패키지 할인? 해보라고 해서 정리한 품목들 패키지에 다 담아봤는데ㅠ 결국은….. 전체 비용이 여기가 더 저렴하더라고요? 이게.. 여기서 어떤 상품이 할인되는지는 구체적으론 안나오는데 일단 제가 꼭 사려고 했던 로보락이랑 발뮤다는 할인 안해주는데 여기서 크게 차이가 나는것 같앗음..! 제가 원하는 브랜드 상품 거의 다 있었고 저는 품목별로 유투버가 추천하는걸로 골라서 사서 에어컨 식세기 TV 냉장고 세탁기건조기세트 는 삼성 + LG 섞어샀고 그리고 꺼내놓고 싶은 로망가전들 .. 로보락 발뮤다 다이슨들 담았고 거의 80만원 이상 할인 받았어요! 오늘의집 패키지 거기에 한 번 꼭 담아보고 결정하세유! 최저가 아니면 보상도 해준다고 하니…. 되게 좋은 표준 견적서가 될 거에요 ㅋㅋ 친구가ㅋㅋ 혼수 준비한다고 하는데 싸게 사는 팁 없냐고 쫙 알려달라고 해서… 정리한 김에 여기두 남깁니다 여러사람에게 도움이 되길..!","['혼수', '준비', '예산', '얼마', '사다', '많다', '여기저기', '견적', '광기', '가격', '비교', '결론', '오늘', '패키지', '사다', '싸다', '리얼', '삼성', '사다', '추가', '할인', '카드', '할인', '추가', '리뷰', '이벤트', '추가', '영혼', '끌다', '모으다', '싸다', '사다', '가전', '얘기', '가전', '오프라인', '오픈', '견적', '백화점', '할인', '절대액', '크다', '사다', '준비', '프리미엄', '살다', '사람', '오프라인', '사다', '맞다', '결국', '오버', '스펙', '사다', '프리미엄', '라인', '사다', '카드', '만들다', '해', '귀찮다', '로보', '사다', '전자', '레인지', '발뮤', '사다', '할인', '오프라인', '말', '온라인', '결정', '품목', '원하다', '스펙', '정하다', '네이버', '저가', '검색', '엑셀', '광기', '정리', '넣다', '구매', '오늘', '패키지', '최저', '패키지', '할인', '정리', '품목', '패키지', '담다', '결국', '전체', '비용', '저렴하다', '상품', '할인', '구체', '나오다', '사다', '로보', '발뮤', '할인', '크다', '차이', '원하다', '브랜드', '상품', '품목', '유투버', '추천', '고르다', '사다', '에어컨', '세기', '냉장고', '세탁기', '건조기', '세트', '삼성', '섞다', '사다', '꺼내다', '로망', '가전', '발뮤', '다이', '슬다', '담다', '이상', '할인', '오늘', '패키지', '담다', '결정', '최저', '보상', '좋다', '표준', '견적서', '친구', '혼수', '준비', '싸다', '사다', '알리다', '정리', '남기다', '사람', '도움']",5,1
572,"안녕하세요. 남은 돈으로 가전, 가구를 해야하기때문에 엘지에서 하든, 삼성에서 하든 동일한 예산범위내에서 무조건 해야합니다. 엘지에서 하게 된다면 웬만한 옵션기능을 다 빼고 기본적인 기능만 있는 저렴한 모델 위주로 선택을 할 거 같고 삼성에서 한다면 최신모델, 상위 스펙 옵션으로 하지 않을까 싶습니다. 해야하는 가전은 워시타워, 식기세척기, 냉장고, 에어컨, 인덕션, 로봇청소기로보락, 스타일러, 공기청정기, 음식물처리기린클 등인데 엘지에서 한다면 꼭 필수가 아닌 가전은 못하지 않을까 싶습니다. 스타일러나 음식물 처리기 등.. 반면 삼성에서 한다면 웬만히 생각한 가전은 다 가능하지 않을까 싶기도 합니다. 이럴 경우 엘지를 추천하실지 삼성을 추천하실지 의견 부탁드리겠습니다. 무기명 투표 중 혼수 가전동일 예산 엘지 삼성 투표하기","['안녕', '남다', '가전', '가구', '엘지', '삼성', '동일', '예산', '범위', '엘지', '옵션', '기능', '빼다', '기본', '기능', '저렴하다', '모델', '위주', '선택', '삼성', '최신', '모델', '상위', '스펙', '옵션', '가전', '워시타워', '식기', '세척기', '냉장고', '에어컨', '인덕션', '로봇', '청소기', '스타', '공기', '청정기', '음식물', '처리', '기린', '크다', '엘지', '필수', '가전', '스타', '음식물', '처리', '반면', '삼성', '생각', '가전', '가능', '엘지', '추천', '삼성', '추천', '의견', '부탁', '드리다', '기명', '투표', '혼수', '가전', '동일', '예산', '엘지', '삼성', '투표']",5,1
573,가전 여러군데를 돌았는데 아무래도 원하는 티비가 98인치다보니 가격이 너무 비싸더라구요 ㅠ 인터넷에서는 같은 모델인데 훨씬싼금액에 살수있어서.. 매장에서는 아예 다른제품이라거 봐야된다던데.. 인터넷에서 사도 괜찮을까요?,"['가전', '돌다', '원하다', '티비', '가격', '비싸다', '인터넷', '모델', '싸다', '금액', '살다', '매장', '제품', '인터넷', '사다', '괜찮다']",5,2
574,"엘지 베스트샵 매장에서 티비 보고 왔는데 거기서는 800만원대로 견적 받았는데 인터넷에 똑같은 모델명 쳤더니 620만원으로 떠요,, 어떻게 생각하세요?","['엘지', '베스트', '매장', '티비', '견적', '인터넷', '똑같다', '모델', '치다', '뜨다', '생각']",5,2
575,안녕하세요 가성비로 가전혼수 하고 싶은 예신입니다. LG 삼성 브랜드관도 다 가보고 하이마트나 쪽 가전도 다 둘러보았는데요 어떤게 나은건지 잘 모르겠어서요 하이마트는 좀 싸긴 산데 LG 삼성은 묶어서 싸면 할인이 많이 되더라구요 그래도 하이마트가 더 싸긴 산데 하이마트는 들어가는 제품이 아예 다르다고 하더라구요 가전은 엘지라고 하던데 엘지사고 싶은 마음도 굴뚝같긴 한데 다들 어떤 가전 구매했나요? 조언 부탁 드립니다! 감사합니다,"['안녕', '가성비', '혼수', '삼성', '브랜드', '하이마트', '가전', '둘러보다', '하이마트', '싸다', '살다', '삼성', '묶다', '싸다', '할인', '하이마트', '싸다', '살다', '하이마트', '들어가다', '제품', '다르다', '가전', '엘지', '엘지', '사다', '마음', '굴뚝', '같다', '가전', '구매', '조언', '부탁', '드리다', '감사']",5,1
576,"저는 텔레비전 없이 못사는 사람이고 텔레비전 진~~짜 많이 보거든요. 근데 텔레비전으로 영화 그런거는 안보고 티빙이나 넷플릭스 같은 OTT랑 예능을 특히 많이봐요! 드라마는 가끔~? 꽂히는것 있을 때 보는 편이구요. 가장 많이 보는거는 90프로 이상인데 예능이에요. 그래서 그렇게 화질이나 선명도가 엄청 중요하진 않아요. 대신 크기가 컸으면 좋겠더라구요. 텔레비전은 거거익선이라는 말이 있잖아요. 그래서 일단 75인치 이상은 사야겠다 싶었어요. 백화점이나 가전매장가서 구경했는데 85인치는 지금 신혼집에는 많이 클것 같아서 75로 구매하기로 결정했어요. 그 후 오프라인으로도 많이 다녀보고 온라인에도 많이 검색했었는데 지마켓에서 빅세일을 하더라구요. 마침 원하던 사이즈에 가격도 합리적이어서 결정하게 되었어요. 지정 배송일을 결정하니 딱 맞춰서 배송해주셨고, 안전하게 잘 설치되었습니다.","['텔레비전', '사다', '사람', '텔레비전', '지', '텔레비전', '영화', '티빙', '넷플릭스', '예능', '드라마', '꽂히다', '이상', '예능', '화질', '선명', '중요', '대신', '크기', '크다', '좋다', '텔레비전', '이상', '사다', '백화점', '가전', '매장', '구경', '신혼', '크다', '구매', '결정', '오프라인', '다니다', '온라인', '검색', '마켓', '세일', '원하다', '사이즈', '가격', '합리', '결정', '지정', '배송', '결정', '맞추다', '배송', '안전', '설치']",5,2
577,"가전.. 너무 스트레스 받게 했었던 ㅜㅜ 제품 종류가 넘 많아서 다들 머리 아프시죠 전 창원 제조에 스팀 기능이 있는 2022년 모델로 구매하였습니다 아직 스팀 기능은 딱 한 번 사용했어요 모델명 가운데 25가 세탁용량 최대 25kg라는 뜻이더라구요 하도 거거익선이라고 해서 제일 큰 걸로 구매했습니다 요즘 이불들은 일체형으로 나와서 이불 빨래 해야 한다구요 .. 100만원대 제품들도 많았는데 사실 빨래라는 기본적인 기능은 다 똑같다고 생각하는데 전 색상, 기능 등이 완벽하게 제 맘에 들어야했기에 .. 그리고 비싼 건 이유가 있겠다싶어서 ... 좀 비쌌는데 고민하다가 질렀습니다 30년 쓸 각오루요 정가는 200만원 초반대고 실구매가 150만원이었습니다 실제로 써보니 넉넉해서 뭔가 좋긴 합니다 엘지 전문기사분들이 설치해주고 가셨는데 온수 냉수를 뒤바꿔서 설치해주셔서 ... 처음 한 네 번은 세탁이 뜨끈뜨끈 한 상태로 나와서 제가 문제점 찾아내고 호스 연결 바꿨던 그런 해프닝이 있었어요 저희는 온라인 공식대리점에서 따로 구매하였고 오프라인에서 패키지로 구매하시는 분들은 아마 이 모델이 없을거에요!","['가전', '스트레스', '제품', '종류', '많다', '머리', '아프다', '창원', '제조', '스팀', '기능', '모델', '구매', '스팀', '기능', '모델명', '가운데', '세탁', '용량', '최대', '크다', '구매', '요즘', '이불', '일체', '나오다', '이불', '빨래', '제품', '많다', '빨래', '기본', '기능', '똑같다', '생각', '색상', '기능', '완벽', '들다', '비싸다', '이유', '비싸다', '고민', '지르다', '쓰다', '각오', '초반', '구매', '쓰다', '좋다', '엘지', '전문', '기사', '설치', '온수', '냉수', '뒤바꾸다', '설치', '세탁', '상태', '나오다', '문제점', '찾아내다', '호스', '연결', '바꾸다', '해프닝', '온라인', '공식', '대리점', '구매', '오프라인', '패키지', '구매', '모델']",5,1
578,엘지꺼로 사려는데 최근모델은 넘비싸고해서 1년전꺼라도 보고싶은데 엘지베스트샵이 젤 종류많이있을거라해서 갓더니 그냥 최신모델밖에 없더라고요 어딜가야 1년전모델도 취급할까요?,"['엘지', '사다', '최근', '모델', '비싸다', '엘지', '베스트', '종류', '최신', '모델', '모델', '취급']",5,2
579,tv는 선물 받아서 4가지 총 780만원 온라인 구매인데.. 내일 오프라인 견적가볼지 이렇게 그냥 구매할지 너무 고민되네요.. 이렇게 온라인으로 구매하신 분들도 계실까요..? 가구 가전 졸업 너무 어렵네요........😭,"['선물', '온라인', '구매', '오프라인', '견적', '구매', '고민', '온라인', '구매', '계시다', '가구', '가전', '졸업']",5,2
580,"저는 백화점구매, 정수기빼고 나머지는 다 제날짜에 받았어요.. tv무타공설치가 문제있었는데 이건 추후에 정리해보려고요.","['백화점', '구매', '정수기', '빼다', '나머지', '날짜', '설치', '문제', '추후', '정리']",5,2
581,티비 포함 오프라인 티비 미포함 온라인이요!,"['티비', '포함', '오프라인', '티비', '포함', '온라인']",5,2
582,3종 이하면은 오프라인보단 온라인이 나을 거 같아요! 저희는 티비는 온라인으로 샀는데 괜찮았어용!,"['이하', '오프라인', '온라인', '티비', '온라인', '사다', '괜찮다']",5,2
583,저도 세탁기 티비 인터넷으로 구매했는데 가격도 오프라인보다 더 싸게했어요! 전 오프라인에서 보고 온라인구매추천해요,"['세탁기', '티비', '인터넷', '구매', '가격', '오프라인', '싸다', '오프라인', '온라인', '구매', '추천']",5,2
584,쿠팡에서 티비 구입했는데 삼성전자 직원분이 설치해주더라고요 나쁘지 않은거 같아요,"['쿠팡', '티비', '구입', '삼성전자', '직원', '설치', '나쁘다']",5,2
585,티비는 인터넷에서 했고 나머지 백화점이용,"['티비', '인터넷', '나머지', '백화점']",5,2
586,"티비 들어가면 일단 가격이 확오르는듯해요ㅠㅠ 그래도 저는 온라인물건은싫어서,, 갤러리아 가서 했어요!","['티비', '들어가다', '가격', '오르다', '온라인', '물건', '싫다', '갤러리아']",5,2
587,"티비 저는 그냥 올레드 안하고 크기만 크게 했어요 ㅋㅋ 올레드랑 led를 같이 두면 차이가 크긴한데.. 따로 두면 모른다더라구요.. 근데 금액이 150정도 차이가 나서.. 저는 올레드 안했어요 ㅋㅋ 저는 티비 욕심이 없어서 그렇게한거지만요! 티비 올레드로 하시고 다른것들 힘을 푸시면 충분히 오프라인에서도 써주신 품목 1200대 가능할거 같아요. 상담은 무료니까 한번 다녀보셔요ㅎㅎ 생각보다 신형인데 합리적인 제품들을 알게되더라구요! 대신 주의하실게 카드 무조건 만들어야하는데 연회비가 너무 높은건 아닌지, 환급받는 방식이 복잡한건 아닌지 등등 확인하시면 좋을거 같아요! 결혼준비 화이팅입니다 ㅎㅎ","['티비', '올레', '크기', '크다', '올레', '두다', '차이', '크다', '두다', '금액', '차이', '올레', '티비', '욕심', '티비', '올레', '푸다', '오프라인', '쓰다', '품목', '가능', '상담', '무료', '다니다', '생각', '신형', '합리', '제품', '대신', '주의', '카드', '조건', '만들다', '연회비', '높다', '환급', '방식', '확인', '좋다', '결혼', '준비']",5,2
588,온라인이 더 저렴하더라고요! 온라인 먼저 알아보세요 저 온라인으로 200가까이 저렴하게 구매했어요 티비~!,"['온라인', '저렴하다', '온라인', '알아보다', '온라인', '저렴하다', '구매', '티비']",5,2
589,저도 LG 오프라인에서 여러군데 견적 받았는데 티비도 그렇고 최신형이라서 비싸더라고요... 저희는 티비 큰걸로 바꾸려고 했는데 75인치였나 76인치가 800~900만원대라서 이렇게까지 비싼 건 필요없어서... 그리고 LG가 가전이 모두 좋은 것도 아니라서 브랜드 다르게 하나하나 따져보고 온라인으로 따로 사기로 했어요! 공식인증매장으로 구입하시면 AS도 문제없어요!,"['오프라인', '견적', '티비', '최신', '비싸다', '티비', '크다', '바꾸다', '비싸다', '필요', '가전', '좋다', '브랜드', '다르다', '따지다', '온라인', '사다', '공식', '인증', '매장', '구입', '문제없다']",5,2
590,"저는 다이렉트웨딩 박람회에서 삼성전자 상담받아보고, 그 매장가서 알아봣어요!","['다이렉트', '웨딩', '박람회', '삼성전자', '상담', '매장', '알아보다']",5,1
591,풀옵션이라 티비만 구매하면 돼서 온라인으로 샀어요,"['옵션', '티비', '구매', '온라인', '사다']",5,2
592,언니 신혼가구 살 때 보니 티비 빼고 사도 오프라인으로 구매하니까 더 저렴하더라구요! ㄷ,"['언니', '신혼', '가구', '사다', '티비', '빼다', '사다', '오프라인', '구매', '저렴하다']",5,2
593,삼성엘지 엄청 비교했는데 결국엔 가격적인 메리트때매 삼성했어요! 무조건 오프라인으로 비교견적 받아보세요,"['삼성', '엘지', '비교', '결국', '가격', '메리트', '삼성', '오프라인', '비교', '견적']",5,1
594,"저도 티비 안했어요, 근데 사실 견적은 발품이더라구요. 지난주 일요일에 lg계약맞쳤고, 구매품목 인터넷가로 다시 찾아봐도 오프라인이 더 저렴했고, 설치도 큰 골치 안아플거 같아서 홀가분합니다! 무조건 발품이에요~ 혹시 견적 궁금하시면 쪽지주세용","['티비', '견적', '발품', '지나다', '주', '일요일', '계약', '맞다', '치다', '구매', '품목', '인터넷', '찾다', '오프라인', '저렴하다', '설치', '크다', '골치', '아프다', '발품', '견적', '궁금하다', '쪽지']",5,2
595,신혼가전은 오프라인이 혜택이 더 많다고 들었어요~ 백색가전을 엘지지만 삼성이 더 싸요ㅜㅜ,"['신혼', '가전', '오프라인', '혜택', '많다', '백색', '가전', '엘지', '삼성', '싸다']",5,1
596,삼성전자처럼 혼수도 알아볼 수 있군요..! 온라인 박람회라도 참여해 봐야겠어요! 정보 감사드려요 ㅎㅎ,"['삼성전자', '혼수', '알아보다', '온라인', '박람회', '참여', '정보', '감사', '드리다']",5,2
597,음 저는 오프라인 견적받은게 온라인보다 저렴해서 하이마트에서 샀어용 여러군데다녀보세요! 저는 티비만 직구했어요,"['오프라인', '견적', '온라인', '하이', '마트', '사다', '다니다', '티비', '직구']",5,2
598,거실에 75인치 TV 들일려고 하는데요 오프라인 매장 가면 눈팅만 하고 결국 온라인에서 사게될거 같은데ㅋㅋ 쿠팡이나 11번가서 사셔본분 계세요? 설치 이상하게 안해주거나 그런거 없나요? 가격은 확실히 백만원정도 차이나던데 넘 고민됩니다ㅠ,"['거실', '들', '오프라인', '매장', '온라인', '사다', '쿠팡', '사다', '설치', '이상', '가격', '차이', '고민']",5,2
599,65인치 QLED TV 알아보는중인데 오프라인 매장 가니까 가격이 넘 비싸더라구요 ㅠㅠ 네이버쇼핑이랑 쿠팡 보니까 40만원정도 싸던데.. 설치는 기사님 오시는거 똑같다는데 혹시 온라인으로 사셔도 문제 없으셧나요? 품질이나 AS가 좀 걱정되서요 ㅎㅎ,"['알아보다', '오프라인', '매장', '가격', '비싸다', '네이버 쇼핑', '쿠팡', '싸다', '설치', '기사', '똑같다', '온라인', '사다', '문제', '품질', '걱정']",5,2
600,75인치 LG 올레드 사려는데요 온라인이 백만원 가까이 싸던데 ㄷㄷ 그냥 지를까요? 설치는 어차피 기사님 오시는거라 상관없을것 같은데 혹시 패널 불량같은거 있으면 AS 힘들까봐 걱정되네요 ㅠㅠ 다들 TV도 인넷으로 사시나요?,"['올레', '사다', '온라인', '싸다', '지르다', '설치', '기사', '상관없다', '패널', '불량', '힘들다', '걱정', '사다']",5,2
601,거실에 큰 TV 하나 장만하려는데요 온라인으로 사도 되나 고민이네요 ㅠㅠ 오프라인 매장 가면 비싸다고 하던데.. 쿠팡이나 11번가에서 사신분 계신가요? 배송중에 깨지거나 하진 않나요? 설치는 기사님이 와서 해주시는건지 궁금합니다ㅎㅎ,"['거실', '크다', '장만', '온라인', '사다', '고민', '오프라인', '매장', '비싸다', '쿠팡', '사다', '계시다', '배송', '깨지다', '설치', '기사', '궁금하다']",5,2
602,거실 TV 교체하려는데요 온라인이랑 매장이랑 가격차이가 넘 크네요 ㅠㅠ 65인치 QLED 기준으로 쿠팡에서 30만원정도 싸던데.. 근데 배송중에 패널 깨지거나 하면 어떡하죠? 매장에서 사면 안심인데 가격때문에 고민이 이만저만이 아니네요 ㄷㄷ 온라인으로 TV 사보신분들 계신가요?,"['거실', '교체', '온라인', '매장', '가격', '차이', '크다', '기준', '쿠팡', '싸다', '배송', '패널', '깨지다', '어떡하다', '매장', '사다', '안심', '가격', '고민', '이만저만', '온라인', '계시다']",5,2
603,65인치 LG올레드 알아보는중인데 온라인이랑 매장이랑 가격차이가 너무 나네요 ㄷㄷ 근데 큰거라 배송이랑 설치 걱정되서요.. 혹시 큰 TV 온라인으로 사보신분 계세요? 후기 듣고싶어요 ㅠㅠ,"['올레', '알아보다', '온라인', '매장', '가격', '차이', '크다', '배송', '설치', '걱정', '크다', '온라인', '사다', '후기']",5,2
604,75인치 LG올레드 사려는데 온라인이 백만원정도 싸더라구요 ㄷㄷ 근데 큰거라 배송이 걱정되는데.. 혹시 온라인으로 대형TV 사보신분 계세요? 설치도 잘 해주나요ㅠㅠ,"['레드', '사다', '온라인', '싸다', '크다', '배송', '걱정', '온라인', '대형', '설치']",5,2
605,LG 65인치 OLED TV 원래 150만원대던데 블랙프라이데이 때 63만원까지 떨어져서 바로 쿠팡에서 질렀습니다ㅋㅋ 새벽배송은 아니고 설치배송 신청했는데 기사님이 직접 오셔서 벽걸이까지 해주시더라고요. 오프라인 매장 가보니까 100만원 넘게 부르길래 망설였는데 온라인이 진리네요ㅠㅠ 할부무이자도 되고 넘 만족,"['블랙', '프라이', '데이', '떨어지다', '쿠팡', '지르다', '새벽', '배송', '설치', '배송', '신청', '기사', '벽걸이', '오프라인', '매장', '넘다', '부르다', '망설이다', '온라인', '진리', '할부', '이자', '만족']",5,2
606,75인치 LG TV 사려고 하는데요 온라인이랑 오프라인 가격차이가 넘 커서ㅠㅠ 온라인이 거의 40만원 저렴하더라구요. 근데 큰 제품이라 배송중에 파손되거나 그럼 어쩌나 걱정돼서요.. 혹시 대형TV 온라인으로 구매해보신분 계실까요? 설치도 잘 해주나요?,"['사다', '온라인', '오프라인', '가격', '차이', '크다', '온라인', '저렴하다', '크다', '제품', '배송', '파손', '어쩌다', '걱정', '온라인', '구매', '계시다', '설치']",5,2
607,65인치 LG올레드 사려는데 온라인이랑 오프라인 가격차이가 30만원정도 나네요 ㄷㄷ 온라인으로 사도 괜찮을까요? 설치는 해주나요? 이런거 처음이라 조언 부탁드립니당ㅠ,"['레드', '사다', '온라인', '오프라인', '가격', '차이', '온라인', '사다', '괜찮다', '설치', '조언', '부탁', '드리다']",5,2
608,75인치 TV 사려고하는데 온라인으로 살까 오프라인으로 살까 고민되네요 ㅠㅠ 온라인이 30만원정도 싸긴한데 화면 직접 못보고 사는게 찝찝해서요.. 혹시 큰 TV 온라인으로 사보신분 계세요? 배송이랑 설치는 잘 해주나요ㅠ,"['사다', '온라인', '사다', '오프라인', '사다', '고민', '온라인', '싸다', '화면', '사다', '크다', '온라인', '사다', '배송', '설치']",5,2
609,저 작년에 65인치 LG몰에서 샀는데 설치기사님 엄청 친절하셨어요~ 가격도 오프라인이랑 비교하니 70만원?정도 싸더라구요,"['작년', '사다', '설치', '기사', '친절', '가격', '오프라인', '비교', '싸다']",5,2
610,전 쿠팡에서 삼성 QLED 샀는데 아무문제없었어요ㅎㅎ 로켓배송 2일만에왔음,"['쿠팡', '삼성', '사다', '문제', '로켓', '배송']",5,2
611,75인치면 배송비 따로 나올수도있으니 확인해보세용,"['배송비', '나오다', '확인']",5,1
612,LG꺼 어떤 모델이세요? 전 지금 샤오미 쓰는데 바꿀까 고민중,"['끄다', '모델', '샤오미', '쓰다', '바꾸다', '고민']",5,1
613,역시 LG는 AS가 짱인듯요ㅎㅎ,['최고'],5,2
614,65인치면 배송설치 꼭 확인하세요! 엘베없으면 계단비 따로 나와요 ㅠ,"['배송', '설치', '확인', '계단', '나오다']",5,2
615,저 작년에 65인치 쿠팡에서 샀는데 아무 문제없어요ㅋㅋ 설치기사님도 친절하셨음,"['작년', '쿠팡', '사다', '문제', '설치', '기사', '친절']",5,2
616,LG 퓨리케어 추천드려요.. 조용하고 성능좋음,"['퓨리', '케어', '추천', '드리다', '성능', '좋다']",5,1
617,오 LG 어느모델이예요? 저도 고민중인데,"['모델', '고민']",5,2
618,LG껀 AS도 괜찮던데 잘 쓰세용~,"['괜찮다', '쓰다']",5,2
619,전 65인치 삼성 네오 QLED 쿠팡에서 샀는데 아무 문제 없었어요~ 배송기사님이 설치까지 다 해주시더라구요,"['삼성', '네오', '쿠팡', '사다', '문제', '배송', '기사', '설치']",5,2
620,LG AS는 좋아서 저도 담에 LG로 갈아탈까봐요,"['좋다', '갈아타다']",5,1
621,저 작년에 삼성 75인치 쿠팡에서 샀는데 문제없었어요~ 설치기사님도 오시구요,"['작년', '삼성', '쿠팡', '사다', '문제', '설치', '기사']",5,2
622,75인치면 엘베없으면 좀 힘들텐데 ㄷㄷ 계단으로 옮기는거 추가요금 나와요,"['엘베', '힘들다', '계단', '옮기다', '추가', '요금', '나오다']",5,1
623,전 삼성껀데 비스포크앱으로 비슷하게 됩니다ㅎㅎ,"['삼성', '비스', '포크']",5,1
624,삼성은 몰빨이 쎈듯 LG보단 나은거같음,"['삼성', '몰', '빨다', '쎄다']",5,1
625,저 작년에 LG몰에서 77인치 올레드 샀는데 완전 멀쩡하게 왔어요~ 배송기사님들이 진짜 조심스럽게 다루시더라구요,"['작년', '올레', '사다', '배송', '기사', '조심', '다루다']",5,2
626,LG꺼 조용해서 좋아요ㅎㅎ 밤에도 안시끄러움,"['끄다', '좋다']",5,1
627,저 70인치 쿠팡에서 샀는데 배송기사님들이 진짜 잘해주심ㅋㅋ 벽걸이까지 해주셨어요,"['쿠팡', '사다', '배송', '기사', '벽걸이']",5,2
628,전 냉장고 LG몰서 샀는데 AS가 빨라서 조음,"['냉장고', '사다', '빠르다', '조음']",5,1
629,저 지난달에 삼성 85인치 쿠팡에서 샀는데 설치기사님 2분이서 오셔서 완벽하게 해주셨어요ㅋㅋ 걱정마세요,"['지나다', '삼성', '쿠팡', '사다', '설치', '기사', '완벽', '걱정']",5,2
630,75인치면 엘베 탈수있는지도 체크하세요~,"['엘베', '타다', '체크']",5,1
631,저도 LG 쓰는데 진짜 가성비 킹이에요ㅋㅋ,"['쓰다', '가성비']",5,1
632,LG코드제로 쓰는데 물걸레는 생각보단 별로예요ㅠ 차라리 진공만 잘되는걸로,"['코드', '쓰다', '물걸레', '생각', '진공']",5,2
633,LG건조기 좋던데 부럽 ㅎㅎ,"['건조기', '좋다']",5,1
634,저 작년에 75인치 삼성티비 쿠팡에서 샀는데 설치까지 다 해주더라구요~ 아무 문제 없었어요,"['작년', '삼성', '티비', '쿠팡', '사다', '설치', '문제']",5,2
635,ㅇㅈ LG는 AS가 진짜 빨라요 담날 오심,['빠르다'],5,2
636,LG 쓰는데 물통 자주 비워야됨 ㅋㅋ 그거만 빼면 만족,"['쓰다', '물통', '비우다', '빼다', '만족']",5,1
637,저 80인치 엘지올레드 쿠팡에서 샀는데 개꿀이였어요 ㅋㅋ 배송기사분들이 2명이서 와서 박스 다 정리해주고 벽걸이까지 해주심,"['엘지', '레드', '쿠팡', '사다', '배송', '기사', '박스', '정리', '벽걸이']",5,2
638,75인치면 배송 걱정 안해도됩니당 요즘 전문배송 너무 잘되있어요,"['배송', '걱정', '요즘', '전문', '배송']",5,2
639,LG꺼 좋은 선택이세요! 저는 3년째 쓰는중인데 고장 한번도 없음,"['끄다', '좋다', '선택', '쓰다', '고장']",5,1
640,"안녕하세요, [아정당] 입니다! 🥰 가전·가구를 한 번에 맞추실 땐 패키지로 진행해야 혜택이 훨씬 커집니다! LG는 워시타워·냉장고·정수기 등 묶음으로 하면 조건이 좋아져요 🤔 오프라인은 사은품이 적고, 온라인은 조건 비교가 어려워 번거로울 수 있어요. 아정당에서는 다양한 가전 패키지를 맞춤 혜택으로 안내드리고 있습니다! 블라인드 전용 이벤트 🎉 상담할 때 '블라인드 보고 왔다'고 말하면 추가 지원금 지급! 365일 24시간 밤낮없이 열려있어요. 늦은 퇴근 후에도 걱정 없이, 상담 도와드리겠습니다. 📞무료 전화 상담 : 1833-3504","['안녕', '정당', '가전', '가구', '맞추다', '패키지', '진행', '혜택', '커지다', '워시타워', '냉장고', '정수기', '묶음', '조건', '좋다', '오프라인', '사은품', '적다', '온라인', '조건', '비교', '정당', '다양', '가전', '패키지', '맞춤', '혜택', '내다', '드리다', '블라인드', '전용', '이벤트', '상담', '블라인드', '추가', '지원금', '지급', '밤낮', '열리다', '늦다', '퇴근', '걱정', '상담', '무료', '전화', '상담']",5,1
641,"에어컨, 워시타워, 냉장고 등등 신혼가전 견적보러 다니는데 티비만 유독 온라인 판매 가격이 오프라인에 비해서 훨씬 싸더라고 같은 품번인데 훨씬 싸면 인터넷으로 따로 사는게 맞을거같아서.","['에어컨', '워시타워', '냉장고', '신혼', '가전', '견적', '다니다', '티비', '온라인', '판매', '가격', '오프라인', '비하', '싸다', '싸다', '인터넷', '사다', '맞다']",5,2
642,"혼수 가전으로 알아본결과 백화점이 젤싸더라고요 티비, 냉장고, 에어컨, 세탁기, 건조기, 스타일러(에어드레서) 비슷한 정도로 맞춰보니 삼성이 엘지보다 200정도 싼데.. 온라인이나 블라나 보면 가전은 엘지라는 평이 많더라고요 퀄리티가 조금 엘지가 높아서 비싼게 맞는지 티비는 엘지OLED TV 번인 따메 사지말라는 분도 계시고, 삼성 무풍은 곰팡이생기니까 사지 말라는 분도 계시고 ㅋㅋ 무한 반복이네요... 유사등급기준 200 차이라 봤을때 10년 가전 엘지 삼성 어떤 선택이 좋을까요","['혼수', '가전', '알아보다', '결과', '백화점', '싸다', '티비', '냉장고', '에어컨', '세탁기', '건조기', '스타일', '에어', '드레서', '맞추다', '삼성', '엘지', '싸다', '온라인', '가전', '엘지', '많다', '퀄리티', '엘지', '높다', '비싸다', '맞다', '티비', '엘지', '따메', '사다', '계시다', '삼성', '무풍', '곰팡이', '생기다', '사다', '계시다', '무한', '반복', '유사', '등급', '기준', '가전', '엘지', '삼성', '선택', '좋다']",5,1
643,오래된 글인데 아직도 보셔서 세탁기 건조기 일체형 - 26년들어 개선 많이됨 삼성이 더 투자많이 한듯 일단 아직까지는 삼성이 나아보임 (엘지 신제품 봐야 겠음) 일반 트윈워시 드럼세탁기 - 엘지가 칼갈고 나옴 건조시간 대폭 감소했는데 모든 기능 상승하고 전력 덜먹음 공돌이 갈앗음 제습기 - 엘지가 괜찮음 다만 위닉스도 좋은 선택 경량 청소기 - 소향 경량 청소기가 대세(메인은 로청) - 쿠쿠 청소기 평가 좋음 디자인 원하시면 다이슨 로청 - 드리미 로보락 에코백스 등 아직은 외산이 더 나음 - 그래도 많이 국산이 개선하고는 있음 ces 끝나야 26년 신제품을 알텐데 아직이라 일단 세탁기는 25년 많이 바뀐듯 형님 스팀청소기는 잘 모르실까요. 메인픽이 아니라 제가 아는건 비쎌이냐 드리미도 괜찮다 하더라고요 쇼파같은거 청소는 비쎌 바닥을 광내고 좀 다양하게 쓰려면 드리미 이거 어떨까 형 가성비로 내년 3월 입주에 사려고 하는데 건조기 세탁기는 설치 가능한지 보시고 큰거 추천드립니다 특히 드럼세탁기는 커야 빨래가 잘됩니다 냉장고는 기본 기능만 챙겨도 무리없을거같고요 신축이나 인테리어 하셨다며누키친칫 추천드립니다 티비는 솔직히 적당한것 선에서 사시고 7년정도 뒤에 한번 바꾸시는게 기성비 좋으실겁니다. 형 삼성 공식사이트에서 지금 24 22 건조기 세탁기를 200만원도 안되게 살 수 있는데 이 제품은 어때요 ? 이번에 투인원 무풍 에어컨 사려는데 추천 좀~~ 엘지 넘 비싸서 삼성껄로 추천 부탁드려요. 에어컨은 삼성도 비싸죠 일단 청소기능이나 이런거 보다는 기본에 충실한 제품 구매하시면 됩니다 굳이 최신형 보다는 작년 모델 지금 사시는게 저렴하실겁니다 LG에어컨 LG 휘센 오브제컬렉션 뷰II 에어컨 2in1 (1시리즈) 지금 200만원인데 괜찮은건가요? 형 인터넷 싸게 사는법좀 알려주라 지방 샵에서는 견적 어케 받아 직접 못가는데 온라인 견적입니다 제품을 지정해도 되고 1000만원대 견적 주세요 하면 받을수 있습니다 뽐뿌 가전포럼 가보세여 생각나는대로 쓰다보니 너무 두서없네요 댓글 남겨주면 봐드림 쓰다가 보니까 제품 번호별로 기능별로 다 쓰기는 너무 길어져서 다나와 같은데서 제품 비교 해보시는것도 좋네요,"['세탁기', '건조기', '일체', '들다', '개선', '삼성', '투자', '삼성', '보이다', '엘지', '제품', '일반', '트윈', '워시', '드럼', '세탁기', '엘지', '갈다', '나오다', '건조', '시간', '감소', '기능', '상승', '전력', '먹다', '갈다', '제습기', '엘지', '괜찮다', '닉스', '좋다', '선택', '경량', '청소기', '경량', '청소기', '대세', '메인', '쿠쿠', '청소기', '평가', '좋다', '디자인', '다이슨', '에코', '백', '스다', '국산', '개선', '끝나다', '제품', '세탁기', '바뀌다', '스팀', '청소기', '메인', '비쎌', '드리미', '괜찮다', '쇼파', '청소', '비쎌', '바닥', '내다', '다양', '쓰다', '드리미', '가성비', '내년', '입주', '사다', '건조기', '세탁기', '설치', '가능', '크다', '추천', '드리다', '드럼', '세탁기', '크다', '빨래', '냉장고', '기본', '기능', '챙기다', '무리', '신축', '인테리어', '하셨다며누키친칫', '추천', '드리다', '티비', '사다', '바꾸다', '좋다', '삼성', '공식', '사이트', '건조기', '세탁기', '살다', '제품', '인원', '무풍', '에어컨', '사다', '추천', '엘지', '비싸다', '삼성', '추천', '부탁드리다', '에어컨', '삼성', '비싸다', '청소', '기능', '기본', '충실', '제품', '구매', '최신', '작년', '모델', '사다', '에어컨', '세다', '오브제', '컬렉션', '에어컨', '시리즈', '괜찮다', '인터넷', '싸다', '사다', '알리다', '지방', '견적', '온라인', '견적', '제품', '지정', '견적', '뽐뿌', '가전', '포럼', '생각나다', '쓰다', '두서', '댓글', '남기다', '쓰다', '제품', '번호', '기능', '쓰다', '길다', '나다', '제품', '비교', '좋다']",5,1
644,무조건 엘지 인가요 가전은 엘지 이거 삼성혐오하는 댓글부대 마케팅의 대표적인 성공 케이스 아닌가 싶다 네 실상 별차이 없다는 분도 계시고.... 선탁장애자라 ㅋㅋ 미치겠네요 난 마누라가 삼전이라 삼성꺼만 씀 임직원가가 너무 차이나서 ㅋㅋ 뭘 따질겨를이 없이 압도하는 가격차가 있나보군요 ㅋㅋ OLED TV는 괜찮을까요? 번인 안생기게 업그레이드 많이 됐다고 하던데 공무원 · j********* 화질에 초민감눈아니면 uhd중에 사도 좋아 오엘이디 좋지 그치만 가격이랑 요모조모따지면 나라면 uhd살듯 전직엘디플이야 ㅋㅋ 네 사운드는 돌비애트모스? 인가 있는게 좋던데 UHD 로 구성해서 가격을 한번더 봐야겠네요 넹 그리고 다른가전은 평생 삼성껄 안써봐서 비교는못하겠고 엘지꺼 세탁기 냉장고 에어컨 광파오븐 한번사서 고장없이 오래 만족하고 쓰고있음요 디자인은 개취니 패스하고 세탁기에어컨냉장고 성능은 모터빨이라 개인적으로는 엘지가 낫다고생각해서 많은 품목을 구매하는 경우 사내 할인 몰에서 구매하는 것보다 하이마트 같은 매장에서 혼수 할인 받으시는게 더 싸요 ㅎㅎ 음.. 백색 가전은 엘지지만 비스포크 잘 나왔다는 소문을 들어서 ㅎㅎ 냉장고는 삼성 기타는 엘지 인가요 좋은 것들은 섞어서 사는 것도 좋은거 같아요 삼전 형도 엘지가 객관적으로 낫다고 보십니까 스타일러는 이슈가 ㅋ 스타일러가 소음이 좀더 있다고는 하시던데 어떤 이슈인가요?,"['엘지', '가전', '엘지', '삼성', '혐오', '댓글', '부대', '마케팅', '대표', '성공', '케이스', '차이', '계시다', '장애자', '미치다', '마누라', '삼성', '쓰다', '원가', '차이', '따지다', '압도', '가격', '늘다', '괜찮다', '생기다', '업그레이드', '공무원', '화질', '초미', '좋다', '오엘이디', '좋다', '가격', '요모조모', '따지다', '사다', '전직', '엘디', '사운드', '돌비애트모스', '좋다', '구성', '가격', '가전', '평생', '삼성', '쓰다', '비교', '엘지', '끄다', '세탁기', '냉장고', '에어컨', '광파', '오븐', '사다', '고장', '만족', '쓰다', '디자인', '개취니', '패스', '세탁기', '에어컨', '냉장고', '성능', '모터', '빨다', '개인', '엘지', '생각', '많다', '품목', '구매', '사내', '할인', '구매', '하이마트', '매장', '혼수', '할인', '싸다', '백색', '가전', '엘지', '비스', '포크', '나오다', '소문', '냉장고', '삼성', '기타', '엘지', '좋다', '섞다', '사다', '좋다', '엘지', '객관', '스타', '이슈', '스타일', '소음', '이슈']",5,1
645,기능은 필요하지 않으시다면 두 제품 모두 빠진 모델을 구매하시는 것이 더 저렴합니다 두 제품의 성능이 거의 유사한 정도라 삼성 lg 중 선호하는 브랜드의 제품을 선택하시거나 구매시점에 조금 더 저렴한 모델을 추천드립니다 로봇 무선 아주 강추하는 조합으로 예산에 제한이 없으시다면 프리미엄 무선제품을 구매해도 좋습니다,"['기능', '필요', '제품', '빠지다', '모델', '구매', '저렴하다', '제품', '성능', '유사', '삼성', '선호', '브랜드', '제품', '선택', '구매', '시점', '저렴하다', '모델', '추천', '드리다', '로봇', '무선', '조합', '예산', '제한', '프리미엄', '무선', '제품', '구매', '좋다']",5,2
646,집이 현재 20평인 상황입니다 삼성 위닉스 lg 중에 계속 고민중이네요 삼성은 임직원몰로 최근 출시품을 30후반으로 살수있다고는 하지만 연속배수도 없고 해서 계속 고민중입니다 그나마 삼엘지가 어플통해 조작이 가능하지만 위닉스는 또 폰 조작이 안되고요 혹시 추천 가능하실까요,"['상황', '삼성', '닉스', '고민', '삼성', '임직원', '최근', '출시', '후반', '살다', '연속', '배수', '고민', '어플', '통하다', '조작', '가능', '닉스', '조작', '추천', '가능']",5,2
647,삼성 vs 쿠쿠 cdw 최근 올라온 유튜브 채널에서 lg 삼성 쿠쿠 식기세척기 브랜드별 제품 영상을 보고 질문드려요 lg는 상대적으로 가격대가 높아서 선택에서 제외했는데 삼성과 쿠쿠는 기능과 as 기간은 비슷하면서 가성비가 좋은 제품인 거 같아서요 다만 삼성 제품은 출시년도가 21년이고 쿠쿠 cdw 23년이라 쿠쿠 쪽이 더 끌리는 것 같습니다 둘이 비교하면 어떤 것이 더 좋을까요,"['삼성', '쿠쿠', '최근', '올라오다', '유튜브', '채널', '삼성', '쿠쿠', '식기', '세척기', '브랜드', '제품', '영상', '질문', '드리다', '상대', '가격대', '높다', '선택', '제외', '삼성', '쿠쿠', '기능', '기간', '가성비', '좋다', '제품', '삼성', '제품', '출시', '년도', '쿠쿠', '쿠쿠', '끌리다', '비교', '좋다']",5,2
648,너무 좋은 정보들 잘 보고 있습니다 감사드려요 이번에 14인용 식세기를 구입하면서 엘지와 삼성중 고민인게 엘지에 열풍건조까지 있는 제품이 115만원 열풍건조는 없는 제품은 95만원이고 삼성 열풍건조가 있는 모델은 85만원이더라고요 열풍건조가 있으면 당연히 좋은데 저희는 가족수가 많아서 하루 최소 두번이상은 돌려야 하는 상황에서 열풍건조 전기요금이 너무 올라가면 오히려 사용을 못할수도 있을것 같아요 이 부분에 대해서 꼭 객관적인것보다도 전문가 입장에서 어떻게 생각하시는지가 궁금하고요 삼성 85만원 과 엘지 115만원 두제품 모두 열풍건조까지 있다면 차이는 금액 차이인걸까요 트루스팀으로 인한 세정력의 차이는 이제는 크게 없다고 보면 될까요,"['좋다', '정보', '감사', '드리다', '세기', '구입', '엘지', '삼성', '고민', '엘지', '열풍', '건조', '제품', '열풍', '건조', '제품', '삼성', '열풍', '건조', '모델', '열풍', '건조', '좋다', '가족', '많다', '하루', '최소', '이상', '돌리다', '상황', '열풍', '건조', '전기', '요금', '올라가다', '대하다', '객관', '전문가', '입장', '생각', '궁금하다', '삼성', '엘지', '제품', '열풍', '건조', '차이', '금액', '차이', '트루', '스팀', '인하', '세정', '차이', '이제', '크다']",5,1
649,이게 좋을까 저게 좋을까 계속 고민중인데 어떤 모델이 좋을지 조언좀 부탁드립니다 딱히 lg 모델만 추리려던 것은 아닌데 lg 모델만 추리게 되었습니다 이 3가지 모델중 가장 추천해주실만한 모델이 어떤 모델일까요 혹은 위의 3개 말고도 비슷한 가격대에서 삼성 모델이 더 좋으면 삼성모델로 추천해주셔도 됩니다 감사합니다,"['좋다', '좋다', '고민', '모델', '좋다', '조언', '부탁', '드리다', '모델', '추리', '모델', '추리', '모델', '추천', '모델', '모델', '말', '가격', '삼성', '모델', '좋다', '삼성', '모델', '추천', '감사']",5,2
650,두 모델중 고민인데 조언 부탁드립니다 와 차이가 열풍건조가 되고 안되고 차이인 것 같은데 각각 51만원 56만원 정도에 구매 가능하다면 어떤 모델을 선택하는게 나을까요 5만원 차이인데 식세기가 처음이라 열풍건조를 잘 쓰게 될지 모르겠어서요,"['모델', '고민', '조언', '부탁', '드리다', '차이', '열풍', '건조', '차이', '구매', '가능', '모델', '선택', '차이', '세기', '열풍', '건조', '쓰다']",5,2
651,지금 두 모델중에 너무 고민중이라 조언좀 얻고자 문의드립니다 삼성 엘지 삼성 장점 14인용 메탈바구니 선반 다 접힘 엘지대비 15만원저렴함 단점 부분세척 없고 정수필터 없음 엘지 장점 문열림 스팀 열풍건조 다있고 연수기능 포함되있는게 장점 단점 12인용 플라스틱바구니 노즐 스텐이 아닌것 선반이 반만 접힘 삼성대비 15만원정도 비쌈 이렇게 고민인데 어떤게 나을지 고민입니다 주위 사용자분들 얘기 들어보면 스팀 열풍건조는 전기요금이 과다해서 잘 안쓰게 된다는데 그냥 저렴하고 용량크고 삼성으로 갈까 하다가도 그래도 있어서 안쓰는거 하고 없어서 못쓰는거하고는 아쉬울게있으니 이왕 옵션 다있는 엘지로 갈까 하다가도 용량및 플라스틱바구니 선반이 반만 접히는거라 불편할수도 있을까 생각이 들고 계속 도돌이표입니다 어떤걸사야지 잘샀다고 후회없을까요 일단 냉장고 김냉은 비스포크이긴 합니다만 엘지써도 상관은 없습니다,"['모델', '고민', '조언', '문의', '드리다', '삼성', '엘지', '삼성', '장점', '메탈', '바구니', '선반', '접히다', '엘지', '대비', '저렴하다', '단점', '세척', '정수', '필터', '엘지', '장점', '열리다', '스팀', '열풍', '건조', '연수', '기능', '포함', '장점', '단점', '플라스틱', '바구니', '노즐', '스텐', '접히다', '삼성', '대비', '비싸다', '고민', '고민', '주위', '사용자', '얘기', '스팀', '열풍', '건조', '전기', '요금', '과', '쓰다', '저렴하다', '용량', '크다', '삼성', '쓰다', '쓰다', '옵션', '엘지', '용량', '플라스틱', '바구니', '선반', '접히다', '불편', '생각', '들다', '도돌이표', '사다', '사다', '후회', '냉장고', '비스', '포크', '엘지', '쓰다', '상관']",5,1
652,엘지꺼 살려고 주문했는데 물건 못구한다고 연락와서 삼성으로 방향 틀었는데 에서 보는중인데 뒤에 붙는 uap 와 ulws 가 색깔 말고 다른게 또 있나요 뒤에 알파벳 세자리와 네자리가 뭐가 다른지도 궁금합니다 또 제품별 검색해서 보면 uap 는 주요특징에 린스보충이나 내부세척알림 등이 안적혀있는데 ulws 에는 적혀있네요 ulvt 와 ulvs 차이점도 궁금합니다 확인 부탁드리옵고 가족에게 추천하신다고 하면 1 삼성 uap 2 삼성 ulws 색상만 다르다고 하면 ulvt나 ulvs 네이비 구매 고려중 3 엘지 el 혹시 어느걸 추천하실지요,"['엘지', '사다', '주문', '물건', '구하다', '연락', '삼성', '방향', '틀다', '붙다', '색깔', '말', '알파벳', '자리', '자리', '다르다', '궁금하다', '제품', '검색', '늘다', '특징', '린스', '보충', '내부', '세척', '알리다', '적히다', '적히다', '차이점', '궁금하다', '확인', '부탁', '드리다', '가족', '추천', '삼성', '삼성', '색상', '다르다', '네이비', '구매', '고려', '엘지', '추천']",5,1
653,삼성 lg 둘 중 어느것을 더 추천하시나요 그리고 lg 제품 중 터치메뉴가 전면에 있는것도 있고 상부에 있는것도 있던데 어떤걸 더 추천하시나요 상부에 있는 제품 중에는 는 어떨까요 미리 감사드립니다,"['삼성', '추천', '제품', '터치', '메뉴', '전면', '상부', '추천', '상부', '제품', '늘다', '감사', '드리다']",5,1
654,제가 알기로는 lg전자가 자체 개발 제품이 많고 나머지 회사들은 oem인 경우가 많다고 들어서요 sk는 반반인걸로 아네요 그런거까지 다 고려해서 구매가이드 만드신거겠지용 아무래도 oem보단 국내제품이 더 마음이 가긴 하네요 이 부분에 대해서 어떻게 생각하시는지 궁금합니다 그리고 하루 총 8 9끼를 집에서 먹는 환경이면 8인용으로도 충분히 커버가 되나요 아니면 웬만하면 12인용을 추천하시는지 궁금합니다,"['전자', '자체', '개발', '제품', '많다', '나머지', '회사', '많다', '반반', '고려', '구매', '가이드', '국내', '제품', '마음', '대하다', '생각', '궁금하다', '하루', '먹다', '환경', '커버', '추천', '궁금하다']",5,1
655,lg 에 쿨 라인이 새로 나왔던데요 기존 가성비픽 제품과 새로나온 제품 중 고민하고 있습니다 가격은 큰 차이가 없다면 어느 제품이 좋을까요 전용 84에 확장형 입니다 혹시 더 큰 평형 제품이 좋을까요,"['라인', '나오다', '기존', '가성비', '제품', '나오다', '제품', '고민', '가격', '크다', '차이', '제품', '좋다', '전용', '확장', '크다', '평형', '제품', '좋다']",5,2
656,고가의 가전제품 구매 시 마다 애용하고있습니다 지금 보는 제품이 제목으로는 엘지 듀얼 디럭스 라고 나와있는데 설명에는 대형 평형 중 가장 추천하는 듀얼 럭셔리 대형 평형 중 가장 추천하는 제품은 lg전자의 듀얼 럭셔리 에어컨입니다 라고 나와있어서 혼선이 생기네요 필터 청소나 자동건조 기능 처럼 부가기능에 더 중점을 두고있는데 해당 제품이 디럭스 일 경우 필터클린봇 uv살균 음성인식이 불가능할거고 럭셔리인 경우 가능할텐데 어떤게 맞는건지 알려주시기 바랍니다 저만 제대로 이해를 못하고 있는걸 수도 있겟네요,"['고가', '가전제품', '구매', '애용', '제품', '제목', '엘지', '듀얼', '디럭스', '나오다', '설명', '대형', '평형', '추천', '듀얼', '럭셔리', '평형', '추천', '제품', '전자', '듀얼', '럭셔리', '에어컨', '나오다', '혼선', '생기다', '필터', '청소', '자동', '건조', '기능', '부가', '기능', '중점', '두다', '해당', '제품', '디럭스', '필터', '클린', '살균', '음성', '인식', '가능', '럭셔리', '가능', '맞다', '알리다', '바라다', '이해']",5,1
657,삼성 lg를 제외하면 대부분 중국 브랜드 제품을 수입해와서 판매하는 형태가 대부분인데 위 모델들은 모두 국내 정식 발매된 제품으로 모두 국내 a s가 가능합니다,"['삼성', '제외', '부분', '중국', '브랜드', '제품', '수입', '판매', '형태', '부분', '모델', '국내', '정식', '발매', '제품', '국내', '가능']",5,1
658,이 모델은 올레드 모델이고 25년형인데 왜 다른 제품과 가격차이가 이렇게 심하나요 이모델은 55인치라 작아서 가격이 100만 초반대가 맞나요 55인치로 올레드 모델 중 가성비 모델이 뭐가 있을가요 삼성과 엘지 중에요,"['모델', '올레', '모델', '제품', '가격', '차이', '심하다', '모델', '작다', '가격', '초반', '맞다', '올레', '모델', '가성비', '모델', '삼성', '엘지']",5,2
659,온라인에서 해당 제품을 구매했는데 해외용으로 알고있습니다 국내용과 차이가 따로 있나요 국내에서는 어떤 모델과 동일하다고 봐야하는지 그리고 최근 받았는데 제조년월이 23년 6월입니다 tv는 별도 기간상관이 없을까요,"['온라인', '해당', '제품', '구매', '해외', '국내', '차이', '국내', '모델', '동일', '최근', '별', '기간', '상관']",5,2
660,lg 75인치 qned 제품을 보고 있습니다 차이가 easy tv 특화 기능 외에 화질 명암비 등 성능 측면에서는 차이가 있을까요 다나와 등의 가격비교 사이트의 제품 설명에는 마치 led 부터가 다른 것처럼 되어 있어서 헷갈리네요 두 제품이 각각 직하형 엣지형 led miniled 중 어느 것인지 여부도 확인할 수 있을까요 아 그리고 모델명에서 85와 86 g와 k의 차이점이 무엇인지도 알고 싶습니다,"['제품', '차이', '특화', '기능', '화질', '명암', '성능', '측면', '차이', '나오다', '가격', '비교', '사이트', '제품', '설명', '다르다', '헷갈리다', '제품', '직하', '엣지', '여부', '확인', '모델명', '차이점']",5,1
661,거실에 85인치 티비 두고 볼 생각인데 neo qled 혹은 oled 중 추천해주신 프리미엄급 제품 말고 비슷하거나 그 이상 제품 추천 가능 하신가요 그리고 1 neo qled 2 neo qled 정확히 뭐가 다른건지 스펙 비교해주실 수 있으신가요,"['거실', '티비', '두다', '생각', '추천', '프리미엄', '제품', '말', '비슷하다', '이상', '제품', '추천', '가능', '다르다', '스펙', '비교']",5,2
662,항상 유튜브 보면서 좋은 정보 잘 얻고있습니다 이번에 거실 tv를 바꾸게 되었는데 두 모델을 고민하고 있어서 질문드리게 되었어요 1 삼성 모델과 2 삼성 모델입니다 가격은 두 모델다 200만원 초반에 거의 동일하게 구매할수 있을 듯 한데 그럼 두 모델중 스펙적으로 무엇이 더 나은 모델인가요 tv로 게임은 하지 않습니다,"['유튜브', '좋다', '정보', '거실', '바꾸다', '모델', '고민', '질문', '드리다', '삼성', '모델', '삼성', '모델', '가격', '모델', '초반', '동일', '구매', '모델', '스펙', '모델', '게임']",5,2
663,영상 보고 매번 가전 구매하고 있는데 tv를 고르는게 가장 어려워 처음으로 질문드리게 되네요 34평대라 75인치 이상 86인치 선호 300만원 미만 가성비 제품으로 고를려구 합니다 주 사용은 ott 시청인데 제품 추천 받고 싶네요 1 170만원 2 240만원 3 250만원 lge com 임직원할인가 기준 카드할인 미적용 고민 포인트는 나노셀과 qned 저사양 의 차이가 70만원 차이만큼 값어치가 있을지 mini led의 영향이 정말 크다면 인치수를 줄여서라도 사양을 올리고자 합니다,"['영상', '가전', '구매', '고르다', '질문', '드리다', '인치', '이상', '인치', '선호', '미만', '가성비', '제품', '고르다', '시청', '제품', '추천', '임직원', '할인', '기준', '카드', '할인', '적용', '고민', '포인트', '나노', '사양', '차이', '차이', '값어치', '영향', '크다', '줄', '사양', '올리다']",5,2
664,삼성 더프레임프로 85인치 구매를 고려 중입니다 내년 2월 중순까지만 구매하면 되는데 혹시 tv구매 적기가 언제일까요 내년엔 올림픽과 월드컵 특수가 있어서 세일페스타나 기획전으로 더 싸게 구매가 가능할까요 25년 모델은 해가 바뀌면 더 싸질 것인지도 궁금합니다,"['삼성', '프레임', '프로', '구매', '고려', '내년', '중순', '구매', '구매', '적기', '내년', '올림픽', '월드컵', '특수', '세일페스타', '기획전', '싸다', '구매', '가능', '모델', '바뀌다', '싸다', '궁금하다']",5,2
665,삼성 티비 라인 이랑 정확한 차이는 무엇인가요 1 색상 외 다른 차이점이 있나요 2 패널은 둘다 va인가요 3 83은 hlg 지원이 안되는건가요 4 hlg 지원여부는 중요한가요 감사합니다,"['삼성', '티비', '라인', '정확', '차이', '색상', '차이점', '패널', '지원', '지원', '여부', '중요', '감사']",5,1
666,삼성 qled tv를 비교 고민중인데 2023년형인 2024년형인 스펙이 완전히 똑같던데 혹시 어떤 차이가 있는걸까요 쇼핑몰에선 더 저렴하길래 둘 중 하나를 사야한다면 그냥 더 저렴한걸 사도 스펙적인 부분은 차이가 없나요 추천받고싶습니다,"['삼성', '비교', '고민', '스펙', '똑같다', '차이', '쇼핑몰', '저렴하다', '사다', '저렴하다', '사다', '스펙', '차이', '추천']",5,2
667,삼성전자 oled 이 모델 패널이 25년 기존 모델과 패널이 같을가요 이번 25년 9월에 새로 나온 모델인데요 모델명만 보면 구독형으로 따로 나온 모델같은데 비교사이트 보면 qd oled로 표기되어 있는데 는 w oled라서 다른 패널이 들어간건지 궁금한데요 lg 패널이 같고 가야 qd oled로 밝기 향상됐다고 해서 qd oled라면 lg w oled 보다는 나을것 같아서 구매 고려하고 있습니다 삼성 공식사이트에도 머 내용도 없고 정황상 패널만 바꿔서 나온거 같기도 하고요 의견 부탁드립니다,"['삼성전자', '모델', '패널', '기존', '모델', '패널', '나오다', '모델', '모델명', '구독', '나오다', '모델', '비교', '사이트', '표기', '패널', '들어가다', '궁금하다', '패널', '가다', '밝다', '향상', '구매', '고려', '삼성', '공식', '사이트', '내용', '정황', '패널', '바꾸다', '나오다', '의견', '부탁', '드리다']",5,1
668,를 리뷰를 잘 보고 있습니다 lg를 살려고 합니다 65 75인치를 고려 중입니다 lg전자 공식몰에서 lg qned ai 벽걸이형 lg 사운드바 의 잠정 최대혜택가 1 924 200원 나와 있습니다 구매하기 괜찮을까요 모델명만 보고는 정보를 많이 알 수 없네요,"['리뷰', '사다', '고려', '전자', '공식', '벽걸이', '사운드', '잠정', '최대', '혜택', '나오다', '구매', '괜찮다', '모델', '정보']",5,2
669,거실에 75인치 벽걸이 중소tv를 놓으려 하는데 더함 tcl 이스트라 프리즘 등등 종류가 워낙 많아 고민됩니다 정남향집이라 낮에 빛이 많이 들어옵니다 화질 가성비 as등 고려 하여 1대만 추천해시면 감사합니다,"['거실', '벽걸이', '중소', '놓다', '더하다', '이스트', '프리즘', '종류', '많다', '고민', '남향', '들어오다', '화질', '가성비', '고려', '추천', '감사']",5,2
670,기존에 사용하던 티비가 고장나서 급하게 알아보고 있습니다 주 사용처는 뉴스 스포츠 채널 유튜브 등 시청 용 입니다 34평 아파트 거실에 사용할 75인치 85인치 85인치를 더 선호 정도의 크기에 가격은 300만원대로 가장 추천 해주실만한 제품이 있을까요,"['기존', '티비', '고장', '급하다', '알아보다', '사용처', '뉴스', '스포츠', '채널', '유튜브', '시청', '아파트', '거실', '선호', '크기', '가격', '추천', '제품']",5,2
671,77인치 lg oled 제품 중 가장 추천해주실만한 제품은 무었일까요 공홈에서 구매가능한 제품들 중 가장 합리적이고 상품평이 많은 제품들로 골라봤는데 맞을까요 그런데 아래와 같이 가격차이가 많이 나서 evo 던데 200만원 차이를 감수하고 구매할만한 메리트가 있는지 궁금합니다 450만원 560만원 650만원,"['제품', '추천', '제품', '무었', '구매', '가능', '제품', '합리', '상품', '많다', '제품', '고르다', '맞다', '아래', '가격', '차이', '차이', '감수', '구매', '메리트', '궁금하다']",5,2
672,삼성 네오qled 85인치 보고있는데요 사려고 보는데 비교했을때 설명문은 읽었지만 어느 매장에가도 이 둘을 동시에 전시해놓은 곳이 없어서 체감되는 것이 클지 궁금하네요 또 에서 찾아보니 있고 이거보다 약간 저렴한 모델로 있던데 둘 차이는 어떻게 봐야 할까요,"['삼성', '네오', '사다', '비교', '설명문', '읽다', '매장', '동시', '전시', '체감', '크다', '궁금하다', '찾다', '모델', '차이']",5,2
673,거실 벽걸이로 75인치 시리즈 구매 고려중인데 80 83 85 87 88 시리즈들의 화질 패널 스펙은 동일한가요 외관 사이즈를 보니 80 85 시리즈는 두께기 두껍고 87 88은 얇더라구요 시리즈가 너무 다양한데 구체적인 차이가 궁금합니다 심지어 있던데 이건 80모델과 비슷한걸까요 그냥 더 얇고 저렴한 살지 더 비싸고 두껍지만 화질좋은 시리즈를 살지 고민입니다,"['거실', '벽걸이', '시리즈', '구매', '고려', '시리즈', '화질', '패널', '스펙', '동일', '외관', '사이즈', '시리즈', '두께', '얇다', '시리즈', '다양', '구체', '차이', '궁금하다', '모델', '얇다', '저렴하다', '사다', '비싸다', '화질', '좋다', '시리즈', '사다', '고민']",5,2
674,기존 tv가 오래되어서 75인치 삼성 tv구매 고민중이라 질문드립니다 30평대 아파트 거실에서 사용할 tv를 찾고 있는데요 주로 할머니가 낮에 tv많이 시청하세요 tv관련지식이 적어서 해당 가격대에서 화질이 괜찮은 합리적인 제품을 추천 해주셨으면 감사하겠습니다 1 150만원 2 200만원 정도 가격대 제품 두가지 추천 받고 싶어요 10만원 정도는 오버되어도 괜찮아요 부탁드립니다,"['기존', '삼성', '구매', '고민', '질문', '드리다', '아파트', '거실', '찾다', '할머니', '시청', '지식', '적다', '해당', '가격', '화질', '괜찮다', '합리', '제품', '추천', '감사', '가격', '제품', '추천', '오버', '괜찮다', '부탁', '드리다']",5,2
675,30평대 거실에 삼성 85인치 tv를 구매할려고 생각중입니다 벽걸이 형식으로 예산은 250 350 선입니다 세가지 제품중에 어떤걸 선택하는게 가장 합리적일까요 ott 시청 콘솔게임 자주 하지싶어요,"['거실', '삼성', '구매', '생각', '벽걸이', '형식', '예산', '제품', '선택', '합리', '시청', '콘솔', '게임']",5,2
676,기존에 43인치 led 사용 시청은 공중파 케이블 8 ott 2정도로 사용중입니다 이번에 65인치로 구매하려고 알아보다 올레드는 가격땜에 어려울꺼 같고 그래도 유의미하게 화질 차이를 느껴보고 싶어 알아보다가 일반 qled 라인보다 mini led 라인이 좀더 좋다고 해서 찾아보니까 삼성 170만원 엘지 150만원 이렇게 추려졌는데요 두모델 백라이트 방식mini led 기반 직하 방식으로 알고 있는데 선명도 색감 명암 등 화질에 대한 좀더 자세한 설명 부탁드려도 괜찮을까요 그리고 20만원 차이의 스펙 값어치가 있는지 궁금합니다,"['기존', '시청', '공중파', '케이블', '구매', '알아보다', '올레', '가격', '유의미', '화질', '차이', '알아보다', '일반', '라인', '라인', '좋다', '찾아보다', '삼성', '엘지', '추리', '모델', '백라이트', '방식', '기반', '직하', '방식', '선명', '색감', '명암', '화질', '대하다', '설명', '부탁', '드리다', '괜찮다', '차이', '스펙', '값어치', '궁금하다']",5,2
677,lg ips 패널을 선호해서 30평대 거실에 lg 75인치 tv를 구매할려고 생각중입니다 현재 lg 49인치 led tv 시청중 주로 공중파 및 케이블 시청 1 가장 고민되는 모델은 아래 2개 인데요 특히 올해 새롭게 저렴한 가격에 출시된 나노셀 tv가 궁금합니다 작년까지 거품낀 가격으로 인해 나노셀 tv는 항상 비추천이였던듯 한데 올해는 아래와 같이 울트라 tv와 큰 가격차이 없이 구매가능 lg 자체 사이트 가격임 하게 나왔는데 아직 2025 평가가 나오지 않았네요 모델 122만원 모델 136만원 위 두모델 비교시 나노셀 tv가 그만한 값어치를 하는지 굉장히 궁금하며 특히 화질 차이가 얼마나 나는지 굉장히 궁금 합니다 모델은 울트라 tv중 최상위 모델로 로컬디밍 사운드 강화 인공지능 리모컨 및 두깨가 얇은등 소소하게 많은 장점이 있는듯 한데 어떤게 더 메리트가 있을지 궁금합니다 2 86인치 울트라 tv중 모델 157만원이나 소비전력 등급 표시 없어 1등급 환급 해당없는듯한데 메리트가 있는지도 궁금합니다 3 마지막으로 아래 두모델은 동일 모델인듯한데 가격차이 lg 공식 사이트 판매가격임 가 나는 이유도 궁금하네요 114만원 112만원,"['패널', '선호', '거실', '구매', '생각', '시청', '공중파', '케이블', '시청', '고민', '모델', '아래', '올해', '저렴하다', '가격', '출시', '나노', '궁금하다', '작년', '거품', '끼', '가격', '인하', '나노', '추천', '올해', '아래', '울트라', '크다', '가격', '차이', '구매', '가능', '자체', '사이트', '가격', '나오다', '평가', '나오다', '모델', '모델', '모델', '비교', '나노', '값어치', '화질', '차이', '모델', '울트라', '상위', '모델', '로컬디밍', '사운드', '강화', '인공', '지능', '리모컨', '두깨', '얇다', '소소하다', '많다', '장점', '메리트', '궁금하다', '울트라', '모델', '소비', '전력', '등급', '표시', '등급', '환급', '해당', '메리트', '궁금하다', '마지막', '아래', '모델', '동일', '모델', '가격', '차이', '공식', '사이트', '판매', '가격', '이유', '궁금하다']",5,2
678,기존에 벽걸이형 65 75인치 120만원 예산 내에서 문의 남겼는데요 75인치 스탠드형으로해서 엄청 뛰어나진 않더라도 완전 보급형보다 우수한 화질을 희망하면 150만원대까지 예산을 올려야할까요 돈을 좀 더 쓰는게 나은건지 판단이 잘 서지 않습니다 추가로 75인치에서 다른 모델도 추천받고 싶습니다,"['기존', '벽걸이', '예산', '문의', '남기다', '스탠드', '뛰어나다', '보급', '우수', '화질', '희망', '예산', '올리다', '쓰다', '판단', '서다', '추가', '모델', '추천']",5,2
679,필요한 물품 살 때 항상 참고하고 있습니다 감사합니다 다름 아니라 부모님이 관리하시는 원룸이 10년이 넘어가니 tv고장이 잦아서 한번 싹 바꿀때가 온거 같습니다 40인치 이하로 lg제품 및 중소기업 제품 각각 추천 받을 수 있을까요 수리서비스 생각하면 대기업사야할거같고 가성비 생각하면 중소기업 사야할 거 같고 고민이 많네요 추천부탁드립니다 감사합니다,"['필요', '물품', '사다', '참고', '감사', '다르다', '부모', '관리', '원룸', '넘어가다', '고장', '잦다', '바꾸다', '이하', '제품', '중소기업', '제품', '추천', '수리', '서비스', '생각', '기업', '사다', '가성비', '생각', '중소기업', '사다', '고민', '많다', '추천', '부탁', '드리다', '감사']",5,2
680,드릴 120만원 이내 가성비 제품을 알아보고 있습니다 tv와 소파와의 거리는 65인치 혹은 75인치 벽걸이형을 생각하는데요 1 crystal uhd tv 2 qled tv 3 lg qned tv 기존에 쓰던 tv가 쉽게 화면이 나가서 3번 정도 교체했던 경험이 있기 때문에 화면이 클 수록 고장 발생 가능성이 높다는 점도 신경이 쓰입니다 위 두 제품 중에 어떤 모델을 추천하시나요 이 외에도 다른 추천 모델 생각나시면 추천 부탁드립니다,"['드리다', '이내', '가성비', '제품', '알아보다', '소파', '거리', '벽걸이', '생각', '기존', '쓰다', '화면', '나가다', '교체', '경험', '화면', '크다', '수록', '고장', '발생', '가능', '높다', '신경', '쓰이다', '제품', '모델', '추천', '추천', '모델', '생각', '추천', '부탁', '드리다']",5,2
681,신혼부부 이사 준비중이며 가성비 라인으로 고민을 하고있습니다 1 삼성전자 crystal uhd 2 lg전자 울트라 hd 요 두 75인치 가성비라인을 보고있는데 제품비교로 봤을땐 크게 차이를 잘 모르겠더라구요 어떤점에서 차이점이 있는지 두 모델을 고를땐 가격이 저렴한 라인으로 가는게 괜찮을지 여쭤봅니다 조도센서 기능 여부가 크게 의미가 있는지 궁금해요,"['신혼부부', '이사', '준비', '가성비', '라인', '고민', '삼성전자', '전자', '울트라', '가성비', '라인', '제품', '비교', '크다', '차이', '차이점', '모델', '고르다', '가격', '라인', '괜찮다', '여쭈다', '조', '센서', '기능', '여부', '크다', '의미', '궁금하다']",5,2
682,75인치 tv 구매하려고 합니다 1 예산이 170만원 정도라면 현재도 삼성전자 제품이 베스트일까요 2 위 모델과 모델간의 차이점이 궁금합니다 3 lg전자 제품과 비교했을 때는 더 나은 제품이 어떤 건지 궁금합니다 감사합니다,"['구매', '예산', '현재', '삼성전자', '제품', '베스트', '모델', '모델', '차이점', '궁금하다', '전자', '제품', '비교', '제품', '궁금하다', '감사']",5,2
683,삼성전자 네오qled 삼성전자 네오qled 삼성전자 네오qled 삼성전자 네오qled 연식 부분 말고 실 기능에서의 차이를 비교하고 싶은데 방법을 몰라서 여쭤봅니다 실 기능 os버전 화질엔진등 을 비교하는 방법과 실제 기능 둘 다 네 제품을 비교해서 알려주실수 있을까요,"['삼성전자', '네오', '삼성전자', '네오', '삼성전자', '네오', '삼성전자', '네오', '연식', '말', '기능', '차이', '비교', '방법', '여쭈다', '기능', '버전', '화질', '엔진', '비교', '방법', '실제', '기능', '제품', '비교', '알리다']",5,1
684,삼성이나 엘지 제품으로 85인치 엘지는 86인치 보고 있는데 주 사용이 셋탑 기가지니 연결해서 지상파 등 일반방송이라면 어느 게 좋을까요 oled는 번인 때문에 피하고 싶고 나머지 버전 중에 고르고자 합니다 매장에서 보니 삼성프리미엄픽 neo qled가 좋긴하더군요 그렇지만 가격 장벽이 정말 높고 주 사용이 일반 방송이라 고민이 됩니다 지상파는 uhd로도 충분하다는데 85인치라 화질 좋으려면 qled부터라는 말도 봐서요 근데 매장에서 본 삼성 qled가 많이 어두워 보이긴 하던데 가정에서는 괜찮을까요 픽 부탁드립니다,"['삼성', '엘지', '제품', '엘지', '지', '연결', '지상파', '일반', '방송', '좋다', '피하다', '나머지', '버전', '고르다', '매장', '삼성', '프리미엄', '좋다', '가격', '장벽', '높다', '일반', '방송', '고민', '지상파', '화질', '좋다', '매장', '삼성', '보이다', '가정', '괜찮다', '부탁', '드리다']",5,1
685,베스트픽인 75인치로 제품을 구매하려고 확정했는데 댓글 보니 아래4개 비슷한 제품이 있던데 가격차이가 크지 않아서요 되도록 좋은것으로 사려하는데 추천주세요 제품 4개 차이를 알 수있을까요 차이가 크나요 2024년식 같은데 2025년식 모델명이 따로 있나요 성능차이가 있나요 170만 195만 195 만 200만,"['베스트', '제품', '구매', '확정', '댓글', '아래', '제품', '가격', '차이', '크다', '좋다', '사다', '추천', '제품', '차이', '차이', '크다', '모델명', '성능', '차이']",5,2
686,신혼집 tv로 고민중입니다 65인치 tv로 결정했고 더 큰사이즈는 안할 것 같습니다 삼성 임직원몰에서 구매 가능하여 하기 2제품 중에 고민중입니다 후보 1 qled 주사율 돌비 있음 24년 모델 후보2 neo qled 주사율 up to 돌비 없음 25년 신상 후보1보다 10만원 저렴 tv크기가 65인치라 qled와 neo qled의 체감이 크게 날지 싶긴한데 그래도 화질은 neo qled가 더 좋을꺼기 때문에 1차적인 고민 2차적인 고민으로는 사운드바 구매는 미정이라 사운드바 없이 오직 tv에서 나오는 소리로만 본다고 생각하면 후보 1번이 나은 선택일지 잘 모르겠습니다 가격은 전에 말했듯 후보2 neo qled 가 후보1 qled 보다 10만원 저렴합니다 tv를 선택하는데 있어서 사운드와 화질 면에서 고민중인데 어떤걸 선택하면 좋을지 조언 부탁드려도될까요,"['신혼', '고민', '결정', '크다', '사이즈', '삼성', '임직원', '구매', '가능', '제품', '고민', '후보', '주사', '돌비', '모델', '후보', '주사', '돌비', '신상', '후보', '크기', '체감', '크다', '화질', '좋다', '고민', '고민', '사운드', '구매', '미정', '사운드', '나오다', '소리', '생각', '후보', '선택', '가격', '후보', '후보', '저렴하다', '선택', '사운드', '화질', '고민', '선택', '좋다', '조언', '부탁', '드리다']",5,2
687,신혼집 tv로 고민중입니다 75인치로 100 200중반까지 고민하고있는데 너무 많은 정보속에서 혼란스러워 도움을 요청드립니다 vs 2023년도 neo qled 75인치 모델로 200만원 후반대 2024년도 neo qled 75인치 210만원대라면 어떤게 더 나을까요 위 모델들과 비교하면 어떤지도 궁금합니다 그 외에 75인치 미니led모델 중 lg나 삼성 상관없이 추천하시는 모델이 있다면 추천 부탁드립니다,"['신혼', '고민', '중반', '고민', '많다', '정보', '혼란', '도움', '요청', '드리다', '인치', '모델', '후반', '모델', '비교', '궁금하다', '미니', '모델', '삼성', '추천', '모델', '추천', '부탁', '드리다']",5,2
688,고민이었는데 늦게라도 답변달아주셔서 감사합니다 안타깝게도 neo qled를 사려했던 제 바램과 다르게 가전은 lg다 거거익선이다 라는 와이프의 주장에 lg 를 210만원대에 구매했습니다 도움주셔서 감사합니다,"['고민', '늦다', '답변', '달다', '감사', '사다', '바램', '다르다', '가전', '와이프', '주장', '구매', '도움', '감사']",5,2
689,늦어 정말 죄송했습니다 조금만 더 빨리 달았다면 구매에 도움이 되셨을텐데 그래도 아내분의 tv는 거거익선이다 라는 멘트는 확실히 동의하며 현 시점 모델을 210만 원에 구매하신 것이라면 충분히 좋은 선택을 하신 것으로 보입니다 다음에도 궁금한 점 있으시면 언제든 물어봐 주세요 답변은 최대한 빨리 달 수 있도록 노력해 보겠습니다,"['늦다', '구매', '도움', '아내', '멘트', '동의', '시점', '모델', '구매', '좋다', '선택', '보이다', '다음', '궁금하다', '답변', '달다', '노력']",5,2
690,프리즘코리아의 추천 드립니다 주요 특징 24년 10월 출시 작은 방에서 쓰기 적당한 43인치 유튜브 넷플릭스 구동 가능한 운영체제 무상5년 유상5년 사후서비스 지원 20만 원 중 후반대로 구매 가능 문혜숙 님의 성공적인 tv 구매를 기원합니다,"['프리즘', '코리아', '추천', '드리다', '주요', '특징', '출시', '작다', '쓰다', '유튜브', '넷플릭스', '구동', '가능', '운영', '체제', '무상', '유상', '사후', '서비스', '지원', '후반', '구매', '가능', '성공', '구매', '기원']",5,1
691,삼성 qled 이번에 신혼집으로 이사하면서 구매하려고합니다 후보군을 세개로 골랐는데요 그중 이 두개가 아리송해서 질문남깁니다 네오 qled 224만 벽걸이 qled 230만 최종적으로 찾다보니 가격적으로 너무 괜찮아서 아래모델을 구입하여 질문 수정드립니다 직하형 백라이트가 들어가서 검은색 표현력이 좋다고 알고있는데요 네오qled와 비교했을때 검은색표현력 차이와 평상시 화질 성능 차이가 어떤지 궁금합니다 제품정보만 보았을때는 뭐가 더 좋은지 알기가 너무 쉽지 않네요,"['삼성', '신혼', '이사', '구매', '후보군', '고르다', '질문', '남기다', '네오', '벽걸이', '최종', '찾다', '가격', '괜찮다', '아래', '모델', '구입', '질문', '수정', '직하', '백라이트', '들어가다', '검은색', '표현력', '좋다', '비교', '검은색', '표현력', '차이', '평상시', '화질', '성능', '차이', '궁금하다', '제품', '정보', '좋다']",5,2
692,이번에 이사를 하게되면서 티비를 바꾸려고 고민중에 유투브보고 찾아오게 되었습니다 23년모델 160만 24년모델 170만 가격이 10만원정도 차이나는데 어떤것을 선택해야 할까요 예산은 180 까지 생각중입니다 75인치 생각중인데요 이 두모델 보다 괜찮은 모델이 있으면 추천해주시면 감사하겠습니다,"['이사', '티비', '바꾸다', '고민', '유투브', '찾아오다', '모델', '모델', '가격', '차이', '선택', '예산', '생각', '생각', '모델', '괜찮다', '모델', '추천', '감사']",5,2
693,이사를 앞두고 tv를 구매하려고 합니다 게임은 전혀 하지 않고 주로 ott 영화 유튜브 시청만 합니다 크기는 75인치로만 보고있고 예산은 200만원 입니다 후보로 고민 중인 제품은 아래 두 제품이고 가격이 동일해요 할인 후 체감가 157만원 삼성 사운드바 포함 lg 다른 가전은 전부 lg이긴 해요 세탁기 건조기 냉장고 오븐 제 견해로는 스펙차이가 크지 않아 사운드바까지 포함된 삼성제품이 더 낫지 않나 싶은데 전문가의 의견이 궁금하여 조언 부탁드립니다 감사합니다,"['이사', '앞두다', '구매', '게임', '영화', '유튜브', '시청', '크기', '예산', '후보', '고민', '제품', '아래', '제품', '가격', '동일', '할인', '체감', '삼성', '사운드', '포함', '가전', '세탁기', '건조기', '냉장고', '오븐', '견해', '스펙', '차이', '크다', '사운드', '포함', '삼성', '제품', '전문가', '의견', '궁금하다', '조언', '부탁', '드리다', '감사']",5,2
694,lg전자 tv 구매와 관련하여 전문적인 조언을 구하고자 합니다 저희 가정의 tv 사용 목적은 다음과 같습니다 90 일반 tv 방송 시청 10 ott 드라마 영화 시청 후보로 고려 중인 tv 모델은 아래 두 가지입니다 qned 울트라 hd 두 모델의 가격 차이가 크지 않아 성능을 기준으로 최적의 선택을 해주시면 감사하겠습니다 추가로 300만원 미만의 가격대에서 추천할 만한 lg전자 80인치 이상 tv 모델이 있다면 함께 알려주시기 바랍니다 귀중한 조언 부탁드립니다 감사합니다,"['전자', '구매', '전문', '조언', '구하다', '가정', '목적', '다음', '방송', '시청', '드라마', '영화', '시청', '후보', '고려', '모델', '아래', '울트라', '모델', '가격', '차이', '크다', '성능', '기준', '최적', '선택', '감사', '추가', '미만', '가격', '추천', '전자', '이상', '모델', '알리다', '바라다', '조언', '부탁', '드리다', '감사']",5,2
695,oled는 번인이 걱정되어 65인치 lg qned tv로 알아보고 있는데요 vs 스펙만 보았을 땐 주사율 차이와 출시 연도 차이만 있는 것으로 보았는데요 어떤 제품이 더 나을지 추천 부탁드립니다 비슷한 성능의 삼성 tv도 같이 알려주시면 감사합니다,"['걱정', '알아보다', '스펙', '주사', '차이', '출시', '연도', '차이', '제품', '추천', '부탁', '드리다', '비슷하다', '성능', '삼성', '알리다', '감사']",5,2
696,30평대로 이사가려고 하는데요 lg와 삼성 tv 85 6인치 추천 부탁드립니다 예산은 300정도까지는 괜찮을것 같구요 크기는 무조건 85인치고 화질위주로 추천해주시면 감사하겠습니다 알아본 바로는 가격대에서 삼성이 한단계 더 높은 등급을 살 수 있는걸로 아는데 엘지 삼성 모두 추천부탁드립니다 혹시 가격이 좀 오바가 되더라도 괜찮은 엘지제품으로 추천 부탁드립니다 참고로 삼성을 알아본건 두갠데 단순히 판매점의 차이로 100만원 가까이 차이가 나더라구요 이 제품은 어떤지 궁금합니다,"['이사', '삼성', '추천', '부탁', '드리다', '예산', '괜찮다', '크기', '화질', '위주', '추천', '감사', '가격', '삼성', '단계', '높다', '등급', '사다', '엘지', '삼성', '추천', '부탁', '드리다', '가격', '오바', '괜찮다', '엘지', '제품', '추천', '부탁', '드리다', '참고', '삼성', '알아보다', '판매점', '차이', '차이', '제품', '궁금하다']",5,2
697,거실에서 사용할 삼성 기준으로 비교하고 있는데요 드라마 예능 영화 등의 ott 고화질 콘텐츠 시청 삼성 lg 23년 이후로는 lg도 ips 패널만 사용하는게 아니고 랜덤 으로 va 패널도 같이 사용한다고 하더라구요 개인적으로 ips 패널을 선호 하기는 하지만 이 모델이 ips 패널을 사용한 제품이 아닐수도 있다고 해서 고민만 계속 하고 있어요 퀀텀프로세서 7세대 알파5 성능 차이 슈프림uhd디밍 로컬디밍 각각 로컬 디밍존 갯수 차이도 궁금합니다 백라이트 엣지형 일반led 직하형 일까요 지원 하는데 넷플릭스는 돌비 비전을 지원하면 두 제품 모두 시청 가능한 거죠 제가 볼때는 두 제품이 비슷한 스펙으로 보이는데 전문가 입장에서는 어떤 모델을 더 추천 해주실까요 갈팡질팡 선택하기가 너무 어렵네요 혹시 비슷한 스펙의 다른 추천 모델도 있으면 부탁드립니다,"['거실', '삼성', '기준', '비교', '드라마', '예능', '영화', '화질', '콘텐츠', '시청', '삼성', '이후', '패널', '랜덤', '패널', '개인', '패널', '선호', '모델', '패널', '제품', '고민', '퀀텀', '프로세서', '대', '알파', '성능', '차이', '슈프림', '디밍', '로컬디밍', '로컬', '디밍존', '갯수', '차이', '궁금하다', '백라이트', '엣지', '일반', '지원', '넷플릭스', '돌비', '비전', '지원', '제품', '시청', '가능', '제품', '스펙', '보이다', '전문가', '입장', '모델', '추천', '선택', '비슷하다', '스펙', '추천', '모델', '부탁', '드리다']",5,2
698,삼성 tv vs 문의드립니다 컨텐츠가 많이 없어도 업스케일링 기술이 있어서 화질이 더 좋다는 말과 90라인 프리미엄라인 이기 때문에 850 보급라인 보다 부품이 더 좋아 색감을 더 잘 표현하여 화질이 더 좋게 느껴지고 발열이 심해 버닝현상 등 고장률이 매우 높다 라는 말이 있는데 어떤 말이 맞는지 모르겠어서 문의드립니다 앞으로 나올 수 있으니 가야될지 프리미엄 라인 가야될지 모르겠네요 가격이 동일하다는 조건에 어떤 tv가 좋을까요,"['삼성', '문의', '드리다', '컨텐츠', '스케일링', '기술', '화질', '좋다', '라인', '프리미엄', '라인', '라인', '부품', '좋다', '색감', '표현', '화질', '좋다', '발열', '심하다', '버닝', '현상', '고장', '높다', '맞다', '문의', '드리다', '나오다', '프리미엄', '라인', '가격', '동일', '조건', '좋다']",5,1
699,유튜브를 보고 두가지 제품을 알게 됐습니다 lg 삼성 이렇게 두 제품입니다 아무리봐도 삼성이 더 좋아보이긴 합니다만 여기서 문제가 이번에 이사를 가게 되어 대부분의 가전은 lg로 갈 것 같아서 두 제품의 성능이 체감상 큰 차이가 없으면 연동성에 더 의미를 두고 그냥 lg제품을 사야할지 아니면 이를 넘는 성능의 차이가 있는지 궁금하여 질문 드립니다,"['유튜브', '제품', '삼성', '제품', '삼성', '좋다', '보이다', '문제', '이사', '부분', '가전', '제품', '성능', '체감', '크다', '차이', '연동', '의미', '두다', '제품', '사다', '넘다', '성능', '차이', '질문', '드리다']",5,1
700,tv 알아보는 중에 궁금증이 생겨 문의드립니다 24년형 tv에 조도 컬러 센서가 없는 tv들이 많이 보이는데 tv의 조도 컬러 센서가 체감이 되는 기능으로 봐야할까요 그냥 부가 기능 정도로만 봐야할까요 단순히 원가 절감을 위해 그렇게 한건지 주요 기능중에 하나로 봐야할지 문의드립니다,"['알아보다', '궁금증', '생기다', '문의', '드리다', '컬러', '센서', '보이다', '조', '컬러', '센서', '체감', '기능', '부가', '기능', '원가', '절감', '위하다', '주요', '기능', '문의', '드리다']",5,2
701,아래 질문을 한 사람입니다 답변해 주신 내용과는 조금 다르게 3개 가 4개 보다 hdmi 갯수가 적은 것으로 보이는데 왜 상위 라인업인데도 hdmi 갯수가 적은지 궁금합니다 비해 30 정도 밝기 개선이 있다고 이야기하는거 같은데 똑같이 30 정도의 밝기 개선이 있는건가요 노트북 밝기는 니트로 표현을 하던데 등은 밝기가 니트로 표현하면 얼마나 되는지 궁금합니다 그리고 이 tv 말고 비슷한 수준에서 추천해 주실 모델이 있다면 추천 간절히 부탁합니다,"['아래', '질문', '사람', '답변', '내용', '다르다', '갯수', '적다', '보이다', '상위', '라인업', '갯수', '적다', '궁금하다', '비하', '밝다', '개선', '이야기', '밝다', '개선', '노트북', '밝다', '니트', '표현', '밝다', '니트', '표현', '궁금하다', '말', '비슷하다', '수준', '추천', '모델', '추천', '부탁']",5,2
702,모델명을 알 수 없어 답변을 드리기 조심스럽지만 단순히 퀀텀닷 시트 적용 유무 차이라면 일반 uhd 제품도 괜찮다고 생각됩니다 만약 퀀텀닷 시트 이외의 스펙 밝기 색상 명암비 등이 차이나거나 패널이 달라지는 경우라면 충분히 10만 원 이상의 값어치는 할 것으로 보입니다,"['모델명', '답변', '드리다', '조심', '퀀텀', '시트', '적용', '유무', '차이', '일반', '제품', '괜찮다', '생각', '퀀텀', '시트', '이외', '스펙', '밝다', '색상', '명암', '차이', '패널', '달라지다', '이상', '값어치', '보이다']",5,1
703,65인치 lg전자 모델 tv 구매 고려하고 있습니다 두 제품을 고민 중인데 두 제품 중 어떤 제품이 더 나은가요 보다 상위 라인업으로 생각되는데 hdmi 개수 등은 더 적습니다 그렇다고 가기에는 가격차이가 많이 나는데 두 제품의 차이가 얼마나 되나요,"['전자', '모델', '구매', '고려', '제품', '고민', '제품', '제품', '상위', '라인업', '생각', '개수', '적다', '가격', '차이', '제품', '차이']",5,2
704,이사를 고려하고 75인치 tv구매하려합니다 1 qled 쿠팡기준 보험포함 213만원 2 neo qled 쿠팡기준 보험포함 263만원 34평 거실에서 무타공 벽걸이 25만원 설치 염두에 두고 있습니다 주 사용 컨텐츠는 ott 노트북 콘솔 게임 입니다 무타공 벽걸이 비용포함 300정도를 고려하고있는데 저 두 모델 중 어떤 모델을 추천하시나요 또한 이 외 삼성전자 모델을 추천해주실 수 있으실까요 감사합니다,"['이사', '고려', '구매', '쿠팡', '기준', '보험', '포함', '쿠팡', '기준', '보험', '포함', '거실', '무타', '벽걸이', '설치', '염두', '두다', '컨텐츠', '노트북', '콘솔', '게임', '무타', '벽걸이', '비용', '포함', '고려', '모델', '모델', '추천', '삼성전자', '모델', '추천', '감사']",5,2
705,65인치 티비 구매하려고 하는데 1 2 모델을 고민중입니다 1번은 2024년 모델 2번은 2023년 모델인데 고민이 되네요 딱 봤을 땐 2번이 더 좋아보이는데 스펙 보는 법을 공부해봐도 거기서 거기인 것 같아 결정이 어렵습니다 영상 시청이 주목적이구요 두 모델의 차이점과 어떤 제품을 고르는 것이 더욱 합리적일지 조언해주시면 감사하겠습니다,"['티비', '구매', '모델', '고민', '모델', '모델', '고민', '좋다', '보이다', '스펙', '공부', '결정', '영상', '시청', '주목적', '모델', '차이점', '제품', '고르다', '합리', '조언', '감사']",5,2
706,이번 11월 행사때 구매하려고 기다렸는데 고민이 커서 문의드립니다 행사기간 끝나기 전에 답변 주시길 기대해봅니다 주로 tv 셋탑 영화 ott 시청용인데 lg가 업스케일링 기능이 괜찮다고 하고 지금 lg uhd 65인치 쓰고 있는데 75인치로 가면 더 흐려질 것 같아 lg qned 중 예산안에 들어가는 모델만 골랐어요 그외 제게 중요치 않은 다른 기능상 차이점은 뺐습니다 참 원래 2 3번 모델 위주로 보다가 픽에 1번 모델 올려주신 거 보고 추가로 넣었어요 표시한 가격은 제가 쓸 수 있는 카드할인 쿠폰 다 적용한 가격으로 적었어요 1 4등급 6세대알파7 205만원정도 2 1등급 7세대알파5 185만원정도 3 1등급 6세대알파5 167만원정도 우선 가장 끌리는 건 24년 출시됐고 소비전력이 가장 적은 2번 모델인데 qned뒤 숫자가 높을수록 고급형이라 들어서 보급형으로 알려진 낮은 qned 65 인 점과 후기가 너무 없다는 점이 신경이 쓰이네요 뒤에 숫자가 달라지는게 부가기능상 차이인지 아니면 평소 티비 영화 시청시 체감할 수 있는 화면 밝기나 화질 등의 차이인지 모르겠네요 2번이 3번에 비해 출시년도나 프로세서는 최신형인데 뒤 숫자는 낮아서 가격차이 감수할 만한지 고민이예요 그리고 1번은 이중 가장 좋은 건 알겠는데 어짜피 셋다 미니led가 아니라서 다른 모델들과의 가격차를 감수할 만큼의 가치가 있을지 고민이구요 마지막으로 3번은 작년에 출시된 보급형이라 그런지 가격이 가장 장점 같아요 전문가님이 보시기엔 이중 어느 모델이 가장 괜찮을지 조언 부탁드려도 될까요 그리고 추가로 lg외에 삼성도 업스케일링 기능이 괜찮은지 200만원내 예산에서 lg보다 추천하고 싶은 모델이 있다면 부탁드려도 될까요,"['행사', '구매', '기다리다', '고민', '크다', '문의', '드리다', '행사', '기간', '끝나다', '답변', '기대', '영화', '시청', '스케일링', '기능', '괜찮다', '쓰다', '흐리다', '예산', '들어가다', '모델', '고르다', '중요', '기능', '차이점', '빼다', '모델', '위주', '모델', '올리다', '추가', '넣다', '표시', '가격', '쓰다', '카드', '할인', '쿠폰', '적용', '가격', '적다', '등급', '대', '알파', '등급', '대', '알파', '등급', '대', '알파', '끌리다', '출시', '소비', '전력', '적다', '모델', '숫자', '높다', '고급', '들다', '보급', '알리다', '낮다', '후기', '신경', '쓰이다', '숫자', '달라지다', '부가', '기능', '차이', '평소', '티비', '영화', '시청', '체감', '화면', '밝다', '화질', '차이', '출시', '프로세서', '최신', '숫자', '낮다', '가격', '차이', '감수', '고민', '좋다', '미니', '모델', '가격', '감수', '가치', '고민', '마지막', '작년', '출시', '보급', '가격', '장점', '전문가', '모델', '괜찮다', '조언', '부탁', '드리다', '추가', '삼성', '스케일링', '기능', '괜찮다', '예산', '추천', '모델', '부탁', '드리다']",5,2
707,플레이스테이션 유튜브 넷플릭스 시청이 많은 1인가구 입니다 lg의 모델과 이스트라의 86인치 미니led ai 퀀텀사운드 쿠카 구글 스마트tv 모델 중 고민인데요 화질면에서 차이가 많이나는지 또 가격차이가 얼마나지 않는다는다면 어떤 모델이 더 사용하기에 적합한지 여쭙고 싶습니다,"['플레이스테이션', '유튜브', '넷플릭스', '시청', '많다', '가구', '모델', '이스트', '미니', '퀀텀', '사운드', '쿠카', '구글', '스마트', '모델', '고민', '화질', '차이', '가격', '차이', '얼마', '모델', '적합']",5,2
708,중소기업 55인치 tv 추천관련해서 문의드립니다 1 채점해둔 tv의 랭킹이 더 높은데 추천이 안된이유가 뭔가요 tcl 308위 vs 더함 노바 amg 510위 2 각 책정 점수가 2 3점씩은 차이가 나는데 어느정도를 뜻하나요 더함과 tcl의 화질 및 기타 기능들이 차이가 체감이 될 정도인가요 3 아래 3가지 제품들의 화질차이는 크게 없다고 보면 되나요 이노스 uled 43만원 더함 노바 amg 43만원 추천제품 tcl 50만원 4 결론적으로 3가지중 제품 추천 부탁드립니다 가능하다면 순위와 이유도 부탁드립니다 이노스 uled 43만원 더함 노바 amg 43만원 추천제품 tcl 50만원,"['중소기업', '추천', '문의', '드리다', '채점', '랭킹', '높다', '추천', '이유', '더하다', '책정', '점수', '차이', '화질', '기타', '기능', '차이', '체감', '아래', '제품', '화질', '차이', '크다', '노스', '더하다', '추천', '제품', '결론', '제품', '추천', '부탁', '드리다', '가능', '순위', '이유', '부탁', '드리다', '노스', '더하다', '추천', '제품']",5,2
709,저도 덕분에 정말 많은 도움 받고 있습니다 감사합니다 아래 분과 비슷한 질문인데요 85인치 삼성 tv 중 삼성닷컴에서 판매중인 대한 정보가 없어서요 삼성닷컴에서 비교해보니 유사한 스펙으로 판단되는데 확인 부탁드립니다,"['덕분', '많다', '도움', '감사', '아래', '비슷하다', '질문', '삼성', '삼성', '닷컴', '판매', '대하다', '정보', '삼성', '닷컴', '비교', '유사', '스펙', '판단', '확인', '부탁', '드리다']",5,2
710,픽 유튜브 정말 도움 많이 되고 있습니다 이번 삼성tv관련해서 질문드립니다 고민중인데 픽 빠지는 기능이 많아서 좀 아쉬움에 글 남깁니다 대략 83라인으로 보면 될꺼같은데 크게 두 제품 차이점이 주사율 120 up to 144 디밍기술 슈프림 얼티밋 명암비 그냥 pro 무빙사운드 lite 스피커 2 4 2 눈부심방지 o 2 0 대략 이정도가 있는데 유튜브에서 많이 쓰시는 표현 중 이 옵션들이 어느정도 가격이면 가성비가 많이 떨어지는 구간일지 판단이 안서서 에 글남깁니다 항상 구매에 도움을 많이받아 감사합니다,"['유튜브', '도움', '삼성', '질문', '드리다', '고민', '빠지다', '기능', '많다', '아쉬움', '남기다', '라인', '크다', '제품', '차이점', '주사', '디밍', '기술', '슈프림', '얼티밋', '명암', '사운드', '스피커', '눈부시다', '방지', '유튜브', '쓰다', '표현', '옵션', '가격', '가성비', '떨어지다', '구간', '판단', '서다', '남기다', '구매', '도움', '감사']",5,2
711,삼성 qled 제품과 tcl 모델 중 고민하고 있습니다 현재 집 가전이 삼성이라 스마트싱스 및 브랜드의 인지도를 생각하면 맞다고 판단되는데 최근 tv들이 예전과 다르게 내구성이 좋지 않아 구매한지 2 3년 내에도 제품 불량이 발생하는 사례가 생각보다 많은 것 같습니다 하여 보증기간을 연장하여 구입하는 것을 고려 중인데 제가 고려한 모델은 쿠팡에서 직판을 하지 않고 있어 연장이 어렵고 다른 곳에서 구매를 하자니 보증기간이 걱정되네요 tcl로 선택할 경우 동일하게 쿠팡에서 구입할 예정인데 다른 좋은 대안이 있다면 추천 부탁 드립니다 예산은 최대 250까지 생각하고 있습니다,"['삼성', '제품', '모델', '고민', '가전', '삼성', '스마트싱스', '브랜드', '인지도', '생각', '맞다', '판단', '최근', '예전', '다르다', '내구', '좋다', '구매', '제품', '불량', '발생', '사례', '생각', '많다', '보증', '기간', '연장', '구입', '고려', '고려', '모델', '쿠팡', '직판', '연장', '구매', '보증', '기간', '걱정', '선택', '동일', '쿠팡', '구입', '예정', '좋다', '대안', '추천', '부탁', '드리다', '예산', '최대', '생각']",5,1
712,85인치 tv 구매하려고 합니다 삼성닷컴과 엘지닷컴에서 특가 제품 중에 고민 중입니다 두 제품 비교 부탁드립니다 특히 60번대 라인과 비슷한 성능인것 같은데 정보가 없네요 추가로 두 제품의 차이도 궁금합니다,"['구매', '삼성', '닷컴', '엘지', '닷컴', '특가', '제품', '고민', '제품', '비교', '부탁', '드리다', '라인', '성능', '정보', '추가', '제품', '차이', '궁금하다']",5,2
713,잘봤습니다 저는 삼성 qled 75인치 생각하고 있는데요 동일모델인데 생산년도에 따라 스펙차이가 나나요 생산년도 이전 껀데 가격이 싼게 있어서요 모델인데요 식인데 c 23년식 조금 싼게 있고요 a 21년식 a급 리퍼제품 도 싼게 있어서요 답변 부탁드릴수 있을까요,"['삼성', '생각', '동일', '모델', '생산', '년도', '따르다', '스펙', '차이', '생산', '이전', '가격', '싸다', '모델', '싸다', '리퍼', '제품', '싸다', '답변', '부탁', '드리다']",5,2
714,80인치대에서 티비를 구매하려고 합니다 1 neo qled 와 qned 비슷한 성능 차이로 비교했을시 어느쪽이 가성비가 더 나은 브랜드 인가요 2 neo qled와 qled의 가격차이는 거의 2배 차이던데 화면 차이가 채감이 확 오나요 3 추후 닌텐도등 게임을 연결해서 사용하려고 하는데 neo qled qned 80인치대로 3가지 제품 추천 부탁드립니다,"['티비', '구매', '비슷하다', '성능', '차이', '비교', '가성비', '브랜드', '가격', '차이', '차이', '화면', '차이', '추후', '닌텐도', '게임', '연결', '제품', '추천', '부탁', '드리다']",5,2
715,이번에 이사하면서 티비를 구매하려고 하는데요 건조기와 김치냉장고는 추천으로 잘 구입 했습니다 다름 아니고 집 가전이 모두 lg라서 lg tv를 구입하려고 하는데 lg공홈에서 제품이 48 할인해서 190만원 정도에 판매 하고 있는데 성능이나 기능이 괜찮은 제품인지 궁금해서 문의 드립니다 사실 tv는 lg가 가격대가 있어서 삼성을 사려고 했는데 저렇게 할인 폭이 크니까 사도 괜찮지 않을까 싶어서요 추가로 1 동급 모델의 삼성tv 제품과 가격도 알 수 있을까요 2 차이점을 알 수 있을까요 비용을 더 주더라도 9300으로 선택하는게 맞는가 싶어서요,"['이사', '티비', '구매', '건조기', '김치냉장고', '추천', '구입', '다르다', '가전', '구입', '제품', '할인', '판매', '성능', '기능', '괜찮다', '제품', '문의', '드리다', '늘다', '가격대', '삼성', '사다', '할인', '크다', '사다', '괜찮다', '추가', '동급', '모델', '삼성', '제품', '가격', '차이점', '비용', '선택', '맞다']",5,2
716,lg 꺼 혹은 과 삼성꺼 70이나 75라인 공부를 좀 해보니 이것들이 좋다고 들었는데 이것들이 22년제픔이라 혹시 위 라인애들이 한세대 진전한 제품들이 있을까요 같은 라인에서 에너지소모율 향상이랄지 단점을 보완한 더 좋아진 23년이나 24년제품 이요 있으면 제품명좀 부탁드립니다 너무 어렵네요,"['삼성', '끄다', '라인', '공부', '좋다', '라인', '대', '진전', '제품', '라인', '에너지', '소모', '향상', '단점', '보완', '좋다', '제품', '제품명', '부탁', '드리다']",5,1
717,lg티비 qned 제품 두 가지 중에 고민중인데요 24년 7월 출시제품이라 후기가 없는데 님 영상보고 스펙 보니까 나쁘지 않은거 같아서요 그리고 돌비비전 지원이 가능한게 마음에 드는데 30만원정도 가격 차이가 나는데 그만한 가치가 있을지 궁금합니다 주로 넷플릭스로 영화시청 많이 하는퍈 입니다,"['티비', '제품', '고민', '출시', '제품', '후기', '영상', '스펙', '나쁘다', '돌비', '비전', '지원', '가능', '마음', '가격', '차이', '가치', '궁금하다', '넷플릭스', '영화', '시청', '하는퍈']",5,2
718,삼성 크리스탈uhd vs lg 울트라hd 문의드려요 75인치 티비 구입예정입니다 덕분에 모델명 보는법을 알았네요 감사합니다 문제는 삼성 lg 이렇게 정했는데요 동급 스펙에 패널차이만 있는걸까요,"['삼성', '크리스탈', '울트라', '문의', '드리다', '티비', '구입', '예정', '덕분', '모델명', '감사', '문제', '삼성', '정하다', '동급', '스펙', '패널', '차이']",5,2
719,1 숫자 에서 숫자가 65 75 이렇게 나뉘던데요 무슨 차이가 있을까요 2 비교에서는 전자가 작년 모델에 에너지효율등급 3 후자가 올해 모델에 1등급이던데요 화질 좋은 tv는 에너지효율등급 숫자가 높다는 말을 어디서 들은 적이 있어서요 등급에 따른 화질 차이가 어떤지도 궁금합니다 3 시청거리가 소파에 앉은 위치에 따라 3 6 정도 나올 것 같은데 75와 85 중에 어떤 걸 더 추천하시나요 아시는 만큼 답변 부탁드립니다,"['숫자', '숫자', '나뉘다', '차이', '비교', '전자', '작년', '모델', '에너지', '효율', '등급', '후자', '올해', '모델', '등급', '화질', '좋다', '에너지', '효율', '등급', '숫자', '높다', '등급', '따르다', '화질', '차이', '궁금하다', '시청', '거리', '소파', '앉다', '위치', '따르다', '나오다', '추천', '답변', '부탁', '드리다']",5,2
720,추천해주신 제품들로 75인치를 원하면 인치만 바꿔서 검색하면 될까요 75인치로 qled qned neo qled 제품을 보고 있습니다 가정용이며 ott를 주로 봅니다 추천 제품이 궁금합니다,"['추천', '제품', '인치', '바꾸다', '검색', '제품', '가정', '추천', '제품', '궁금하다']",5,2
721,항상 도움 많이 받고 있습니다 다름이 아니고 70대 할머니가 쓰실거라 ott 기능은 필요없고 셋톱박스 시청 용도인 50인치 이상 스탠드형 tv를 찾고 있습니다 추천 해주시면 감사하겠습니다,"['도움', '다르다', '할머니', '쓰다', '기능', '필요', '셋톱박스', '시청', '용도', '이상', '스탠드', '찾다', '추천', '감사']",5,2
722,삼성 네오qned로 85인치를 보고있습니다 미니 led도 탑재 되어있고 빛반사 기능도 있는듯한데 이세가지를 보고있는데 제일 추천하는건 어떤걸까요 oled급이 아니라서 어렵겠지만 낮에도 티비를 보고 누워서도 보는데 최대한 빛반사에 강하고 어떤 시야각에서도 최대한 왜곡이나 어두워 보이지 않는 모델 추천해주세요 엘지도 보고있는데 세가지중 추천 모델과 비슷한 성능을 가진 엘지 모델도 추천 부탁 드립니다,"['삼성', '네오', '미니', '탑재', '반사', '기능', '추천', '티비', '최대한', '반사', '강하다', '시', '최대한', '왜곡', '보이다', '모델', '추천', '엘지', '추천', '모델', '비슷하다', '성능', '가지다', '엘지', '모델', '추천', '부탁', '드리다']",5,2
723,포함 두개중 고민이에요 위에는 미니led라 직원분말씀으론 화질차이가 느껴질정도라고 하는데 화면은 직접 눈으로 본게아니라서 비교가 안되더라구요 두개 가격은 70 75만원정도 차이나요 드라마 넷플 영화 유투브 자주 보는편이거든요 가격이은 두개다 괜찮은데 모델이 70만원 비싼 값어치를 하는지 몰라서용 기계쪽은 무지해서 너떤걸로 하는게 좋을지 도움부탁드려영,"['포함', '고민', '미니', '직원', '말씀', '화질', '차이', '화면', '비교', '가격', '차이', '드라마', '영화', '유투브', '가격', '괜찮다', '모델', '비싸다', '값어치', '기계', '무지', '떨다', '좋다', '도움', '부탁드리다']",5,2
724,사드릴려고 하는데요 65인치로 생각하고 있습니다 1 중소기업 티비로 사보고싶은데 불량이나 화질이 안좋을까바 걱정이라 포기수준입니다 유선방송 보시는데 uhd로 잘나올까 걱정이기도 합니다 중국제품들은 유선방송이 uhd로 잘 안나온다는 소리를 들어서요 의견 궁금합니다 2 만약 대기업 제품으로 추천해 주신다면 어떤제품이 좋을까요,"['사다', '생각', '중소기업', '티비', '사다', '불량', '화질', '좋다', '걱정', '포기', '수준', '유선', '방송', '나오다', '걱정', '중국', '제품', '유선', '방송', '나오다', '소리', '의견', '궁금하다', '기업', '제품', '추천', '제품', '좋다']",5,2
725,75인치 neo or qled 제품을 찾고있습니다 이제품이 대략 300만원 가량에 공홈에서 팔고 있는데 이제품이 약 30만원 정도 쌉니다 위 제품은 네오qled라 약간 비싼거 같은데 어떤게 더 좋을까요 24년 제품 라인업을 찾아봤는데도 qnd 뒤에 무엇인지 모르겠네요 그리고 60만원 더 비싸던데 제가 찾아본걸로는 숫자가 높을수록 좋은걸로 아는데 왜 더 비싼가요,"['제품', '찾다', '제품', '가량', '팔다', '제품', '싸다', '제품', '네오', '비싸다', '좋다', '제품', '라인업', '찾아보다', '비싸다', '찾아보다', '숫자', '높다', '좋다', '비싸다']",5,2
726,거실용 삼성 85인치를 보러 갔는데 를 300만원 중반에 구매 가능하다고 하여 고민중입니다 평범하게 ott나 공중파 tv 시청을 주로 합니다 무조건 큰 사이즈 85인치가 나을까요 아니면 oled를 저 가격에 사는게 나을까요 85인치 모델도 추천해주시면 감사하겠습니다,"['거실', '삼성', '중반', '구매', '가능', '고민', '공중파', '시청', '크다', '사이즈', '가격', '사다', '모델', '추천', '감사']",5,2
727,65인치 tv 구매하려고 하는데 200만원대에서 몇가지 품목 중에 추천 부탁드립니다 1 삼성전자 oled 2 lg전자 올레드 3 삼성전자 네오qled 4 lg전자 qned 중에 고르려고 합니다 어떤 제품 추천하시나요 시청은 주로 셋톱박스 및 ott 위주로 볼 꺼 같습니다 또한 ips 패널 va 패널 으로 변경시 가격차이가 90만원 차이가 나는데 고급형으로 가야 할까요 마지막으로 lg 전자 올레드 모델중은 어떤게 더 좋을까요 개인적으로 생각하기에는 oled가 정말 화질은 좋은거 같은데 번인 문제 때문에 조금 고민되는 부분입니다,"['구매', '품목', '추천', '부탁', '드리다', '삼성전자', '전자', '올레', '삼성전자', '네오', '전자', '고르다', '제품', '추천', '시청', '셋톱박스', '위주', '패널', '패널', '변경', '가격', '차이', '차이', '고급', '마지막', '전자', '올레', '모델', '좋다', '개인', '생각', '화질', '좋다', '문제', '고민']",5,2
728,50인치대 추천해주신 이스트라 제품보다 이스트라 이 제품이 더 우수하고 가격 상관 없다면 이 제품으로 구매하는 것이 나은 것일까요 마찬가지로 더함 이 제품보다 더함 이 제품이 더 우수한 성능인것일까요 인치수 제외하고요 마지막으로 qle d로 비교할때 와사비망고 이 제품보다 위에 제품들이 더 우수한 성능을 갖고있을것일까요 가격 상관없다면 위 제품들과 삼성전자 lg전자 이 제품 중 어떤 게 더 우수한 성능이며 어떤 제품을 추천해주실까요 사운드바 별도로 구매한다는 가정하에요,"['추천', '이스트', '제품', '이스트', '제품', '우수', '가격', '상관', '제품', '구매', '마찬가지', '제품', '제품', '우수', '성능', '치수', '제외', '마지막', '비교', '와사비', '망고', '제품', '제품', '우수', '성능', '갖다', '가격', '상관', '제품', '삼성전자', '전자', '제품', '우수', '성능', '제품', '추천', '사운드', '별', '구매', '가정']",5,1
729,85인치 tv 구매 조언 부탁드립니다 사실 삼성 neo qled는 가격이 높아서 일반 qled로 구매하려고 했는데 친지분이 좋은 조건이라며 neo를 추천해주셨습니다 지금 고민하고 있는 모델은 24년 입니다 이 모델 사양을 보면 전자가 기능이 많아 보이고 후자 둘은 최근 모델이며 가격은 전자보다 높게 책정되어 있어 무언가 더 좋아 보이는데 만약 가격이 비슷하다는 전제라면 어느 것을 선택하는 것이 좋을까요 에서 좋은 정보를 얻고 다양한 제품을 구입한 일인입니다 항상 감사드립니다,"['구매', '조언', '부탁', '드리다', '삼성', '가격', '높다', '일반', '구매', '친지', '좋다', '조건', '추천', '고민', '모델', '모델', '사양', '전자', '기능', '많다', '보이다', '후자', '최근', '모델', '가격', '전자', '높다', '책정', '좋다', '보이다', '만약', '가격', '전제', '선택', '좋다', '좋다', '정보', '다양', '제품', '구입', '일인', '감사', '드리다']",5,2
730,늘 좋은 글을 써주시는 덕분에 가전을 구매할 때마다 항상 도움을 받습니다 감사합니다 50평 이상인 집에 사용할 티비를 찾아보고 있는데요 일단 mini led도 적용이 되어서 봐두었는데 괜찮은지 고견 부탁드립니다 올레드는 높은 가격과 번인 현상으로 인해 그 아래 등급에서 찾고 있는데요 혹시 86인치나 그 이상 크기인 합리적인 가격대의 티비도 추천받을 수 있을까요 감사합니다,"['좋다', '쓰다', '덕분', '가전', '구매', '도움', '감사', '이상', '티비', '찾아보다', '적용', '괜찮다', '고견', '부탁', '드리다', '올레', '높다', '가격', '현상', '인하', '아래', '등급', '찾다', '이상', '크기', '합리', '가격', '티비', '추천', '감사']",5,2
731,유튜브 보고 이렇게 홈페이지 찾아와서 너무 가전 알아보는데 도움이 많이 됩니다 먼저 너무 감사드립니다 티비는 보면 볼수록 결정하기가 어려워 추천해주신 qled neo qled제품 중에 결정하려고 하는데 저희는 75인치 벽걸이로 구매 하려고 홈페이지 들어가서 눌러서 보니 제품명이라고 떠서 검색해서 알아보는중에 제품을 보게 되었는데 혹시 두 제품 차이좀 알수있을까요,"['유튜브', '홈페이지', '찾아오다', '가전', '알아보다', '도움', '감사', '드리다', '티비', '결정', '추천', '제품', '결정', '벽걸이', '구매', '홈페이지', '들어가다', '누르다', '제품명', '뜨다', '검색', '알아보다', '제품', '제품', '차이']",5,2
732,lg티비를 100만원 중반대 언더로 구입하고자 합니다 예산에 맞춰 lg qned 라인으로 보고있는데 모델과 모델의 화질 차이가 많이 나나요 크게 주사율과 인공지능 알파5 알파7의 차이인 것 같은데 드라마 시청같은 상황에서는 차이가 미미하다는 의견도 보이고 알파5와 7은 큰 차이라는 의견도 보여 분들의 의견도 궁금합니다 현재 인터넷가로 50만원정도의 차이인데 어떤 선택이 합리적일까요,"['티비', '중반', '언더', '구입', '예산', '맞추다', '라인', '모델', '모델', '화질', '차이', '크다', '주사', '인공', '지능', '알파', '알파', '차이', '드라마', '시청', '상황', '차이', '의견', '보이다', '알파', '크다', '차이', '의견', '보이다', '의견', '궁금하다', '인터넷', '차이', '선택', '합리']",5,2
733,설명해주신 가이드를 보고 두 모델중 하나를 고르는것이 어려워서 도움 요청 드립니다 1 삼성 2 lg 위 두 모델 중에 결정하려고 합니다 가격은 둘다 200만원 내외로 비슷한것 같으나 oled 패널의 단점인 번인과 낮은 밝기때문에 삼성의 neo qled를 선택할까 하다가도 본가에서 사용중인 가장 높은 스펙의 lg qned evo tv의 화질을 보니 아무리 좋은 백라이트 티비라도 oled의 화질에 비해 꽤나 많이 부족하다는 느낌을 받았습니다 아직 삼성의 neo qled모델은 경험해본적이 없어서 그런데 선생님이 보시기에 oled 패널의 단점 번인 스트레스 밝은곳에서의 시청 불편감 을 감수하더라도 lg oled로가는게 맞을까요 아니면 삼성 neo qled의 화질도 충분히 괜찮으니 번인의 스트레스가 없는 1번모델로 가는게 맞을지 질문 드립니다 또 neo qled의 경우 차이가 어떤지 질문 드립니다 감사합니다,"['설명', '가이드', '모델', '고르다', '도움', '요청', '드리다', '삼성', '모델', '결정', '가격', '내외', '비슷하다', '패널', '단점', '밝다', '삼성', '선택', '보다', '높다', '스펙', '화질', '좋다', '라이트', '티비', '화질', '비하', '부족', '느낌', '삼성', '모델', '경험', '선생', '패널', '단점', '스트레스', '밝다', '시청', '불편', '감수', '맞다', '삼성', '화질', '괜찮다', '스트레스', '모델', '맞다', '질문', '드리다', '차이', '질문', '드리다', '감사']",5,2
734,아래의 3제품을 비교하고 있고 금액은 3번 제품이 60만원 정도 저렴한 상태입니다 많이들 lcd제품은 삼성것을 추천해주시던데 24년형 제품은 비교된 글이 전혀 없더라구요 직접 매장에 가서 비교했을때는 화질에 있어서 유의미한 차이는 겪지 못했고 음향에 있어서는 사운드 바가 없는 동일한 조건에서는 lg 제품이 훨씬 더 풍부한 소리를 내더라구요 과 dolby vision에 대한 말도 많긴하지만 사운드바가 없다는 가정하에 아래 3제품 중에 어떤것을 추천해주실까요 1 2 3,"['아래', '제품', '비교', '금액', '제품', '저렴하다', '상태', '제품', '삼성', '추천', '제품', '비교', '매장', '비교', '화질', '유의미', '차이', '겪다', '음향', '사운드', '동일', '조건', '제품', '소리', '내다', '대하다', '많다', '사운드', '가정', '아래', '제품', '추천']",5,2
735,엘지티비구매하려하는데 비슷한가격대로 두모델로 좁혔는데 어떤게 나을까요 qned로 사려했는데 매장에서 눈으로 보니 올레드가 화질이 넘사벽이라 근데 크기 대비 가격 문제도 있고 올레드는 22년 모델이라 오래사용 할거 생각하면 어떤게 나을지 조언 부탁드립니다,"['엘지', '티비', '구매', '비슷하다', '가격', '모델', '좁히다', '사다', '매장', '올레', '화질', '크기', '대비', '가격', '문제', '올레', '모델', '생각', '조언', '부탁', '드리다']",5,2
736,lg전자에 akrg 해당 제품을 눈여겨 보고 있습니다만 83인치와 77인치 가격차이가 꽤 크더라구요 같은 올레드 제품으로 크기만 70인치 만 줄이는 것과 같은 크기에 80인치대 qned 제품 중 어떤 것이 더 효율적일까요,"['전자', '해당', '제품', '눈여기다', '가격', '차이', '크다', '올레', '제품', '크기', '줄', '크기', '제품', '효율']",5,2
737,추천으로 neo qled 사서 오늘 설치했습니다 추천 정말 감사드리며 만족하고있습니다 근데 오늘 보니까 티비 설정에 ai최적화로 화질 음질을 ai에게 맡길건지 할건지 아니면 표준모드로 할건지 선택가능하던데 어떤게 더 나을까요 ai로 했을때좀 주위가 어두우면 같이 어두워 지긴하더라구요 궁금해서 여쭈어봅니다,"['추천', '사다', '오늘', '설치', '추천', '감사', '드리다', '만족', '티비', '설정', '최적', '화질', '음질', '맡기다', '표준', '모드', '선택', '가능', '주위', '여쭈다']",5,2
738,추천해주신 확정했는데 2023형인 15만원정도 저렴한데 qnc를 구매하는게 맞는지 문의드립니다 이전 부모님께 사드린 제품이 인데 화질이 안좋다고 몇년째 얘기하시는데 이제품하고 화질 차이는 육안으로 도 나는 정도인지 차이가 있는지 문의드립니다,"['추천', '확정', '저렴하다', '구매', '맞다', '문의', '드리다', '이전', '부모', '사다', '제품', '화질', '좋다', '얘기', '제품', '화질', '차이', '육안', '차이', '문의', '드리다']",5,2
739,lg 23년형 삼성 22년형 중에서는 어떤 제품을 추천해주실지 고견 여쭙습니다 lg가 170만원 삼성이 191만원정도로 약 20만원 차이가 있는데 삼성 제품이 가격차이 이상의 가치가 있을지 비교해보고 싶습니다,"['삼성', '제품', '추천', '고견', '삼성', '차이', '삼성', '제품', '가격', '차이', '이상', '가치', '비교']",5,2
740,33평형 거실에 쓰려고 uhd라인의 제품을 259만원에 구매했습니다 그런데 lg공홈보니 uhd라인 제품이 159만원 qned라인의 제품이 249만원에 팔더라구요 취소하고 100만원 세이브하고 바꿀지 10만원 세이브하고 바꿀지 아님 그대로 갈지 고민중입니다 고견 부탁드립니다,"['거실', '쓰다', '라인', '제품', '구매', '라인', '제품', '라인', '제품', '팔다', '취소', '세이브', '바꾸다', '세이브', '바꾸다', '고민', '고견', '부탁', '드리다']",5,2
741,선물로 85인치 삼성 티비를 고민하고 있습니다 라인 모델과 라인 모델중 고민중인데 사운드는 사운드바를 구매할 예정이라 크게 중요치 않습니다만 화질이 얼마나 차이가 나는지 몰라 문의드립니다 qled모델은 최저가를 212만원대까지 봤고 neo qled는 340 만원대 까지 봤는데요 화질만 봤을때 125만원 이상 값어치가 있을지 궁금합니다 10년 쓸 생각이라 1년에 12만원 이라 생각하면 쓸만한데 120을 아끼고 음식물 처리기나 사운드바 업그레이드에 보태는게 나을지 궁금합니다 마지막으로 사운드바와 티비 모두 5월 이후 빅스마일데이등 구매하는게 나을지 알려주시면 감사하겠습니다,"['선물', '삼성', '티비', '고민', '라인', '모델', '라인', '모델', '고민', '사운드', '사운드', '구매', '예정', '크다', '중요', '화질', '차이', '문의', '드리다', '모델', '최저', '화질', '이상', '값어치', '궁금하다', '쓰다', '생각', '생각', '쓰다', '아끼다', '음식물', '처리', '사운드', '업그레이드', '보태다', '궁금하다', '마지막', '사운드', '티비', '이후', '스마일', '데이', '구매', '알리다', '감사']",5,2
742,보실거고 주로 일반 티비방송만 보시고 ott 안보셔서 내구성면 가성비제품 찾는중인데 삼성 이제품 추천해주셔서 눈여겨봤는데 현재 lg 이제품이 재고할인중이라 혹시 이 제품 괜찮을지 여쭤보고싶습니다 티비 음성인식 가능한게 티비꺼줘 음악틀어줘 이 기능이 되려면 인공지능 기술이 포함된 제품을 골라야하나요 아니면 스마트리모컨 기능이 있는걸 골라야할까요 이중에 뭘 골라야할지 너무 어렵네요,"['일반', '티비', '방송', '구성', '가성비', '제품', '찾다', '삼성', '제품', '추천', '눈여기다', '제품', '재다', '할인', '제품', '괜찮다', '여쭈다', '티비', '음성', '인식', '가능', '티비', '끄다', '음악', '틀다', '기능', '인공', '지능', '기술', '포함', '제품', '고르다', '스마트', '리모컨', '기능', '고르다', '고르다']",5,2
743,저번에 가성비 lg oled 77모델 추천 부탁드렸는데요 추천해주신 22년형이길래 궁금한게 생겨서 추가 질문드려요 1 23년형인 차이점이 뭔가요 2 차이점은 뭘까요 같은 23년형이고 둘다 b모델인데 다나와 최저가 기준 100만원 나길래 여쭤봅니다,"['가성비', '모델', '추천', '부탁', '드리다', '추천', '궁금하다', '생기다', '추가', '질문', '드리다', '차이점', '차이점', '모델', '나오다', '최저', '기준', '여쭈다']",5,2
744,삼성 lg tv중에 65인치로 부모님집 바꿔드리려는데 ott는 전혀 안 보고 셉톱으로 일반tv방송 보시는데 oled는 너무 비싸서 150 이하대로 알아보는데 일반 방송 보기에 화질 가장 괜찮은 모델명 좀 추천 부탁드립니다 감사합니다,"['삼성', '부모', '바꾸다', '셉톱', '일반', '방송', '비싸다', '이하', '알아보다', '일반', '방송', '화질', '괜찮다', '모델명', '추천', '부탁', '드리다', '감사']",5,2
745,이번에 삼성티비를 벽걸이로 구매하려고 하는데 추천제품은 전부 스탠드 모델인 것 같더라구요 벽걸이 모델들은 가격차이가 꽤 나던데 혹시 현시점에서 추천하시는 벽걸이 모델이 있을까요 원하는 스펙은 85인치 벽걸이 neo qled 화질이 좋은 스펙이었으면 합니다 금액대는 300 500 정도로 생각 중입니다,"['삼성', '티비', '벽걸이', '구매', '추천', '제품', '스탠드', '모델', '벽걸이', '모델', '가격', '차이', '시점', '추천', '벽걸이', '모델', '원하다', '스펙', '벽걸이', '화질', '좋다', '스펙', '금액', '생각']",5,2
746,이번에 집을 새로 들어가게되어 티비를 하나 구매하려고합니다 에서 추천받은 제품인 1 삼성 2 lg 중 75인치로 구매하고싶어서 너무 고민이 많습니다 25평이긴하지만 티비은 거거익선이니까요 어떤 티비가 더 좋을까요,"['들어가다', '티비', '구매', '추천', '제품', '삼성', '구매', '고민', '많다', '티비', '티비', '좋다']",5,2
747,전에 쓰던 lg 빛샘이나 멍자국 이 조금 불만족스러워서 삼성 고려중입니다 ott 유튜브 위주 사용이구요 고민중인 두 제품입니다 삼성전자 crystal uhd 삼성전자 qled 가격대는 비슷한데요 거거익선 65인치를 선택하느냐 55인치에 조금 더 좋은 화질을 선택하냐인데 정말 50대50이라 추천 부탁드립니다,"['쓰다', '자국', '만족', '삼성', '고려', '유튜브', '위주', '고민', '제품', '삼성전자', '삼성전자', '가격대', '비슷하다', '선택', '좋다', '화질', '선택', '추천', '부탁', '드리다']",5,2
748,85인치 구매 고려중입니다 베스트 픽이던데 비교해 우위를 점한 이유가 무엇일까요 주사율 프로세서와 같은 차이가 일반적인 영상 시청에서 유의미한 차이가 나지 않아서일까요 보통 신제품 출시가 3월경이라 들었습니다 신제품 출시를 기다렸다 구매하는 게 좋을까요 출시 초기에는 가격이 많이 비쌀까요,"['구매', '고려', '베스트', '비교', '우위', '점하다', '이유', '주사', '프로세서', '차이', '일반', '영상', '시청', '유의미', '차이', '제품', '출시', '제품', '출시', '기다리다', '구매', '좋다', '출시', '초기', '가격', '비싸다']",5,2
749,모델 추천부탁드립니다 75인치 neo qled 모델을 찾고 있습니다 금액은 300까지도 생각중이고 주로 사용은 ott연결해서 볼것같습니다 신혼가전으로 패키지를 묶을 생각이라 삼성스토어에서 구매가능한 모델이면 좋을것같습니다,"['모델', '추천', '부탁', '드리다', '모델', '찾다', '금액', '생각', '연결', '신혼', '가전', '패키지', '묶다', '생각', '삼성', '스토어', '구매', '가능', '모델', '좋다']",5,2
750,삼성제품으로 구매하고 싶은데 티비를 오랜만에 바꾸는 것이라 영 감이 오지않아서 문의드립니다 주 시청목적은 일반적인 tv방송 시청이 목적입니다 기존에 55인치를 쓰고 있는데 부모님께서 이것도 꽤 크다고 느끼셔서 55 65정도를 원하고 가격대는 최대 100만원 초반선까지로 생각하고 있습니다 괜찮은 제품군을 추천해주실 수 있으실까요,"['삼성', '제품', '구매', '티비', '오랜만', '바꾸다', '문의', '드리다', '시청', '목적', '일반', '방송', '시청', '목적', '기존', '쓰다', '부모', '크다', '원하다', '가격대', '최대', '초반', '생각', '괜찮다', '제품군', '추천']",5,2
751,쓰고 있고요 삼성은 va패널 lg는 ips패널로 알고 있습니다 va가 화질 ips가 시야각에서 우위이고요 제 tv의 경우 쇼파에서 보는정도는 시야각이 문제되지는 않으나 식탁에서 보기에는 약간 거슬립니다 모니터가 ips인데 시야각에 따른 화질변화는 거의 없다고 봐도 됩니다 lg는 리모컨이 무선 마우스 방식인데 부모님집 oled보면 생각만큼 편하지 않고요 버튼 배치가 삼성대비 불편합니다 ott는 양쪽다 사용가능하고요 검색단어 입력은 리모컨보다는 폰연동해서 폰자판이 더 편하실 겁니다,"['쓰다', '삼성', '패널', '패널', '화질', '시', '우위', '쇼파', '시', '문제', '식탁', '거슬리다', '모니터', '시', '따르다', '화질', '변화', '리모컨', '무선', '마우스', '방식', '부모', '생각', '편하다', '버튼', '배치', '삼성', '불편', '양쪽', '가능', '검색', '단어', '입력', '리모컨', '연동', '자판', '편하다']",5,1
752,가성비를 생각하면서 고르면서도 귀가 얇아 qled가 좋다고해서 두개정도 추려봤는데요 주로 사용은 셋톱박스 연결하고 지상파 방송 정도에 조금 더 발전해봤자 유튜브나 ott 영화 보는정도일거 같습니다 아래 모델중에 추천과 이유도 간략히 설명해주시면 정말 감사하겠습니다,"['가성비', '생각', '고르다', '얇다', '좋다', '추리', '셋톱박스', '연결', '지상파', '방송', '발전', '유튜브', '영화', '아래', '모델', '추천', '이유', '설명', '감사']",5,2
753,신혼부부인데요 주로 ott를 이용하거나 유튭을 볼거같습니다 원래 lg 를 사려고 했었는데 향후 집이사 안방에놔야할 상황 육아 등을 고려하니 와이프가 강력하게 반대하고 있어요 75인치로 간다면 lg 티비중 어떤게 좋을지 추천 부탁드립니다 금액대는 200만원 10만원정도 생각 중입니다,"['신혼부부', '유튭', '사다', '향후', '안방', '상황', '육아', '고려', '와이프', '강력', '반대', '티비', '좋다', '추천', '부탁', '드리다', '금액', '생각']",5,2
754,티비 구매하려는데 고민이 많아서 질문 남깁니다 lg oled 70인치대 고려하는 중인데요 oled중에서 가성비 좋은 모델은 뭐가 있을까요 그리고 혹시 직구로 구매하는것도 괜찮을까요 직구가 가격이 착한데 해본적도 없고 로컬변경 같은 추가 비용이 들어서 고민됩니다,"['티비', '구매', '고민', '많다', '질문', '남기다', '고려', '가성비', '좋다', '모델', '직구', '구매', '괜찮다', '직구', '가격', '착하다', '로컬', '변경', '추가', '비용', '들다', '고민']",5,2
755,늘 잘 보고 있습니다 다름이 아니라 아버지께서 사무실에서 쓸만한 중대형 모니터를 찾고 계신데 1 가성비 좋은 중소기업 제품 2 약 10명정도 앉아서 볼 수 있는 중대형 모니터 아마 제 감으로는 65인치 정도면 충분치 않을까 생각합니다 3 사용 용도는 화상회의 다같이 보는 ppt 이외 없음 노트북 hdmi로 연결 예정 혹시 상품명을 추천해주시거나 어떤식으로 정보를 알아가면 될지 아무 조언이나 부탁드려도 될까요 감사합니다,"['다르다', '아버지', '사무실', '쓰다', '중대형', '모니터', '찾다', '가성비', '좋다', '중소기업', '제품', '앉다', '중대형', '모니터', '생각', '용도', '화상', '회의', '이외', '노트북', '연결', '예정', '상품명', '추천', '정보', '조언', '부탁', '드리다', '감사']",5,2
756,코스 삼성티비를 사려고 하는데요 지금 할인중 neo qled제품은 사운드바를 같이 묶어서 팔더라고요 사운드바가 있으면 좋을까요 암튼 75형 기준으로 네오 qled 가 270만원 사운드바포함 qled 가 165만원이던데 어떤 걸 사는 게 좋을까요 사실 지금 보는 티비 엘지 올레드 가 소리가 안좋아서 보스 티비 스피커 연결했었는데 그것도 안 좋아서 지금은 그냥 티비만 보고 있어요 그래서 음악 프로 볼 때면 소리때문에 좀 신경쓰입니다,"['코스', '삼성', '티비', '사다', '할인', '제품', '사운드', '묶다', '팔다', '사운드', '좋다', '기준', '네오', '사운드', '포함', '사다', '좋다', '티비', '엘지', '올레', '소리', '좋다', '보스', '티비', '스피커', '연결', '좋다', '지금', '티비', '음악', '프로', '소리', '신경', '쓰이다']",5,2
757,삼성 neo qled로 구매하려는데 너무 고민되네요 tv는 700 900만원까진 생각하고 있는데요 1 neo qled 98인치 2 neo qled 85인치 1번 모델은 지금 사기에 연식이 좀 된 것에 비해 가격이 상당해서 tcl 98인치 가격이 아른거리고 2번 모델은 이왕 사는거 갈까 싶다가도 가성비가 안좋은 것 같아서요 노서치 유튜브 영상도 찾아보던중에 혹시 고민을 덜어주실만한 의견 받을 수 있을 것 같아 남깁니다 항상 좋은 영상 감사드려요,"['삼성', '구매', '고민', '생각', '모델', '사기', '연식', '가격', '상당', '가격', '아른거리다', '모델', '사다', '가성비', '좋다', '노서치', '유튜브', '영상', '찾아보다', '고민', '덜다', '의견', '남기다', '좋다', '영상', '감사', '드리다']",5,2
758,75인치 led tv모델로 삼성과 lg를 두고 고민중입니다 1 lg전자 울트라hd 2 삼성전자 crystal uhd 가격대도 둘 다 144만 150만 미만으로 비슷한데요 둘 중 하나를 사야한다면 어느것이 더 나은 선택인지 딱 찝어주시면 좋겠습니다 그리고 원래 qled 65인치를 생각했지만 거거익선이라는 말에 75인치 led로 생각이 바꼈는데 잘못된 선택은 아니겠죠,"['모델', '삼성', '두다', '고민', '전자', '울트라', '삼성전자', '가격대', '미만', '비슷하다', '사다', '선택', '좋다', '생각', '생각', '바끼다', '선택']",5,2
759,75인치 벽걸이로 하려구 하는데 가격대는 200정도 생각하고 있습니다 제 생각에는 삼성 qled lg lcd 이두모델로고민중이네요 둘중 어떤걸로 해도 큰차이가 없을까요 둘중 한모델 추천부탁드립니다 또 다른 추천해주실만한 모델이 있을까요,"['벽걸이', '가격대', '생각', '생각', '삼성', '모델', '고민', '크다', '차이', '모델', '추천', '부탁', '드리다', '추천', '모델']",5,2
760,3개월째 고민입니다 1달뒤 입주 일단 tv만 사는게 아닌 다른 가전제품도 같이 사서 삼성이냐 엘지냐 골라야 합니다 무조건 lg를 생각해서 제품을 생각 하였으나 가격적인 메리트 때문에 삼성도 고민입니다 1 급이 삼성에서는 가 맞나요 2 둘중에 비교하면 가 성능 가성비로는 가 맞을까요 그외 삼성으로 할시 와 가격이 비슷한 있는데 어떤게 나을까요 3 tv 워시타워 스타일러 식세기 냉장고 중요 원도어3개 키친핏 등 전부 사면 삼성 lg 도대체 어디로 가야 할까요,"['고민', '입주', '사다', '가전제품', '사다', '삼성', '엘지', '고르다', '생각', '제품', '생각', '가격', '메리트', '삼성', '고민', '삼성', '맞다', '비교', '성능', '가성비', '맞다', '삼성', '가격', '비슷하다', '워시', '타워', '스타일', '세기', '냉장고', '중요', '도어', '키친핏', '사다', '삼성']",5,2
761,너무 자주 질문하여 죄송합니다 눈부심 방지 기술이 적용된 네오qled로 갈까 합니다 유튜브 영상에 추천하신 22년형 85가 아래 품번 맞지요 영상에는 410 450 가격대 말씀하셨는데 인터넷 찾아보니 380정도라서 혹시 위 제품 가격이 확 낮아진 불량이라도 있는건가 해서 질문드립니당,"['질문', '죄송하다', '눈부시다', '방지', '기술', '적용', '네오', '유튜브', '영상', '추천', '아래', '맞다', '영상', '가격대', '말씀', '인터넷', '찾아보다', '제품', '가격', '낮다', '불량', '질문', '드리다']",5,2
762,유튭 영상을 보니 qled 중에서는 22년 70라인을 추천해주셨더라구요 헌데 그 모델은 백라이트 구조가 엣지형인데 85인치 대형을 선택해도 직하형에 비해서 엣지의 단점이 드러나진 않을까요 고민이 많네요,"['유튭', '영상', '라인', '추천', '모델', '백라이트', '구조', '엣지', '선택', '직하', '비하', '엣지', '단점', '드러나다', '고민', '많다']",5,1
763,라인은 엣지형 백라이트 80번대 이상 제품부터는 직하형 백라이트를 사용하고 있는데 여기에서 오는 화질 밝기 차이는 분명히 있긴 하지만 두 제품을 나란히 두고 비교하지 않으면 알아차리기 힘듭니다 다만 가격이 100만원 가량 상승할 것으로 예상되기에 뛰어난 화질의 tv를 원하신다면 80번대 라인보다는 miniled 백라이트가 탑재되는 neoqled 제품을 선택하시는 것을 추천 드립니다 300만원 후반,"['라인', '엣지', '백라이트', '이상', '제품', '직하', '라이트', '화질', '밝다', '차이', '제품', '두다', '비교', '알아차리다', '힘들다', '가격', '가량', '상승', '예상', '뛰어나다', '화질', '라인', '백라이트', '탑재', '제품', '선택', '추천', '드리다', '후반']",5,1
764,베스트1으로 찝어주신 삼성화재 2023 qled 제품을 사려고 하는데요 추천해주신 것은 65인치일 때인데 전 85를 고려 중입니다 85인치일 때에는 추천 모델이 달라질까 하여 질문합니다 삼성화재 85인치로 추천하시는 제품은 그대로 인치수만 바꿔서 하더라도 가성비 면에서 나쁘지 않은 선택일까요 아무래도 200중후반이 되어버려서 고민이네요 그렇다고 uhd로 낮추기보다는 qled였으면 좋겠기는 한데 가성비가 너무 떨어진다면 화질을 좀 포기할 의향도 있기는 합니다 고견 부탁드립니다,"['베스트', '삼성화재', '제품', '사다', '추천', '고려', '추천', '모델', '달라지다', '질문', '삼성화재', '추천', '제품', '바꾸다', '가성비', '나쁘다', '선택', '중후반', '고민', '낮추다', '좋다', '가성비', '떨어지다', '화질', '포기', '의향', '고견', '부탁', '드리다']",5,2
765,이렇게 가이드를 정리해 주시니 티비 고르기가 정말 수월해 지는데요 중고거래 어플에서 lg 티비 모델명 라는 제품을 봤는데 아무리 모델명을 검색해봐도 후기가 아예 단 하나도 없더라구요 제가 구글링을 해서 얻은 정보는 상업용 특히 호텔 티비라는것 한국에 리퍼 제품으로 직구 되었던 것인데 성능이 어떨지 아예 감이 안 오더라구요 스피커는 2 되어있던데 스피커 두개가 있다는 말이 맞을까용 이 제품이 전체적으로 어떨지 궁금합니다,"['가이드', '정리', '티비', '고르다', '중', '고', '거래', '어플', '티비', '모델명', '제품', '모델명', '검색', '후기', '구글', '정보', '상업', '호텔', '티비', '한국', '리퍼', '제품', '직구', '성능', '스피커', '스피커', '맞다', '제품', '전체', '궁금하다']",5,2
766,정말 좋은정보 감사합니다 제가 진짜 2달째 고민하는 모델이 있는데 아무리봐도 답이 없네요 고민 픽1 삼성전자 qled 고민 픽2 lg전자 qned 올레드와 네오qled는 넘 비싸서 그나마 가성비 생각하는데 플스도 하고 있어서 큰화면 85인치로 결정했습니다 여기 두 모델중 더 괜찮은거나 아니면 다른 선택이 있는지 너무 답답해서 글 올립니다 꼭 댓글 부탁드릴게요,"['좋다', '정보', '감사', '고민', '모델', '고민', '삼성전자', '고민', '전자', '올레', '네오', '비싸다', '가성비', '생각', '플스', '크다', '화면', '결정', '모델', '괜찮다', '선택', '올리다', '댓글', '부탁', '드리다']",5,2
767,직구 이백만원 인터넷최저가235만원 8300번대는10만원더싸구요 7590은직구라서 조금 걱정이 되긴 하지만 가격은 싸구요 그리고 7000번대 8000번대 9000번대차이가 많이 나나요 주로 셋탑박스 넷플릭스 영화 보는게 다입니다,"['직구', '인터넷', '최저', '싸다', '직구', '걱정', '가격', '싸다', '차이', '박스', '넷플릭스', '영화']",5,2
768,중급형80시리즈 사려는데요 훨씬더 좋지 않나요 22년는 국산lg패널에 5세대알파7 23년은 중국boe패널 6세대알파7 어떤게 좋을까요 지금시점 둘다 가격차는 비슷한가요 자세한 비교 알려주시면 감사하겠습니다,"['중급', '시리즈', '사다', '좋다', '늘다', '국산', '패널', '대', '알파', '중국', '패널', '대', '알파', '좋다', '시점', '가격', '비교', '알리다', '감사']",5,2
769,라인 중에서 추천드리는 제품은 2가지 입니다 1 qned중 가장 저렴한 가격대를 가진 모델로 울트라 hd대비 선명한 화질로 컨텐츠를 시청할 수 있음 약 200만원 초반 2 miniled 백라이트가 탑재되기 시작하는 제품이며 암부표현능력 색상표현능력 등 화질 측면에서 더욱 뛰어남 300만원 초 중반 추가로 삼성전자 제품도 상관 없으시다면 꼭 함께 고려해 보시기 바랍니다 2번 모델인 miniled 백라이트가 탑재되어 화질 매우 뛰어남 2번 모델 대비 약 80 100만원 저렴한 가격이 특징,"['라인', '추천', '드리다', '제품', '저렴하다', '가격', '가지다', '모델', '울트라', '대비', '선명', '화질', '컨텐츠', '시청', '초반', '백라이트', '탑재', '시작', '제품', '표현', '능력', '색상', '표현', '능력', '화질', '측면', '뛰어나다', '중반', '추가', '삼성전자', '제품', '상관', '고려', '바라다', '모델', '백라이트', '탑재', '화질', '뛰어나다', '모델', '대비', '저렴하다', '가격', '특징']",5,1
770,75인치 tv를 알아보고 있습니다 처음에는 lg전자 qned 구매하려고했으나 좀 더 찾아보니 삼성 괜찮아 보이더군요 가격을 고려하지 않았을 때 어떤 모델이 더 괜찮은지 추천부탁드립니다,"['알아보다', '전자', '구매', '찾다', '삼성', '괜찮다', '보이다', '가격', '고려', '모델', '괜찮다', '추천', '부탁', '드리다']",5,2
771,삼성tv 75인치 neo qled 23년형 83이랑 88이 30 만원 차이 83이랑 90이 40 만원 차이 정도 나는데 뭔가 애매하게 차이나서 높을걸 구매해야되나 아니면 가성비로 83 해야되나 고민입니다 사운드바는 뭘 구매하든 같이 구매 할 예정입니다,"['삼성', '차이', '차이', '차이', '높다', '구매', '가성비', '고민', '사운드', '구매', '구매', '예정']",5,2
772,135만원 165만원 240만원 다나와에서 검색해봤는데요 물론 qned가 더 좋지만 qned가 울트라hd보다 가격차이만큼 값어치가 있나요 아님 울트라hd로 가는게 좋을까요 울트라 hd 22년식이랑 23년식 30만정도 차인데 차이가 있나요 당연 22년식보단 23년식으로 가는게 좋겠죠 전 주로 넷플 유투브 봅니다,"['나오다', '검색', '좋다', '울트라', '가격', '차이', '값어치', '울트라', '좋다', '울트라', '차이', '차이', '당연', '좋다', '넷플', '유투브']",5,2
773,oled의 경우 낮에 햇빛이 비추면 어두운 부분이 잘 안보이는 현상이 있다고 해서 고민중입니다 거실에 설치하려고 하는데 주로 커튼을 열어두어서 거실에 빛이 많이 들어오는 편입니다 그러면 oled보다는 qled쪽이 나을까요 그리고 아래 세 모델중 가장 적합한 모델 추천 부탁드립니다 다른 모델 추천도 괜찮습니다 주로 퇴근 후 저녁시간 주말 낮 밤에 시청하고 드라마나 ott 위주로 시청합니다 프리미엄 라인 말고 중급형 정도의 스펙으로 멕시멈 200만원 초반대로 보고있습니다 1 2 3,"['햇빛', '비추다', '보이다', '현상', '고민', '거실', '설치', '커튼', '열다', '거실', '들어오다', '아래', '모델', '적합', '모델', '추천', '부탁', '드리다', '다르다', '모델', '추천', '괜찮다', '퇴근', '저녁', '시간', '주말', '시청', '드라마', '위주', '시청', '프리미엄', '라인', '말', '중급', '스펙', '멕시멈', '초반']",5,2
774,이번에 새집으로 이사예정으로 우연히 채널을 보게 되어서 도움이 많이 되었습니다 우선 감사합니다 원래는 오프라인에 결합으로 살려고 하다가 인터넷으로 하나하나 장만하면 좀 더 싸게 되는거 같아서 다른 가전은 님이 추천해주신걸로 이미 정했고 지금 마지막 단계인 tv에서 애매합니다 저번주까지 전부통일로 lg로 갈려고 하였으나 문의가 생겨서 댓글 남깁니다 200중반대 300미만 으로 85 혹은 86인치로 찾고 있는중 일반리모콘 인공지는리모콘 인공지능리모콘 lg를 찾았고 삼성제품을 아직 찾지를 못하였습니다 lg 3종 webos 가 22에서 23 이고 드라마틱한 업그레이는 검색을 못하였는데 다른점 알려주시면 감사하겠습니다 혹시 300미만으로 lg나 삼성 제품을 각각 추천해주시면 감사하겠습니다,"['이사', '예정', '채널', '도움', '감사', '원래', '오프라인', '결합', '살다', '인터넷', '장만', '싸다', '가전', '추천', '정하다', '마지막', '단계', '애매', '통일', '문의', '생기다', '댓글', '남기다', '중반', '미만', '찾다', '일반', '리모콘', '인공', '리모콘', '인공', '지능', '리모콘', '찾다', '삼성', '제품', '찾다', '그레이', '검색', '알리다', '감사', '미만', '삼성', '제품', '추천', '감사']",5,2
775,70인치대 혼수 tv 보고있는데 고민이 되어서요 엘지만 보고 있습니다 1 2 3 1번이 확실히 저렴한데 2 3번이 1번 가격메리트를 이길만큼의 성능 차이가 있을까요 사실 일반인들은 화질이나 소리에 크게 민감하지 않아 집에 놓고 보면 잘 모를것 같기도 하고요 셋중엔 가격 성능 고려해서 어떤거 제일 추천하시나요,"['혼수', '고민', '엘지', '저렴하다', '가격', '메리트', '이기다', '성능', '차이', '일반인', '화질', '소리', '크다', '놓다', '가격', '성능', '고려', '추천']",5,2
776,구매 추천 부탁드립니다 이번에 이사를 하게 되어 새티비를 장만하고자 합니다 34평 아파트이구요 에서 알려 주신 정보를 토대로 여러 제품 중 2개를 선택했습니다 쇼핑몰은 쿠팡 엘지닷컴 1 엘지 쿠팡2 296 800원 2 엘지 엘지닷컴1 990 200 3 삼성 쿠팡2 853 910원 1 3 제품 중 어떤걸로 구매를 해야 하는지 도움 주시면 감사하겠습니다 모두 벽걸이형입니다 어떤 제품이 가장 좋을지 추천 부탁 드립니다,"['구매', '추천', '부탁', '드리다', '이사', '티비', '장만', '아파트', '알리다', '정보', '토대', '제품', '선택', '쇼핑몰', '쿠팡', '엘지', '닷컴', '엘지', '쿠팡', '엘지', '엘지', '닷컴', '삼성', '쿠팡', '제품', '구매', '도움', '감사', '벽걸이', '제품', '좋다', '추천', '부탁', '드리다']",5,2
777,주로 tv시청 ott시청을 하고 게임은 전혀 하지 않는데 55인치 tv추천 부탁드립니다 게임은 하지 않고 시청용으로만 사용한다면 60번대 제품이 나을까요 150만원 안으로 구매하고싶은데 90번대와 가격이 크게 차이 안 나서 질문드립니다 제가 알아본 제품은 이 제품은 60 70 80번대가 아니라 표기 돠어있는데 어떤 차이가 있는지도 궁금합니다,"['시청', '시청', '게임', '추천', '부탁', '드리다', '게임', '시청', '제품', '구매', '가격', '크다', '차이', '질문', '드리다', '알아보다', '제품', '제품', '표기', '차이', '궁금하다']",5,2
778,lg tv 구입에 고민이 있어 문의 드립니다 거실 폭 3 사용 예정이고 tv시청 ott 활용도 높습니다 차후 플스같은 게임을 이용할 수도 있지만 아직 미정이라 아래 3가지 품목 중 고민 중인데 추천 부탁 드립니다 해당 모델 외에 다른 제품이 더 괜찮다면 추천 부탁 드립니다 감사합니다 1 2 3,"['구입', '고민', '문의', '드리다', '거실', '예정', '시청', '활용', '높다', '차후', '플스', '게임', '미정', '아래', '품목', '고민', '추천', '부탁', '드리다', '해당', '모델', '제품', '괜찮다', '추천', '부탁', '드리다', '감사']",5,2
779,삼성 tv 관련 궁금한 부분이 있어서 문의합니다 tv크기는 85인치로 정하고 200만원대 선에서 고민하고 있습니다 1 삼성 크리스탈uhd 85인치 23년형 8000 8100 8500 라인업은 어떤 차이가 있나요 세 개 모두 동일제품인가요 2 23년형 크리스탈uhd 고급형 8000번대 vs qled 보급형 60번대 가격이 비슷하던데 어떤거로 가는게 좋을까요 uhd와 qled 등급차이가 아무래도 존재하나요 qled 60번대는 크리스탈uhd 8000번대보다 오히려 안좋다는 의견도 있던데 맞는 정보인가요,"['삼성', '문의', '크기', '정하다', '고민', '삼성', '크리스탈', '라인업', '차이', '동일', '제품', '크리스탈', '고급', '보급', '가격', '비슷하다', '좋다', '등급', '차이', '존재', '크리스탈', '좋다', '의견', '맞다', '정보']",5,2
780,플스용 및 pc용 ott 영화 시청용으로 사용할만한 제품 추천 좀 받고 싶습니다 벽걸이로 설치할 예정입니다 벽면에서 반대쪽 벽면까지 입니다 누워서 영상을 시청하거나 벽에 기대서 게임등을 하려고 합니다 가성비 콘솔게임용 추천 모델 기반으로 lg제품 3개와 삼성제품 3개를 골랐습니다 삼성 2번을 제외하면 나머지 모델 전부 가격차가 크진 않기 때문에 가격은 개의치 않습니다 이중에 가장 추천하는 모델 1개 삼성 추천 1개 lg추천 1개 부탁드리겠습니다 혹시 사용환경에 맞는 다른 제품이 있다면 추천해주시면 감사하겠습니다 삼성 1 130만 가성비 콘솔게임용 랭킹 1위 2 98만 가성비 콘솔게임용 랭킹 2위 3 140만 23년 90고급형 풀모션슬림핏벽걸이 뉴럴퀀텀 눈부심방지 2 0 lg 1 140만 가성비 콘솔게임용 랭킹 5위 2 140만 23년형 b라인보다 상위등급 c라인 3 140만 23년형 b라인보다 상위등급 c라인 ena보다 kna모델이 hdmi 2 1 및 usb 갯수가 1개씩 많음 평가 부탁드리겠습니다,"['플스', '영화', '시청', '제품', '추천', '벽걸이', '설치', '예정', '벽면', '반대쪽', '벽면', '영상', '시청', '기대', '게임', '가성비', '콘솔', '게임', '추천', '모델', '기반', '제품', '삼성', '제품', '고르다', '삼성', '제외', '나머지', '모델', '가격', '크다', '가격', '개', '추천', '모델', '삼성', '추천', '추천', '부탁', '드리다', '환경', '맞다', '제품', '추천', '감사', '삼성', '가성비', '콘솔', '게임', '랭킹', '가성비', '콘솔', '게임', '랭킹', '고급', '모션', '슬림', '벽걸이', '뉴럴퀀텀', '눈부시다', '방지', '가성비', '콘솔', '게임', '랭킹', '라인', '상위', '등급', '라인', '라인', '상위', '등급', '라인', '모델', '갯수', '많다', '평가', '부탁', '드리다']",5,2
781,75인치 모델 선택 장애가 와서 부득이하게 문의를 드리고자 합니다 부모님 외출 외에는 거의 온 종일 케이블 tv 틀어 놓고 있구요 가끔 유트브 케이블이 hd 급 화질로 송출되니 크리스탈 급도 충분하다고는 하는데 5 10년 쓸 생각하면 가는게 나을런지 조언 좀 부탁 드립니다,"['모델', '선택', '장애', '문의', '드리다', '부모', '외출', '종일', '케이블', '틀다', '유트브', '케이블', '화질', '송출', '크리스탈', '충분하다', '쓰다', '생각', '조언', '부탁', '드리다']",5,2
782,골라주신 베스트픽 둘중에 고민인데요 60대 부모님이 거실에서 사용하실 예정이예요 거의 tv만 시청 가격차이가 20 30만원 정도라면 ku가 싸긴하죠 어느것이 나은건지 궁금합니다 답변 부탁드립니다 고맙습니다,"['고르다', '베스트', '고민', '부모', '거실', '예정', '시청', '가격', '차이', '싸다', '궁금하다', '답변', '부탁', '드리다']",5,2
783,현제 모니터을 영상 시청과 주로 겜용도로만 사용중입니다 lg tv제품중 hdmi 2 1 지원되는 43인치로 바꾸려고 하는데 추천 부탁합니다 봐둔 모델은 lg 삼성 와 고려 대상인데 가격 차이가 있는데 차이점이 먼가요 올레드도 생각해봤는데 번인 문제가 있었서 고려중입니다,"['모니터', '영상', '시청', '용도', '제품', '지원', '바꾸다', '추천', '부탁', '모델', '삼성', '고려', '대상', '가격', '차이', '차이점', '올레', '생각', '문제', '고려']",5,2
784,lg tv관련 문의 좀 드리겠습니다 모델을 구매할지 알아보는중이었는데요 오프라인 매장에 방문해서 보니깐 모델이 400 후반으로 구매가 가능하다고 하더라구요 온라인에서 가격이 400후반 나오는데 말이죠 이렇게 되면 어느 제품을 구매하는게 나을까요 그리고 구매를 한다면 벽걸이로 이용을 하려고 하는데 벽걸이로 구매하는게 나을까요 스탠드로 구매하는게 나을까요,"['문의', '드리다', '모델', '구매', '알아보다', '오프라인', '매장', '방문', '모델', '후반', '구매', '가능', '온라인', '가격', '후반', '나오다', '제품', '구매', '구매', '벽걸이', '벽걸이', '구매', '스탠드', '구매']",5,2
785,시점 기준 추천드리는 lg 가성비 tv 모델은 2개 입니다 1 약 130 140만원 해당 제품은 추천드린 삼성전자 제품과 거의 비슷한 포지션의 lg전자 제품이며 운영체제도 탑재되어 있어 유튜브 넷플릭스 등의 콘텐츠 서비스를 즐기기 좋은 제품입니다 2 약 120 130만원 상업용으로 출시 된 lg tv로 전체적인 성능은 1번 제품과 거의 동일하긴 하지만 탑재 된 운영체제로 유튜브만 시청 가능하기에 셋톱박스 위주의 시청을 하실 계획이라면 이 제품이 가성비 측면에서 조금 더 우수합니다,"['시점', '기준', '추천', '드리다', '가성비', '모델', '해당', '제품', '추천', '드리다', '삼성전자', '제품', '포지션', '전자', '제품', '운영', '체제', '탑재', '유튜브', '넷플릭스', '콘텐츠', '서비스', '즐기다', '좋다', '제품', '상업', '출시', '전체', '성능', '제품', '동일', '탑재', '운영', '체제', '유튜브', '시청', '가능', '셋톱박스', '위주', '시청', '계획', '제품', '가성비', '측면', '우수']",5,1
786,갑자기 tv가 고장나서 구매하려고 하는데요 스마트 기능은 필요없고 50 60인치 화질과 음질 괜찮은 기본기에 충실한 가성비 제품 추천부탁드립니다 예산은 갑자기 고장이 난 거라 최대 70만원 이내로 생각하고 있습니다,"['고장', '구매', '스마트', '기능', '필요', '화질', '음질', '괜찮다', '기본기', '충실', '가성비', '제품', '추천', '부탁', '드리다', '예산', '고장', '최대', '이내', '생각']",5,2
787,항상 감사드립니다 lg껀 탈락되고 두가지로 좁혀졌습니다 벽걸이 255만 벽걸이 220만 사운드바 포함 문제는 제가 플스나 게임등을 안해서 게임기능은 거의 안쓸예정입니다 셋톱박스만 연결해서 티비시청이나 영화감상용으로 쓸건데 qnc는 오버일까요 가격차이가 별로 없어서 더더욱 고민입니다 추가로 qnc면 그래도 미니 led 인데 어찌 qled와 비슷한 가격대가 나올수있는걸까요,"['감사', '드리다', '탈락', '좁히다', '벽걸이', '벽걸이', '사운드', '포함', '문제', '플스', '게임', '게임', '기능', '쓰다', '예정', '셋톱박스', '연결', '티비', '시청', '영화', '감상', '쓰다', '오버', '가격', '차이', '고민', '추가', '미니', '이다', '가격대', '나오다']",5,2
788,고민중인 제품이 있어 둘중에 더 적합한 제품 추천부탁드립니다 거의 90프로는 넷플릭스 티빙 웨이브 등 ott위주의 시청이고 가끔 축구중계 시청하고 있습니다 게임이나 다른 용도로 사용하진 않습니다 고민중인 제품으로는 입니다 가격대는 둘다 비슷해서 결국 75인치 좋은 성능 vs 85인치 보통 성능 인거 같은데 몇일째 고민만 하고 있습니다 현재 사용중인 tv가 10년전 46인치 tv라 솔직히 무엇을 선택해도 좋을 것 같지만 오랜만에 바꾸는거라 신중하게 되네요 둘중에 한제품 추천과 혹시 저에게 맞는 다른 제품이 있다면 그것 또한 추천부탁드립니다,"['고민', '제품', '적합', '제품', '추천', '부탁', '드리다', '넷플릭스', '티빙', '웨이브', '위주', '시청', '축구', '중계', '시청', '게임', '용도', '고민', '제품', '가격대', '결국', '좋다', '성능', '성능', '고민', '선택', '좋다', '오랜만', '바꾸다', '신중', '제품', '추천', '맞다', '제품', '추천', '부탁', '드리다']",5,2
789,80인치 이상 tv 사려고 보는 중입니다 비교 중인 두 모델이 있는데 추천 부탁드립니다 1 삼성 2 lg 50대 부부가 tv 시청 ott 시청 정도할 것 같습니다 위 두모델이 고민되는 부분은 주사율과 qled 일것 같은데 잘 모르겠어요 삼성 qled 이걸 사고 싶은데 가격이 40 50정도가 더 높아요 두 모델 중에 추천부탁드리고 혹은 다른 모델 삼성 lg중에서 도 추천주셔도 좋습니다,"['이상', '사다', '비교', '모델', '추천', '부탁', '드리다', '삼성', '부부', '시청', '시청', '모델', '고민', '주사', '이다', '삼성', '사다', '가격', '높다', '모델', '추천', '부탁', '드리다', '모델', '삼성', '추천', '좋다']",5,2
790,삼성 2 lg 둘 중 추천 부탁드립니다 이모델은 200중반대로 판매하는 곳은 위험해보여서요 공식인증 판매처는 290만원 정도 생각해야할거 같아요 그래서 위 1 2 둘 중 추천 부탁드립니다,"['삼성', '추천', '부탁', '드리다', '모델', '중반', '판매', '위험', '보이다', '공식', '인증', '판매', '생각', '추천', '부탁', '드리다']",5,2
791,100만원대 초중반으로 tv를 사려고 보는 중입니다 벽간 거리가 최소 65인치 이상으로 사려고 하니 65인치 삼성 qled 60번대 하급이나 75인치 삼성 엘지 led 하급 정도 보고있습니다 ott도 보긴 하나 영화나 게임 등 고사양은 안하고 스포츠나 예능만 봅니다 이정도는 업스케일링에 hdr 정도 있으면 티비 보는데 문제 없겠죠 하급으로 사도 가성비로 괜찮다 싶은데 가장 걸리는게 화질 특히 낮 시간때의 밝기와 화질입니다 삼성스토어에서 같은 65인치 qled와 그냥 led 아랫먼호 모델들은 없었고 윗번호 모델들만 봤는데 qled는 3등급이었고 아예 비침 없이 매우 밝고 선명한 무광 느낌이라면 led는 좀 어둡고 많이 비치는 유광 느낌 막이 하나 있는 것 같은 느낌 제 생각은 밝기와 화질인데 다른 이유면 알려주세요 해가 잘드는 편이라 낮에도 비치는 것도 없고 화면도 잘 보였으면 하는데 어떨까요 밝기에 대해서 설명해놓으신 자료가 여기에도 유튜브에도 없네요 밝기는 어떤걸로 비교하면 될까요 에너지효율등급 소비전력 엣지형 직하형 상품 정보에도 몇 니트다 이런것도 안보이고 하급들은 에너지 효율 등급이 다 1등급이고 직하형 아닌 엣지형이고 소비전력으로 비교하자니 비슷한데 인치수나 패널이 다른데 비교가 가능한가 싶네요 밝기를 최대밝기로 키울 수 있는 그런 기능 있으면 괜찮은지 그런 기능들 있는지 아니면 눈부심차단 인공지능 밝기조절 이런거 있으면 괜찮으려나요 밝기 및 화질 부분에서 qled가 그냥 led보다 확연히 나을지 및 qled 70번대 3등급 가 60번대 1등급 보다 가격차이만큼 확연히 나을지 돈 좀 더 들여서 7급으로 가면 훨씬 나으려나요 엘지 led는 삼성 led보다 훨 비싸서 가격은 거진 qled급인데 그 가격값 하는지 밝기와 화질 부분에서 비교해주세요 제품군들은 다 둘러봤는데 유튜브때 시세와 현재 시세가 달라서 100만원초중반대로 거거익선 추천해주시면 더 감사하겠습니다,"['초중반', '사다', '거리', '최소', '이상', '사다', '삼성', '하급', '삼성', '엘지', '하급', '영화', '게임', '사양', '스포츠', '예능', '스케일링', '티비', '문제', '하급', '사다', '가성비', '괜찮다', '걸리다', '화질', '시간', '밝다', '화질', '삼성', '스토어', '아랫', '멀다', '모델', '번호', '모델', '등급', '비치다', '밝다', '선명', '느낌', '비치다', '유광', '느낌', '느낌', '생각', '밝다', '화질', '이유', '알리다', '들다', '비치다', '화면', '보이다', '밝다', '대하다', '설명', '자료', '유튜브', '밝다', '비교', '에너지', '효율', '등급', '소비', '전력', '엣지', '직하', '상품', '정보', '니트', '보이다', '하급', '에너지', '효율', '등급', '등급', '직하', '엣지', '소비', '전력', '비교', '치수', '패널', '비교', '가능', '밝다', '최대', '밝다', '키우다', '기능', '괜찮다', '기능', '눈부시다', '차단', '인공', '지능', '밝다', '조절', '괜찮다', '밝다', '화질', '등급', '등급', '가격', '차이', '들', '엘지', '삼성', '비싸다', '가격', '가격', '밝다', '화질', '비교', '제품군', '둘러보다', '유튜브', '시세', '시세', '다르다', '초중반', '추천', '감사']",5,2
792,올레드 구입시 참조하세요 고가의 tv 1년 내외 화면색상 표현 안됨 패널교쳬 1년 내 as무상 그로부터 다시 1 년여 2번째 as 유상 처리 교체 수리비 헉 몇 십만원 추가 하면 새제품 구입 가능함 2번째는 유상처리 됨 무상처리는 구입기준 1년 패널교환 시점 무관함 결국 화면 가고 리모콘 작동 가고 결국 2년 수명 아 고객을 봉으로,"['올레', '구입', '참조', '고가', '내외', '화면', '색상', '표현', '패널교쳬', '무상', '유상', '처리', '교체', '수리비', '추가', '제품', '구입', '가능', '유상', '처리', '무상', '처리', '구입', '기준', '패널', '교환', '시점', '결국', '화면', '리모콘', '작동', '수명', '고객']",5,1
793,3개 중에 추천해주실주있나요 전부 75인치 벽걸이고요 1번 엘지 사운드바 160만 2번 삼성 우퍼딸린 사운드바 202만 삼성공홈 3번 삼성 250만 1번이 가성비가 좋은건 알고있지만 3번의 미니led임에도 상대적으로 저렴한 가격이 맘에 들어서 고민중입니다 2번도 맘에 드는데 tv모델명이 삼성공홈에서쓰는 이름이라 검색이 안되네요 항상감사드립니다,"['추천', '벽걸이', '엘지', '사운드', '삼성', '우퍼', '딸리다', '사운드', '삼성', '삼성', '가성비', '좋다', '미니', '상대', '저렴하다', '가격', '들다', '고민', '모델명', '삼성', '쓰다', '이름', '검색', '감사', '드리다']",5,2
794,추천해주신 티비가 시일이 지나서 현시점 가성비픽으로 65인치 lg 삼성 티비 추천 부탁드려요 4인가족 티비나 오티티 시청 주로 합니다 그리고 비지니스티비라고 좀더 저렴한 제품들이 있던데 어떤 차이가 있는지도 궁금합니다 미리 감사드려요,"['추천', '티비', '시일', '지나다', '시점', '가성비', '삼성', '티비', '추천', '부탁', '드리다', '가족', '티비', '오티', '시청', '비지니스', '티비', '저렴하다', '제품', '차이', '궁금하다', '감사', '드리다']",5,2
795,티비 2대 검색하다가 판단이 서지 않아서 질문 드립니다 1 20평대 tv와 거리 2미터 내외 주로 케이블tv 시청하시는 70대 어머님을 위해 구매하고자 합니다 추천하신 제품 중 lg 고려중인데 더 추천하시는 제품이 있을까요 qned 제품이 더 좋을 수도 있을까요 2 lg vs lg 중 고민중입니다 mla가 큰 차이가 있을까요 가능하면 큰 화면으로 구매하고 싶은데 83에는 해당 기능이 아직 탑재되지 않았다는 걸 알게되어 이 기능이 있고 없고가 얼마나 큰 차이를 보이게 될 지 궁금합니다 혹시 대형 tv중 다른 추천 제품도 있을까요 넷플릭스 디즈니플러스 웨이브 ott 시청 및 추후 게임도 연결할 예정입니다 혹시 다른 추천 제품도 있으실 지 문의 드립니다 86인치 qned도 괜찮을까요,"['티비', '검색', '판단', '서다', '질문', '드리다', '거리', '내외', '케이블', '시청', '어머님', '위하다', '구매', '추천', '제품', '고려', '추천', '제품', '제품', '좋다', '고민', '크다', '차이', '가능', '크다', '화면', '구매', '해당', '기능', '탑재', '기능', '크다', '차이', '보이다', '궁금하다', '추천', '제품', '넷플릭스', '디즈니', '플러스', '웨이브', '시청', '추후', '게임', '연결', '예정', '추천', '제품', '문의', '드리다', '괜찮다']",5,2
796,유투브보다가 여기까지 오게됐는데요 티비 사고싶은데 엘지랑 삼성 둘중에 고민되네요 예산은맥시멈300미만이고 75인치만 보고있어요 추천해주신거 보다보니 유투브에서는 추천하셨는데 c가 현재 더싸더라고요 둘다 250정도고 둘중 고민중인데 어느게 더 나을까요 저기 둘말고 300만원정도 예산에서 더 괜찮은 모델 있을까요,"['유투브', '티비', '사다', '엘지', '삼성', '고민', '예산', '미만', '추천', '유투브', '추천', '싸다', '고민', '말', '예산', '괜찮다', '모델']",5,2
797,65인치 tv로 현재 열심히 공부하면서 알아보다가 유튜브 영상을 보고 찾아오게되었습니다 몇가지 고민이있어서 문의드립니다 주 용도는 ott 및 영화 콘솔게임입니다 1 삼성 vs 엘지 해당 두제품이 눈에들어오던데 스펙은 제가봤을때 비슷해보이던데 둘중에 더 추천하시는 제품 있으실까요 회사 제휴몰 기준으로 삼성제품이 6만원더 저렴한 상황입니다 2 기타질문 삼성 qled나 엘지 qned 스펙으로 가는거는 어떻게생각하시나요 현재 예산은 150선으로 잡고있고 oled는 번인 및 높은비용때문에 가기싫고 화면큰게좋아서 led 위주로 보기있긴한데요 약간 무리해서라도 qled qned로 가는게 좋을지 약간 고민하고있습니다 led랑 비교했을때 더 투자한 금액만큼 led보다 더 좋은화질이 체감되는건지 티비를 오래쓴다고생각했을떄 살만한건지 판단이 안서네요 며칠을 티비보고있는데 아직 구매를못해서 답답함에 글남깁니다 답변해주시면감사하겠습니다,"['공부', '알아보다', '유튜브', '영상', '찾아오다', '고민', '문의', '드리다', '용도', '영화', '콘솔', '게임', '삼성', '엘지', '해당', '제품', '들어오다', '스펙', '비슷하다', '보이다', '추천', '제품', '회사', '제휴', '기준', '삼성', '제품', '저렴하다', '상황', '기타', '질문', '삼성', '엘지', '스펙', '생각', '예산', '높다', '비용', '싫다', '화면', '크다', '좋다', '위주', '무리', '좋다', '고민', '비교', '투자', '금액', '좋다', '화질', '체감', '티비', '쓰다', '생각', '살다', '판단', '서다', '며칠', '티비', '구매', '남기다', '답변', '감사']",5,2
798,tv 예산은 250만원까지 생각하고 있습니다 신혼가전으로 tv를 구입할 예정이며 24평형 아파트에 거주할 예정입니다 tv 설치 장소는 거실입니다 1 vs 두 제품의 차이는 무엇이며 어떤 제품이 더 나은지 추천해주실 수 있나요 2 vs oled 가격대비 어떤 제품이 더 나은지 추천해주 실 수 있나요 주로 드라마 영화 ott 유트브 시청용으로 생각하고 있습니다 위 제품 라인 말고도 qned와 oled 제품명 중 250만원 가격대로 추천해줄 모델명 있으면 추천부탁드립니다 감사합니다,"['예산', '생각', '신혼', '가전', '구입', '예정', '아파트', '거주', '예정', '설치', '장소', '거실', '제품', '차이', '제품', '추천', '가격', '대비', '제품', '추천', '드라마', '영화', '유트브', '시청', '생각', '제품', '라인', '말', '제품', '가격', '추천', '모델명', '추천', '부탁', '드리다', '감사']",5,2
799,65인치 티비 예산은 200만원 초반으로 생각하고 있습니다 주로 넷플릭스로 영화감상하거나 유튜브를 즐겨보고 콘솔게임 사용할 예정입니다 베스트픽으로 선정된 를 사려고 하는데 lcd 티비보다 화면이 어두운게 좀 아쉽다고 하셔서요 혹시 많이 신경쓰일 정도인지 현시점으로 추천해주실만한 다른 제품이 있는지 조언부탁드립니다 에서 신혼 가전 구매하는데 너무 큰 도움을 받고 있습니다 항상 감사합니다,"['티비', '예산', '초반', '생각', '넷플릭스', '영화', '감상', '유튜브', '즐기다', '콘솔', '게임', '예정', '베스트', '선정', '사다', '티비', '화면', '신경', '쓰이다', '시점', '추천', '제품', '조언', '부탁', '드리다', '신혼', '가전', '구매', '크다', '도움', '감사']",5,2
800,베스트픽으로 선정된 구입하려 했는데 가격이 많이 올라 180만원이 넘어가네요 현재 시점 기준으로 베스트픽 추천을 부탁드려도 될까요 25평형의 부모님 댁에 놓아드릴 제품이 필요한데 55인치와 60인치 베스트픽도 함께 알려주시면 정말 감사하겠습니다 필요한 것은 삼성전자 제품 다양한 ott 감상 넷플릭스 티빙 웨이브 등 이 가능한 제품입니다,"['베스트', '선정', '구입', '가격', '오르다', '넘어가다', '시점', '기준', '베스트', '추천', '부탁', '드리다', '부모', '놓다', '제품', '필요', '베스트', '알리다', '감사', '필요', '삼성전자', '제품', '다양', '감상', '넷플릭스', '티빙', '웨이브', '가능', '제품']",5,2
801,어떤 티비를 사면 좋을지 간절히 찾고있는와중에 좋은글 감사합니다 몇가지 궁금한점이 있습니다 1 용도 유튜브 영화감상 넷플 디즈니 게임 플스4 닌텐도 가끔 뉴스 예능 2 거리 거실 시청거리 2 3 예산 100만원 내 70 100정도 선 4 구글 등 스마트 기능 사용 찾아본것중엔 1 이스트라 hdmi 2 1 지원 2 삼성 h ott 미지원이라 되어있는데 이런경우 어떤걸 추가하여 사야하는지 모릅니다 어떤 크기 브랜드 대기업 중소 및 사양의 티비를 사는게 좋을까요 아무래도 게임 때문에 스펙이되는걸 사려고해도 어떤 사양을 봐야하는지도 잘 모르고 금액과 타협이 쉽게되지않습니다 1번의 이스트라 금액이 2번의 삼성 금액과 비슷한데 스마트기능은 1번이 더 뛰어나지만 브랜드는 2번이 앞서기때문에 그런점이 또 고민입니다 그리고 스피커 추가 구매 여부도 궁금합니다 중소는 소리가 아쉽다는 말이 많더라구요 읽어주셔서 감사합니다 답변달아주시면 정말감사하겠습니다,"['티비', '사다', '좋다', '찾다', '와중', '좋다', '감사', '용도', '유튜브', '영화', '감상', '넷플', '디즈니', '게임', '플스', '닌텐도', '뉴스', '예능', '거리', '거실', '시청', '거리', '예산', '구글', '스마트', '기능', '찾아보다', '이스트', '지원', '삼성', '지원', '추가', '사다', '크기', '브랜드', '기업', '중소', '사양', '티비', '사다', '좋다', '게임', '스펙', '사다', '사양', '금액', '타협', '이스트', '금액', '삼성', '금액', '스마트', '기능', '뛰어나다', '브랜드', '앞서다', '고민', '스피커', '추가', '구매', '여부', '궁금하다', '중소', '소리', '많다', '읽다', '감사', '답변', '달다', '감사']",5,2
802,삼성 tv를 구매하려고하는데 모델명이 동일해도 판매처마다 금액이 모두 다릅니다 너무 싼곳은 의심이 들기도 하는데 왠지 더 비싸게 파는곳은 또 망설여지구요 동일한 모델 tv인데 이렇게 가격차이가 있는걸까요,"['삼성', '구매', '모델명', '동일', '판매', '금액', '다르다', '싸다', '의심', '들다', '비싸다', '파', '망설이다', '동일', '모델', '가격', '차이']",5,2
803,삼성 qled와 네오 qled 65인치 22년형을 구매하려고 알아 보고 있습니다 1 204만원 162만원으로 40만원 정도 비싼데 차이점은 va 패널이냐 ips 패널이냐 인거 같은데 va 패널이 40만원 정도의 값어치가 있나요 2 186만원이고 ips 패널인데 모델이랑 비교하면 화질이 어떨까요,"['삼성', '네오', '구매', '비싸다', '차이점', '패널', '패널', '패널', '값어치', '패널', '모델', '비교', '화질']",5,1
804,lg 86인치 보고있는데요 mini led 차이로 고민중입니다 가격차이는 150정도 차이나는걸로 보이는데요 주로 ott를 시청할거라 어떤걸 사야할지 고민입니다 mini led는 사실상 눈으로 확인이 어려울듯 하고 제가 고민인 부분은 돌비비전과 에트모스 이기능인데 tv는 오래쓰고 자주쓰는 제품이라 더 고민이 생기네요 혹시 어떤게 나을까요,"['차이', '고민', '가격', '차이', '차이', '보이다', '시청', '사다', '고민', '확인', '고민', '돌비', '비전', '에트모스', '기능', '쓰다', '쓰다', '제품', '고민', '생기다']",5,2
805,삼성qled와 삼성neo qled를 지인통하여 인터넷 가격을 비교했을때 아래와 같은데 31만원이 차이가 납니다 네오qled가 아래 qled모델대비 스펙이 많이 차이나는걸까요 1 qled 6 75인치 qled 2 neoqled 75인치 neo qled,"['삼성', '삼성', '지인', '통하다', '인터넷', '가격', '비교', '아래', '차이', '네오', '아래', '모델', '대비', '스펙', '차이']",5,2
806,이번에 티비 사는데 너무너무 도움이 되고있습니다 금액대는 250만원 이하선에서 알아보는중입니다 시청은 셋톱박스 유튜브 위주 삼성 qled를 구매하려고 하는데 금액이 230만원정도로 거의 비슷하더라고요 1 60라인과 40만원 차이인데 더 투자할만한 가치가 있을까요 70라인을 추천하시길래 2 70라인과 80라인은 소비 전력이 아무래도 주요 포인트일까요,"['티비', '사다', '도움', '금액', '이하', '알아보다', '시청', '셋톱박스', '유튜브', '위주', '삼성', '구매', '금액', '라인', '차이', '투자', '가치', '라인', '추천', '라인', '라인', '소비', '전력', '주요', '포인트']",5,2
807,추천모델 보고있는데요 uhd랑 비교하자면 화질이많이차이날까요 uhd 인치가커지면 65인치나 75인치 화질이않좋아서 깨져서보이고 그럴까요 ips패널 광시야각 아님 다른각도에서볼때 많이차이나나요 스펙차이가 어떤가요,"['추천', '모델', '비교', '화질', '차이', '커지다', '화질', '좋다', '깨지다', '보이다', '그러다', '패널', '시', '각도', '차이', '스펙', '차이']",5,2
808,tv 밑에 다리를 붙혀 사용하고 싶은데요 삼성 셰리프를 구매하는게 나을지 130만원대로 구매 일반 티비를 구매해서 다리를 붙혀 사용하는게 나을지 고민이 됩니다 셰리프 화질은 괜찮은지 떨어지는지 알기가 어려운데 어떤가요,"['다리', '붙다', '삼성', '셰리프', '구매', '구매', '일반', '티비', '구매', '다리', '붙다', '고민', '셰리프', '화질', '괜찮다', '떨어지다']",5,1
809,삼성 qled neoqled 65인치대에서 고민 중입니다 현재 고민 중인 모델은 다음과 같습니다 1 2022년형 2 2022년형 3 2023년형 4 2023년형 1 1번과 2번 모델의 스펙은 거의 비슷해 보이는데 어떤 차이가 있나요 2 1번과 3번 모델은 연식 차이가 나는데 2023년형으로 가면서 어떤 점이 차이가 나나요 그리고 가격이 수십 만원 정도 차이가 나는데 그만큼 성능에서 크게 차이가 나나요 3 4번의 모델은 일반 qled 모델인 대신 화질엔진이 1 2번 모델보다 더 좋은데 이 경우 4번 모델과 1 2번 모델 중에서 화질이 어떤 것이 더 좋나요,"['삼성', '고민', '고민', '모델', '다음', '모델', '스펙', '보이다', '차이', '모델', '연식', '차이', '차이', '가격', '차이', '성능', '크다', '차이', '모델', '일반', '모델', '대신', '화질', '엔진', '모델', '좋다', '모델', '모델', '화질', '좋다']",5,2
810,삼성 qled 제품중 65인치 80번대 제품과 75인치 60번대 제품이 어떤차이가 있나요 그리고 65인치 80번대 제품이 20만원정도 더 비싸다고 하면 어떤선택이 좋은선택일지 추천부탁드립니다,"['삼성', '제품', '제품', '제품', '차이', '제품', '비싸다', '선택', '좋다', '선택', '추천', '부탁', '드리다']",5,2
811,추천하신 상품 중 삼성qled 85인치 70번대 라인을 구매하고자 합니다 하지만 60번대와 70번대의 가격이 40만원 이상 차이납니다 1 두 라인의 스펙 차이가 40만원을 더 지불할만큼의 가치가 있나요 2 아래의 금액이 스펙 대비 적정한 가격인지 어떤 라인을 사는게 합리적인지 궁금해요 240만원 280만원대 310만원,"['추천', '상품', '삼성', '라인', '구매', '가격', '이상', '차이', '라인', '스펙', '차이', '지불', '가치', '아래', '금액', '스펙', '대비', '적정', '가격', '라인', '사다', '합리', '궁금하다']",5,2
812,를 통해 물품들 잘 비교하고있습니다 부모님의 오래된 tv를 바꿔드리고싶은데 30평대 거실이구요 제 예산안에서 두가지 제품을 생각중인데 삼성 제품과 엘지 qned 제품중에 어떤걸 추천하실까요 200만원초반대에서 가장좋은걸 찾고있습니다,"['통하다', '물품', '비교', '부모', '바꾸다', '거실', '예산안', '제품', '생각', '삼성', '제품', '엘지', '제품', '추천', '초반', '좋다', '찾다']",5,2
813,영상 잘보고있습니다 궁금한게있어 이렇게 댓글 남깁니디 택1 254만원 329만원 이 둘 차이가 나노셀이냐 아니냐 그차이밖에 없고 스펙은 다 똑같더라구요 그런데 금액차이는 75만원 정도입니다 각도조절 벽걸이용 님의 추천을 바랍니다 택2 굳이 lg말고 237만원 279만원 은 어떨까요,"['영상', '궁금하다', '댓글', '남', '차이', '나노', '차이', '스펙', '똑같다', '금액', '차이', '각도', '조절', '벽걸이', '추천', '바라다', '말']",5,2
814,65인치 neo qled를 보고 있습니다 와 의 유의미한 차이가 있을까요 rtings에서 보니 측정치가 비슷하거나 어떤 것은 qnb가 낫길래 뚜렷한 차이가 없으면 그냥 qnb를 가려고 합니다 일반 qled모델을 보다가 쿠팡에서 220에 구매할 수 있더라구요,"['유의미', '차이', '측정', '차이', '일반', '모델', '쿠팡', '구매']",5,2
815,사려다 led보단 qned가 낫다는 말에 구입하려고 합니다 그런데 구매가이드에는 22년식 lg qned tv 80 백라이트로 일반 led를 사용하기 때문에 앞서 말씀드린 mini led가 적용 된 제품의 높은 명암비를 기대하기는 힘듭니다 라고 적혀있는데요 22년식이던데 그렇다면 굳이 qned를 선택하기 위해 살 필요는 없을까요,"['사다', '구입', '구매', '가이드', '백라이트', '일반', '말씀', '드리다', '적용', '제품', '높다', '명암', '기대', '힘들다', '적히다', '선택', '위하다', '살다', '필요']",5,1
816,입주가구를 lg로 같이 구입해야해서 엘지티비로 75인치 알아보고 있는데 주로 드라마 넷플보는 용도로 사용 예정입니다 매장에서는 모델을 추천하던데 돈을 더 주고서라도 나을까요 아니면 울트라tv를 사는게 나은건지 조언 부탁드립니다,"['입주', '가구', '구입', '엘지', '티비', '알아보다', '드라마', '넷플', '용도', '예정', '매장', '모델', '추천', '울트라', '사다', '조언', '부탁', '드리다']",5,2
817,추천모델 구경하다 윗모델이 싸게나와서보는데 어떤차이가있는건지 부탁드려요 uhd로 ott 보는데 화질이 많이차이가날까요 종류는왜이리많은지 현재 uhd지원도많이안되는데 더높은화질의tv가 필요할까싶기도하고,"['추천', '모델', '구경', '모델', '싸다', '나오다', '차이', '부탁드리다', '화질', '차이', '종류', '많다', '지원', '높다', '화질', '필요']",5,2
818,장소 거실 크기 55 60인치 추천 넷플릭스 티빙 웨이브 kt셋탑설치됨 장소 제주도라서 이스트라 배송불가 1 삼성전자 크리스탈 uhd tv biz 55인치 벽걸이 beah uhd 쿠팡번호 5573721032 8886047810 684 000원 2 prism qled tv 165 스마트 tv 벽걸이형 방문설치 쿠팡번호 7411197557 19202983836 659 000원 3 더함 uhd qled tv 스마트 tv 벽걸이형 방문설치 쿠팡번호 6944402806 16736502519 799 000원 벽걸이 기사방문 4 시티브 tv 65인치 일반tv 벽걸이형 방문설치 쿠팡번호 7070269952 17655881523 525 000원 이중에서 가성비 및 추천가는한건 어떤건가요 중소기업들꺼는 직접설치는 더 저렴한데 제가 할 수있을만큼 쉽나요 여자임 중소기업은 a s가 빠르진 않을거라 하던데 a s 랑 리모컨 작동 엄마가 사용하기에 등 크게 어려움 없는게 어떤건가요 혹시 여기에 올린거 말고 추천할만한거 있음 알려주세요 미리 감사합니다,"['장소', '거실', '크기', '추천', '넷플릭스', '티빙', '웨이브', '설치', '장소', '제주도', '이스트', '배송', '불가', '삼성전자', '크리스탈', '벽걸이', '쿠팡', '번호', '스마트', '벽걸이', '방문', '설치', '쿠팡', '번호', '더하다', '스마트', '벽걸이', '방문', '설치', '쿠팡', '번호', '벽걸이', '기사', '방문', '시티브', '일반', '벽걸이', '방문', '설치', '쿠팡', '번호', '가성비', '추천', '중소기업', '설치', '저렴하다', '여자', '중소기업', '빠르다', '리모컨', '작동', '엄마', '크다', '어려움', '올리다', '말', '추천', '알리다', '감사']",5,2
819,대한 답변 드리겠습니다 1 이중에서 가성비 및 추천가는한건 어떤건가요 우선 ott 서비스 넷플릭스 티빙 웨이브 유튜브 와 셋톱박스 사용을 주 목적으로 생각하시는 것으로 보이시는데 1번 제품과 4번 제품은 ott 서비스 이용에 어려움이 있을 수 있습니다 1번 제품은 삼성전자 비즈니스 모델로 기존 설치되어 있는 앱 이외의 추가 설치가 불가능 할 수 있고 4번 제품의 경우 운영체제가 탑재되어 있지 않은 모델입니다 나머지 제품 중 가장 추천 드리는 모델은 프리즘코리아의 모델인데요 3번 더함 제품과 실제 제조사가 동일하고 중국의 tv 제조업체 창홍 제품 스펙 상 성능 차이가 크게 보이지 않으며 가격도 저렴한 제품입니다 2 중소기업들꺼는 직접설치는 더 저렴한데 제가 할 수있을만큼 쉽나요 여자임 타입에 따라 다르며 스탠드 타입의 경우 스탠드만 장착하면 되기에 처음 설치하시는 분들도 쉽게 하실 수 있습니다 다만 벽걸이 타입의 경우 여러가지를 고려해야 하는데요 1 기존 tv가 벽걸이 방식이었을 경우 기존 tv가 벽걸이 방식으로 설치 되었었다면 설치 된 마운트의 vesa 마운트 사이즈와 구매하려는 tv의 vesa 마운트 사이즈가 호환되는 제품인지 확인한 뒤 구매하시는 것이 가장 중요합니다 2 기존 tv가 스탠드 방식이었을 경우 기존 tv가 스탠드 방식이었을 경우 벽걸이 마운트를 새로 장착해야 하는데 공구 사용에 익숙하지 않은 경우라면 설치가 힘들 수 있습니다 3 중소기업은 a s가 빠르진 않을거라 하던데 a s 랑 리모컨 작동 엄마가 사용하기에 등 크게 어려움 없는게 어떤건가요 중소기업 제품의 사후 서비스는 대기업 대비 아쉽고 느린 건 사실입니다 그나마 후보군에 있던 프리즘코리아 더함 이스트라 등의 브랜드는 국내 중소 tv 유통사 중 상위권에 있는 브랜드로 중소기업 중 사후 서비스가 괜찮다는 평가를 받고 있습니다 그리고 리모컨의 경우 중소기업 대기업 제품의 사용성 차이는 크지 않습니다 오히려 삼성 최신형 리모컨인 스마트컨트롤 리모컨은 버튼 수가 극단적으로 줄어 기기 사용이 익숙하지 않은 분들께는 어려우실 수 있습니다 혹시 여기에 올린거 말고 추천할만한거 있음 알려주세요 후보 제품도 정말 좋은 제품이지만 qled 패널이 꼭 필수사항이 아니고 밝기가 아주 약간 낮아도 된다면 프리즘코리아의 거의 비슷한 성능에 가격이 10만 원 정도 저렴한 더함의 ips smart hdr 모델도 고려해 보실 수 있을 것 같습니다,"['대하다', '답변', '드리다', '가성비', '추천', '서비스', '넷플릭스', '티빙', '웨이브', '유튜브', '셋톱박스', '목적', '생각', '보이다', '제품', '제품', '서비스', '어려움', '제품', '삼성전자', '비즈니스', '모델', '기존', '설치', '이외', '추가', '설치', '가능', '제품', '운영', '체제', '탑재', '모델', '나머지', '제품', '추천', '드리다', '모델', '프리즘', '코리아', '모델', '제품', '실제', '제조사', '동일', '중국', '제조', '업체', '제품', '스펙', '성능', '차이', '크다', '보이다', '가격', '제품', '중소기업', '설치', '저렴하다', '여자', '타입', '따르다', '다르다', '스탠드', '타입', '스탠드', '장착', '설치', '벽걸이', '타입', '고려', '기존', '벽걸이', '방식', '기존', '벽걸이', '방식', '설치', '설치', '마운트', '마운트', '사이즈', '구매', '마운트', '사이즈', '호환', '제품', '확인', '구매', '중요', '기존', '스탠드', '방식', '기존', '스탠드', '방식', '벽걸이', '마운트', '장착', '공구', '설치', '힘들다', '중소기업', '빠르다', '리모컨', '작동', '엄마', '크다', '어려움', '중소기업', '제품', '사후', '서비스', '기업', '대비', '느리다', '후보군', '프리즘', '코리아', '이스트', '브랜드', '국내', '중소', '유통', '상위', '브랜드', '중소기업', '사후', '서비스', '괜찮다', '평가', '리모컨', '중소기업', '기업', '제품', '차이', '크다', '삼성', '최신', '리모컨', '스마트', '컨트롤', '리모컨', '버튼', '극단', '줄다', '기기', '올리다', '말', '추천', '알리다', '후보', '제품', '좋다', '제품', '패널', '필수', '사항', '밝다', '낮다', '프리즘', '코리아', '성능', '가격', '저렴하다', '함의', '모델', '고려']",5,1
820,65인치 tv 중 어떤 스펙 차이가 있을까요 주사율과 인공지능화질 정도 차이가 있는 것 같은데 직접 보지 않고서야 체감하기 어려워 고르기가 어렵습니당 ott나 방송프로만 보는터라 되도록이면 저렴한 괜찮지 않을까 해서요 넷 중에 추천해주실만한 제품이 있을까요 아니면 qc 23년형이 더 좋으려나요 다른 모델 추천도 좋습니다,"['스펙', '차이', '주사', '인공', '지능', '화질', '차이', '체감', '고르다', '방송', '프로', '괜찮다', '추천', '제품', '좋다', '다르다', '모델', '추천', '좋다']",5,2
821,15년동안 사용 티비가 갑자기 고장나 급하게 티비를 알아보고 있던 중에 에서 큰 도움 받았습니다 우선 삼성 티비 65인치 베스트픽 기준으로 알아보고 있습니다 금액은 100 180선 게임은 하지 않고 주로 티비 시청과 가끔 영화보는 정도로 사용하고 있습니다 티비는 자주 봄 추천해주신 qled 은 현재 온라인 상에서 150만원대에서 구매가 가능합니다 삼성스토어 카탈로그에서 qled 65인치 다른 라인과 한 번 비교해보고 있는데 뭐가뭔지 뭔가 더 나은 선택인지를 모르겠습니다 삼성스토어에서 확인한 라인은 아래와 같습니다 130만원대 130 250만원대 150 200만원대 앞의 숫자 65는 인치를 뜻하는데 두번째 숫자 60 65 80 70번 은 어떤걸 뜻하나요 숫자가 높아질수록 기능이 좋은걸까요 셋 중에 최고가인데 비싼만큼 그만큼의 값어치가 있을까요 이번에 사면 또 10 15년 사용할거니 기왕 사는 거 제대로된 걸 사고싶기도하고요 어제 방문한 매장 직원 분께서 8월 달에 새로운 모델이 나올 예정이라고 하는데 그러면 23년도 라인을 좀더 기다렸다가 8월 달에 가격이 떨어지면 23년도 라인으로 사는 게 나을런지 아니면 그냥 22년도 베스트 추천 모델을 사는게 나을지 의 의견을 좀 부탁드립니다,"['동안', '티비', '고장', '급하다', '티비', '알아보다', '크다', '도움', '삼성', '티비', '베스트', '기준', '알아보다', '금액', '게임', '티비', '시청', '영화', '티비', '추천', '온라인', '구매', '가능', '삼성', '스토어', '카탈로그', '라인', '비교', '선택', '삼성', '스토어', '확인', '라인', '아래', '숫자', '인치', '숫자', '숫자', '높다', '기능', '좋다', '최고', '비싸다', '값어치', '사면', '사다', '사다', '방문', '매장', '직원', '모델', '나오다', '예정', '라인', '기다리다', '가격', '떨어지다', '라인', '사다', '베스트', '추천', '모델', '사다', '의견', '부탁', '드리다']",5,2
822,이렇게 빨리 답변을 달아주시다니 이것저것 많이 여쭤봤는데 자세하게 답변달아주셔서 큰 도움되었습니다 답변주신대로 75 라인 또는 크리스탈 uhd 모델로 알아봐야겠네요 덕분에 선택사항이 많이 줄었습니다 감사합니다,"['답변', '달다', '이것저것', '여쭈다', '답변', '달다', '크다', '도움', '답변', '라인', '크리스탈', '모델', '알아보다', '덕분', '선택', '사항', '줄다', '감사']",5,2
823,80인치 대상의 티비를 구매하려 합니다 다품목 구매를 예정중이라 lg제품으로 구매하려 하는데요 오프라인 매장에서 제품 450만원 내외 을 추천받았습니다 제 생각에는 제품의 사양대비 가격이 애매하게 높은것 같은데요 80인치 이상 제품으로 lg tv를 추전해 주신다면 어느제품이 좋을까요 평소 집에서 게임도 즐기고 ott영상과 일반 공중파 방송도 자주 봅니다 이런 경우 어떤 사양을 선택하는게 좋을까요 좋은제품 추천해 주시면 너무 감사하겠습니다,"['대상', '티비', '구매', '품목', '구매', '예정', '제품', '구매', '오프라인', '매장', '제품', '내외', '추천', '생각', '제품', '사양', '대비', '가격', '높다', '이상', '제품', '전하다', '제품', '좋다', '평소', '게임', '즐기다', '영상', '일반', '공중파', '방송', '사양', '선택', '좋다', '좋다', '제품', '추천', '감사']",5,2
824,티비에 대해 아무것도 몰랐었는데 덕분에 좋은 글 잘 읽어봤습니다 감사합니다 그런데 모델은 대부분 삼성 lg에 대한 설명이라 개인적으로 tcl에 대해 궁금한 게 많아 질문 남겨봅니다 현재 중에서 굉장히 많은 고민을 하고있는데 저는 티비를 잘 안 보는지라 좋은 티비랑은 거리가 영 멀다보니 화질 차이를 글로 봐도 잘 상상이 안 가더군요 부모님께 선물해드릴 예정이고 아파트 거실에 tv나 ott용으로만 사용하려고합니다 셋톱박스는 있구요 주로 시청하시는 방송은 뉴스 예능 다큐멘터리나 세계 여행 방송 정도에 가끔 영화 보는 정도입니다 막 엄청 고화질이 아니어도 될 것 같지만서도 어머니께서 다큐볼 때 고화질로 봐보고싶다는 말씀을 종종 하셨어서요 그래서 제 나름대로 여기저기 찾아보니 세 모델 전부 현재 가격 140 210 280 은 비싸다고들 생각하는 편인 것 같습니다 비싼 게 맞나요 제 개인적인 의견으로는 큰 화면일수록 더 좋을 것 같아 가장 마음이 가는 편이지만 가격 타협을 할 경우 구매할 생각을 하고있었는데 어머니께선 크기가 큰 것보다 가격이 조금이라도 더 싼 게 낫다 하지만 화질은 상위버전이 더 좋지 않겠냐며 선호하시네요 만약 현재 가격 기준으로 구매한다면 어떤 티비를 선택하는 것이 가장 현명한 선택이 될 수 있을까요,"['티비', '대하다', '것', '덕분', '좋다', '읽다', '감사', '모델', '삼성', '대하다', '설명', '개인', '대하다', '많다', '질문', '남기다', '현재', '많다', '고민', '티비', '좋다', '티비', '거리', '멀다', '화질', '차이', '상상', '부모', '선물', '예정', '아파트', '거실', '셋톱박스', '시청', '방송', '뉴스', '예능', '다큐멘터리', '세계', '여행', '방송', '영화', '화질', '어머니', '다큐', '화질', '말씀', '여기저기', '찾아보다', '모델', '가격', '비싸다', '생각', '비싸다', '맞다', '개인', '의견', '크다', '화면', '좋다', '마음', '가격', '타협', '구매', '생각', '어머니', '크기', '크다', '가격', '싸다', '화질', '상위', '버전', '좋다', '선호', '가격', '기준', '구매', '티비', '선택', '현명', '선택']",5,2
825,10년된 27인치 거실tv가 갑자기 사망하여 tv를 급하게 알아보고 있습니다 사용용도 유튜브 70 넷플릭스 20 노트북 연결하여 인터넷 서치 10 사용환경 36평 거실 시청거리 약 3 맞벌이라 평일 저녁 or 주말에만 이용 거실 불을 켜지 않고 어둡게 시청 구매예산 250만 고려사항 75인치 이상 색재현율 90 이상 사운드 관련 기능 상관없음 hifi 시스템 운용 중 거치형태 상관없음 현재 생각하고 있던 모델은 다음과 같습니다 1 최저가 248만원 스탠드 벽걸이 동일 카드할인가 7 12기준 2 최저가 267만원 스탠드 카드할인가 7 12기준 3 tcl 최저가 142만원 스탠드 와우할인가 7 12기준 여기서 고민되는 것은 다음과 같습니다 1번 약 2주 전 230만원대에 살 수 있었음 현 시점에서 구매 시 20만원 가량 비싸게 구매 2번 1번 제품보다 하위 기종이나 프로세서는 등급 위 커뮤니티에서 제품에 대한 언급을 찾기 어려워 평가가 어려움 3번 약 2주 전 113만원에 살 수 있었음 현 시점에서 구매 시 30만원 가략 비싸게 구매 결국 돈 때문에 고민했던 건데요 tv가 완전히 고장나서 최저가 딜이 나오기를 마냥 기다리기 어렵고 가격이 대략 30만원 스탠드 거치대 구매비용 포함 차이가 나는 것이 걸리기는 하나 프로세서 차이가 커보여 2번 제품을 결제해둔 상태입니다 결제를 완료한 지금도 1번과 2번 중에 어떤 걸 구매하는 것이 나은 지 고민되어 글을 남겨 봅니다 잘한 결정일까요,"['거실', '사망', '급하다', '알아보다', '유튜브', '넷플릭스', '노트북', '연결', '인터넷', '서치', '환경', '거실', '시청', '거리', '맞벌이', '평일', '저녁', '주말', '거실', '켜다', '시청', '구매', '예산', '고려', '사항', '이상', '재현', '이상', '사운드', '기능', '상관', '시스템', '운용', '거치', '형태', '상관', '생각', '모델', '다음', '최저', '스탠드', '벽걸이', '동일', '카드', '할인', '기준', '최저', '스탠드', '카드', '할인', '기준', '최저', '스탠드', '할인', '기준', '고민', '다음', '사다', '시점', '구매', '가량', '비싸다', '구매', '제품', '하위', '기종', '프로세서', '등급', '커뮤니티', '제품', '대하다', '언급', '찾다', '평가', '사다', '시점', '구매', '가다', '비싸다', '구매', '고민', '고장', '최저', '나오다', '기다리다', '가격', '스탠드', '거치대', '구매', '비용', '포함', '차이', '걸리다', '프로세서', '차이', '크다', '보이다', '제품', '결제', '상태', '결제', '완료', '지금', '구매', '고민', '남기다', '결정']",5,2
826,좋은 정보 소개해주셔서 잘 보고 있습니다 tv를 구매하려고 알아보는데 궁금한 점이 있어 댓글 남깁니다 1 하이마트 직원분은 비슷한 가격이라면 무조건 전자라고 하시는데 맞는지 한번 확인부탁드립니다 2 같은 가격이라면 중에 어떤걸 더 추천하시는지 궁금합니다 3 추가로 85인치로 예산은 350만원 정도 생각하고 알아보는데 삼성이나 엘지에서 모델 추천 부탁드립니다 화질보다는 크기를 우선으로 생각하고 있습니다,"['좋다', '정보', '소개', '구매', '알아보다', '댓글', '남기다', '하이마트', '직원', '비슷하다', '가격', '전자', '맞다', '확인', '부탁', '드리다', '가격', '추천', '궁금하다', '추가', '예산', '생각', '알아보다', '삼성', '엘지', '모델', '추천', '부탁', '드리다', '화질', '크기', '우선', '생각']",5,2
827,혼수준비에 특히 티브이 때문에 너무 고민 되네요 모두 75인치구요 후보는 1 2 3 인터넷 가 260 선택을 저 중에서 한다면 어떤것을 선택하시고 간단한 이유가 있을까 하고 고견 여쭙습니다 주로 스포츠 채널 영화 ott 위주이고 게임 아주 가끔 할것같습니다 1과 2는 가격이 40만원 정도 나더라고요 2 3 과 비교시 40 더주고 1로 갈 매리트가 있을까요 매리트가 없다면 2와 3 중에는 어떤것이 나을까요,"['혼수', '준비', '티브이', '고민', '후보', '인터넷', '선택', '선택', '이유', '고견', '스포츠', '채널', '영화', '위주', '게임', '가격', '비교', '매리트', '매리트']",5,2
828,유튭으로 티비 검색하다 궁금한게 있어서 질문 드립니다 유튭 넷플을 노트북으로만 보다 큰 화면과 좋은 화질 사운드로 보고싶어서 tv구매하려고 생각중입니다 하고 랑 고민중인데 어떤게 좋은 선택일까요 생각을 듣고싶습니다,"['유튭으', '티비', '검색', '질문', '드리다', '유튭', '넷플', '노트북', '크다', '화면', '좋다', '화질', '사운드', '구매', '생각', '고민', '좋다', '선택', '생각']",5,2
829,감사합니다 아 그런데 티비다이가 약해서 티비 받침이 그 모서리쪽에 삼발이로 되어있는걸 구매해야하는데 여거는 받침이 가운데에 있어서 무게중심이 가운데로 쏠리는거라 후 갑자기 뭘 사야할지 복잡해졌습니다,"['감사', '티비', '다이', '약하다', '티비', '받침', '모서리', '삼발이', '구매', '여거', '받침', '가운데', '무게', '중심', '가운데', '쏠리다', '사다']",5,2
830,말씀하신대로 가운데에 무게중심이 쏠려있어 tv장이 약할 경우 살짝 내려갈 수 있습니다 별도의 vesa 스탠드를 구매해 말씀하신 삼발이 처럼 쓰실 수 있긴 하지만 정식 호환제품이 아니기에 선택지가 정말 없다면 고려해 보실 수 있습니다 아니라면 화질을 약간 포기하더라도 무게중심이 좌 우에 고르게 분포되어있는 모델로 다시 고려해 보시는 것도 방법 중 하나입니다 tv 구매에 성공하시길 바라겠습니다,"['말씀', '가운데', '무게', '중심', '쏠리다', '약하다', '내려가다', '별', '스탠드', '구매', '말씀', '삼발이', '쓰다', '정식', '호환', '제품', '선택지', '고려', '화질', '포기', '무게', '중심', '고르다', '분포', '모델', '고려', '방법', '구매', '성공', '바라다']",5,1
831,이런 어플을 만드시다니 너무 감사해요 올레드 티비 행사가 떠서 여쭤봅니더 같은 가격이라면 어떤 걸 사시나요 아니고 작년도꺼라서 고민이 됩니다 저희는 영화나 ott를 좋아합니다 사운드바는 있습니다,"['어플', '감사', '올레', '티비', '행사', '뜨다', '여쭤봅니더', '가격', '사다', '작년', '고민', '영화', '좋아하다', '사운드']",5,2
832,유튜브로 를 접하고 신혼살림 공부 열심히 하고있는 구독자입니다 tv뿐만 아니라 냉장고 김치냉장고 세탁기 건조기 등 많이 공부하고 가서 그런지 lg 베스트샵 가서도 많은 도움이 되었습니다 감사드립니다 추천해주신 저희가 원하는 크기의 tv가 없어서 고민중입니다 86인치 tv 중 qned로는 추천해주실만한 모델이 있을까요 베스트샵에서는 모델을 추천해주셨는데 괜찮은지 궁금합니다,"['유튜브', '접하다', '신혼', '살림', '공부', '구독자', '냉장고', '김치', '냉장고', '세탁기', '건조기', '공부', '베스트', '많다', '도움', '감사', '드리다', '추천', '크기', '고민', '추천', '모델', '베스트', '모델', '추천', '괜찮다', '궁금하다']",5,2
833,항상 좋은 정보 감사합니다 하나 문의 드리고 싶은게 있는데요 현재 85인치 삼성 neo qled 티비 구입하려고 알아보는데 85 모델이 인터넷 최저가 380만원 그리고 직구로 90 모델이 5년보증으로 430정도 하더라고요 90모델의 차이점이 무빙사운드 4 2 2채널 울티메이트 디밍방식과 눈부심 2 0 정도 차이가 있는데 이 차이가 50만원의 값어치가 있을까요,"['좋다', '정보', '감사', '문의', '드리다', '삼성', '티비', '구입', '알아보다', '모델', '인터넷', '최저', '직구', '모델', '보증', '모델', '차이점', '사운드', '채널', '메이트', '디밍', '방식', '눈부시다', '차이', '차이', '값어치']",5,2
834,lg제품인 요 모델과 비슷하거나 동일한 급의 삼성 스마트 티비가 있는지 추천 부탁드려도 될까요 이외에 와 비슷한 것도 알고 싶습니다 그리고 앞 모델보다 얘네가 화질이 좀 더 낮은걸로 알고 있는데 맞나요,"['제품', '모델', '동일', '삼성', '스마트', '티비', '추천', '부탁', '드리다', '모델', '화질', '낮다', '맞다']",5,2
835,유튜브에서 좋은 영상으로 항상 좋은 정보 감사합니다 인터넷을 많이 찾아봐도 생각이 좁혀지지 않아서 실례를 무릅쓰고 문의드립니다 이번에 대형티비를 부모님께 선물해 드릴 생각으로 알아보고 있었습니다 예산은 200만 원 전후로 생각하고 있습니다 현재 1번 lg 모델과 2번 삼성 crystal uhd 모델을 생각하고 있습니다 혹시 이 외에 추천해 주실 다른 티비 있으면 추천 부탁드립니다 티비 목적은 주로 ott로 영화를 많이 볼 예정입니다 추가로 게임은 하지 않을 예정입니다 추가로 거실에 배치할 예정입니다 거리는 정도입니다 낮보다는 밤에 시청을 좀 더 많이 합니다 추가로 사운드는 별로 신경 쓰지 않고 있습니다 추가로 세톱박스 이용 중입니다 종합적으로 봤을 때 어떤 모델이 더욱 현명한 소비일지 잘 몰라서 문의드립니다 현명한 소비를 할 수 있게 도움 부탁드립니다,"['유튜브', '좋다', '영상', '좋다', '정보', '감사', '인터넷', '찾다', '생각', '좁히다', '실례', '무릅쓰다', '문의', '드리다', '대형', '티비', '부모', '선물', '생각', '알아보다', '예산', '전후', '생각', '모델', '삼성', '모델', '생각', '추천', '티비', '추천', '부탁', '드리다', '티비', '목적', '영화', '예정', '추가', '게임', '예정', '추가', '거실', '배치', '예정', '거리', '시청', '추가', '사운드', '신경', '쓰다', '추가', '박스', '종합', '모델', '현명', '소비', '문의', '드리다', '현명', '소비', '도움', '부탁', '드리다']",5,2
836,혹시 삼성이랑 lg 두 제품의 가격차이가 20만원 이상 나는데 혹시 lg 제품이 20만원의 가치가 있는지 혹은 가격 빼고 비교시 lg랑 삼성 제품은 어떤 차이가 있는지 차이가 없을 시 그냥 브랜드랑 가격 보고 사면 되는지 궁금합니다,"['삼성', '제품', '가격', '차이', '이상', '제품', '가치', '가격', '빼다', '비교', '삼성', '제품', '차이', '차이', '브랜드', '가격', '사다', '궁금하다']",5,2
837,이번에 tv를 새로 구매하려고 알아보고있습니다 75인치대 삼성이나 lg제품을 알아보고 있어요 원래 가려했는데 가격이 너무 비싸서 포기했습니다 주요 사용목적은 유튜브 넷플릭스 ott시청이에요 거실에 둘 예정인데 재택근무자라 하루에 2번 식사할 때는 꼭 티비를 봐서 어느정도 화질이나 색감이 좋았으면 좋겠습니다 예산은 200 250만원정도 생각하고 있습니다 추천 부탁드립니다,"['구매', '알아보다', '삼성', '제품', '알아보다', '가격', '비싸다', '포기', '주요', '목적', '유튜브', '넷플릭스', '시청', '거실', '두다', '예정', '재택근무', '하루', '식사', '티비', '화질', '색감', '좋다', '좋다', '예산', '생각', '추천', '부탁', '드리다']",5,2
838,항상 좋은 정보를 공유해주셔서서 감사하는 마음입니다 이번에 부모님 댁에 43인치 tv를 사드리려고 합니다 나이가 있으셔서 스마트tv는 필요하지 않을 것 같은데 화질로만 괜찮은 모델 추천해주해주실 수 있을까요,"['좋다', '정보', '공유', '감사', '마음', '부모', '사다', '나이', '스마트', '늘다', '필요', '화질', '괜찮다', '모델', '추천']",5,2
839,가격이 저렴한 중소기업 제품 중 안방에 사용 가능하고 50만 원 이하인 제품으로 추천 드리겠습니다 더함 우버 smart hdr 크롬캐스트 운영체제 없는 43인치 중소기업 tv는 20만 원 전으로도 구매 가능합니다 다만 제품의 만듦새와 국내 유통사의 사후 서비스도 고려해야 하기에 이 제품으로 선택 하였는데요 이 제품의 실 제조사는 창홍 이라는 중국 회사로 중국 내에서도 1 2군으로 불리는 가전 제조 업체라 만듦새가 만족스럽다는 평을 받고 있습니다 그리고 국내 유통사는 더함 으로 국내 tv 유통 중소기업 안에 드는 큰 회사라 중소기업 제품 중 사후 서비스 측면으로는 훌륭한 편입니다,"['가격', '중소기업', '제품', '안방', '가능', '이하', '제품', '추천', '드리다', '우버', '크롬', '캐스트', '운영', '체제', '중소기업', '늘다', '구매', '가능', '제품', '만들다', '국내', '유통', '사후', '서비스', '고려', '제품', '선택', '제품', '제조사', '중국', '회사', '중국', '불리', '가전', '제조', '업체', '만들다', '만족', '국내', '유통', '더하다', '국내', '유통', '중소기업', '크다', '회사', '중소기업', '제품', '사후', '서비스', '측면']",5,1
840,제가 이번에 이사를 가게 되면서 티비를 새로 바꾸려고 하는데 직접 사보는건 처음이라 베스트샵 같은 곳 가봐도 뭐가 뭔지 잘 모르겠더라구요 혹시 삼성이나 엘지 라인에서 80 86인치 또는 75인치 중에 추천해주실 만한 모델이 있을까요 전기세 많이 먹지 않고 넷플이나 왓챠 티빙등 ott이용이 가능하기만 하다면 그 외에는 기능적인 면이나 화질을 크게 따지지는 않아서 최대한 오래 쓸 수 있고 가성비 좋은 비교적 저렴한 가격대를 찾고 있습니다 그리고 스마트티비가 아니더라도 그냥 일반 티비 모니터는 80인치 이상으로 잘 안나오나요 가격대를 낮춰보려고 스마트 기능없는 일반 모니터를 큰걸로 사서 크롬캐스트 같은걸 달아 이용할까 했는데 검색해봐도 큰 티비들은 다 스마트티비밖에 나오지 않길래 여쭤봅니다,"['이사', '티비', '바꾸다', '사다', '베스트', '삼성', '엘지', '라인', '추천', '모델', '전기세', '먹다', '넷플', '왓챠', '티빙', '가능', '기능', '화질', '크다', '따지다', '쓰다', '가성비', '좋다', '가격', '찾다', '스마트', '티비', '일반', '티비', '모니터', '이상', '나오다', '가격', '낮추다', '스마트', '기능', '일반', '모니터', '크다', '사다', '크롬', '캐스트', '달다', '검색', '크다', '티비', '스마트', '티비', '나오다', '여쭈다']",5,2
841,주신 모델과 120만 원 를 비교해 드리겠습니다 1 3번 제품 약 120만 원 사이니지 모델로 일부 ott 앱 설치가 어려울 수 있음 4 선정 제품과 성능 차이 없으며 가격은 10만 원 가량 비쌈 5 선정 제품 대비 음성비서 빅스비 구글어시스턴트 기능이 가능하지만 70만 원 비쌈 6 선정 제품과 가격은 비슷하지만 유튜브만 되는 운영체제임 7 8 선정 제품과 비교 가능한 lg전자 제품으로 10만 원 가량 비싸긴 하지만 집안의 가전을 lg제품으로 맞춰 둔 상황이라면 연동을 위해 이 제품을 선택하는 것도 좋은 선택으로 보임,"['주다', '모델', '비교', '제품', '사이', '모델', '일부', '설치', '선정', '제품', '성능', '차이', '가격', '가량', '비싸다', '선정', '제품', '대비', '음성', '비서', '빅스비', '구글', '어시스턴트', '기능', '가능', '비싸다', '선정', '제품', '가격', '비슷하다', '유튜브', '운영', '체제', '선정', '제품', '비교', '가능', '전자', '제품', '가량', '비싸다', '가전', '제품', '맞추다', '상황', '연동', '위하다', '제품', '선택', '좋다', '선택', '보이다']",5,2
842,영상 잘 보고 왔습니다 가전 구매중 이 모델을 추천 받았는데 아무리 찾아도 정보를 알수가 없습니다 모델명도 재확인 했고 영업사원에 물어보니 신제품이라 그렇다고 하는데 혹시 이 제품에 대해 정보좀 알수 있을까요 또한 oled 사양으로 이제품 구매 하면 어떨지에 조언도 부탁 드립니다 가격이 비싸서 qned로 내릴까 고민중이라,"['영상', '가전', '구매', '모델', '추천', '찾다', '정보', '모델명', '확인', '영업', '사원', '물어보다', '제품', '제품', '대하다', '정보', '사양', '제품', '구매', '조언', '부탁', '드리다', '가격', '비싸다', '내리다', '고민']",5,2
843,항상 영상 잘 보고 있습니다 덕분에 혼수 마련하는데 큰 도움 받고 있어서 넘 감사한 마음 가득입니다 티비를 사는데 고민이 많아서 질문 드립니다 더세리프 더프레임 이 세개중에서는 오래 잘 쓸수 있는 안정적인 기능의 티비로 어떤걸 추천하시나요 가격적인 요소를 배제하고 추천 부탁드립니다 더세리프 더 프레임이 예뻐서 사고 싶었는데 기능적인 부분은 마지막 모델이 좋지 않은가 해서 질문 드립니다 감사합니다,"['영상', '덕분', '혼수', '마련', '크다', '도움', '감사', '마음', '티비', '사다', '고민', '많다', '질문', '드리다', '세리프', '더 프레이', '쓰다', '안정', '기능', '티비', '추천', '가격', '요소', '배제', '추천', '부탁', '드리다', '세리프', '프레임', '예쁘다', '사다', '기능', '마지막', '모델', '좋다', '질문', '드리다', '감사']",5,2
844,언제나 많은 도움 주셔서 감사합니다 oled 55인치 6년전에 구매하고 번인없이 잘 보고 있는데 화면을 키우고자 하여 2가지가 주된 고민입니다 1 비교할때 어느쪽이 좀더 나을까요 2 83인치가 77인치 비교 가격이 1 5배인데 그만한 가치가 있을까요 1 여부 화질 등 고려해서 잡았고 22년과 23년 차이가 크지 않다고 해서 490만원 으로 좁혔는데 23년형 더 나을지 고민입니다 그리고 시청거리가 이번에 더 키우지 않으면 여전히 작다고 느낄것 같아 83인치로 알아보려 하니 가장 저렴한게 750만원 수준이라 가격이 1 5배 뛰어버리니 고민이 크네요 주시청은 유튜브 ott 닌텐도 ps 폰 노트북에서 인강이나 다운로드 동영상을 미러링해서 보는 용도 등입니다 가장 신경쓰는 것이 화질 눈 피로감 등이고요 이번에 키우려는 목적도 주로 유튜브에서도 텍스트가 많은 것들을 보고 있어서 조금더 선명하게 글자를 보고 싶은게 크네요 83인치를 스펙다운하자니 b모델로는 안나와서 c급 q모델이 최하인것 같은데 77인치 대비 가격이 너무 높아져버려서 좀더 내려갈때까지 기다려야하는건지 아니면 그냥 77인치에 만족해야할지 아니면 큰 금액을 투입해야할지 여러모로 고민입니다 노서치님의 조언을 받을수 있으면 크게 도움될것 같습니다 미리 감사드립니다,"['많다', '도움', '감사', '구매', '화면', '키우다', '주', '고민', '비교', '비교', '가격', '가치', '화질', '고려', '차이', '크다', '좁히다', '고민', '시청', '거리', '키우다', '작다', '알아보다', '수준', '가격', '뛰다', '고민', '크다', '시청', '유튜브', '닌텐도', '노트북', '인강', '다운로드', '동영상', '미러', '용도', '신경', '쓰다', '화질', '피로감', '키우다', '목적', '유튜브', '텍스트', '많다', '선명', '글자', '크다', '스펙', '다운', '모델', '나오다', '모델', '최하', '대비', '가격', '높다', '내려가다', '기다리다', '만족', '크다', '금액', '투입', '고민', '노서치', '조언', '크다', '도움', '감사', '드리다']",5,2
845,글 잘 보고 43인치로 구매하려고 하는데요 용도가 영상 보면서 만드는게 주된 용도 이고 ott로 영상 보는 것입니다 원래 qled 라인으로 알아보고 있었는데 찾은 모델인 삼성 약 57만원 은 지원해서 제가 보는 넷플릭스나 웨이브는 해당 사항이 없는거 같아서요 혹시 위 용도에 맞는 추천 제품 있을지 궁금해요 uhd도 괜찮다면 lg 후보에 있구요 추가로 imac과 연결시에 hdmi to usb c를 구매할 때 구매하면 되는지도 궁금합니다 게시물 퀄리티와 상세함에 감탄했어요 고맙습니다,"['구매', '용도', '영상', '용도', '영상', '라인', '알아보다', '찾다', '모델', '삼성', '지원', '넷플릭스', '웨이브', '해당', '사항', '용도', '맞다', '추천', '제품', '괜찮다', '후보', '추가', '연결', '구매', '구매', '궁금하다', '게시물', '퀄리티', '감탄']",5,2
846,질문하나 있어 글남깁니다 현재 벽걸이용 85인치 tv를 한달정도 고르고 골라 최종적으로 3가지 정도 추렸습니다 사용용도는 ott 유투브 시청 용도로 거의사용하며 일반 방송은 잘 보진않습니다 예산은 200 300 정도 생각중입니다 후보군은 1 크리스탈uhd 7000번대 약200 2 oled 70번대 라인 약300 3 라인 약230 인데 고민인것이 업스케일링은 일반방송을 보질않으면 그닥 필요없을듯한데 선생님의 의견이 궁금합니다 ott화질로만 시청한다면 고가인 70번대라인 말고 60번대로 사도 괜찮을까요 또 여기서 갈라지는게 60번대 qled와 크리스탈7000번대인데 제가 사는지역에는 크리스탈과 60번대를 dp해놓은게 없어서 실물비교가 힘드네요 30만원 더 주고 qled로 가는게 더 나은선택일까요,"['질문', '남기다', '벽걸이', '고르다', '고르다', '최종', '추리', '용도', '유투브', '시청', '용도', '일반', '방송', '예산', '생각', '후보군', '크리스탈', '라인', '라인', '고민', '스케일링', '일반', '방송', '필요', '선생', '의견', '궁금하다', '화질', '시청', '고가', '라인', '말', '사다', '괜찮다', '갈라지다', '크리스탈', '사다', '지역', '크리스탈', '실물', '비교', '힘들다', '선택']",5,2
847,티비 모델 문의사항이 있습니다 55인치 거실용 티비를 하나 구매하고자 하는데 주사율 120이 되는 모델 삼성 중소기업에서 1개씩 추천 부탁드려도될까요 주 사용용도는 플스등 게임 티비시청 ott 시청이 될 것 같습니다 모델을 보고 있었는데 적당할지도 답변 부탁드리겠습니다,"['티비', '모델', '문의', '사항', '거실', '티비', '구매', '주사', '모델', '삼성', '중소기업', '추천', '부탁', '드리다', '용도', '플스', '게임', '티비', '시청', '시청', '모델', '답변', '부탁', '드리다']",5,2
848,안녕하십니까 이번에 삼성 더 세리프 55인치 구매하려고 보고있습니다 찾다 보니 모델명 마다 가격 차이가 큰데 기본 모델과 고급 모델과 같이 사양이 나누어 지는 건가요 사양이 나누어진다면 어떤 차이가 있을까요 돌비 애트모스가 지원 유무 차이가 있는거 같더라구요 혹시 패널과 같은 화질의 차이도 있을까 궁금합니다 가장 대표적인 차이들이 있는 모델명들 알려주신다면 정말 감사드리겠습니다 현재 가장 저렴한 금액 두개를 봤는데 이 둘의 차이는 어떤게 있을까요 1 405 000원 2 1 478 000원 3 감사합니다,"['안녕', '삼성', '세리프', '구매', '찾다', '모델명', '가격', '차이', '크다', '기본', '모델', '고급', '모델', '사양', '나누다', '사양', '나누다', '차이', '돌비', '애트모스', '지원', '유무', '차이', '패널', '화질', '차이', '대표', '차이', '모델명', '알리다', '감사', '드리다', '저렴하다', '금액', '차이', '감사']",5,2
849,출시되었다면 크기가 다르더라도 대부분의 성능이 동일한데요 일부 크기 43인치 제품은 콘솔게임기 pc를 연결해 게임을 즐길 때 화면의 찢어짐을 방지해 주는 freesync 기능이 탑재되어 있지 않습니다 그리고 세리프 라인은 아직까지 고급 모델이 따로 없습니다,"['출시', '크기', '다르다', '부분', '성능', '동일', '일부', '크기', '제품', '콘솔', '게임기', '연결', '게임', '즐기다', '화면', '찢어지다', '방지', '기능', '탑재', '세리프', '라인', '고급', '모델']",5,2
850,아이들이 티비를 해먹어서 구매를 해야되는 상황인데요 올레드를 봤어서 다른게 눈에 안들어옵니다 인치는 큰거로 가고싶지만 가성비 적당한 65인치 정도로 생각하고 있어요 기존55인치였는데 체감이 될까요 제일 질문드리고 싶었던 부분인데 이번에 엘지 올레드 2023년형 제품들이 출시되었는데 2022년형 제품들과 비교해서 모델 차이가 많이 큰가요 그리고 b모델과 c모델의 체감차이가 큰지 궁금합니다,"['아이', '티비', '먹다', '구매', '상황', '올레', '들어오다', '크다', '가성비', '생각', '기존', '체감', '질문', '드리다', '엘지', '올레', '제품', '출시', '제품', '비교', '모델', '차이', '크다', '모델', '모델', '체감', '차이', '크다', '궁금하다']",5,2
851,85인치 tv 구매 예정입니다 제가 본 모델이 이렇게 두개 모델인데 가격은 100만원 이상 차이나지만 기왕이면 좋은걸 사고 싶기도 한데 어느 모델이 어떻게 더 좋은 건지 판단이 안서서요 어디에서 차이가 나는지와 tv관련 조언 부탁드리겠습니다,"['구매', '예정', '모델', '모델', '가격', '이상', '차이', '좋다', '사다', '모델', '좋다', '판단', '서다', '차이', '조언', '부탁', '드리다']",5,2
852,삼성 모델과 엘지 모델중 어떤 것을 사야할지 고민중 입니다 궁금한 것은 다음과 같습니다 1 설명란에 miniled 가 빠짐으로써 반쪽짜리 qned 라고 하셨는데요 위에 기재한 삼성 제품 또한 miniled를 사용하지 않기 때문에 일반적인 사용자 기준 두 제품간의 유의미한 화질 차이는 없다 라고 생각해도 될까요 2 두 제품간의 코팅처리 및 밝기가 궁금합니다 모델은 최대 1500니트라고 기재 되어 있는데 평상시에는 밝기가 어떤지 참고할만한 사이트가 있을까요 아무리 찾아봐도 두제품에 대한 밝기에 관한 정보가 없습니다 거실에서 메인으로 사용할 tv를 고르는 것 이기 때문에 밝은 쪽으로 선택이 기울 것 같습니다 제품 구매 후 실 사용 상세 후기 남기도록 하겠습니다 감사합니다,"['삼성', '모델', '엘지', '모델', '사다', '고민', '궁금하다', '다음', '설명', '빠지다', '반쪽', '기재', '삼성', '제품', '일반', '사용자', '기준', '제품', '유의미', '화질', '차이', '생각', '제품', '코팅', '처리', '밝다', '궁금하다', '모델', '최대', '니트', '기재', '평상시', '밝다', '참고', '사이트', '찾아보다', '제품', '대하다', '밝다', '관하다', '정보', '거실', '메인', '고르다', '밝다', '선택', '기울다', '제품', '구매', '후기', '남기다', '감사']",5,2
853,맞습니다 말씀주신 모델은 해외판매용 모델명으로 국내 제품인 동일한 성능을 가지고 있습니다 그리고 달아 둔 url 첫 화면에 나오는 두 모델 중 우측의 삼성제품은 80라인 tv로 전체적인 성능은 83라인과 크게 다르지 않으니 화질이나 기본스펙 빛 반사 정도 밝기 등을 확인하시는데는 문제 없습니다,"['맞다', '말씀', '모델', '해외', '판매', '모델명', '국내', '제품', '동일', '성능', '가지다', '달다', '화면', '나오다', '모델', '우측', '삼성', '제품', '라인', '전체', '성능', '라인', '크다', '다르다', '화질', '기본', '스펙', '반사', '밝다', '확인', '문제']",5,1
854,65인치 중소기업 tv구매하려고 검색하던 중 픽은 작년 기준이라 현재 기준으로는 어떤 것을 사야할지 고민되어 글 남깁니다 아직도 프리즘코리아 제품이 1위 인지 궁금하구여 혹시 현재 기준으로 추천해줄 만한 제품이 있으신지 궁금합니다,"['중소기업', '구매', '검색', '작년', '기준', '기준', '사다', '고민', '남기다', '프리즘', '코리아', '제품', '궁금하다', '기준', '추천', '제품', '궁금하다']",5,2
855,삼성 85인치 가성비 모델 중 벽걸이로 설치하려고 합니다 1 195만원 2 225만원 3 255만원 1 1번과 2번의 스펙 차이가 있을까요 대략적으로 ub제품이 22년 ua제품이 21년으로 알고 있는데 25만원의 차이가 이해가 될 사항인지 궁금합니다 2 2번과 3번의 가장 큰 차이는 qled의 여부 같은데 2번과 3번의 화질이나 성능 차이가 거의 없다는 말이 많아서 문의드립니다 uhd와 qled의 차이가 많을까요 밝기가 3번이 조금 더 밝은 정도라고하는데 체감할 수 있는 부분이 있을까요 티비는 방송보고 유튜브나 영화 시청을 주로하고 게임은 하지 않을 예정입니다 바쁘시겠지만 좋은 의견과 이외의 추천 제품도 있으시면 말씀 부탁드립니다,"['삼성', '가성비', '모델', '벽걸이', '설치', '스펙', '차이', '대략', '제품', '제품', '차이', '이해', '사항', '궁금하다', '크다', '차이', '여부', '화질', '성능', '차이', '많다', '문의', '드리다', '차이', '많다', '밝다', '밝다', '체감', '티비', '방송', '유튜브', '영화', '시청', '게임', '예정', '바쁘다', '좋다', '의견', '이외', '추천', '제품', '말씀', '부탁', '드리다']",5,2
856,설명과 추천 감사해요 어머니께서 lg전자를 선호하시거든요 지금 g마켓에 lg 할인적용가 126만원에 올라와있던데 그것보다 추천해주신 삼성 더 나은 선택일까요 아니면 lg 저 3가지중에 화질면이나 가격까지 고려했을때 가장 나은 선택은 어떤건지 마지막으로 문의드려요,"['설명', '추천', '감사', '어머니', '전자', '선호', '마켓', '할인', '적용', '올라오다', '추천', '삼성', '선택', '화질', '가격', '고려', '선택', '마지막', '문의', '드리다']",5,2
857,선호하시고 제품을 120만 원 중반대로 구매 가능하다면 충분히 합리적입니다 그리고 삼성 제품인데요 화질차이는 분명 있지만 두 제품을 붙여두고 비교해 보지 않는 이상 차이를 느끼기 정말 힘들며 가격도 170만 원 대로 비싸기 때문에 제품을 구매하시는 것을 추천 드립니다,"['선호', '제품', '중반', '구매', '합리', '삼성', '제품', '화질', '차이', '제품', '붙이다', '비교', '이상', '차이', '힘들다', '가격', '비싸다', '제품', '구매', '추천', '드리다']",5,2
858,집에 tv가 망가져서 급하게 50 55인치 티비 고민중인데 우선 가성비 라인으로 골랐는데 아래 5개중 어떤게 젤 좋을까요 혹시 이것 말고도 다른 제품 추천해주실게 있다면 알려주세요 개인적으로는 1번이 좋아보이는데 추천 부탁드립니다 보통 자녀가 넷플릭스나 게임용도로 사용합니다 1 삼성 2 삼성 3 lg 4 lg 5 lg,"['망가지다', '급하다', '티비', '고민', '가성비', '라인', '고르다', '아래', '좋다', '말', '제품', '추천', '알리다', '개인', '좋다', '보이다', '추천', '부탁', '드리다', '자녀', '넷플릭스', '게임', '용도', '삼성', '삼성']",5,2
859,사전 이벤트로 사운드바 더프리스타일 이 제품 구매했다가 wtws 현재 이벤트로 사운드바 으로 변경을 생각 중인데요 두 모델 대비 사양 차이가 많이 나기는 합니다만 저는 티비를 잘 안보고 와이프가 보긴 보는데 실제로 집에서 화질 차이를 많이 못 느낄 거 같기도 해서 액자 활용 겸 고민 중 입니다 추천 해주세요 여유가 되면 이 제품을 사는게 맞을까요 이 모델도 매직스크린 라고 모델이 있어 집에 어울리게 꾸밀수는 있다고 들었는데 더프레임 모델처럼 모션 인식해서 화면 나오고 안나오고 하지는 않을걸로 보여 계속 켜두기는 좀 별로 인거 같더라구요 거실에는 커튼이 속커튼만 설치 하려고 하다보니 매트 디스플레이가 빛반사가 적다보니 고민 입니다 답변 미리 감사합니다,"['사전', '이벤트', '사운드', '프리스타일', '제품', '구매', '이벤트', '사운드', '변경', '생각', '모델', '대비', '사양', '차이', '티비', '와이프', '화질', '차이', '액자', '활용', '고민', '추천', '여유', '제품', '사다', '맞다', '모델', '매직', '스크린', '모델', '어울리다', '꾸미다', '프레임', '모델', '모션', '인식', '화면', '나오다', '나오다', '보이다', '켜다', '거실', '커튼', '커튼', '설치', '매트', '디스플레이', '반사', '적다', '고민', '답변', '감사']",5,2
860,주신 대로 ku crystal uhd kq qled가 맞습니다 그렇기 때문에 색상 표현능력 측면에서 분명한 차이가 있긴 하지만 두 제품을 나란히 두고 비교하지 않는 이상 큰 차이를 느끼기 힘듭니다 그리고 qled 제품도 성능에 따라 60 65 70 75 80 라인이 있는데요 고객님께서 말씀해 주신 제품은 22년형 60라인 제품으로 가장 기본형 제품이라 crystal uhd 제품과 약간의 색상표현 능력 차이 이외에는 큰 차이가 없습니다 qled 제품 중 실질적인 화면의 부드러움이나 더욱 밝은 밝기를 가진 제품을 찾고 계신다면 70라인 이상의 제품을 추천 드립니다 다만 70라인의 제품은 최소 50인치 대로 고객님께서 구매를 원하시는 크기보다 조금 클 수 있습니다,"['맞다', '색상', '표현', '능력', '측면', '차이', '제품', '두다', '비교', '이상', '크다', '차이', '힘들다', '제품', '성능', '따르다', '라인', '고객', '말씀', '제품', '라인', '제품', '기본', '제품', '제품', '색상', '표현', '능력', '차이', '이외', '크다', '차이', '제품', '실질', '화면', '밝다', '밝다', '가지다', '제품', '찾다', '라인', '이상', '제품', '추천', '드리다', '라인', '제품', '최소', '고객', '구매', '크기', '크다']",5,1
861,75인치 벽걸이 티비를 알아보고 있습니다 삼성전자 qled 와 neo qled의 화질 차이가 궁금합니다 vs 두제품 중에 선택을 하려고 하는데요 어떤 제품이 더 괜찮을까요 두제품의 가격차이가 조금 나는걸로 알고 있습니다 가격을 좀 더 지불할 만한 가치가 있을까요 부모님께서 쓰실 거라 거의 tv위주로만 시청할꺼 같습니다 화질차이가 분명하다면 neo qled로 선택하려구요 답변 부탁드립니다 감사합니다,"['벽걸이', '티비', '알아보다', '삼성전자', '화질', '차이', '궁금하다', '제품', '선택', '제품', '괜찮다', '제품', '가격', '차이', '가격', '지불', '가치', '부모', '쓰다', '위주', '시청', '화질', '차이', '선택', '답변', '부탁', '드리다', '감사']",5,2
862,55인치 tv를 찾는중입니다 가성비 품질 부가기능 순서로 제품을 찾고 있는데 무상as기간이 길면 좋을 것 같은 생각이 들더라구요 55인치대 무상 5년을 보장하는 제품중 이노스 zero edition 이나 이스트라 쿠카 smart the meta 이 제일 가성비 좋아보이는데 괜찮을까요 그리고 중고기업 제품에서 qled 제품이 제값을 하는지 궁금합니다,"['찾다', '가성비', '품질', '부가', '기능', '순서', '제품', '찾다', '무상', '기간', '길다', '좋다', '생각', '들다', '무상', '보장', '제품', '노스', '이스트', '쿠카', '가성비', '좋다', '보이다', '괜찮다', '중', '고', '기업', '제품', '제품', '제값', '궁금하다']",5,2
863,엘지를 선호하셔서 엘지 65인치 티비를 고려중입니다 아마 부모님은 기본적인 tv시청이랑 추가적으로 유튜브나 ott 사용 정도만 하실 것 같아서 화려한 부가적인 기능보다는 기본적인 성능과 내구성 가격이 중요사항인 상황입니다 엘지 65인치 가성비 라인으로 추천받던데 8300 라인대와 큰 차이가 있을까요 차이도 궁금합니다 65인치 100만원대 초반 정도의 예산으로 또 추천할만한 라인업이 있으신지 문의드리고 싶습니다 감사합니다,"['엘지', '선호', '엘지', '티비', '고려', '부모', '기본', '시청', '추가', '유튜브', '화려하다', '부가', '기능', '기본', '성능', '내구', '가격', '중요', '사항', '상황', '엘지', '가성비', '라인', '추천', '라인', '크다', '차이', '차이', '궁금하다', '초반', '예산', '추천', '라인업', '문의', '드리다', '감사']",5,2
864,자세한 내용에 너무 잘 보고 있습니다 저도 tv를 구매하려고 65 75인치를 찾다가 현장에 보니 85인치를 사야겠더라구요 원래 1백만원 전후를 보고 있었는데 가격도 올라갈테고 사이즈가 커지면 화질도 중요해져서 아래 제품명과 가격이고 이중에 어떤 제품이 화질도 좋으면서 가성비있는 부탁드리고 싶습니다 제가 적은 제품 말고 추천해주실 제품있으면 부탁드립니다 거의 넷플과 드라마 시청만 합니다 1 삼성 247만원 벽걸이 2 삼성 217만원 벽걸이 3 더함 200만원 4 더함 170만원 5 이스트라 qled 또는 uhd 가격 더함과 같음 6 이노스 등 기타 추천,"['내용', '구매', '찾다', '현장', '사다', '전후', '가격', '올라가다', '사이즈', '커지다', '화질', '중요', '아래', '제품명', '가격', '제품', '화질', '좋다', '가성비', '부탁', '드리다', '적다', '제품', '말', '추천', '제품', '부탁', '드리다', '넷플과', '드라마', '시청', '삼성', '벽걸이', '삼성', '벽걸이', '이스트', '가격', '노스', '기타', '추천']",5,2
865,제품 비교 및 추천 부탁드립니다 1 삼성 백라이트가 엣지형인지 직하형인지 8070이면 이미지 프로세서 등이 60 70라인업 보다는 좋은 것인지 2 삼성 65라인업이라서 70 80라인업에 비해 프로세서가 많이 딸리는지 3 lg 및 8300과 9300의 차이점 모델과 3개 중에서 추천을 해주신다면 가전은 lg라고 생각하는 사람이나 대형tv는 삼성이 더 낫다는 말을 들어서 거실에서 iptv 및 넷플릭스 시청이 주 목적이고 괄호 친 내용이 가장 궁금합니다 그리고 혹시나 1 2 3 중에서도 어떤 모델을 더 추천하시는 지도 알려주시면 감사하겠습니다,"['제품', '비교', '추천', '부탁', '드리다', '삼성', '백라이트', '엣지', '직하', '이미지', '프로세서', '라인업', '좋다', '삼성', '라인업', '라인업', '비하', '프로세서', '딸리다', '차이점', '모델', '추천', '가전', '생각', '사람', '늘다', '삼성', '거실', '넷플릭스', '시청', '목적', '괄호', '치다', '내용', '궁금하다', '모델', '추천', '알리다', '감사']",5,2
866,제품추천 부탁드립니다 가격은 270 300대 후반 정도 생각하고 있는데요 한번 사면 10년은 쓰게 되서 적당한 선에서 추천해 주신 qled 할지 조금 무리를 해서 neo qled 할지 고민하고 있습니다 부모님께 좀 크고 선명한 티비를 선물로 드리고 싶은데 투자한 만큼 크게 다가온다면 조금 무리해서 neo로 가고 아니면 한정된 예산으로 가려고 합니다 조언 부탁드립니다 아니면 가격대에 추천해 주실만한 제품이 있으신지,"['제품', '추천', '부탁', '드리다', '가격', '후반', '생각', '사다', '쓰다', '추천', '무리', '고민', '부모', '크다', '선명', '티비', '선물', '드리다', '투자', '크다', '다가오다', '무리', '한정', '예산', '조언', '부탁', '드리다', '가격대', '추천', '제품']",5,2
867,중소기업 tv 추천픽에 qled qd lcd 여부는 반영이 안 돼 있는데 최근에는 중소기업 qled 모델도 꽤 나오더라고요 이것도 포함해서 정리해주시면 더 좋지 않을까 싶습니다 사실 qled가 10만원 정도 웃돈주고 살 가치가 있는가에 대해서는 체험을 안 해봐서 모르겠지만,"['중소기업', '추천', '여부', '반영', '최근', '중소기업', '모델', '나오다', '포함', '정리', '좋다', '웃돈', '살다', '가치', '대하다', '체험']",5,2
868,거실용으로 사용하려고 리퍼매장 제품들을 보던중 lg 60만원 와 삼성 크리스탈 uhd 모델 50만 65만 이렇게 보고왔습니다 세가지 모델중 하나를 선택하려고 하는데 삼성과 lg 모델의 가격대비 비교와 장단점이 궁금합니다 한반사면 오래쓸 물건이기에 내구성과 품질도 궁금합니다,"['거실', '리퍼', '매장', '제품', '삼성', '크리스탈', '모델', '모델', '선택', '삼성', '모델', '가격', '대비', '비교', '장단점', '궁금하다', '사다', '쓰다', '물건', '내구', '품질', '궁금하다']",5,2
869,엘지꺼 쓰다가 액정 사망후 65인치 고르면서 보고 있는데 인터넷가로 백이십후반가격인데 조금 가격이 저렴한 제품 알아보고 있습니다 9300은 스마트 기능도 많고 1등급이고 저희는 스마트 기능은 많이 없어도 됩니다 비티비 사용중이고 1등급 알아보는중 지금 두 제품 이랑 8300시리즈 이랑 울트라hd 보고는 있는데 가격 저렴한제품으로 스펙 비슷하고 화질 갠찮은 가성비 제품 추해주세요 그리고 저거 차이가뭔가요,"['엘지', '쓰다', '액정', '사망', '고르다', '인터넷', '가로', '후반', '가격', '가격', '저렴하다', '제품', '알아보다', '스마트', '기능', '많다', '등급', '스마트', '기능', '비', '티비', '등급', '알아보다', '제품', '시리즈', '울트라', '가격', '저렴하다', '제품', '스펙', '화질', '가성비', '제품', '추하다', '차이']",5,2
870,많은 도움이 되었습니다 lg전자 이 제품은 어떤가요 중고 매물로 구매 고려하고 있습니다 용도는 넷플릭스 유튜브 플스게임 정도입니다 그리고 4 기술 이 요즘 나오는 티비엔 있는거같은데 저 모델은 지원이 안되는 거 같더라구요 이게 차이가 클까요,"['많다', '도움', '전자', '제품', '중', '고', '매물', '구매', '고려', '용도', '넷플릭스', '유튜브', '플스', '게임', '기술', '요즘', '나오다', '티비', '모델', '지원', '차이', '크다']",5,2
871,추가로 질문 드려도 괜찮을까요 해당 제품 구매해서 사용중에 있습니다 제가 앍로 이 제품이 지원되는 것으로 알고있는데요 최근 게임을 하는데 갓오브워 라그나로크 높은 프레임 레이트 모드 가 선택이 안되더라구요 제가 아는 혹시 다른 개념인지요 아닌건지 좀더 찾아보니 hdmi 2 1이 되어야 한다고 하는데 혹시 본 제품이 hdmi 2 1이 안되는건지 혹시 가능한 방법 있는지 별도 단자가 잇는지 등 문의 드립니다 매번 많은 도움 감사드립니다,"['추가', '질문', '드리다', '괜찮다', '해당', '제품', '구매', '제품', '지원', '최근', '게임', '갓 오브 워', '라그나로크', '높다', '프레임', '레이트', '모드', '선택', '개념', '찾다', '제품', '가능', '방법', '별', '단자', '문의', '드리다', '많다', '도움', '감사', '드리다']",5,2
872,tv에서 1초당 보여줄 수 있는 정지 이미지를 뜻하며 재생할 수 있는 제품에 전송하는 콘솔게임기를 연결할 경우 해당 프레임을 모두 시청할 수 있다는 뜻입니다 그리고 앞서 설명드린 부분과 같이 경우 0만 지원하기 때문에 컨텐츠를 즐기기 위해서는 플레이스테이션5 내에서 약간의 설정이 필요할 수 있는데요 플레이스테이션5에서 설정 스크린 및 비디오 출력 비디오 전송률에 들어가신 뒤 2를 선택해 보시기 바랍니다 hdr이 켜진 상태에서 2를 선택할 경우 크로마서브샘플링이 4 2 0으로 자동으로 설정됨,"['보이다', '정지', '이미지', '재생', '제품', '전송', '콘솔', '게임기', '연결', '해당', '프레임', '시청', '설명', '드리다', '지원', '컨텐츠', '즐기다', '위하다', '플레이스테이션', '설정', '필요', '플레이스테이션', '설정', '스크린', '비디오', '출력', '비디오', '전송', '들어가다', '선택', '바라다', '켜다', '상태', '선택', '크로마', '서브', '샘플링', '자동', '설정']",5,1
873,대로 플레이스테이션5 설정을 변경해봤는데 여전히 높은 프레임 레이트 모드 는 안 되네요 그냥 안되나봅니다 지원되는 tv인데 정작 데이터 전송률 때문에 무용지물이라니 아이러니하네요 해야겠습니다 답변 감사합니다,"['플레이스테이션', '설정', '변경', '높다', '프레임', '레이트', '모드', '지원', '정작', '데이터', '전송', '무용지물', '아이러니', '답변', '감사']",5,1
874,어머니 안방 티비 바꾸려고 합니다 픽에는 주로 큰 엘지티비 추천이 주를 이루는데요 43인치 혹은 50인치 로 고려하고 있습니다 맞춤 추천 돌려보니 삼성 티비가 나왔습니다 1 qled 2 qled 작은사이즈 엘지 티비 추천이 없는 이유가 있을까요 3 lg 울트라hd tv 이번주 판매인기 랭킹 상품 4 lg uhd tv 이렇게 까지 찾아보았습니다 가장 추천할 만한 제품은 무엇일까요 주로 밤에 불끄고 시청 많이 하십니다 고맙습니다,"['어머니', '안방', '티비', '바꾸다', '크다', '엘지', '티비', '추천', '이루다', '고려', '맞춤', '추천', '돌리다', '삼성', '티비', '나오다', '작다', '사이즈', '엘지', '티비', '추천', '이유', '울트라', '판매', '인기', '랭킹', '상품', '찾아보다', '추천', '제품', '끄다', '시청']",5,2
875,거실 tv 구매 전에 고민이 되어 문의드립니다 1 2 3 이렇게 3가지 고민 중인데요 1번에서 2번으로 갈때 약 30만원 2번에서 3번으로 갈때 약 30만원 정도 가격차이가 나더라구요 실제 견적구매가 실사용은 일반방송 및 ott 넷플릭스 등 iptv 정도일 것 같습니다 ott 영화 등 궁금한 부분이 실제로 투자한 만큼 체감이 날까하는 의문이 듭니다 모두다 uhd로 동일해서 화질에서 차이가 날까 이런 의문이 많이 들더라구요 그런데 또 한편으로는 75인치가 작은 크기는 아니니까 화면을 봤을 때 뭔가 화질이 덜 깨져보이고 더 좋아보이지 않을까 이런 생각도 들고 하더라구요 집이 해가 잘드는 편인데 저사양으로 가면 빛반사나 이런거에도 많이 취약하고 그런 것 같던데 고민이 엄청 됩니다 예산이 엄청나게 부족하거나 그렇진 않은데 가성비있게 합리적인 선택을 하고 싶습니다 도움 부탁드립니다,"['거실', '구매', '고민', '문의', '드리다', '고민', '가격', '차이', '견적', '구매', '일반', '방송', '넷플릭스', '영화', '투자', '체감', '의문', '들다', '동일', '화질', '차이', '의문', '들다', '한편', '작다', '크기', '화면', '화질', '깨지다', '보이다', '좋다', '보이다', '생각', '들다', '들다', '사양', '반사', '취약', '고민', '예산', '엄청나다', '부족', '가성비', '합리', '선택', '도움', '부탁', '드리다']",5,2
876,거실 메인 tv를 구매하려고 합니다 현재 보고 있는 제품은 다음과 같습니다 1 2 3 3개 제품 모두 비슷한 사양인거 같은데 추천을 해주실수 있으실까요 tv는 주로 넷플릭스 고화질 영화 nas연결 콘솔게임 가끔 iptv 시청입니다 오후에 구매 예정인데 추천해주시면 감사하겠습니다,"['거실', '메인', '구매', '제품', '다음', '제품', '비슷하다', '사양', '추천', '넷플릭스', '화질', '영화', '연결', '콘솔', '게임', '시청', '오후', '구매', '예정', '추천', '감사']",5,2
877,1 220만원 22년 4등급 2 190만원 lite 22년 1등급 3 181만원 lite 21년 1등급 1번이 2번과 3번 대비 30 40만원을 더 줄만큼 좋을까요 화질 소리 엑스박스클라우드 지포스나우 는 저에겐 크게 필요없는 기능이긴 합니다 75인치로 생각중이고 lg는 비싸서 우선 삼성 고려중입니다 1번보다 비싼건 예산외라서 뺐습니다,"['등급', '등급', '등급', '대비', '좋다', '소리', '엑스박스', '클라우드', '지포스', '크다', '필요', '기능', '생각', '비싸다', '삼성', '고려', '비싸다', '예산', '빼다']",5,2
878,33평형 아파트 거실용 85인급 tv를 알아보고 있습니다 기본 lcd led 레벨보다는 좋은 화질을 원하고 있고 가격은 웬만하면 250 350선에서 구매를 하고 싶은데 화질 차이가 좀 있다면 400만원대도 고려를 하고 있습니다 주로 지상파 ott 등을 시청하고 가끔 게임을 하지 않을까 싶습니다 제가 지금까지 눈 여겨 보고 있는 제품들은 아래 제품들이었습니다 삼성전자 qled 삼성전자 neo qled lg전자 qned lg전자 나노셀 그 중에서 웬만하면 가성비로 가려고 생각해서 삼성전자 qled 눈 여겨 보고 있습니다 qned neo qled 나노셀 제품들 중에서 제품 추천 부탁 드립니다,"['아파트', '거실', '알아보다', '기본', '레벨', '좋다', '화질', '원하다', '가격', '구매', '화질', '차이', '고려', '지상파', '시청', '게임', '지금', '여기다', '제품', '아래', '제품', '삼성전자', '삼성전자', '전자', '전자', '나노', '가성비', '생각', '삼성전자', '여기다', '나노', '제품', '제품', '추천', '부탁', '드리다']",5,2
879,신혼 혼수 생각하는데 1 가격 200 300 대에 75인치 qled 추천 상품이 있을지요 저 가격대에 없다면 추천 부탁드립니다 2 75인치로 나 스탠드형으로 추천 부탁드려요 가격 200 300대로요,"['신혼', '혼수', '생각', '가격', '추천', '상품', '가격대', '추천', '부탁', '드리다', '스탠드', '추천', '부탁드리다', '가격']",5,2
880,자취방 tv가 파손되어 50인치대 티비를 알아보고 있습니다 기존에 쓰던 모델은 lg 인데요 수리비 70만원 대 정도에서 비슷하거나 더 나은 tv를 알아보다가 님께서 추천해주신 삼성전자 대해 공부해보니 qled 60번대는 여러 부가기능이 빠져 있고 특히 사운드나 반사방지필름 등이 부족해 불편하다는 평이 좀 있어서 걱정됩니다 tv는 1등급을 사면 안된다고도 하구요 하여 질문드립니다 1 qled 60번대는 밝은 환경에서 보기 어려울까요 2 qled 60번대 부팅 속도 등 tv 속도는 괜찮을까요 3 비슷한 돈 로 lg uhd나 삼성전자 uhd의 다른 상위모델이 더 나을까요 혹시 그렇다면 추천해주실 모델 있으실까요 감사합니다,"['자취방', '파손', '티비', '알아보다', '기존', '쓰다', '모델', '수리비', '비슷하다', '알아보다', '추천', '삼성전자', '대하다', '공부', '부가', '기능', '빠지다', '사운드', '반사', '방지', '필름', '부족', '불편', '걱정', '등급', '사다', '질문', '드리다', '밝다', '환경', '부팅', '속도', '속도', '괜찮다', '삼성전자', '상위', '모델', '추천', '모델', '감사']",5,2
881,삼성전자 qled lg전자 울트라hd 두 제품중 구매고민인데 어떤 제품이 더 괜찮은 선택일지모르겠네요 주용도는 영화 넷플릭스 유튜브 등의 시청 등이고 장시간 시청목적은 아니라서요 hw 사운드바도 추가로 구입해서 사용할 생각이라 소리는 고려하지않고있습니다 제품추천부탁드립니다,"['삼성전자', '전자', '울트라', '제품', '구매', '고민', '제품', '괜찮다', '선택', '용도', '영화', '넷플릭스', '유튜브', '시청', '장시간', '시청', '목적', '사운드', '추가', '구입', '생각', '소리', '고려', '제품', '추천', '부탁', '드리다']",5,2
882,거실용 tv 75인치나 77인치 보고 있는데요 lg가 좋을지 삼성이 좋을지 고민중입니다 삼성 qled와 lg 나노셀 중 가격대 200 300만원대로 예능과 넷플 영화 많이 봅니다 추천부탁드립니다,"['거실', '좋다', '삼성', '좋다', '고민', '삼성', '나노', '가격대', '예능', '넷플', '영화', '추천', '부탁', '드리다']",5,2
883,올레드 qned 나노셀은 화질차이인가요 올레드가 65인치 75인치 가격차이가 많이나는데 75인치가 욕심이 나서 올레드를 포기한다면 qned 나노셀 중에 추천하실만한 제품 있을까요 올레드75인치는 거의600만원 가까이해서요 티비는 주로 아기유투브와 넷플 지상파방송예능 드라마 영화 이런거 위주로 많이 봐요,"['올레', '나노', '화질', '차이', '올레', '가격', '차이', '욕심', '레드', '포기', '나노', '추천', '제품', '레드', '티비', '아기', '유투브', '넷플', '지상파', '방송', '예능', '드라마', '영화', '위주']",5,2
884,3개중에 고민중인데요 거의 ott 공중파 이용해요 21년 22년 생산이 큰 차이가 있을까요 그리고 화질이 65 67 60 의 화질차이는 어느정도 나는지 궁금해요 꼭 삼성아니더라도 75인치 상품 추천부탁드려용,"['고민', '공중파', '생산', '크다', '차이', '화질', '화질', '차이', '궁금하다', '삼성', '상품', '추천', '부탁드리다']",5,2
885,삼성티비를 알아보고 있고 11월 초중순 구입예정입니다 현재 삼성 오프라인매장에서도 이런저런 할인이 많이 들어가긴 하던데 11월에 할인이 더 많이 들어가는지 궁금해요 11월엔 블프니 광군제니 월드컵이니 이런저런 행사가 많을거 같은 느낌적인 느낌이라서요 통산적으로 11월이 10월보다 나은지 궁금해요,"['삼성', '티비', '알아보다', '중순', '구입', '예정', '삼성', '오프라인', '매장', '할인', '들어가다', '할인', '들어가다', '궁금하다', '블프니', '군제', '월드컵', '행사', '많다', '느낌', '느낌', '산적', '궁금하다']",5,2
886,신혼가구로 중에서 고민입니다 가격은 인터넷 최거가 기준으로는 120정도 차이나는데 신혼견적으로했을때 60만원에서 70만원정도 더 비쌉니다 oled는 돌비 비전 돌비에트모스 모두 지원되고 신혼가전으로했을때 60 70밖에 가격차이가 안나서 괜찮은것 같고 크기의 메리트로 고민하면 구매후 60만원정도되는 돌비에트모스 지원되는 사운드바 구매도 고려중입니다 근데 또 돌비비전은 지원이안돼서 고민입니다 엘지베스트샵 직원분들은 그래도 다들 더 추천하기는하던데 아 집 평수는 34평입니다 게임은 별로하지 않고 일반방송과 해외축구 위주로 시청합니다 가끔 ott서비스도 이용하고요 사실 돌비가 그렇게 저한테 필요한지 모르겠지만 결혼후에는 ott서비스를 많이 이용할 것도 같고 출산이후로도 라이프패턴이 바뀔것 같아 고민입니다 고견부탁드립니다,"['신혼', '가구', '고민', '가격', '인터넷', '기준', '차이', '신혼', '견적', '비싸다', '돌비', '비전', '돌비에트모스', '지원', '신혼', '가전', '가격', '차이', '괜찮다', '크기', '메리트', '고민', '구매', '돌비에트모스', '지원', '사운드', '구매', '고려', '돌비', '비전', '지원', '고민', '엘지', '베스트', '직원', '추천', '평수', '게임', '일반', '방송', '해외', '축구', '위주', '시청', '서비스', '돌비', '필요', '결혼', '서비스', '출산', '이후', '라이프', '패턴', '바뀌다', '고민', '고견', '부탁', '드리다']",5,2
887,1 삼성 qled 85인치를 알아봤습니다 삼성 매장만 가봐서 이 제품과 유사한 엘지 85인치 추천해주실 수 있을까요 2 에너지 효율 등급도 차이가 많이 나는데 4등급과 1등급 이 부분도 중요하게 고려해야 할까요,"['삼성', '알아보다', '삼성', '매장', '제품', '유사', '엘지', '추천', '에너지', '효율', '등급', '차이', '등급', '등급', '중요', '고려']",5,2
888,1 삼성 이 제품 어떤가요 신제품도 있는데 같은 qled 중 제품을 추천하는 이유는 무엇일까요 2 중급정도 구매해야하는지 보급형과 별 차이가 없는지요 3 온라인 구매 시 삼성공식몰 외 사이트에서 구매해도 안전한가요 4 85인치 추천좀 해주세요 영상시청위주 삼성 qled로욤,"['삼성', '제품', '제품', '제품', '추천', '이유', '중급', '구매', '보급', '차이', '온라인', '구매', '삼성', '공식', '사이트', '구매', '안전', '추천', '영상', '시청', '위주', '삼성']",5,2
889,65인치 티비 찾고 있습니다 이랑 전기세가 많이 차이나나요하나는 4등급 하나는 1등급이네요 65인치 하나만 있는거죠 뒤에영어가 조금씩 다른 모델은 없는거죠 부모님 티비만 보실 용도구요 화질은 70이 65보다 좋다던데 많이 차이나나요 화질 좋은 것을 찾으십니다 구리고 모델명이 같으면 대리점이나 인터넷이나 같은 부품을 사용하나요 인터넷으로 사도 되려는지요,"['티비', '찾다', '전기세', '차이', '등급', '등급', '영어', '다르다', '모델', '부모', '티비', '용도', '화질', '좋다', '차이', '화질', '좋다', '찾다', '구리', '모델명', '대리점', '인터넷', '부품', '인터넷', '사다']",5,2
890,삼성 파브 15년쓰다가 이사로 알아보고 있는데 정말 어렵네요 neo qled 보고 있고 추천부탁드려요 이거 알아보는것도 몇일 걸렸네요 잘은 모르지만 80라인은 조명 공간등에 따라 최적화된 화면조정이 댄다고 하니 맘에들더라구요 추천부탁드려요,"['삼성', '파브', '쓰다', '이사', '알아보다', '추천', '부탁드리다', '알아보다', '걸리다', '라인', '조명', '공간', '따르다', '최적', '화면', '조정', '대', '들다', '추천', '부탁드리다']",5,2
891,70 83 88 라인 afxkr 70 80 90 라인 afxkr 재가 공부한게 맞나 모르겠어요 75인치 고급형이 80라인으로 알고있어요 날지 85인치 증급 70라인으로 알고있어요 추천부탁드려요,"['라인', '라인', '공부', '맞다', '고급', '라인', '라인', '추천', '부탁드리다']",5,1
892,qled 제품의 모델명은 크기 인치 qnb 22년 qna 21년 구조로 모델명이 정해지며 83 85 88 90 95 라인업으로 출시되고 있습니다 그리고 qled 제품은 크기 인치 qb 22년 qa 21년 구조로 되어있으며 60 65 67 70 75 80 등의 라인업이 출시되고 있기 때문에 현재 출시되어있는 제품이 아닙니다 정확한 모델명을 알기 힘드시다면 현재 이사하시는 가정의 평수 사용목적 콘솔게임 이용 셋톱박스로 케이블tv만 시청 넷플릭스 유튜브 등 각종 ott서비스를 사용 을 알려주시면 추천 모델을 말씀 드리겠습니다,"['제품', '모델명', '크기', '구조', '모델명', '정하다', '라인업', '출시', '제품', '크기', '구조', '라인업', '출시', '출시', '제품', '정확', '모델명', '힘들다', '이사', '가정', '평수', '목적', '콘솔', '게임', '셋톱박스', '케이블', '시청', '넷플릭스', '유튜브', '각종', '서비스', '알리다', '추천', '모델', '말씀', '드리다']",5,2
893,잘못 알고 았었네요 다 네오라인으로 알고 34평형 tv시청 ott서비스 영화를 바요 80 95 라인업에 따라 금액차이 크드라구요 네오 80 85 이랑 네오 85 88 어떤게 가성비가 좋을까요 사실 라인업에 따른 설명들어도 잘 모르겠드라구요 이사는 했지만 아직 티비는 없어요 다른 모델도 추천주시면 찾아볼께요 좀 답답하시죠,"['았었네', '네오', '라인', '시청', '서비스', '영화', '라인업', '따르다', '금액', '차이', '크다', '네오', '가성비', '좋다', '라인업', '따르다', '설명', '이사', '티비', '모델', '추천', '찾다']",5,2
894,괜찮습니다 현재 55 75인치대의 제품 가격대가 매우 좋고 아직 85인치 제품의 가격은 많이 비싼 상황이기에 neo qled tv 중에서 합리적인 가격대를 가진 제품을 추천 드립니다 이 제품은 백라이트를 개별 제어할 수 있는 neo qled 75인치 제품 중 가장 저렴한 가격대를 가지고 있는 제품인데요 상위 라인업인 90 95 라인업의 제품과 백라이트 제어 능력에서 차이가 나긴 하지만 85라인업도 매우 준수한 성능을 가지고 있다고 평가 받고 있습니다 백라이트 제어 능력 이외에는 약간의 밝기 색상 조절 부가 기능 사운드 출력이 달라지지만 활용도가 낮고 사운드바를 구매 하시는게 더욱 합리적입니다 만약 명암비를 높여 어두운 부분과 밝은 부분을 제대로 볼 수 있는 백라이트 개별 제어 로컬디밍 기술이 크게 필요하지 않으시고 사운드바를 따로 구매하실 생각이 있으시다면 200만원 초반으로 구매 가능한 제품도 고려해 보시는걸 추천 드려요,"['괜찮다', '제품', '가격대', '좋다', '제품', '가격', '비싸다', '상황', '합리', '가격', '가지다', '제품', '추천', '드리다', '제품', '백라이트', '개별', '제어', '제품', '저렴하다', '가격', '가지다', '제품', '상위', '라인업', '라인업', '제품', '라이트', '제어', '능력', '차이', '라인업', '성능', '가지다', '평가', '백라이트', '제어', '능력', '이외', '밝다', '색상', '조절', '부가', '기능', '사운드', '출력', '달라지다', '활용', '낮다', '사운드', '구매', '합리', '만약', '명암', '높이', '밝다', '백라이트', '개별', '제어', '로컬디밍', '기술', '크다', '필요', '사운드', '구매', '생각', '초반', '구매', '가능', '제품', '고려', '추천', '드리다']",5,1
895,삼성 3개중에 고민중입니다 34평에 벽걸이 생각중이고 ott 게임 엑박등 은 안합니다 사용범위 공중파 케이블 usb로영화보기 크롬캐스트정도 예상 qled는 예산상 65를해야할거같고 크리스탈uhd는 75도 가능할것같아서요 크리스탈uhd가 화질이 많이 딸릴까요 10인치를 더하냐 아님 qled로 업글하냐 고민이네요 ai업스케일링등이 얼마나 효과적인지도 궁금하구요,"['삼성', '고민', '벽걸이', '생각', '게임', '엑박', '범위', '공중파', '케이블', '영화', '크롬', '캐스트', '예상', '예산', '크리스탈', '가능', '크리스탈', '화질', '딸리다', '고민', '스케일링', '효과', '궁금하다']",5,2
896,이번에 55인치 티비를 구매하려고 합니다 두가지 제품을 보고 있습니다 화질을 우선으로 보고 있는데 전체적인 부분에서 어떤제품이 더 나은지 추천좀 부탁드립니다 보통 케이블 방송 시청과 게임을 주로 합니다 감사합니다,"['티비', '구매', '제품', '화질', '우선', '전체', '제품', '추천', '부탁', '드리다', '케이블', '방송', '시청', '게임', '감사']",5,2
897,삼성 크리스탈 uhd 75인치를 구매하려 하는데요 7000 7050 8070 8090 9500 화질 차이가 많이 있나요 아님 명암비가 다른가요 부가기능은 차이가 있는 걸 확인했습니다 음성인식이나 포트 여러개는 안 쓸 기능이라 75인치 화질 제일 좋은걸 선택 1순위로 두고 있습니다,"['삼성', '크리스탈', '구매', '화질', '차이', '명암', '다르다', '부가', '기능', '차이', '확인', '음성', '인식', '포트', '쓰다', '기능', '화질', '좋다', '선택', '순위', '두다']",5,1
898,65인치 티비 중 빛반사 잘되고 hdr 잘 들어간 제품을 찾다가 20년형 240만원 21년형 260만원 둘 중 고민하고 있는데요 밝은 거실에서 넷플 ott 등의 시청이 주사용 용도입니다 혹시 둘 중 어떤제품이 나을까요,"['티비', '반사', '들어가다', '제품', '찾다', '고민', '밝다', '거실', '넷플', '시청', '용도', '제품']",5,2
899,중 고급형 모델로 둘 다 종합적인 성능이 뛰어난 제품이지만 화질 측면에서 neo qled 기술이 적용된 조금 더 나은 편입니다 11월 기준 가격도 300만원대로 많이 높아진 상황이라 두 제품 중 비교한다면 추천드립니다,"['고급', '모델', '종합', '성능', '뛰어나다', '제품', '화질', '측면', '기술', '적용', '기준', '가격', '높다', '상황', '제품', '비교', '추천', '드리다']",5,1
900,두가지 질문이 있습니다 1 55인치 추천 제품인 제품을 보다가 동일한 uhd제품인 제품을 알게되었습니다 이래저래 확인해보니 제품간에 차이라고는 사실상 크기밖에 없고 가격은 85 90만원 125 130만원 쯤 되더라고요 가성비가 괜찮은 걸로 생각 가능한지 궁금합니다 2 또 알아보다보니 있더라고요 가격은 거의 동일하되 차이라고는 인공지능리모컨이 별매가 아닌 기본이고 에너지등급이 1등급이더라고요 이렇게 보면 781제품으로 가는게 좋아보이는데 찾아보니 en이나 kn등이 아닌 그런지 사은품 렌탈용 폐쇄몰 판매용 제품이라고 하더라고요 사은품 등으로 판매되는 제품이라고 하니 부품이나 그런걸 저렴한걸 쓰지않을까 하는 생각이 듭니다 괜찮을까요,"['질문', '추천', '제품', '제품', '동일', '제품', '제품', '확인', '제품', '차이', '크기', '가격', '가성비', '괜찮다', '생각', '가능', '궁금하다', '알아보다', '가격', '동일', '인공', '지능', '리모컨', '기본', '에너지', '등급', '등급', '제품', '좋다', '보이다', '찾아보다', '사은품', '렌탈', '폐쇄', '판매', '제품', '사은품', '판매', '제품', '부품', '저렴하다', '쓰다', '생각', '들다', '괜찮다']",5,2
901,lg 삼성 75인치 기본 모델로 말씀하신 용도로 충분한 성능의 제품입니다 화질 사운드 기능에 거의 차이가 없고 만족도도 전반적으로 높은 제품들이라 선호하는 제조사가 없다면 결제 조건을 고려해 저렴하게 구입할 수 있는 쪽 선택을 추천드립니다,"['삼성', '기본', '모델', '말씀', '용도', '성능', '제품', '화질', '사운드', '기능', '차이', '만족도', '전반', '높다', '제품', '선호', '제조사', '결제', '조건', '고려', '저렴하다', '구입', '선택', '추천', '드리다']",5,2
902,65인치 tv구매하려고 합니다 lg 고민하는데 어느것이 가성비가 좋을까요 tv 시청은 공중파 위주 저녁시간대로 그리 많은 편이 아니고 영화는 어쩌다 한번씩 무료 영화로 보는 편입니다 그렇지만 너무 화질이나 성능이 떨어지는 제품은 사기 그렇고 한번 구입하면 상당 기간 사용해야 하기 때문에 일정 정도 이상의 수준을 가지고 있는 것을 사려고 합니다 감사합니다,"['구매', '고민', '가성비', '좋다', '시청', '공중파', '위주', '저녁', '시간대', '많다', '영화', '무료', '영화', '화질', '성능', '떨어지다', '제품', '사다', '구입', '상당', '기간', '일정', '이상', '수준', '가지다', '사다', '감사']",5,2
903,제품이 나노셀 기술이 적용된 제품으로 제품보다는 화질이 더 좋은 제품입니다 현재 온라인 최저가 기준 30만원 정도 차이가 나는데 오래 사용하시고 화질에 신경을 쓰신다면 나노셀을 추천드립니다,"['제품', '나노', '기술', '적용', '제품', '제품', '화질', '좋다', '제품', '온라인', '최저', '기준', '차이', '화질', '신경', '쓰다', '나노', '추천', '드리다']",5,2
904,삼성이나 엘지 75인치 uhd tv 추천부탁드립니다 uhd셋탑박스 이용중이고 주로 영화시청 게임을 합니다 집이 공급24평이긴하지만 일단 요거 고민중인데 비슷한 성능의 더저렴한 모델있으면 추천 부탁드립니다 화질만 비슷하다거나 좋다면 다른 부가능력은 더 빠져도 상관없습니다,"['삼성', '엘지', '추천', '부탁', '드리다', '박스', '영화', '시청', '게임', '공급', '고민', '비슷하다', '성능', '저렴하다', '모델', '추천', '부탁', '드리다', '화질', '좋다', '부가', '능력', '빠지다', '상관']",5,2
905,어머니가 방에서 보실 43인치 가성비 tv 제품 추천부탁드립니다 가격은 50만원대나 그 이하 생각중입니다 삼성이나 lg 제품 구입하려고 검색중에 55만 or 49만 이 2개가 괜찮아 보여서 구입하려는데 에서 추천하는 다른 제품이 있을까요,"['어머니', '가성비', '제품', '추천', '부탁', '드리다', '가격', '이하', '생각', '삼성', '제품', '구입', '검색', '괜찮다', '보이다', '구입', '추천', '제품']",5,2
906,65인치 중 가성비 제품 추천 부탁 드립니다 화질 염려 때문에 더 큰 건 원치 않아서 65에서 고르려고 합니다 가능하다면 엘지 것이면 좋겠고요 삼성은 되도록 피하려 하긴 해요 기왕이면 유튜브나 뭐 웨이브 티빙 같은 정도는 편히 보실 수 있음 좋겠으나 이건 안 되면 어쩔 수 없겠죵 아 나노셀 모델 나름 저렴한 거 봤다가 빛샘 느낌이라든가 어두울 때 보면 불편하다든지 뭐 그런 걸로 불만족 후기가 많아서 봤다가 포기했어요 울트라 uhd는 어떤 지 모르겠고 아무튼 고민하다 복잡하고 어려워 가성비 화질 부분에서 불편함 안 느끼실만한 것을 여쭤봅니다,"['가성비', '제품', '추천', '부탁', '드리다', '화질', '염려', '크다', '고르다', '가능', '엘지', '좋다', '삼성', '피하다', '유튜브', '웨이브', '티빙', '좋다', '어쩌다', '나노', '모델', '저렴하다', '느낌', '불편', '만족', '후기', '많다', '포기', '울트라', '고민', '가성비', '화질', '불편', '여쭈다']",5,2
907,이 글 덕분에 티비고르기 수월해졌습니다 감사합니다 그런데 추천해주신 135만원 와 185만원 해외구매 165만원 중에 고민중입니다 1 185만원 와 해외구매 165만원 같은 경우는 사양이 비슷하던데 어떤 차이가 있나요 2 91이 더 고사양 아닌가요 왜 더 쌀까요 3 해외구매의 경우 한국말 음성인식이 안되는 건가요 4 해외구매라도 셋탑박스가 있으면 티비보는데 아무지장이 없는걸까요 5 셋중에 어떤것을 고르는게 가장 후회가 없을까요,"['덕분', '티비', '고르다', '감사', '추천', '해외', '구매', '고민', '해외', '구매', '사양', '차이', '사양', '싸다', '해외', '구매', '한국말', '음성', '인식', '해외', '구매', '박스', '티비', '지장', '고르다', '후회']",5,2
908,해외구매 모델은 스펙이 정확하게 공개되어 있지 않습니다 정확한 정보는 제조사에 문의하시는 것이 좋을 것 같습니다 2 일반적으로 상위모델이라도 해외구매 시 더 저렴합니다 3 한국 음성인식 지원이 되는 모델도 있습니다 4 스마트 기능을 셋탑박스로 사용하신다면 시청하는데에 문제 없습니다 5 3개 제품 중 화질스펙은 83모델이 가장 낮기는 합니다 다만 화질에 대해 민감하지 않으시다면 충분한 스펙이며 가성비가 가장 좋습니다 예산에 맞추어 선택하시면 좋을 것 같습니다,"['해외', '구매', '모델', '스펙', '정확', '공개', '정확', '정보', '제조사', '문의', '좋다', '일반', '상위', '모델', '해외', '구매', '저렴하다', '한국', '음성', '인식', '지원', '모델', '스마트', '기능', '박스', '시청', '문제', '제품', '화질', '스펙', '모델', '낮다', '화질', '대하다', '스펙', '가성비', '좋다', '예산', '맞추다', '선택', '좋다']",5,2
909,1 시청거리 3 5 4미터 2 넷플릭스 iptv로 예능 월드컵때 축구 3 예산 맥시멈 300 현재 중소기업 55인치 사용 중이며 10년간 사용해오면서 응답속도 느린거 제외하곤 큰 불편함 없이 사용 중입니다 오늘 매장가서 둘러보고 왔는데 개인적으로 성능을 타협해서 크기를 늘리고 싶은 욕심입니다 70인치대를 보니 우와 정말 크다 하다가 옆에 있는 80인치대를 보니 화질이고 뭐고 70인치대는 눈에 들어 오지도 않더군요 이 제품을 생각하고 있는데 괜찮을 선택일지요 그리고 혹시 예산을 조금 초과하거나 예산내에서 크기를 약간 타협해서 다른 모델 추천해 주실만한게 있을까요,"['시청', '거리', '넷플릭스', '예능', '월드컵', '축구', '예산', '맥시멈', '중소기업', '응답', '속도', '느리다', '제외', '크다', '불편', '매장', '둘러보다', '개인', '성능', '타협', '크기', '늘리다', '욕심', '크다', '화질', '들다', '제품', '생각', '괜찮다', '선택', '예산', '초과', '예산', '크기', '타협', '모델', '추천']",5,2
910,한번 보시고 나면 70인치도 정말 작다고 느끼는 경우가 많습니다 시청거리가 길기 때문에 80인치도 충분히 사용할 수 있다고 보여지며 예산내에서 좋은 선택이라고 생각됩니다 약 30만원 정도 더 저렴하니 예산을 줄이시려면 좋은 대안입니다,"['작다', '많다', '시청', '거리', '길다', '보이다', '예산', '좋다', '선택', '생각', '저렴하다', '예산', '줄', '좋다', '대안']",5,2
911,말씀하시는 거라면 20년형 qt a 21년형 qa a 또는 qna a입니다 20년형과 21년형 모두 채널코드 앞은 a로 같으며 q다음 알파벳만 차이가 있습니다 아직 21년형은 출시가 많이 안되어서 모델명 업데이트는 하지 않았고 20년형 기준 구매가이드에 나와있는 내용이 맞습니다,"['말씀', '채널', '코드', '다음', '알파벳', '차이', '출시', '모델명', '업데이트', '기준', '구매', '가이드', '나오다', '내용', '맞다']",5,1
912,추천해주신 200만원대후반이 아니라 300후반으로 판매하네요 혹시 200만원대로 엘지제품 65인치 추천해주실만한게 있을까용 아님 올레드 포기하고 나노셀로 갈까용 아 그리고 가전 고르면서 추천해주신거로 다 샀어요 감사합니다,"['추천', '후반', '후반', '판매', '엘지', '제품', '추천', '올레', '포기', '나노', '가전', '고르다', '추천', '사다', '감사']",5,2
913,얼마전 공기청정기 추천으로 좋은제품 잘 구매했습니다 이번엔 티비 구매하려 합니다 주로 넷플릭스 iptv 유튜브 이용하고 55인치 100만원 이하로 구매하려 합니다 현재 중 생각중인데 다른제품도 좋으니 추천 부탁드립니다,"['얼마', '공기', '청정기', '추천', '좋다', '제품', '구매', '티비', '구매', '넷플릭스', '유튜브', '이하', '구매', '생각', '제품', '좋다', '추천', '부탁', '드리다']",5,2
914,지난번 추천으로 티비 잘구매했는데요 1대 더 구매할듯한데요 55인치 삼성 엘지 보고있는데요 1 2 3 이렇게 3모델을 봤는데요 1 2번은 별차이없는거같은데요 혹시 1 2 3번 중에서 어르신들이 쓸건데요 화질 가격 성능 제일 무난한게 어떤걸까요 장단점및추천부탁드립니다,"['지난번', '추천', '티비', '구매', '구매', '삼성', '엘지', '모델', '차이', '어르신', '쓰다', '화질', '가격', '성능', '제일', '장단점', '추천', '부탁', '드리다']",5,2
915,중 어떤 tv가 나을지 고민중인데요 iptv 넷플릭스 유튜브 등을 이용할 건데 화질은 나노셀이 더 좋을 것 같은데 ips 패널이라 빛샘이나 암부표현이 걱정되서요 둘 중에 어떤 tv가 좋을까요 그리고 비슷한 가격대에 다른 좋은 tv가 있다면 추천해주시길 바랍니다,"['고민', '넷플릭스', '유튜브', '화질', '나노', '좋다', '패널', '표현', '걱정', '좋다', '가격', '좋다', '추천', '바라다']",5,2
916,80세 아버지 위한 tv구매계획 27평 아파트에 혼자 거주하심 뉴스와 스포츠 주로 시청 네이버 검색이나 유튜브 옛날 영화 시청 가능한 tv 희망 32 최대 42인치의 가성비 좋은 lg나 삼성제품 추천 부탁드립니다,"['아버지', '위하다', '구매', '계획', '아파트', '혼자', '거주', '뉴스', '스포츠', '시청', '네이버', '검색', '유튜브', '옛날', '영화', '시청', '가능', '희망', '최대', '가성비', '좋다', '삼성', '제품', '추천', '부탁', '드리다']",5,2
917,잘 보고 있어요 65인치 티비 알아보고 있는데요 삼성 중에 둘차이가 중급과 고급형으로 매직스크린과 삼성 스마트컨트롤 유무차이고 가격은 20만원 차이나더라구요 유튜브와 넷플릭스볼껀데 둘중 뭐가 괜찮을까요,"['티비', '알아보다', '차이', '중급', '고급', '매직', '스크린', '삼성', '스마트', '컨트롤', '유무', '차이', '가격', '차이', '유튜브', '넷플릭스', '괜찮다']",5,2
918,거실용으로 85인치 정도되는 티비를 알아보고있는데요 oled 나 qled처럼 넘 비싸지않은 모델 추천해주실수 있을까요 lg나 삼성 중에서요 엄청 고화질을 원하는건 아니구요 걍 넷플릭스나 외장하드 연결해서 영화보는 정도요 직구도 고려해봤는데 돈 조금 더 들더라도 국내에서 사고싶네요 글고 사운드바가 있는 거랑 없는 거랑 많이 차이날까요 아파트층간소음도 걱정되긴해서요 미리 감사드립니다,"['거실', '티비', '알아보다', '비싸다', '모델', '추천', '삼성', '화질', '원하다', '넷플릭스', '외장', '하드', '연결', '영화', '직구', '고려', '들다', '국내', '사다', '사운드', '차이', '아파트', '소음', '걱정', '감사', '드리다']",5,2
919,올레드 65 신혼 가전으로 봤는데 비싸고 가고 싶은데 lg나 삼성 추천 모델이 있으신가요 lg 7850 이랑 lg 7000 둘 중에 뭐가 차이 나는가요 사운드 바 추천 모델이 있을까요,"['올레', '신혼', '가전', '비싸다', '삼성', '추천', '모델', '차이', '가다', '사운드', '추천', '모델']",5,2
920,본가 설치용이라 직구가 가격좋은걸 알지만 아무래도 내수용으로 사드릴까하구요 집은 국민평수인 30평대 초반이구요 65인치 사려다 75인치가 가격이 좀 내려간것같아서 75로 사려구요 85는 여전히 비싼것같네요 브랜드는 무조건 lg라고 lg만 선호하시네요 한번사면 적어도 10년은쓰니 몇십만원 차이나는것보다 괜찮은거로 사구싶네요 설명주신것처럼 oled는 너무비싸서 uhd로 스스로 타협봤습니다 추가적으로 실사용은 u ip tv로 지상파 공중파 채널 80프로 간혹 넷플 20프로 비율로 시청 예정입니다 질문은 아래와 같습니다 1 많이 조사해보니 혹은 좁혀지는것 같은데 혹시 위 두모델 중 더 추천하시는거나 혹은 님께서 추천하시는 모델이 있을까요 온 오프라인 돌아볼 예정인데 모델별 적정가격대도 부탁드립니다 나노는 iptv비중이 높으면 어차피 체감은 7800이랑 비슷하다고 얘기하시는분이많아서 고민이네요 2 으뜸효율환급이 올해다시한다는데 무작정 기다리는게 맞을까요 대상인원은 해당안되는데 소문에 전국민은 10프로라도 낮게 페이백해준다는 썰이있긴하지만 1등급은 밝기가낮아져 비추하고 으뜸효율할땐 어차피 1등급제품은 제조사에서 가격올려서 그냥 아무때나사는게 낫다는 의견도 있어서요 님은 어떻게 생각하시나요 질문이 길어 죄송합니다,"['보다', '설치', '직구', '가격', '좋다', '수', '사다', '국민', '평수', '초반', '사다', '가격', '내려가다', '사다', '비싸다', '브랜드', '선호', '사다', '쓰다', '차이', '괜찮다', '사다', '설명', '비싸다', '타협', '추가', '실사', '지상파', '공중파', '채널', '프로', '넷플', '비율', '시청', '예정', '질문', '아래', '조사', '좁히다', '모델', '추천', '추천', '모델', '오프라인', '돌아보다', '예정', '모델', '적정', '가격대', '부탁', '드리다', '비중', '높다', '체감', '이랑', '얘기', '많다', '고민', '으뜸', '효율', '환급', '올해', '작정', '기다리다', '맞다', '대상', '인원', '해당', '소문', '국민', '낮다', '페이', '등급', '밝다', '낮다', '비추다', '으뜸', '효율', '등급', '제품', '제조사', '가격', '올리다', '사다', '의견', '생각', '질문', '길다', '죄송하다']",5,2
921,지난번에는 40 50인치대 tv제품을 질문드렸는데요 그때는 엘지 제품들 만 나열을 했었는데요 혹시 삼성제품들까지 들어가게 되면 가성비라던지 화질 그런걸 다고려했을떄 괜찮은 모델이 어떤게있을까요 삼성제품들은 검색해본게 크리스탈 tv 이정도인데용 혹시 님이 생각하는 43인치 대에 제일 괜찮은 추천 하시는 제품이 있으시면 추천 부탁드리겠습니다 근데 가격이 그래서 43인치로만 생각중이에요 근데 삼성은 숫자뒤에 8정도 되야지 괜찮다고 하더라고용 삼성 엘지 다 포함해서요 가격은 50 60정도 생각중입니다,"['지난번', '제품', '질문', '드리다', '그때', '엘지', '제품', '나열', '삼성', '제품', '들어가다', '가성비', '화질', '고려', '괜찮다', '모델', '삼성', '제품', '검색', '크리스탈', '생각', '괜찮다', '추천', '제품', '추천', '부탁', '드리다', '가격', '생각', '삼성', '숫자', '괜찮다', '삼성', '엘지', '포함', '가격', '생각']",5,2
922,곧 이사를 앞두고 있어 새로운 tv를 사려고 합니다 며칠 전 베스트샵에 방문했더니 추천해주셨습니다 집은 35평형 정도 되는데요 외에 비슷하거나 살짝 더 나은 스펙의 추천 모델이 있는지 궁금합니다,"['이사', '앞두다', '사다', '며칠', '베스트', '방문', '추천', '스펙', '추천', '모델', '궁금하다']",5,2
923,티비 구입 관련하여 질문이 있습니다 부모님 댁에 티비를 바꾸려고 하는데요 대충 40인치대에서 50인치 대를 보고 있는데요 이정도 3개로 봤는데요 첫번쨰 두번째 모델은 단순히 사이즈 차이고용 세번째 모델은 나노셀이던데용 나노셀은 43인치 위로는 55인치가 있어서 55인치 가격은 약간 부담스럽더라고용 3개는 가격대가 비슷하면서 큰차이는 없던데요 혹시 3개 중 화질이라던지 패널 그런거중에서 추천하시는 모델이 있으신지 답변부탁드립니다,"['티비', '구입', '질문', '부모', '티비', '바꾸다', '모델', '사이즈', '모델', '나노', '나노', '가격', '부담', '가격대', '크다', '차이', '화질', '패널', '추천', '모델', '답변', '부탁', '드리다']",5,2
924,운영자 여러분 새해에 건강하시고 부자되시고 더욱 성장하는 한해 되시기 바랍니다 80인치 이상 tv를 알아보고 있습니다 lg oled tv를 선호하지만 가격때문에 엄두를 내지 못하고 있습니다 삼성과 lg 중 화질에 대한 가성비 추천 모델 부탁 드립니다 해외직구 포함해서 알려주시면 고맙겠습니다 그런데 해외 직구 모델도 netflix youtube primevideo disney 등의 시청이 가능한지요 iptv 는 통신사로 현재 kt 입니다 감사합니다,"['운영자', '새해', '건강', '부자', '성장', '바라다', '이상', '알아보다', '선호', '가격', '엄두', '내다', '삼성', '화질', '대하다', '가성비', '추천', '모델', '부탁', '드리다', '해외', '직구', '포함', '알리다', '해외', '직구', '모델', '시청', '가능', '늘다', '통신사', '이다', '감사']",5,2
925,tv는 거거익선 이라고 하는데 31평 신축입주인데 lg나 삼성 uhd급 75인치를 살 것인지 아님 중소기업 86인치를 사야 할지 고민 입니다 가성비 있게 구매 할려는데 어떤 것이 가장 좋을지 lg나 삼성 중에서 어느 모델을 구해야 할지 고민 입니다,"['신축', '입주', '삼성', '사다', '중소기업', '사다', '고민', '가성비', '구매', '좋다', '삼성', '모델', '구하다', '고민']",5,2
926,현재 50인치대 tv들 알아보고 있는데요 혹시 lg 55인치 가성비픽이랑 비교하면 어떤가요 lg 제품을 가성비픽에 비해서 20만원정도 싸게 구매할수있어서요 그게 아니라면 혹시 50인치 제품을 21평형 거실에 뒀을때 너무 작거나 하지는 않을까요,"['알아보다', '가성비', '비교', '제품', '가성비', '싸다', '구매', '제품', '거실', '두다', '작다']",5,2
927,등급의 제품으로 더 저렴하게 구매하실 수 있다면 좋을 것 같습니다 21평형 거실이라면 65인치도 시청이 가능하기 때문에 가격차이가 크지 않다면 50인치 보다는 55인치를 구매하시는 것이 좋을 것 같습니다,"['등급', '제품', '저렴하다', '구매', '좋다', '거실', '시청', '가능', '가격', '차이', '크다', '구매', '좋다']",5,2
928,나노셀 제품이 43인치에 새로 나왔네요 lg의 43인치 나노셀 제품 과 삼성의 43인치 qled제품 과 둘중에 고민하고 있는데요 주로 가정용 게임기기를 연결할건데 게임기에 더 적합한 제품은 무엇이고 화질이 더 좋은 제품은 무엇일런지요 아 그리고 이 두 제품중에 lg것인 더 입력지연이 빠르다고 하는데 삼성쪽은 게임하기 불편할정도로 느린것인지요 인풋렉이 차이가 많이 날까요 만약에 화질이 삼성이 더 좋다고 해도 인풋렉이 느리다면 lg것으로 갈까 해서요 인풋렉정도가 선택에 영향을 줄정도인가 해서 고민입니다,"['나노', '제품', '나오다', '나노', '제품', '삼성', '제품', '고민', '가정', '게임', '기기', '연결', '게임기', '적합', '제품', '화질', '좋다', '제품', '제품', '입력', '지연', '빠르다', '삼성', '게임', '불편', '느리다', '인풋', '차이', '만약', '화질', '삼성', '좋다', '인풋', '느리다', '인풋', '선택', '영향', '고민']",5,1
929,좋은 정보 감사합니다 안방에 서브 용도로 43인치 tv를 알아보고 있습니다 아무래도 서브 tv로 찾다보니 가성비를 많이 따지게 되는데요 43인치 가장 가성비 좋은 tv는 무엇인지 여쭙습니다,"['좋다', '정보', '감사', '안방', '서브', '용도', '알아보다', '서브', '찾다', '가성비', '따지다', '가성비', '좋다', '늘다']",5,2
930,삼성 tv 알아보고 있는데요 10억 컬러 지원이랑 는 어떻게 다른가요 예전에 에서 10억 컬러는 있는게 좋다고 본적이 있는데요 추천 제품 중에 가성비픽으로 올라온거에 10억 컬러 추가된 제품이 있을까요 55인치로요,"['삼성', '알아보다', '컬러', '지원', '늘다', '다르다', '예전', '컬러', '좋다', '추천', '제품', '가성비', '올라오다', '컬러', '추가', '제품']",5,1
931,블로그 타고 글 읽다가 여기까지 오게됐습니다 원룸 43인치 tv를 골라야 하는데 선택장애가 오게 되네요 tv 구매 가이드에서는 일단 65인치 관련 내용만 있어서 직접 여쭙고자 글 드립니다 어떤 상품을 구매하는 것이 좋을까요 혹은 43인치 정도에서 추천하시는 제품이 있을까요,"['블로그', '타다', '읽다', '원룸', '고르다', '선택', '장애', '구매', '가이드', '내용', '드리다', '상품', '구매', '좋다', '추천', '제품']",5,2
932,로봇청소기 유튜브 리뷰 보다가 구독까지하고 홈페이지까지 들어오게됬어요 tv가 바꿀때가 되서 이리저리 알아보러 다녔는데 삼성 엘지 에서도 좋고 비싼거 위주로 권하드라구요 그래서 여쭈어요 65인치로 살거고 스마트tv 미러링이 됬으면 좋겠어요 왓챠 넷플릭스 유튜브 위주로 드라마 영화시청 닌텐도 게임도 할거구요 삼성 엘지 각각 티비 추천좀 해주세요,"['로봇', '청소기', '유튜브', '리뷰', '구독', '홈페이지', '들어오다', '바꾸다', '알아보다', '다니다', '삼성', '엘지', '좋다', '비싸다', '위주', '권하다', '여쭈다', '살다', '스마트', '미러', '좋다', '왓챠', '넷플릭스', '유튜브', '위주', '드라마', '영화', '시청', '닌텐도', '게임', '삼성', '엘지', '티비', '추천']",5,2
933,에서 정보 많이 얻고있어요 tv 고민중인데요 삼성은 75인치 qled 기준으로 80 70 lg는 그 아래 cxf cxc의 차이가 화질은 비슷하고 음향에서만 차이가 난다면 사운드바로 충족이 될까요 돌비 돌비디지털 돌비애트머스 차이가 얼마나 나는지 매장에서는 무조건 좋은거만 추천해서 잘 모르겠어요,"['정보', '고민', '삼성', '기준', '아래', '차이', '화질', '비슷하다', '음향', '차이', '사운드', '충족', '돌비', '돌비', '디지털', '돌비애트머스', '차이', '매장', '좋다', '추천']",5,2
934,민감하시다면 사운드 바를 별도로 구매하는 것을 추천드립니다 돌비애트모스가 확실히 고사양이긴 하지만 느끼는 차이는 민감도에 따라 다르기 때문에 정확하게 말씀드리기가 어렵네요 소리가 정말 중요해서 좋은 사운드를 원하신다면 돌비애트모스 기능이 있는 tv 돌비애트모스 지원되는 사운드 바를 구매하시면 됩니다,"['사운드', '별', '구매', '추천', '드리다', '돌비애트모스가', '사양', '차이', '따르다', '다르다', '정확', '말씀', '드리다', '소리', '중요', '좋다', '사운드', '돌비애트모스', '기능', '돌비애트모스', '지원', '사운드', '구매']",5,1
935,tv제품 비교문의드립니다 29평 아파트 거실 설치예정이고 넷플릭스 영상위주로 보며 삼성 크리스탈 uhd 구매예정입니다 현재가격이나 출고가 대비 82인치가 더 고급모델인거 같기도하고 두 모델 할인받으면 가격차이가 65만원 1번모델 이라서 좀 더 주고 큰사이즈를 선택하는게 나을지 에너지효율 관련 전기료도 염려되기도 합니다 두 모델 크기말고 기능적으론 많이 차이가 없을까요 1 crystal uhd 스탠드 에너지효율 3등급 2 crystal uhd 스탠드 에너지효율 1등급,"['제품', '비교', '문의', '드리다', '아파트', '거실', '설치', '예정', '넷플릭스', '영상', '위주', '삼성', '크리스탈', '구매', '예정', '가격', '출고', '대비', '고급', '모델', '모델', '할인', '가격', '차이', '모델', '크다', '사이즈', '선택', '에너지', '효율', '전기료', '염려', '모델', '크기', '말', '기능', '차이', '스탠드', '에너지', '효율', '등급', '스탠드', '에너지', '효율', '등급']",5,2
936,소비전력 외에는 동일한 등급의 제품입니다 시간 당 소비전력이 약 정도 차이가 나는데 매일 5시간씩 시청한다고 가정 시 누진제 2단계 기준 매월 약 2천원 정도 차이가 발생합니다 큰 tv를 선호하신다면 82인치를 구매하시는 것을 추천드립니다 후회가 없을 정도로 큰 크기입니다,"['소비', '전력', '동일', '등급', '제품', '시간', '소비', '전력', '차이', '시청', '가정', '누진', '단계', '기준', '차이', '발생', '크다', '선호', '구매', '추천', '드리다', '후회', '크다', '크기']",5,2
937,tv가 고장이나서 급하게 구매를 해야합니다 직장을 다녀서 쇼핑할 여건이 힘듭니다 시청거리가 됩니다 삼성이나 엘지 티비중에서 추천을 부탁드립니다 세탁기를 구매 할때 추천 올라온 상품으로 구매했는데 만족도가 아주 높았어요 tv도 추천 부탁드립니다,"['고장', '급하다', '구매', '직장', '다니다', '쇼핑', '여건', '힘들다', '시청', '삼성', '엘지', '티비', '추천', '부탁', '드리다', '세탁기', '구매', '추천', '올라오다', '상품', '구매', '만족도', '높다', '추천', '부탁', '드리다']",5,2
938,티비를 구매하는데 많은 도움이 되고있습니다 감사합니다 제가 콘솔게임을 위주로 65인치 를 보고있는데요 lg oled 제품과 삼성 qled중 고민하고 있습니다 그런데 lg oled 가 평이 좋아서 정보를 찾아보는데요 프리싱크 지원을 2020년 내연에 한다는데 차후 팜웨어 업데이트가 되는지 언제쯤 가능한지 정보를 찾기가 힘들어서 문의드립니다 삼성 제품은 기본으로 프리싱크를 지원하는데 말이죠 마지막으로 hdmi 2 1를 지원하는 제품 추천 부탁드립니다,"['티비', '구매', '많다', '도움', '감사', '콘솔', '게임', '위주', '제품', '삼성', '고민', '좋다', '정보', '찾다', '프리', '싱크', '지원', '내연', '차후', '웨어', '업데이트', '가능', '정보', '찾다', '힘들다', '문의', '드리다', '삼성', '제품', '기본', '프리', '싱크', '지원', '마지막', '지원', '제품', '추천', '부탁', '드리다']",5,2
939,좋은 정보 유익하게 잘 읽어 보았습니다감사합니다 제가 삼성 벽걸이 qled 55인치 보고 있는데 를 보았습니다 이 모델이 에너지효율등급 1등급이라고 해서 맘에 두고 있는데 괜찮은가요 삼성 제품 중에 효율등급이 좋으면서 67등급 보다 좋은 tv 추천 가능하실까요 hdr 기능탑재된 버젼이면 더 좋습니다,"['좋다', '정보', '유익', '읽다', '감사', '삼성', '벽걸이', '모델', '에너지', '효율', '등급', '등급', '두다', '괜찮다', '삼성', '제품', '효율', '등급', '좋다', '등급', '좋다', '추천', '가능', '기능', '탑재', '버젼', '좋다']",5,2
940,신혼 입주 할려는데 tv 보고 있습니다 전 큰것이 좋아서 lg전자 삼성 보고 있습니다 삼성꺼는 20년도 같은데 lg는 19년도 같은데 어느 것이 더 좋을까요 사운드 바도 보고 있는데 보고 있습니다 다른 중소 기업 사운드 바도 괜찮을까요 브리츠 등등 베스트 픽으로 나노셀 있던데 uhd랑 화질 차이가 어느 정도 되는지 신축 84제곱미터인데 75인치 적당할까요,"['신혼', '입주', '크다', '좋다', '전자', '삼성', '삼성', '좋다', '사운드', '중소', '기업', '사운드', '괜찮다', '브리츠', '베스트', '나노', '화질', '차이', '신축']",5,2
941,모델 중에는 삼성 제품이 화질이 더 낫습니다 나노셀과 비슷한 정도로 보시면 됩니다 다만 화질은 개인에 따라 체감차이가 있으므로 가능하다면 매장에서 확인 후 구매하는 것을 추천드립니다 사운드바는 아직 준비되어 있지 않아 말씀드리기가 어렵네요,"['모델', '삼성', '제품', '화질', '나노', '화질', '개인', '따르다', '체감', '차이', '가능', '매장', '확인', '구매', '추천', '드리다', '사운드', '준비', '말씀', '드리다']",5,2
942,감사 합니다 75인치에서 가성비 추천 하실 만한 제품이 있으신지 궁금 합니다 랑 ku 어느 것을 추천 하시나요 인터넷 가격대는 비슷한데 가전은 lg라고 들었는데 가성비 있게 구매 할려면 lg랑 삼성 어느 것을 추천 하시는지 궁금 합니다,"['감사', '가성비', '추천', '제품', '추천', '인터넷', '가격대', '가전', '가성비', '구매', '삼성', '추천']",5,2
943,잘 정리된 정보 감사 드립니다 다름이 아니라 이번에 75인치 uhd 티비를 구매하려고 하는데 삼성이나 lg를 알아보고 있습니다 최대 200정도까지 생각하고 있고 벽걸이로 설치하려고 하는데 추천 모델 있으실지 여쭙습니다,"['정리', '정보', '감사', '드리다', '다르다', '티비', '구매', '삼성', '알아보다', '최대', '생각', '벽걸이', '설치', '추천', '모델']",5,2
944,소형tv를 구매하려고 합니다 여러 군데 발품 팔고 온라인으로 알아보는 중에 궁금한게 너무 많아서 문의드립니다 lg경우에 베스트샵 하이마트 전자랜드 홈쇼핑 온라인에 따라 동일한 tv가 혹시 품질의 차이가 있는지 차이가 없다면 가격이 저렴한 온라인으로 구매하는것이 나은거 아닌지 궁금합니다 그리고 온라인 구매는 온라인 공식판매점 이라고 공지한 곳과 그렇지 않은 곳의 차이가 있는지 공식판매점이면 안심하고 사도 되는건지도 궁금합니다 그리고 tv 구매가이드를 보니깐 해상도 관련해서 제가 사려고 고민하는게 32인치 해상도 hd tv전용 와 32인치 fhd tv겸모니터 인데 어느걸 추천하시는지 마지막으로 tv전용과 tv겸모니터는 별다른 차이가 없는지도 궁금합니다 너무 많은 질문을 해서 민망하네요 여러번 묻는것보다 한번에 몰아서 물어보는게 좋을거 같았고 여러 매장 돌아다니면서 직원분께 이것저것 물어보고 그랬는데 그걸로 궁금한 점이 다 해결되지 않아서 이렇게 많은 질문을 하게 됬습니다 부디 답변해주시면 감사하겠습니다,"['소형', '구매', '발품', '팔다', '온라인', '알아보다', '많다', '문의', '드리다', '베스트', '하이마트', '전자랜드', '쇼핑', '온라인', '따르다', '동일', '품질', '차이', '차이', '가격', '온라인', '구매', '궁금하다', '온라인', '구매', '온라인', '공식', '판매점', '공지', '차이', '공식', '판매점', '안심', '사다', '궁금하다', '구매', '가이드', '해상도', '사다', '고민', '해상도', '전용', '모니터', '추천', '마지막', '전용', '모니터', '별다르다', '차이', '궁금하다', '많다', '질문', '몰다', '좋다', '매장', '돌아다니다', '직원', '이것저것', '해결', '많다', '질문', '답변', '감사']",5,2
945,동일하다면 판매처와 무관하게 제품은 동일합니다 다만 비슷한 등급의 모델이 판매처에 따라 약간의 부가기능 차이를 두면서 모델코드를 한두자리 바꾸어 판매되기도 합니다 원하는 모델은 정하시고 가장 저렴한 곳에서 구매하시면 됩니다 공식판매점이라고 하는 곳은 제조사에서 인증해주는 판매처이니 안심하고 구매하셔도 됩니다 tv전용과 모니터 겸용은 출력되는 시간차이인데 결론적으로는 tv로 사용하신다면 tv전용으로 구매하셔도 무방합니다 다만 말씀하신 두 제품의 해상도의 차이가 있기 때문에 조금 더 좋은 화질을 찾으신다면 32인치 fhd 제품을 추천드립니다,"['동일', '판매', '제품', '동일', '등급', '모델', '판매', '따르다', '부가', '기능', '차이', '두다', '모델', '코드', '자리', '바꾸다', '판매', '원하다', '모델', '정하다', '저렴하다', '구매', '공식', '판매점', '제조사', '인증', '판매', '안심', '구매', '전용', '모니터', '겸용', '출력', '시간', '차이', '결론', '전용', '구매', '말씀', '제품', '해상도', '차이', '좋다', '화질', '찾다', '제품', '추천', '드리다']",5,2
946,정말 감사합니다 죄송하지만 딱 두개만 더 질문하고 싶은데요 답변글을 읽다가 잘 이해가 안가는 부분 tv전용으로 구매해도 무방하다 는 말씀이 혹 모니터 겸용이 아닌지 그리고 32인치 fhd 제품의 출시년월이 16년6월이고 32인치 hd 제품의 출시년월이 19년 3월인데 최신이라고 꼭 나은거 아닌거죠,"['감사', '질문', '답변', '읽다', '이해', '전용', '구매', '말씀', '모니터', '겸용', '제품', '출시', '제품', '출시', '최신']",5,2
947,보려고 한다면 tv 전용이 일반적으로 더 저렴하기 때문에 tv 전용을 구매하는 것이 경제적입니다 다만 질문주신 2개 모델 중에는 모니터 겸용이 해상도가 더 좋은 모델이고 가격 차가 크지 않으니 fhd 모니터 겸용도 괜찮다는 의미였습니다 최신이라고 꼭 더 스펙이 좋은 상위모델은 아닙니다,"['전용', '일반', '저렴하다', '전용', '구매', '경제', '질문', '모델', '모니터', '겸용', '해상도', '좋다', '모델', '가격', '크다', '모니터', '겸용', '괜찮다', '의미', '최신', '스펙', '좋다', '상위', '모델']",5,2
948,50인치로 100만원내외로 괜찮은 제품 부탁드립니다 부모님 tv가 고장이 나서 바꿔드리고 싶은데 잘 알지 못해서 쉽지가 않네요 도움주시면 감사하겠습니다 계속 검색중인 모델로는 lg 혹은 나노셀 tv인경우 부모님께 눈부심 현상이 있을지요 아무쪼록 추천 부탁드립니다,"['내외', '괜찮다', '제품', '부탁', '드리다', '부모', '고장', '바꾸다', '도움', '감사', '검색', '모델', '나노', '부모', '눈부시다', '현상', '추천', '부탁', '드리다']",5,2
949,감사드립니다 덕분에 나노셀 티비로 선택하여 구매하게 되었어요 방금 배송설치 받아서 시청중인데 정면에서 보는 색감은 선명한데 옆에서 보는 색감은 약간 뿌옇게 보여지는데 나노셀 티비가 원래 이란 현상이 있는걸까요,"['감사', '드리다', '덕분', '나노', '티비', '선택', '구매', '배송', '설치', '시청', '정면', '색감', '선명', '색감', '보이다', '나노', '티비', '이란', '현상']",5,2
950,아파트 24평 lg 올레드 tv고민중입니다 lg베스트샵에서 모델을 추천 받았는데 올려주신 모델코드 의미를 보다보니 큰 할인이 들어가는건 주로 보급형이었습니다 보급형 중급형 고급형도 구매시에 크게 고려해야 할 사항인지 조언해주시면 감사 드리겠습니다,"['아파트', '올레', '고민', '베스트', '모델', '추천', '올리다', '모델', '코드', '의미', '크다', '할인', '들어가다', '보급', '보급', '중급', '고급', '구매', '크다', '고려', '사항', '조언', '감사', '드리다']",5,2
951,올레드는 번인현상이 있다고 하는데 요새 제품에는 아직 해결이 안되었나요 검색해보면 올레드 사용 후 2 3년 후에 나온다고 하던데 아직 해결이 안 되는건지요 올레드 자체가 번인현상이 일어날수 밖에 없는 거라고 하긴 하던데 복불복인지,"['올레', '현상', '요새', '제품', '해결', '검색', '올레', '나오다', '해결', '올레', '자체', '현상', '일어나다', '복불복']",5,1
952,번인문제를 해결하기 위해 제조사에서는 노력을 하고 있지만 완전히 해소되었다고 보기는 어렵습니다 다만 일반적인 상황에서 발생하는 경우가 많지 않은 것도 사실이기 때문에 선택을 해야 하는 문제로 남아있습니다 걱정되신다면 나노셀이나 qled 제품 중 구매를 추천드립니다,"['문제', '해결', '위하다', '제조사', '노력', '해소', '일반', '상황', '발생', '많다', '선택', '문제', '남다', '걱정', '나노', '제품', '구매', '추천', '드리다']",5,2
953,55인치 티비 알아보고 있습니다 oled쓰다가 패널 고장으로 uhd led로 갈아타려히는데 삼성 엘지 보고 있는데 어떤게 더 나을지요 그리고 사업자용 모델인 것 같은데 화질 차이 등이 발생하나요 조언해주심 감사하겠습니다,"['티비', '알아보다', '쓰다', '패널', '고장', '갈아타다', '삼성', '엘지', '사업자', '모델', '화질', '차이', '발생', '조언', '감사']",5,2
954,제품 모두 led 보급형을 비슷한 등급의 제품입니다 더 저렴하게 구매하실 수 있거나 선호하는 브랜드의 제품을 구매하는 것을 추천드립니다 동일한 패널에 동급 제품은 판매처에 따라 제품의 부가기능 등의 차이가 있을 뿐 화질차이는 거의 없습니다,"['제품', '보급', '등급', '제품', '저렴하다', '구매', '선호', '브랜드', '제품', '구매', '추천', '드리다', '동일', '패널', '동급', '제품', '판매', '따르다', '제품', '부가', '기능', '차이', '화질', '차이']",5,2
955,좋은 정보 너무나 감사합니다 이사 후 55인치를 구입 예정인데요 보급형기준 uhd oled 한단계 아래의 나노셀 qled중 유투브 넷플릭스 미러링등의 부가적인 기능이 아주 잘되어 있는 제품을 추천해 주시면 너무나 감사하겠습니다 꼭 부탁드려요,"['좋다', '정보', '감사', '이사', '구입', '예정', '보급', '기준', '단계', '아래', '나노', '유투브', '넷플릭스', '미러', '부가', '기능', '제품', '추천', '감사', '부탁드리다']",5,2
956,아버지 태조왕건 전원일기 19시청용으로 티비 구매하시는데요 tv와 시청 거실 폭이 정도 인데 40인치나 43인치 생각 중에 있어요 이 3모델 중 어느것이 위 영상들을 보기에 편리한지 궁금합니다,"['아버지', '태조', '왕건', '전원일기', '시청', '티비', '구매', '시청', '거실', '생각', '모델', '영상', '편리', '궁금하다']",5,2
957,현재 판매되고 있는 제품 중 가장 작은 크기입니다 시청거리가 55인치도 충분히 시청이 가능합니다 말씀 하신 모델 중 43인치 제품으로 가장 저렴하게 구매하실 수 있는 것을 추천드립니다 말씀하신 영상을 보기에는 무리가 없는 제품들입니다,"['판매', '제품', '작다', '크기', '시청', '거리', '시청', '가능', '말씀', '모델', '제품', '저렴하다', '구매', '추천', '드리다', '말씀', '영상', '무리', '제품']",5,2
958,추천해주신 와 이거 둘중에 하나 사려고 하는데 하나만 골라주세요 프리미엄 픽으로 추천하신 와 제가 찾아본 가 무슨 차이가 있나요 가격은 30 40만원 정도 차이나던데 그정도 값어치가 있는지 궁금합니다 그리고 올레드는 항상 번인 문제가 따라다니는데 이게 3년정도 지나면 현재 기술력으로는 안나올수가 없는 현상이라고 하더라구요 혹시 요즘 구입하는 최신 티비도 아직도 그런가요 만약 그렇다면 베스트픽으로 추천해주신 나노셀로 구매할까 하는데 조언 부탁드립니다 13년만에 바꾸는 티비라 신중하네요 부탁드립니다,"['추천', '사다', '고르다', '프리미엄', '추천', '찾아보다', '차이', '가격', '차이', '값어치', '궁금하다', '올레', '문제', '따라다니다', '지나다', '기술력', '나오다', '현상', '요즘', '구입', '최신', '티비', '만약', '베스트', '추천', '나노', '구매', '조언', '부탁', '드리다', '바꾸다', '티비', '신중', '부탁', '드리다']",5,2
959,모델은 화질엔진이 차이가 있습니다 화질차이가 크지는 않지만 보시는 분에 따라 차이를 느끼실 수 있습니다 올래드 번인문제를 해결하기 위해 제조사에서는 노력을 하고 있지만 완전히 해소되었다고 보기는 어렵습니다 다만 일반적인 상황에서 발생하는 경우가 많지 않은 것도 사실이기 때문에 선택을 해야 하는 문제로 남아있습니다 걱정된다면 베스트픽 나노셀 제품을 구매하는 것을 추천드립니다,"['모델', '화질', '엔진', '차이', '화질', '차이', '크다', '따르다', '차이', '문제', '해결', '위하다', '제조사', '노력', '해소', '일반', '상황', '발생', '많다', '선택', '문제', '남다', '걱정', '베스트', '나노', '제품', '구매', '추천', '드리다']",5,2
960,보고 여러 가전제품 잘 고르고 있습니다 우선 감사하다는 말씀 전해요 75인치 티비 삼성 qled lg 나노셀 둘 중 하나로 보고있는데 해외직구 쪽으로 보면 보급형 이랑 70 라인이 50만원정도 차이가 나더라구요 나노셀은 300만원대로 가격이 더 비싸서 포기했구요 티비가 유일한 취미이신 아버지를 위한 선물이라 50만원 투자해서 유의미한 화질 차이가 있다면 기꺼이 70 라인으로 구매하려고 하는데 저는 매장가서 직접 봐도 큰 차이가 없더라구요 냉정하게 님이 생각하시기에 60 라인과 70라인이 50만원정도 투자할 가치가 있다고 생각하시는지 또는 200만원 초중반대로 추천해주실 다른 모델이 있는지 한번 여쭤보고 싶습니다 감사합니다,"['가전제품', '고르다', '감사', '말씀', '전하다', '티비', '삼성', '나노', '해외', '직구', '보급', '이랑', '라인', '차이', '나노', '가격', '비싸다', '포기', '티비', '유일', '취미', '아버지', '위하다', '선물', '투자', '유의미', '화질', '차이', '라인', '구매', '매장', '크다', '차이', '냉정', '생각', '라인', '라인', '투자', '가치', '생각', '초중반', '추천', '모델', '여쭈다', '감사']",5,2
961,대해서는 개인의 민감도에 따라 판단이 달라집니다 직접 보시고 큰 차이가 없다면 저렴한 제품으로 구매하는 것을 추천드립니다 lg 나노셀 75인치 중에서 모델도 250만원 정도에 구매가 가능하니 참고하세요,"['대하다', '개인', '따르다', '판단', '달라지다', '크다', '차이', '저렴하다', '제품', '구매', '추천', '드리다', '나노', '모델', '구매', '가능', '참고']",5,2
962,이번에 베스트샵 전용모델인 올레드77인치를 구매하려고 하는데요 아무래도 번인현상이 맘에 걸리네요 최근 나오는 올레드 제품 번인현상은 많이 개선이 됐을까요 만약 올레드 번인이 흔한 현상이라 다른 모델을 권하신다면 어떤 모델이 괜찮을까요,"['베스트', '전용', '모델', '올레', '구매', '현상', '걸리다', '최근', '나오다', '올레', '제품', '현상', '개선', '올레', '흔하다', '현상', '모델', '모델', '괜찮다']",5,2
963,각종 가전 구매를 알아보다가 도움 많이 받고 있습니다 tv를 구매하려고 하는데 시청거리가 2 정도 나오는데 55인치를 사야할까요 아니면 65인치도 괜찮을까요 만약 55인치가 적당하다면 베스트픽 정도의 사양인 나노셀이나 qled은 어떤 제품이 괜찮은지 추천부탁드립니다,"['각종', '가전', '구매', '알아보다', '도움', '구매', '시청', '거리', '나오다', '사다', '괜찮다', '만약', '적당하다', '베스트', '사양', '나노', '제품', '괜찮다', '추천', '부탁', '드리다']",5,2
964,이번에 티비를 구매하려고 여기저기 알아보다 늘 보고 많이 배웠습니다 감사합니다 다름아니라 계속 알아보면 알아볼수록 선택장애가 와서 도움요청합니다 처음엔 올레드 티비 300만원 초반대가격 사려했는데 번인현상을 무시 못하겠더군요 그래서 삼성 260만원 정도 사운드바 포함 엘지 240만정도 이 둘 중에서 고민 중입니다 좋은 화질의 티비를 사고픈데 도와주세요,"['티비', '구매', '여기저기', '알아보다', '배우', '감사', '다르다', '알아보다', '선택', '장애', '도움', '요청', '올레', '티비', '초반', '가격', '사다', '현상', '무시', '삼성', '사운드', '포함', '엘지', '고민', '좋다', '화질', '티비', '사다', '도와주다']",5,2
965,걱정되셔서 나노셀이랑 qled를 고민하고 계시는 군요 선택하신 두 제품은 qled 나노셀의 고급형 라인으로 화질차이는 거의 비슷하며 개인차가 발생하는 부분이라고 생각됩니다 매장에서 해당모델을 직접 보시고 큰 차이를 못느끼신다면 더 저렴한 제품의 구매를 추천드립니다,"['걱정', '나노', '고민', '선택', '제품', '나노', '고급', '라인', '화질', '차이', '개인차', '발생', '생각', '매장', '해당', '모델', '크다', '차이', '저렴하다', '제품', '구매', '추천', '드리다']",5,2
966,이사 때문에 가전을 전부 새로 알아보는 중인데 추천해주신 lg 나노셀 검색하던 중 가정에서 hd울트라 화질이면 충분할 것 같아서 가격대를 낮추고 계속 검색해보는 중인데요 혹시 65인치에서 벽걸이 가능한 lg hd 티비 추천해주실 상품 있을까요,"['이사', '가전', '알아보다', '추천', '나노', '검색', '가정', '울트라', '화질', '충분하다', '가격', '낮추다', '검색', '벽걸이', '가능', '티비', '추천', '상품']",5,2
967,보실 75인치 티비를 알아보고 있습니다 삼성 qled제품 중 보급형이라고 하는 6번대와 일반 led제품을 고려하고 있는데요 부모님이 보실 tv를 구매하려 하는데요 고려하고 있는 모델은 175만원 135만원 입니다 기능상 차이 외에 화질차이는 없을까요 그리고 1등급 tv는 안사는게 좋은가요 1등급은 명도와 휘도를 최대한 낮춰 선명하지 않다는 글을 본 적이 있어서요,"['티비', '알아보다', '삼성', '제품', '보급', '일반', '제품', '고려', '부모', '구매', '고려', '모델', '기능', '차이', '화질', '차이', '등급', '사다', '좋다', '등급', '명도', '휘도', '최대한', '낮추다', '선명']",5,2
968,문의주신 모델 2개는 모두 일반 led tv입니다 패널 해상도 화질엔진 hdr 디밍 등의 화질관련 스펙은 모두 동일합니다 1등급 tv가 선명하지 않다는 것은 잘못된 루머라고 생각됩니다,"['문의', '모델', '일반', '패널', '해상도', '화질', '엔진', '디밍', '화질', '스펙', '동일', '등급', '선명', '루머', '생각']",5,2
969,놔드릴 티비를 보고있습니다 큰티비를 원하셔서 70 75인치를 알아보고 있습니다 중앙스탠드 형태여야해서 선택권이 많지않은가운데 가격은 졸은데 화질이 많이 떨어질까봐 걱정입니다 화질이 고려하고있는데 가격이 130만원 차이가 나서 조언부탁드립니다,"['티비', '크다', '티비', '알아보다', '중앙', '스탠드', '형태', '선택', '많다', '가운데', '가격', '화질', '떨어지다', '걱정', '화질', '고려', '가격', '차이', '조언', '부탁', '드리다']",5,2
970,늘 도움 받고 있습니다 혹시 방에 둘 작은 크기 40인치정도 의 벽걸이 티비 가성비 추천 있으실까요 방에 벽걸이로 두기엔 픽해주신 티비는 크기가 큰것 같아서요 용도는 와이파이로 pc와 연결하여 벽걸이로 사용하는 것입니다 pc와 무선으로 연결 가능한 모델이 필요합니다,"['도움', '두다', '작다', '크기', '벽걸이', '티비', '가성비', '추천', '벽걸이', '두다', '티비', '크기', '크다', '용도', '와이파이', '연결', '벽걸이', '무선', '연결', '가능', '모델', '필요']",5,2
971,현재 코스트코에서 할인 판매되고 있는 tcl 제품군은 어떤가요 tv브랜드중에서는 엘지 삼성 다음 브랜드라 하던데 가성비도 갑이라고 들었어요 삼성 7000번대랑 고민하고 있어요 뭐가 더 괜찮을까요,"['코스트코', '할인', '판매', '제품군', '브랜드', '엘지', '삼성', '다음', '브랜드', '가성비', '삼성', '고민', '괜찮다']",5,2
972,lg 6년째 쓰는데 중간에 세척 잘못해서 모터 물먹었는데 a s 센터 갔더니 공짜로 해줘서 좋었음 그후로 배터리만 추가 구매해서 잘쓰고 있는데 불편한 점 없이 잘 사용중 예전에 차이슨 이런것도 몇개 썼는데 2년을 못가더라 개쑤랙,"['쓰다', '중간', '모터', '먹다', '센터', '공짜', '좋다', '배터리', '추가', '구매', '쓰다', '불편', '예전', '차이', '슬다', '쓰다', '개쑤랙']",5,1
973,집에 삼성 lg 차이슨 다 있습니다 흡입력 당근 삼성 최신 제품이 최곱니다 요즘 사실분들은 삼성꺼 사면 됩니다 차이슨 이딴거 싸다고 사지 마시길 배터리 관리도 잘했고 매일 쓰지도 않았는데 배터리 고장 거기다 구하기도 힘들고 가격도 비싸요,"['삼성', '차이', '슬다', '흡입력', '당근', '삼성', '최신', '제품', '최고', '요즘', '삼성', '사다', '차이', '슬다', '싸다', '사다', '배터리', '관리', '쓰다', '배터리', '고장', '구하다', '힘들다', '가격', '비싸다']",5,1
974,lg 삼성 쓰는 이유는 당연 성능도 크지만 중저가 제품의 서비스센터 불편함을 감당하고싶지 않아서도 매우 큽니다 또 크게 실패하지 않는다는 심리적 안정감 특히 모터 있는 제품이 그렇죠,"['삼성', '쓰다', '이유', '당연', '성능', '크다', '중저가', '제품', '서비스', '센터', '불편', '감당', '크다', '크다', '실패', '심리', '안정감', '모터', '제품']",5,1
975,위니아는 제품 설계부터 제작까지 대부분 중국이 맡아서 그냥 중국 제품에 라벨갈이만 해서 판다고 생각하시면 됨 동대문 옷 라벨갈이해서 백화점에서 파는거와 같은거 근데 요즘은 삼성 엘지도 중저가 가성비 라인은 대부분 중국이 설게 제작한거 라벨갈이 하는건 마찬가지고 고가 라인만 국내생산 삼성은 스마트폰 이런 주력 상품 외에는 기술력이 점점 떨어지고 있음 아마 10년정도 지나면 중국과 한국 가전제품 기술력이 크게 차이가 없을 정도로 중국 제품이 엄청 빠르게 발전 중 중국이 한국 기술 훔쳤다는 말도 맞긴한데 애네들이 영리한건 거기에 1 2를 해서 신제품을 개발하니 속도가 미쳤음 거기에 반해 가격은 한국 제품에 반토막이고 한국 대기업을 위기임 삼성은 그나마 반도체나 스마트폰으로 수익을 내는데 엘지는 진짜 버틸 수 있을지 몰겠음,"['위니', '제품', '설계', '제작', '부분', '중국', '맡다', '중국', '제품', '라벨', '갈이', '팔다', '생각', '동대문', '라벨', '갈이', '백화점', '파', '요즘', '삼성', '엘지', '중저가', '가성비', '라인', '부분', '중국', '설다', '제작', '라벨', '갈이', '마찬가지', '고가', '라인', '국내', '생산', '삼성', '스마트폰', '주력', '상품', '기술력', '떨어지다', '지나다', '중국', '한국', '가전', '제품', '기술력', '크다', '차이', '중국', '제품', '빠르다', '발전', '중국', '한국', '기술', '훔치다', '맞다', '제품', '개발', '속도', '미치다', '반', '가격', '한국', '제품', '토막', '한국', '기업', '위기', '삼성', '반도체', '스마트폰', '수익', '내다', '엘지', '버티다', '몰다']",5,1
976,lg 계속 쓰다 삼성 한번 사봄 lg 프로젝션 lg프라즈마 lg lcd 5년에서 7년 넘으면 고장 고치는 비용이 거창함 어짜피 내구성의 한계가 있으니 삼성lcd 75인치 한번 사봤는데 1년정도 써보니 화질은 무시하고 삼성tv운영 체계는 삼성 자동차보험들때 보험이 결재까지 모두 완결 됐음에도 이를 정확히 고지 해서 완료하지 않고 운전자 보험으로 바로 넘어가서 아주 헷갈리게 만드는 잔대가리를 부린다는 이런 느낌입니다 일단 btv 연결불량인데 되다 안되다 그래서 뉴스보려고 삼성 tv 로 보게 되는데 가끔씩 화면 전체를 가리는 안내가 나오는데 빠져 나가는 방법을 몰라 껏다 키게 됨니다 이모든게 나의 미숙 일지도 모르지만 lg 때는 일어나지 않았음,"['쓰다', '삼성', '사다', '프로젝션', '프라즈마', '넘다', '고장', '고치다', '비용', '내구', '한계', '삼성', '사다', '쓰다', '화질', '무시', '삼성', '운영', '체계', '삼성', '자동차', '보험', '들다', '보험', '결재', '완결', '고지', '완료', '운전자', '보험', '넘어가다', '헷갈리다', '하다', '대가리', '부리', '느낌', '연결', '불량', '뉴스', '삼성', '화면', '전체', '가리다', '내다', '나오다', '빠지다', '방법', '끄다', '키', '일어나다']",5,1
977,12 36 삼성닷컴에서는 네오 qled 보급형 70 75은 엣지led형이 아니라 직하형이라고 확신하던데 누구 말이 맞는 것일까요 제가 보고 있는 제품이 이건데 삼성ai답변입니다 따라서 엣지형 led가 아닌 고급 직하형 led tv임을 확실히 알려드립니다 어떻게 이해 해야 할까요,"['삼성', '닷컴', '네오', '보급', '엣지', '직하', '확신', '맞다', '제품', '삼성', '답변', '엣지', '고급', '직하', '알리다', '이해']",5,1
978,lg woled에서 삼성 qd oled로 넘어가고 싶은데 삼성 tv 리모컨 불편함과 타이젠os 때문에 망설여 집니다 tv는 화질이 중요하지만 정작 사용할 때 사소한 점에서 불편함 느끼면 정작 손이 안 가더라구요 리모컨은 lg가 진짜 조작하기 편합니다,"['삼성', '넘어가다', '삼성', '리모컨', '불편', '타이젠', '망설이다', '화질', '중요', '불편', '정작', '리모컨', '조작', '편하다']",5,1
979,100만원이하 tv는 브랜드차이가 별로 없다 색상칩이 비슷한칩을 쓰기때문에 비슷한데 하이엔드에서는 엘지가 최고다 엘지가 개발한 색상칩과 엔진이 제일 좋다 저가형에는 그칩과엔진을 안넣고 고급 제품에만 넣는다 어차피 저가칩은 한두가지 색이 튀어서 설정에서 색보정을 해야한다 그래서 저가형은 브랜드차이가 별로 없고 프리미엄에서는 엘지가 색재현이 제일좋다,"['이하', '브랜드', '차이', '색상', '쓰다', '하이', '엔드', '엘지', '최고', '엘지', '개발', '색상', '엔진', '좋다', '저가', '엔진', '넣다', '고급', '제품', '넣다', '저가', '튀다', '설정', '보정', '저가', '브랜드', '차이', '프리미엄', '엘지', '재현', '좋다']",5,1
980,알찬 정보가 가득 담긴 좋은 영상 감사합니다 현재 neo qled 85인치 모델로 tv를 알아보고 있는데 정말 많은 도움이 되었습니다 추가로 찾아보니까 24년도 83 모델이랑 25년도 80 모델이 현재 비슷한 가격으로 형성되어 있더군요 스펙은 비슷해보이는데 어떤 모델이 더 괜찮은지 감이 안 서서 이렇게 댓글 남겨봅니다,"['알차다', '정보', '담기다', '좋다', '영상', '감사', '인치', '모델', '알아보다', '많다', '도움', '추가', '찾아보다', '모델', '모델', '비슷하다', '가격', '형성', '스펙', '보이다', '모델', '괜찮다', '서다', '댓글', '남기다']",5,2
981,삼성 크리스탈 올해 구매해서 쓰고있습니다 만족하나 큰 불만이 있는데 백라이트 밝기를 조절하지 못합니다 그냥 밝기 조절이 아니라 백라이트 조절이 없어서 밤에 불끄고 ott등 tv사용시에 전기세절약이 불가능하고 백라이트 조절이 안되니 같은 시간을 시청해도 수명이 되는 제품에 비해서 짧을수밖에 없습니다 삼성분들 제발 소프트웨어 업데이트로 백라이트 조절좀 가능게 해주세요 이거 얼마나 중요한건지 아십니까,"['삼성', '크리스탈', '올해', '구매', '쓰다', '만족', '크다', '불만', '라이트', '밝다', '조절', '밝다', '조절', '백라이트', '조절', '끄다', '전기세', '절약', '가능', '라이트', '조절', '시간', '시청', '수명', '제품', '비하', '짧다', '삼성', '소프트웨어', '업데이트', '백라이트', '조절', '가능', '중요']",5,1
982,개인 경험상 oled좋은 거 알지만 정답은 아닌 것 같습니다 스타워즈나 oled 데모 영상을 보면 oled가 뛰어나지만 대부분의 영상에는 그라데이션이 있기 때문에 극단적 명암비가 나오는 영상이 잘 없어요 밝은 표현은 오히려 qled 보다 못 한 부분도 있었습니다 그리고 매장의 tv들은 거의 최대 밝기에서 tv광고에 최적화된 영상을 재생하고 있다는 것도 감안 해야 합니다,"['개인', '경험', '좋다', '정답', '스타워즈', '데모', '영상', '뛰어나다', '부분', '영상', '그라다', '데이', '션', '극단', '명암', '나오다', '영상', '밝다', '표현', '매장', '최대', '밝다', '광고', '최적', '영상', '재생', '감안']",5,1
983,소보원 등록해두고 피해구제중 열받아서 공부하던중 이걸 봤는데 존나 웃기네 삼성 개 존망해여함 1년만에 티비안켜짐 소리도 안들림 패널문제라며 2년 보증이라고 무료로 패널교체 해준다고 이후 화질 같아서 다시 패널교체함 같은 화질 같아서 다시 말해도 지들 문제 없다함 특히 화면 번짐현상 존나 심하고 어둡고 사람들 얼굴이 다 죽을것같은 죽상색깔임 엔지니어가 전문가들이 아님 kt가 fhd를 보내서 그렁거라고 고객센터 직접 연락해서 다 알아봐도 우리나라 거의가 fhd로 보내고 있는데 완전 티비가 같아짐 참고로 1년 2개월된 85인치 qled임,"['소보원', '등록', '피해', '구제', '공부', '웃기다', '삼성', '존망', '티비', '켜다', '소리', '들리다', '패널', '문제', '보증', '무료', '패널', '교체', '이후', '화질', '패널', '교체', '화질', '문제', '화면', '번지', '현상', '심하다', '사람', '얼굴', '죽다', '색깔', '엔지니어', '전문가', '보내다', '그렁거', '고객', '센터', '연락', '우리나라', '거의', '보내다', '티비', '참고']",5,1
984,이번세 티비 바꾸려고 이것저것 재다보니 가성비 tcl 하이센스가려다 몇십만원 더쓰더라도 삼성가려했더니 수도권 아니면 구매도 안되는 모델도있고 한국제품을 해외직구로 사면 싸게 구매가능한점 등등 정떨어지는 행태가 많아서 그냥 하이센스 구매했습니다,"['티비', '바꾸다', '이것저것', '재', '가성비', '하이센스', '쓰다', '삼성', '수도', '구매', '모델', '한국', '제품', '해외', '직구', '사다', '싸다', '구매', '가능', '정떨어지다', '행태', '많다', '하이', '센스', '구매']",5,1
985,그냥 삼성은 마케팅 효과임 삼성이 자부하면서 qled로 마케팅 하니 상대적으로 lg는 삼성 그림자에 가릴뿐 lg도 qned 제품 만들어 팜 단지 사람들이 qled에 익숙해지니 lg껀 그만큼 모를뿐 중요한건 lg에서 만드는 qned도 삼성 qled 처럼 퀀텀닷 필름 붙여서 파는 같은 tv임,"['삼성', '마케팅', '효과', '삼성', '자부', '마케팅', '상대', '삼성', '그림자', '가리다', '제품', '만들다', '파', '사람', '중요', '삼성', '퀀텀', '필름', '붙이다', '파']",5,1
986,lg oeld tv 8년간 사용하다 요번에도 8월에 고장나서 lg oled tv 주문했더니 판매자놈이 가격 올리고 일방적으로 취소해서 삼성 oled 구매해봤는데 오히려 lg 웹 os보다 타이젠 더 빠릿하고 나음 lg 웹os가 구려요,"['요번', '고장', '주문', '판매자', '가격', '올리다', '일방', '취소', '삼성', '구매', '이제', '빠릿', '구리']",5,2
987,최고네요 리뷰 영상 모두 보니 qned qled 라인에서는 mini led 없는 25년기준은 엘지가 더나은가보네요 보통 lcd라인은 삼성을 추천하던데 25년 삼성 qled 다운그레이드가 많다고 리뷰해줘서 qned 보급형 모델 사려합니다 동급 가격대비 삼성보다 나을까요,"['최고', '리뷰', '영상', '라인', '기준', '엘지', '라인', '삼성', '추천', '삼성', '다운', '그레이', '많다', '리뷰', '보급', '모델', '사다', '동급', '가격', '대비', '삼성']",5,2
988,7 29 93라인의 대안으로 85라인을 추천하셨는데 85 86라인은 엣지형이기때문에 직하형 qned evo x 보다 밝기가 균일하지않거나 어두울수있습니다 따라서 85 86라인을 추천하는건 잘못된 제안이라고 사료됩니다,"['라인', '대안', '라인', '추천', '라인', '엣지', '직하', '밝다', '균일', '라인', '추천', '제안', '사료']",5,1
989,엘지전자 무선도시락박스 문제 있어요 앞에서 누가 왔다갔다 하면 tv안 나와요 문제는 인공위성 세탑박스라고 설치할때 자긍심 갔고 광고하면서 정작 tv에서 수신하는 포스트는 딸랑 아래 하나 있다는 거죠 97인치최대 사이즈랑 m박스 버전 구매하고 결국 2년도 안되서 티브 통째로 교체 했어요 이것도 1호일것입니다 대한민국 1호가 전세계 1호라고 하더니 2년도 안되서 97인치 프레임빼고 모두 교체 했어요 정말 기술의 상징 금성에 대한 깊은 실망감 그 m박스 문제좀 lg가 해결해 주길 어떻게 단방향에서 사람이 왔다갔다하면 화면이 끊기는 지 수신포트를 화면전체 4면에 설치하는게 정답,"['엘지전자', '무선', '도시락', '박스', '문제', '나오다', '문제', '인공위성', '박스', '설치', '자긍심', '광고', '수신', '포스트', '아래', '최대', '사이즈', '박스', '버전', '구매', '결국', '티브', '교체', '대한민국', '세계', '프레임', '빼다', '교체', '기술', '상징', '금성', '대하다', '깊다', '실망감', '박스', '문제', '해결', '달다', '방향', '사람', '화면', '끊기다', '수신', '포트', '화면', '전체', '설치', '정답']",5,1
990,lg 2세대 oled 2022 lg 3세대 oled 2023 2024 lg 4세대 oled 2025 08 lg전자 울트라기어 4세대 제품은 아직 모니터 한 모델밖에 출시되지 않음 내년이 월드컵 시즌이라 그전에 4세대 oled 패널 tv 모니터 줄줄이 예정에 있습니다 참고하세요,"['대', '대', '대', '전자', '울트라', '기어', '대', '제품', '모니터', '모델', '출시', '내년', '월드컵', '시즌', '대', '패널', '모니터', '예정', '참고']",5,2
991,삼성은 qled neo qled라인은 모두 중국산 패널입니다 이미 4년 전에 lcd사업 자체를 중국에 매각했어요 삼성패널 qd oled외에는 모두 외주 패널 씁니다 이게 lg는 일찍부터 oled 개발에 힘써서 대형화에 일찍 들어갔고 삼성은 소형 핸드폰 에 집중해서 나뉘었기 때문입니다 일부 삼성oled는 엘지패널 들어가는 이유도 패널공급 자체가 제대로 안되기 때문이죠 그리고 삼성티비는 돌비비전을 지원을 안합니다,"['삼성', '라인', '중국', '패널', '사업', '자체', '중국', '매각', '삼성', '패널', '외주', '패널', '쓰다', '개발', '힘쓰다', '대형', '들어가다', '삼성', '소형', '핸드폰', '집중', '나뉘다', '일부', '삼성', '늘다', '엘지', '패널', '들어가다', '이유', '패널', '공급', '자체', '삼성', '티비', '돌비', '비전', '지원']",5,1
992,이채널은 개고생하는거에 비해 조회수가 너무 낮네 어차피 화질 좋은 티비 사봐야 너무 쨍해서 눈만 아픔 엘지 울트라 hd 86인치 200만원정도에 사서 쓴지 1년쯤 됐는데 매우 만족중 pc 모니터는 온전한 지싱크 기능있는거 쓰고 컴터 직접 조립하고 꾸밀정도의 지식 수준임 공중파든 뭐든 쏴주는 화질 자체가 온전한 아니라서 걍 모니터 울트라hd 이정도만 사면됨 즉 송출화질 티비화질 모두 좋아야 좋은화질로 보는데 송출화질이 그렇지 않음 적당히 뒤에서 시청하는걸 감안하면 oled 개비싼거 필요가 없음 엘지나 삼성이나 똑같음 울트라hd 티비로도 유튜브 영상보면 더할나위없이 화질 좋음 걍 적당한거사면됨,"['채널', '고생', '비하', '조회', '낮다', '화질', '좋다', '티비', '사다', '아프다', '엘지', '울트라', '사다', '쓰다', '만족', '모니터', '온전하다', '싱크', '기능', '쓰다', '트다', '조립', '꾸미다', '지식', '수준', '공중파', '쏘다', '화질', '자체', '모니터', '울트라', '사다', '송출', '화질', '티비', '화질', '좋다', '좋다', '화질', '송출', '화질', '시청', '감안', '비싸다', '필요', '엘지', '삼성', '똑같다', '울트라', '티비', '유튜브', '영상', '화질', '좋다', '사다']",5,2
993,각 4모서리 약 약간 흐리게 나옵니다 흰바탕화면에서 크게 느끼고요 일상에서는 느끼기 힘듭니다 그리고 대체로 흰색이 약간 핑크빛이 도는 흰색으로 나옵니다 일반적인 영상에서는 느끼기 힘듭니다 나중에 삼성tv 산 친구꺼 볼건데요 일단은 엘지는 비추합니다,"['모서리', '흐리다', '나오다', '희다', '바탕', '화면', '크다', '일상', '힘들다', '흰색', '핑크', '도', '흰색', '나오다', '일반', '영상', '힘들다', '삼성', '친구', '끄다', '엘지', '추하다']",5,1
994,같은 qned 85라인과 비교하면 주사율도 led도 미니led 아니고 일반led라서 하위모델 나노셀에서 퀀텀닷 패널 하나 추가 된 게 끝입니다 화질이나 밝기면에서 나노셀에 비해 약간 상승 수준이라 차라리 좀 더 저렴한 나노셀도 대안이 될수 있고 아니면 tv는 한번 구매하면 오래 사용하는 가전이다 보니까 이왕이면 돈 조금 더 보태서 85라인 이상으로 구매하세요 65랑 85라인 밝기나 명암비등 생각보다 차이 많이 납니다,"['라인', '비교', '주사', '미니', '일반', '하위', '모델', '나노', '퀀텀', '패널', '추가', '화질', '밝다', '나노', '비하', '상승', '수준', '저렴하다', '나노', '대안', '늘다', '구매', '가전', '보태다', '라인', '이상', '구매', '라인', '밝다', '명암', '생각', '차이']",5,1
995,55인치 이하 모델중 하나 추천해 주실수 있을까요 삼성 엘지 중에서 쓰려고 하고 아빠랑 작은 집에서 살고 있어요 아빠가 야구를 좋아하셔서 공중파 위주로 보고 가끔 넷플릭스 같이 보거든요 한달째 고민중인데 고를수가 없어서 도움 주시면 너무 감사할꺼 같아요 새해 복 많이 받으세요,"['이하', '모델', '추천', '삼성', '엘지', '쓰다', '아빠', '작다', '살다', '아빠', '야구', '좋아하다', '공중파', '위주', '넷플릭스', '고민', '고르다', '도움', '감사', '새해']",5,2
996,55인치라면 삼성전자 올레드 65인치라면 lg전자 올레드 ai 위 모델은 삼성에서 엘지 oled패널로 만든 겁니다 55인치 모델의 경우 가성비가 좋아요 다만 65인치는 시청거리 돼도 충분합니다 따라서 미래를 생각하면 웬만하면 65인치 추천드립니다 같은 oled와 같은 크기라도 상급은 100만원 가량 차이납니다 lg전자 올레드 evo ai,"['삼성전자', '올레', '전자', '올레', '모델', '삼성', '엘지', '패널', '만들다', '모델', '가성비', '좋다', '시청', '거리', '미래', '생각', '웬만하다', '추천', '드리다', '크기', '상급', '가량', '차이', '전자', '올레']",5,2
997,93모델 샀는데 베스트 픽이 같으니 기분이 좋긴한데 실 사용자로써 반사방지관련 기능이 없어서 조금 더 주고 삼성껄로 가야했나 약간 후회중입니다 생각나서 추가 지금 쓰고 있는 모니터는 삼성껀데 음성으로 밝기 조정 50 이라고 하면 밝기 수치가 바뀌는데 lg껀 밝기 조정으로 유튜브 검색합니다,"['모델', '사다', '베스트', '기분', '좋다', '사용자', '반사', '방지', '기능', '삼성', '후회', '생각', '추가', '쓰다', '모니터', '삼성', '음성', '밝다', '조정', '밝다', '수치', '바뀌다', '밝다', '조정', '유튜브', '검색']",5,2
998,삼성 화질이 너무 떨어져요 화질을 비교하는 수준 엘지의 장점은 그래도 돌비비전 지원 매직리모컨의 장점이 있죠 삼성보다 인터페이스도 편하고 예쁜편 oled는 엘지 미니엘이디는 삼성 이라고 생각합니다,"['삼성', '화질', '떨어지다', '화질', '비교', '수준', '엘지', '장점', '돌비', '비전', '지원', '매직', '리모컨', '장점', '삼성', '인터페이스', '편하다', '예쁘다', '엘지', '미니', '엘이디', '삼성', '생각']",5,1
999,작년 부터는 삼성이 올레드부문에서 더 좋은 평가를 받았습니다 엘지 올레드가 좀더 우위에 있는건 40인치대와 83인치 부문입니다 슛아웃 화질 평가도 소니 삼성 파나소닉 엘지순으로 엘지 최하위를 받았어요,"['작년', '삼성', '올레', '부문', '좋다', '평가', '엘지', '올레', '우위', '부문', '아웃', '화질', '평가', '소니', '삼성', '파나소닉', '엘지', '엘지', '하위']",5,1
1000,삼성 엘지는 무선 청소기 비싸게 받는데 성능은 중국제품과 비슷하다 as 좋다지만 저가격으로 중국산은 2 3개 산다 망가지면 사고 또사면 된다 그리고 쉽게 안망가짐 삼성 엘지는 제품을 특화해야 비싸도 사지 이대론 힘들다,"['삼성', '엘지', '무선', '청소기', '비싸다', '성능', '중국', '제품', '비슷하다', '좋다', '가격', '중국', '망가지다', '사다', '사다', '망가지다', '삼성', '엘지', '제품', '특화', '비싸다', '사다', '힘들다']",5,1
1001,삼성거는 회사에서 써봤고 엘지거는 엄마집에 있음 모터랑 컴프레서는 엘지 가전은 엘지라는 말도 있지만 무선청소기는 삼성거가 쓰기 좋았다 엘지거는 조작법도 되다 말았고 무게중심이 엉터리라서 다루기가 성가심 스테이션에 꽂는 구조도 흠좀,"['삼성', '회사', '쓰다', '엘지', '엄마', '모터', '컴프레서', '엘지', '가전', '엘지', '무선', '청소기', '삼성', '쓰다', '좋다', '엘지', '조작', '무게', '중심', '엉터리', '다루다', '성가시다', '스테이션', '꽂다', '구조']",5,1
1002,뽀송 구매하고 1달만에 lg꺼로 다시 삿었죠 뽀송이 가격은 2배이상 저렴했는데 막상 써보니 소음차이가 그냥 압도적이라 결국은 뽀송은 시끄러워서 옷방 전용으로 계속 쓰고는 있는데 처음부터 lg꺼 삿으면 1대만 사용했을듯,"['뽀송', '구매', '끄다', '사다', '송이', '가격', '이상', '저렴하다', '쓰다', '소음', '차이', '압도', '결국', '전용', '쓰다', '사다']",5,2
1003,1층에서 사는데 제습기가 너무 필요해져서 1주일전에 구입을했는데 잘산것같네요 위닉스랑 lg꺼랑 비교하다가 가성비보단 lg로 했네요 위닉스 생각보다 앱이 너무 구려서 공청기가 위닉스 lg는 lg입니다 확실히 소음 제습기능 앱기능 등등 모든면에서 육각형인듯해서 너무 잘쓰고있네요 저처럼 고민되실땐 가성비와 기능탑은 위닉스vs 대기업 만능기능은 lg라고 봅니다,"['사다', '습기', '필요', '구입', '살다', '닉스', '비교', '가성비', '닉스', '생각', '구리', '닉스', '소음', '기능', '기능', '육각', '쓰다', '고민', '가성비', '기능', '닉스', '기업', '만능', '기능']",5,2
1004,여기 영상 보고 구매 하려다가 판매처에 물어 보니 가격이 거진 50 80만원 가량 차이가 나버리네요 특히나 lg 뷰2 뷰3 제품 모델들은 단종된 모델이라 가격이 싼것 같은대 막상 상담 받으면 그가격에 팔지를 안내요,"['영상', '구매', '판매', '가격', '가량', '차이', '제품', '모델', '단종', '모델', '가격', '싸다', '상담', '가격', '팔다', '내다']",5,2
1005,가격은 비싸지만 가전은 엘지가 갑임 근데 정가도 비쌀 뿐더러 할인도 삼성에 비해 미비하기 때문에 실 구매 가격은 20 30 차이가 남 이게 혼수 가전 마련할 때 보면 선택의 중요한 요소이긴 함 결론은 오래 쓸 생각이고 퀄리티 생각하면 엘지 가성비를 따진다면 삼성임,"['가격', '비싸다', '가전', '엘지', '정가', '비싸다', '할인', '삼성', '비하', '미비', '구매', '가격', '차이', '혼수', '가전', '마련', '선택', '중요', '요소', '결론', '쓰다', '생각', '퀄리티', '생각', '엘지', '가성비', '따지다', '삼성']",5,1
1006,개인적으로 이제 모니터 디스플레이에 oled 들어간거 사는게 맞다고 생각함 아마 다음 혹은 다다음 세대 맥북도 oled 들어갈텐데 굳이 ips를 사야할진 모르겠음 ai 기능은 일단 무시하시고 사시는걸 추천 생각보다 잘 안쓸꺼고 만약 써도 저 비용보다 구독하는게 더 쌀수도 있음,"['개인', '모니터', '디스플레이', '들어가다', '사다', '맞다', '생각', '다음', '다음', '대', '맥북', '들어가다', '사다', '기능', '무시', '사다', '추천', '생각', '쓰다', '만약', '쓰다', '비용', '구독', '싸다']",5,2
1007,삼성 as에 실망할 정도면 엘지 쓰면 더함 엘지 쓰다 as때문에 손절한 사람임 기사 잘못으로 오히려 문제가 생겼는데 이틀 동안 계속 여기저기로 전화돌리고 책임자랑 통화못함 빡쳐서 유명한 인터넷까페에 올리니 당일에 전화옴 그냥 버리고 새거 산다고 전화끊었음,"['삼성', '실망', '엘지', '쓰다', '엘지', '쓰다', '사람', '기사', '잘못', '문제', '생기다', '이틀', '동안', '여기저기', '전화', '돌리다', '책임자', '통화', '치다', '유명', '인터넷', '까페', '올리다', '당일', '전화', '버리다', '사다', '전화', '끊다']",5,1
1008,엘지도 마찬가지 19년에 풀로사서 매인세탁기 컨트롤 2회 미니2회 건조기 1회 교환 지금 또 문제있음 냉장고 콘프레샤 1회교체 무선청소기 배터리 2년후 2개 방전 tv는 지금 간혈적으로 깜빡임 아마 다음엔 좀더 싼 삼성가지않을까함 디자인도 삼성이 심플하다 생각함,"['엘지', '마찬가지', '사다', '매', '세탁기', '컨트롤', '미니', '건조기', '교환', '문제', '냉장고', '콘프레샤', '교체', '무선', '청소기', '배터리', '방전', '늘다', '지금', '깜빡이다', '다음', '싸다', '삼성', '디자인', '삼성', '심플', '생각']",5,1
1009,lg 전자에서 자기에 맞는걸 단독형으로 고르던가 타워로 고르던가 하는게 맞습니다 엘지 삼성은 일반 가전에서는 차이가 많이나요 특허도 기술도 아시는 사람있을지 모르겠는데 엘지는 자사 공기과학연구소도 시험 평가 기준에 충족되는 곳이라 국가공인 미세먼지 시험기관 역할도 가능하죠,"['전자', '맞다', '단독', '고르다', '타워', '고르다', '맞다', '엘지', '삼성', '일반', '가전', '차이', '특허', '기술', '사람', '엘지', '자사', '공기', '과학', '연구소', '시험', '평가', '기준', '충족', '국가', '공인', '미세', '먼지', '시험', '기관', '역할', '가능']",5,1
1010,안에 보이면 뭐가 낫냐 정수기 붙은 j시리즈 좋다 작년 9년차에 엘지 에어컨부터 올초까지 냉장고 세탁기 다 고장나서 바꿨다 너무 고장이 빨리 나는거 아니냐 세탁기는 삼성으로 바꾸었는데 다 삼성으로 갈아탈련다 근데 삼성에어컨 왤케 비쌈,"['보이다', '정수기', '붙다', '시리즈', '좋다', '작년', '엘지', '에어컨', '냉장고', '세탁기', '고장', '바꾸다', '고장', '세탁기', '삼성', '바꾸다', '삼성', '갈아타다', '삼성', '에어컨', '비싸다']",5,1
1011,lg tv 추천제품 보러가기 앱 다운로드 링크 홈페이지 영상 속 제품 보러가기 아래의 쿠팡 네이버 링크를 통해 구매하시면 는 쿠팡 네이버로부터 소정의 수수료를 받습니다 구매자에게 부과되는 추가비용은 전혀 없으며 서비스와 채널에 도움이 됩니다 울트라hd 추천제품 24년 9300 라인 65인치 lg전자 75인치 lg전자 울트라hd 추천제품 23년 라인 비즈니스 모델 55인치 lg전자 65인치 lg전자 75인치 lg전자 올레드 가성비 제품 24년 라인 55인치 lg전자 65인치 lg전자 올레드 추천제품 25년 라인 55인치 lg전자 올레드 추천제품 25년 라인 55인치 lg전자 65인치 lg전자 77인치 lg전자 83인치 lg전자,"['추천', '제품', '다운로드', '링크', '홈페이지', '영상', '제품', '아래', '쿠팡', '네이버', '링크', '통하다', '구매', '늘다', '쿠팡', '네이버', '소정', '수수료', '구매자', '부과', '추가', '비용', '서비스', '채널', '도움', '울트라', '추천', '제품', '라인', '전자', '전자', '울트라', '추천', '제품', '라인', '비즈니스', '모델', '전자', '전자', '전자', '올레', '가성비', '제품', '라인', '전자', '전자', '올레', '추천', '제품', '라인', '전자', '올레', '추천', '제품', '라인', '전자', '전자', '전자', '전자']",5,1
1012,영상 잘 보았습니다 제가lg 울트라 hd 랑 와 비교 하고 있는데 가격은 80만원 정도 차이가 납니다 전 85인치로 구매 할 것인데 화질 부분에서 크차이가 있을까요 80만원 더 주고 qned로 가도 괜찮을까요,"['영상', '울트라', '비교', '가격', '차이', '구매', '화질', '크다', '차이', '괜찮다']",5,2
1013,영상 잘 봤습니다 님 100 중반 내로 삼성 엘지 qnel qled 65인치 좋은 스마트티비 추천 부탁드립니다 오티티로 영화 보는거 좋아하는데 어려워서 너무 고민됩니다 소형평수라 맥시멈65인치여요,"['영상', '중반', '삼성', '엘지', '좋다', '스마트', '티비', '추천', '부탁', '드리다', '오티', '티', '영화', '좋아하다', '고민', '소형', '평수', '맥시멈']",5,2
1014,lg 둘중고민되네요 가격차이가 크게없다면 뭐로가야될까요 상담사들말이 둘다달라서요 베샵은91갈빠85가낫다 백화점은 가격차이도없는데 왜85가냐 91이더좋은거다 하시고 베샵서91갈빠에 올레드83가는게낫다 이러네요,"['고민', '가격', '차이', '크다', '상담사', '다르다', '갈', '빠', '백화점', '가격', '차이', '좋다', '갈', '빠', '올레', '이러다']",5,2
1015,lg는 oled말고는 살라인이 없습니다 mini led끼리 비교시도 삼성대비 훨씬 밀립니다 lg에서 살만한 tv라인은 oled중에 가성비 oled 두개라인입니다 oled도 최상위 라인 보실꺼면 삼성이 더 낫습니다 그외에 최하위 크리스탈삼성이나 울투나hd lg나 거기서 거기니 할인많이 되는걸로 사세요 업스케일링도 최상위라인업은 칩이 좋아서 업스케일링도 좋은데 하위라인업들은 의미도 없는 수준입니다 현재 단순 화질로는 삼성 neo qled최상위라인과 비슷합니다,"['말', '라인', '비교', '시도', '삼성', '대비', '밀리다', '살다', '라인', '가성비', '라인', '상위', '라인', '삼성', '하위', '크리스탈', '삼성', '울', '투', '할인', '사다', '스케일링', '상위', '라인업', '좋다', '스케일링', '좋다', '하위', '라인업', '의미', '수준', '단순', '화질', '삼성', '상위', '라인']",5,1
1016,엘지 24년 qned 75인치 중급 85라인 을 샀는데요 엄청 후회하고 있습니다 빛샘과 멍이 장난이 아니네요 깜짝 놀랐습니다 21 9 영화 화면에서 상하 암부에서 빛샘과 멍자국이 너무 거슬리는데 엘지에서는 정상이랍니다 이게 엘지의 기술력이 맞나 싶고 중국산 보다 못한 훨씬 문제가 있는 빛샘이 정상범위라서 교체나 as 불가,"['엘지', '중급', '라인', '사다', '후회', '장난', '놀라다', '영화', '화면', '자국', '거슬리다', '엘지', '정상', '엘지', '기술력', '맞다', '중국', '문제', '정상', '범위', '교체', '불가']",5,1
1017,마침 혼수준비중입니다 비교영상 너무 간절했는데 감사합니다 올레드 77인치 구매하려고하는데 사실 2 출력차이는 현장에서 비교해봤지만 100만원차이더라구요 그걸로 외부 스피커를 넣는게 나을거라는 판단으로 가려고하는데 가 걸립니다 그렇다고 가기엔 금액차이가 300차이가 나네요,"['혼수', '준비', '비교', '영상', '감사', '올레', '구매', '출력', '차이', '현장', '비교', '차이', '외부', '스피커', '넣다', '판단', '걸리다', '금액', '차이', '차이']",5,2
1018,삼성 tv 추천제품 보러가기 앱 다운로드 링크 홈페이지 영상 속 제품 보러가기 아래의 쿠팡 네이버 링크를 통해 구매하시면 는 쿠팡 네이버로부터 소정의 수수료를 받습니다 구매자에게 부과되는 추가비용은 전혀 없으며 서비스와 채널에 도움이 됩니다 crystal uhd 추천제품 24년 7000번 대 라인 55인치 삼성전자 75인치 삼성전자 85인치 삼성전자 crystal uhd 추천제품 25년 8000번 대 라인 55인치 삼성전자 65인치 삼성전자 75인치 삼성전자 qled 추천제품 24년 70번 대 라인 화질과 가성비의 밸런스가 가장 좋은 라인 55인치 삼성전자 65인치 삼성전자 75인치 삼성전자 neoqled 추천제품 24년 80번 대 라인 한단계 더 뛰어난 미니 led 라인 최근 가격도 많이 내려옴 55인치 삼성전자 65인치 삼성전자 75인치 삼성전자 oled 추천제품 24년 oled 95 라인 삼성 tv 최강의 화질 tv에 진심이라면 추천 55인치 삼성전자 65인치 삼성전자 77인치 삼성전자,"['삼성', '추천', '제품', '다운로드', '링크', '홈페이지', '영상', '제품', '아래', '쿠팡', '네이버', '링크', '통하다', '구매', '늘다', '쿠팡', '네이버', '소정', '수수료', '구매자', '부과', '추가', '비용', '서비스', '채널', '도움', '추천', '제품', '라인', '삼성전자', '삼성전자', '삼성전자', '추천', '제품', '라인', '삼성전자', '삼성전자', '삼성전자', '추천', '제품', '라인', '화질', '가성비', '밸런스', '좋다', '라인', '삼성전자', '삼성전자', '삼성전자', '추천', '제품', '라인', '단계', '뛰어나다', '미니', '라인', '최근', '가격', '내려오다', '삼성전자', '삼성전자', '삼성전자', '추천', '제품', '라인', '삼성', '최강', '화질', '진심', '추천', '삼성전자', '삼성전자', '삼성전자']",5,1
1019,다름이 아니고 써치님 영상으로 열심히 알아보고 티비를 사려하는데 3가지 정도 추려졌는데 선택장애가 와서 의견을 묻고자 합니다 써치님 추천으로 기본 비교 모델 코스트코 판매제품 코스트코 판매제품 사용빈도는 아이들 유투브 시청이 압도적으로 높고 어른들은 가끔 드라마 정주행 or 영화감상입니다,"['다르다', '써치', '영상', '알아보다', '티비', '사다', '추리', '선택', '장애', '의견', '써치', '추천', '기본', '비교', '모델', '코스트코', '판매', '제품', '코스트코', '판매', '제품', '빈도', '아이', '유투브', '시청', '압도', '높다', '어른', '드라마', '정주', '영화', '감상']",5,2
1020,700만원짜리 고화질75인치 삼성tv 3년만에 그림자 떨림화면 이상으로 tv핵심부품 패널을 120만원주고 통채로 교체해야한다고함 그래서 요즘은 lg가 대세고 품질도 lg가좋다 이런말을 많이 하는것같다,"['화질', '삼성', '그림자', '떨리다', '화면', '이상', '핵심', '부품', '패널', '통채', '교체', '요즘', '대세', '품질', '좋다']",5,1
1021,85인치 사운드바 쓰고 있습니다 코스트코에서 올 봄에 사운드바 끼워줘서 359만원할때 샀는데 만족하고 있습니다 tv 사실때 가장 중요한건 화면 크기입니다 24평이면 85인치가 크지 않을까 생각하시는 분들께 말씀드리는데 안 큽니다 딱 좋습니다 지금은 33평인데 이사하니까 오히려 85인치도 작아보입니다 스펙 하락을 감안해도 화면 크기 하나만으로도 크리스탈 uhd 98인치로 가야했었나 고민이 될 정도입니다 그 다음은 사운드바입니다 저렴한 사운드바라도 있느냐 없느냐가 천지차이입니다 쉽게 말해 사운드바가 있으면 극장에서 느끼는 음향 그맛이 난다고 보시면 됩니다 그 다음이 화질입니다 저는 네오 qled랑 그냥 qled랑 가격차이만큼의 화질차이가 없다고 느꼈습니다 물론 주머니에 여유가 있다면 네오 qled가 낫습니다,"['사운드', '쓰다', '코스트코', '사운드', '끼우다', '사다', '만족', '사다', '중요', '화면', '크기', '크다', '생각', '말씀', '드리다', '크다', '좋다', '지금', '이사', '작다', '보이다', '스펙', '하락', '감안', '화면', '크기', '크리스탈', '고민', '다음', '사운드', '저렴하다', '사운드', '천지', '차이', '사운드', '극장', '음향', '다음', '화질', '네오', '가격', '차이', '화질', '차이', '주머니', '여유', '네오']",5,2
1022,oled는 모니터 이상의 대형은 lg 패드나 핸드폰 사이즈의 소형은 삼성이 뛰어나다 qled는 lcd랑 똑같은거라 엄청 싸구려 제품을 비싸게 파는 거나 다름 없다 요 두 개만 기억 하세요,"['모니터', '이상', '대형', '패드', '핸드폰', '사이즈', '소형', '삼성', '뛰어나다', '똑같다', '싸구려', '제품', '비싸다', '파', '다르다', '기억']",5,1
1023,앞으로는 삼성티비 안사요 지금티비 산지 4년 조금 넘었는데 2년 만에 줄이생겨 서비스 받았는데 1년 조금 넘었는데 그때보다 더많이 생겨 열받아 죽겠다 차라리 중소기업 티비가 더 좋은듯,"['삼성', '티비', '사다', '티비', '사다', '넘다', '생기다', '서비스', '넘다', '생기다', '죽다', '중소기업', '티비', '좋다']",5,1
1024,삼성 tv 2022 년에 qled 65인치 250만원 주고 샀다 oled 보다 화질은 떨어져도 oled가 고장이 잘난다는 말에 샀다가 as 5번 받았다 잘 기억해라 삼성 사면 무조건 후회한다,"['삼성', '사다', '화질', '떨어지다', '고장', '사다', '기억', '삼성', '후회']",5,1
1025,누가 쓰느냐에 따라 다를 듯요 5 60대 이상 부모님 선물 하시는 거면 닥 삼성이구요 그게 아니라면 tcl 추천합니다 생각보다 부모님들 tv 브랜드 신경 많이 쓰시더라구요 tcl 좋은데 설득하기에 애먹습니다 뭐 하나 잘 안되면 tv 탓처럼 생각하시기도 하시구요,"['쓰다', '따르다', '다르다', '이상', '부모', '선물', '삼성', '추천', '생각', '부모', '브랜드', '신경', '쓰다', '좋다', '설득', '애먹다', '생각']",5,2
1026,저 브랜드들 3가지 다 써봤고 기종이 다 저것들보다도 저가형이었는데 그냥 맨첨에 쓰던 10년된 파나소닉 날 갈아서 쓰고있음 그냥 기능에 충실한 제품은 일제가 좋은것 같음 물론 지금은 당연히 일본에서 제조한건 아니겠지만 옛날 일제와 똑같이는 만들겠죠,"['브랜드', '쓰다', '기종', '저가', '쓰다', '파나소닉', '갈다', '쓰다', '기능', '충실', '제품', '일제', '좋다', '지금', '일본', '제조', '옛날', '일제', '만들다']",5,1
1027,가 추천하는 혼수패키지 보러가기 1 500만원 가성비 패키지 2 1000만원 삼성전자 패키지 3 1000만원 lg전자 패키지 4 1500만원 트렌드 패키지 앱 다운로드 링크 홈페이지,"['추천', '혼수', '패키지', '가성비', '패키지', '삼성전자', '패키지', '전자', '패키지', '트렌드', '패키지', '다운로드', '링크', '홈페이지']",5,1
1028,이거 보고 공부해서 제품마다 상세페이지 보니까 캐리어 제품은 거의 다 택갈이고 삼성 엘지도 60미만은 택갈이 있음 이상한 회사꺼 사서 as만 삼성 lg 캐리어에 받기 싫으면 상세정보 잘 보고 사야함,"['공부', '제품', '페이지', '캐리어', '제품', '갈이', '삼성', '엘지', '미만', '갈이', '이상', '회사', '사다', '삼성', '캐리어', '싫다', '정보', '사다']",5,1
1029,초단초점의 단점은 스크린이 완벽하게 평탄해야함 일반 프로젝터는 안그래도 잘나옴 집에서 볼거면 굳이 fhd만 봐도 엄청 잘나옴 극장에가도 화질이 엄청 선명하지않죠 고화질 티비로 봐도 영화맛이 안나지만 빔으로보면 극장맛이남 엘지 미니빔 프로젝터를 추천함 램프수명도 길고 반영구적임,"['초단', '초점', '단점', '스크린', '완벽', '평탄', '일반', '프로젝터', '나오다', '나오다', '극장', '화질', '선명', '화질', '티비', '영화', '극장', '엘지', '미니', '프로젝터', '추천', '램프', '수명', '길다', '반영구']",5,1
1030,넓은 면적의 제품을 찾는데 왜 길이가 중요하죠 넓이가 더 중요하다고 봅니다 98짜리하고 107 8하고 사용시 편안함이 다릅니다 넓이 95 98은 가성비일 뿐이고 넓으면 넓을수록 사용하기 더 편합니다,"['넓다', '면적', '제품', '찾다', '길이', '중요', '넓이', '중요', '편안', '다르다', '넓이', '가성비', '넓다', '넓다', '편하다']",5,2
1031,10년 전 세탁기를 삼성으로 사고 6년 전에 건조기를 lg로 사서 쓰다가 이번에 이사를 하면서 일체형으로 바꾸려고 해요 몇 군데 둘러보다가 삼성 자동문열림에 혹해서 결제했어요 외관은 확실히 엘지오브제가 이쁘더라구요 저는 개인적으로 세탁기를 모르겠고 건조기 콘덴서청소때문에 삼성으로 바꿔보려는데 기대반 걱정반 입니다,"['세탁기', '사다', '사고', '건조기', '사다', '쓰다', '이사', '일체', '바꾸다', '둘러보다', '삼성', '자동', '열리다', '혹하다', '결제', '외관', '엘지', '오브제', '이쁘다', '개인', '세탁기', '건조기', '콘덴서', '청소', '삼성', '바꾸다', '기대', '걱정']",5,1
1032,영상에 나오는 제품으로 말씀드리면 설치방식이 다릅니다 삼성은 전면에서 건조기를 올린 후 일체형 마무리 방식이고 엘지는 뒷면에서 건조기를 올린 후 일체형 마무리 방식입니다 양옆공간과 뒷공간이 없으면 엘지 제품은 설치불가하다고 안내 받을 수 있습니다,"['영상', '나오다', '제품', '말씀', '드리다', '설치', '방식', '다르다', '삼성', '전면', '건조기', '올리다', '일체', '마무리', '방식', '엘지', '뒷면', '건조기', '올리다', '일체', '마무리', '방식', '공간', '공간', '엘지', '제품', '설치', '불가', '내다']",5,1
1033,두 제품 간 차이는 살균 방식이 큰데 삼성은 전기분해수 lg는 고온수 살균입니다 어느 것이 더 낫다 딱 잘라 말씀 드리기는 어려워 두 방식 중 더 마음이 가는 쪽으로 선택하셔도 무방할 것으로 판단 됩니다,"['제품', '차이', '살균', '방식', '크다', '삼성', '전기', '분하다', '늘다', '온수', '살균', '자르다', '말씀', '드리다', '방식', '마음', '선택', '판단']",5,1
1034,스팀 없는 모델입니다 t가 스팀을 뜻하는 것은 아니고 대체로 n이 붙어있으면 스팀이 없는 모델로 보시면 됩니다 전에는 s가 붙으면 스팀이 있는 제품이었는데 최근에는 림색상이 실버 크롬 이면 s를 붙여서 출시하는 경우가 있어서 lg는 모델명으로 확인하는게 많이 헷갈리는 편입니다 lg에서 쉽게 통일해주면 좋을텐데 아쉽습니다,"['스팀', '모델', '스팀', '붙다', '스팀', '모델', '붙다', '스팀', '제품', '최근', '색상', '실버', '크롬', '이면', '붙이다', '출시', '늘다', '모델명', '확인', '헷갈리다', '통일', '좋다']",5,1
1035,삼성이 lg보단 쪼금 더 싼이유가 중국 oem 제품들이 많아서인데 그때문인지 고장이 잦아서 스트레스라고 함 하나 고치면 다른게 문제라 또 부르고 악순환임 아무리 as서비스가 좋으면 뭘하겠음 그거때문에 예약하고 연차내고 고장안나서 as안부르는게 낫지 가격차이때문에 삼성 lg 고민할거면 그밑 브랜드 사고 좋은 제품 사려거든 lg가 답임,"['삼성', '싸다', '이유', '중국', '제품', '많다', '고장', '잦다', '스트레스', '고치다', '다르다', '문제', '부르다', '악순환', '서비스', '좋다', '예약', '연차', '내다', '고장', '부르다', '가격', '차이', '삼성', '고민', '브랜드', '사고', '좋다', '제품', '사다']",5,1
1036,좋은거 쓰고 싶으면 비싸도 엘지를 쓸수밖에 없음 삼성은 프리미엄 라인인 비스포크를 중국산 수입해서 딱지 갈이 해서 팔고있음 물론 일부 제품 이긴 하지만 애초에 프리미엄 라인을 중국산 딱지 갈이 하는거 자체가 코메디 그리고 둘다 오래써보면 답나옴 엘지도 뽑기 실패하면 고장나지만 평균적으로 몇년지나면 삼성껀 소음이 심해진다거나 잔고장이 잦아짐,"['좋다', '쓰다', '비싸다', '엘지', '쓰다', '삼성', '프리미엄', '라인', '비스', '포크', '중국', '수입', '딱지', '갈이', '팔다', '일부', '제품', '애초', '프리미엄', '라인', '중국', '딱지', '갈이', '자체', '코메디', '쓰다', '나오다', '엘지', '실패', '고장', '평균', '지나다', '삼성', '소음', '심하다', '하다', '고장', '잦다']",5,1
1037,무상수리 기간까지만 사용하고 싶다면 삼성 그 이상까지 쓰고 싶다면 엘지 고르면 됨 삼성은 중국기업이 생산한 제품을 껍데기만 씌워 만들기 때문에 지들도 제대로 못고친다 예 미국 냉장고 물차는 현상 세탁기 유리 깨지는 현상 선택은 알아서,"['무상', '수리', '기간', '삼성', '이상', '쓰다', '엘지', '고르다', '삼성', '중국', '기업', '생산', '제품', '껍데기', '씌우다', '만들다', '고치다', '미국', '냉장고', '차', '현상', '세탁기', '유리', '깨지다', '현상', '선택']",5,1
1038,근데 요즘 삼성 내구성 왜 이런지 삼성 불량 클레임 너무 많이 걸림 우리 매장에 삼성 판매률도 떨어 지는데 불량 클레임이 많은거 보면 확실히 삼성제품의 내구성에 문제가 있는거 같음 며칠전에도 고객이 매장에서 소리치고 난리였음 삼성 직원들이 많이 힘들어 함 일단 삼성 제품들이 대부분 베트남이나 중국 생산이라 불량이 많다고 함 그래서 난 엘지로 다 샀음 내 친구는 가격 때문에 삼성으로 다 맞췄는데 3년동안 서비스 기사 5번 왔다 갔다고 함 왜 삼성이 싸도 엘지에 안되는 지 알거 같음,"['요즘', '삼성', '내구', '삼성', '불량', '클레이', '걸리다', '매장', '삼성', '판매', '떨다', '불량', '클레이', '많다', '삼성', '제품', '내구', '문제', '며칠', '고객', '매장', '소리치다', '난리', '삼성', '직원', '힘들다', '삼성', '제품', '부분', '베트남', '중국', '생산', '불량', '많다', '엘지', '사다', '친구', '가격', '삼성', '맞추다', '동안', '서비스', '기사', '삼성', '싸다', '엘지']",5,1
1039,삼성 세탁기 베트남 건조기 한국or중국 엘지 세탁기 한국 건조기 한국 근데 자동 세제 투입은 삼성이 마치 자기들 기술처럼 이야기 하던데 대우한테 미안하지 않냐 엘지 세탁기 쓰다가 고장 한번 안나고 너무 오래돼서 삼성으로 바꿨는데 5년동안 사용하면서 서비스 2번 부름 모두 참고 하시길 삼성의 내구성은 뽑기가 엄청나게 강함 1 20만원에 뽑기 하지 마시길,"['삼성', '세탁기', '베트남', '건조기', '한국', '중국', '엘지', '세탁기', '한국', '건조기', '한국', '자동', '세제', '투입', '삼성', '기술', '이야기', '대우', '미안', '엘지', '세탁기', '쓰다', '고장', '삼성', '바꾸다', '동안', '서비스', '부르다', '참고', '삼성', '내구', '엄청나다', '강하다']",5,1
1040,리뷰 감사드립니다 영상 보고 여러모로 가성비와 a s를 생각하면 삼성을 구매하기로 결심했네요 lg가 거의 모든면에서 좋긴한데 가격이 너무 차이가 나서 아무래도 삼성걸로 구매하기로 마음먹었어요 좋은영상 정말 감사드려요,"['리뷰', '감사', '드리다', '영상', '가성비', '생각', '삼성', '구매', '결심', '좋다', '가격', '차이', '삼성', '구매', '마음먹다', '좋다', '영상', '감사', '드리다']",5,2
1041,가격을 제외하면 전반적인 평가가 lg 제폼이 최고인듯한데 가격때문에 추천이 되지 않는군요 이중창의 바같쪽 설치시 실내에 튀어나오는 부분이 작아 블라인드도 사용가능한등의 디자인적인 차별화된 중요 포인트는 설명이 없네요 그러면 삼성의 무풍에어컨에 무풍기능을 설명안하는 것과 다를 바가 없지 않나요,"['가격', '제외', '전반', '평가', '최고', '가격', '추천', '중창', '설치', '실내', '튀어나오다', '작다', '블라인드', '가능', '디자인', '차별', '중요', '포인트', '설명', '삼성', '무풍', '에어컨', '무풍', '기능', '설명', '다르다']",5,2
1042,22년형 창호형 에어컨 비교영상과 조금 차이가 나네요 개인적으로 가장 비싼 lg를 추천하는 이유가 이중창에 설치가능해서 갑툭튀가 없는 유일한 제조사 모델인데 lg가 가장 비싸지만 마감키트와 이중창 설치시 갑툭튀 없는 게 가장 큰 장점인데 이걸 빼고 비교하는 건 좀 글고보니 22년형 제품 비교에도 이중창 설치 가능 이야기는 없네요,"['창호', '에어컨', '비교', '영상', '차이', '개인', '비싸다', '추천', '이유', '이중창', '설치', '가능', '튀다', '유일', '제조사', '모델', '비싸다', '마감', '키트', '이중창', '설치', '튀다', '크다', '장점', '빼다', '비교', '제품', '비교', '이중창', '설치', '가능', '이야기']",5,2
1043,네다음엘빠 그 마감키트를 빼고도 저가격인데 가성비라곤 1도없고미쳐버린가격을 올릴이유가 뭐있나요 성능비교인데 뭘 이런걸 뺏다고 뭐라함 결국 삼성게 더 좋다는데도 윗돈주고 엘지꺼 살사람은 진짜 졸부거나 성능보다 디자인을 더 원하면 사겠지만 호구라는건 팩트,"['다음', '마감', '키트', '빼다', '가격', '가성비', '미치다', '가격', '올리다', '이유', '성능', '비교', '결국', '삼성', '좋다', '엘지', '사다', '사람', '졸부', '성능', '디자인', '원하다', '사다', '호구', '팩트']",5,1
1044,앱 홈페이지에서 tv 고르는 법과 브랜드별 추천제품도 확인하실 수 있습니다 tv 구매가이드 보러가기 tv 추천제품 모아보기 앱 다운로드 링크 홈페이지 영상 속 제품 보러가기 아래의 쿠팡링크를 통해 구매하시면 는 쿠팡으로부터 소정의 수수료를 받습니다 구매자에게 부과되는 추가비용은 전혀 없으며 서비스와 채널에 도움이 됩니다 베스트 lcd 55인치 lg전자 65인치 lg전자 75인치 lg전자 베스트 oled 48인치 lg전자 55인치 lg전자 55인치 후보 lg전자 65인치 lg전자 65인치 후보 lg전자 가성비 50인치 lg전자 55인치 lg전자 86인치 lg전자 프리미엄 55인치 lg전자 65인치 lg전자 77인치 lg전자 83인치 lg전자,"['홈페이지', '고르다', '브랜드', '추천', '제품', '확인', '구매', '가이드', '추천', '제품', '모으다', '다운로드', '링크', '홈페이지', '영상', '제품', '아래', '쿠팡', '링크', '통하다', '구매', '늘다', '쿠팡', '소정', '수수료', '구매자', '부과', '추가', '비용', '서비스', '채널', '도움', '베스트', '전자', '전자', '전자', '베스트', '전자', '전자', '후보', '전자', '전자', '후보', '전자', '가성비', '전자', '전자', '전자', '프리미엄', '전자', '전자', '전자', '전자']",5,1
1045,영상 감사합니다 7월경 lg oled 83인치 이상 으로 구입하려고 하는데요 mla 미적용 이라는 설명에 어떤모델을 구입해야하는지 난감하네요 모델하나 추천부탁드려도 될까요 77인치는 알겠는데 만약 80인치 이상을 사려면 어떤 모델 선택이 현명할지 부탁드립니다,"['영상', '감사', '인치', '이상', '구입', '적용', '설명', '모델', '구입', '모델', '추천', '부탁', '드리다', '만약', '이상', '사다', '모델', '선택', '현명', '부탁', '드리다']",5,2
1046,qned 7시리즈는 퀀텀닷 나노셀 코팅이 추가 된 제품으로 100만원 이상의 가치는 하지 않을것으로 보입니다 miniled 백라이트가 탑재되는 qned 중 고급형 제품이나 oled 라인으로 고려해 보시는 것을 추천 드립니다,"['시리즈', '퀀텀', '나노', '코팅', '추가', '제품', '이상', '가치', '보이다', '백라이트', '탑재', '고급', '제품', '라인', '고려', '추천', '드리다']",5,1
1047,결혼전 여친집 중소기업 hdr tv 쓰다가 결혼후에 21년 lg uhd tv로 바꿨는데 진짜 같은 스펙 뽑아주는 성능차이보고 lg 3년째쓰는중 tv틀어놓고자서 2년반만에 패널 교체했지만 교체비용도 49인치기준 유상 교체인데도 21만원 올해가을엔 lg 55인치 qned 가격좀떨어지면 구입의향은있음 oled랑 가격이같음 암만 화질이라고해도 유상as 금액 무시못해서,"['결혼', '여친', '중소기업', '쓰다', '결혼', '바꾸다', '스펙', '성능', '차이', '쓰다', '틀다', '자다', '패널', '교체', '교체', '비용', '인치', '기준', '유상', '교체', '올해', '가을', '가격', '떨어지다', '구입', '의향', '가격', '화질', '유상', '금액', '무시']",5,1
1048,oled는 c등급이상으루 하라고 하셧는데 추천 제품은 a셔서요 22년형 c 77인치 제품은 가격대비 별루인가요 오늘 견적을 냈는데 다행히 전시아닌 박스 확인하고 계약금 냈는데요 엘지로봇청소기가 같이 준다고해서 계약했거든요,"['등급', '이상', '추천', '제품', '제품', '가격', '대비', '견적', '내다', '전시', '박스', '확인', '계약금', '내다', '엘지', '로봇', '청소기', '계약']",5,2
1049,영상 정말 도움이 됩니다 감사해요 저는 65인치 보고있는데 추천해주신 모델이 에너지등급이 3등급이라 1등급은 더라구요 가격도 차이가 꽤 나서 그럼에도 불구하고 선택할만한지 고민되어요,"['영상', '도움', '감사', '추천', '모델', '에너지', '등급', '등급', '등급', '가격', '차이', '선택', '고민']",5,2
1050,lg 86인치 uhd 900불에 구매하려고하는데 tcl로 보면 qled 86인치 제품을 900불에 구매 가능하더라구요 엘지 후회없겠죠 삼성 uhd 같은 가격대인데 삼성아닌 엘지를 선택했고 tcl과 고민인데 어찌해야할지 애플티비도 있어서 함께 사용하려고합니다 벽에 걸어서요,"['구매', '제품', '구매', '가능', '엘지', '후회', '삼성', '가격', '삼성', '엘지', '선택', '고민', '애플', '티비', '걸다']",5,2
1051,라인업 83인치에도 mla 현재는 탑재되있나요 베스트샵 직원에게 물어보니 mla가 뭔지도 잘 모르더라구요 본인들도 모르는 부분이라 크게 차이없을거라는데 아무래도 소비자입장에선 아쉬운부분이다보니,"['라인업', '현재', '탑재', '베스트', '직원', '물어보다', '본인', '크다', '차이', '소비자', '입장']",5,2
1052,자세한 정리 정말 감사합니다 티비 사용하면서 느낀점이라고 한다면 일반적인 용도로 티비를 사용하시는 분이라면 특별히 제품 스펙에 신경 안쓰셔도 됩니다 솔직히 티비를 바꿀때 화질의 변화보다는 인치의 변화가 더 확실하게 느껴집니다 퇴근 후 혹은 주말에 소파 침대와 한몸이 되어 리모컨으로 이리저리 채널 돌리면서 티비 시청하시는 분이라면 굳이 고스팩 제품 구입하시기보다는 지금 사용하시는 티비보다 한두단계 화면 큰거 구입하시는게 만족도가 가장 높을겁니다 다만 티비를 게임하시는 용도나 취미로 영화등을 심도있게 즐기시는 분이라면 금액을 조금 더 투자해서 스팩 빵빵한 제품 구입하시는게 좋구요 확장성 부분도 아마 티비 사용하시는 80 이상은 뒤에 어떤 입력단자가 있는지 모르실겁니다 처음 구입하고 셋톱박스 설치하면 거의 티비 옆이나 뒷면을 보시는 분들 없으니까요 그리고 티비도 소모품인지라 제조사에서 보증하는 기간 넘어가면 50 이상의 확률로 고장 납니다 제조사에서도 바보가 아닌지라 딱 그정도로만 설계하고 제품 만든것 같아요 만약 500만원 예산으로 500만원짜리 구입하시기보다는 250만원짜리 구입하고 나머지는 가족들과 새로 구입한 티비 보면서 소고기 구워먹는게 남는겁니다 그리고 3년정도 뒤에 고장나면 수리하지 마시고 그정도 가격대 새제품 구입하시면 되구요 잘 아시겠지만 티비 수리비가 새제품 구입하는 것과 엄청 갈등될 정도로 비싸기 때문에 제조사에서도 왠만하면 수리보다는 새 제품 구입을 은연중에 권유하죠 가끔 백화점에서 철지난 고스펙제품을 상당히 저렴한 가격에 한정수량으로 판매하는 때도 있습니다 이런거 크게 홍보 안하기 때문에 구입하실때쯤 매장에 전화해서 물어보면 특템기회도 종종 있습니다,"['정리', '감사', '티비', '일반', '용도', '티비', '제품', '스펙', '신경', '쓰다', '티비', '바꾸다', '화질', '변화', '변화', '퇴근', '주말', '소파', '침대', '리모컨', '채널', '돌리다', '티비', '시청', '고스', '제품', '구입', '티비', '단계', '화면', '크다', '구입', '만족도', '높다', '티비', '게임', '용도', '취미', '영화', '심도', '즐기다', '금액', '투자', '스팩', '제품', '구입', '좋다', '확장', '티비', '이상', '입력', '단자', '구입', '셋톱박스', '설치', '티비', '뒷면', '티비', '소모품', '제조사', '보증', '기간', '넘어가다', '이상', '확률', '고장', '조사', '바보', '설계', '제품', '만들다', '만약', '예산', '구입', '구입', '나머지', '가족', '구입', '티비', '소고기', '먹다', '남다', '고장', '수리', '가격', '제품', '구입', '티비', '수리비', '제품', '구입', '갈등', '비싸다', '제조사', '수리', '제품', '구입', '은연중', '권유', '백화점', '지나다', '스펙', '제품', '저렴하다', '가격', '한정', '수량', '판매', '크다', '홍보', '구입', '매장', '전화', '물어보다', '기회']",5,2
1053,lg oled 번인 걱정하는 사람들 이해가 안되는게 2년동안 풀밝기로 그냥 주구장창 재미나게 영화보고 게임하고 pc모니터로 쓰고 갈구다가 2년 거의 다 채우고 새 패널로 공짜로 교체해서 또 재미나게 보고 있습니다 솔직히 한 4년 신나게 번인 걱정없이 쓸 수 있습니다,"['걱정', '사람', '이해', '동안', '밝다', '구장', '재미나다', '영화', '게임', '모니터', '쓰다', '갈구다', '채우다', '패널', '공짜', '교체', '재미나다', '신나다', '걱정', '쓰다']",5,1
1054,그동안 lgtv만을 사용해 왔었는데 기존tv가 패널 상태가 좀 안 좋아져서 백화점이나 베스트샵에서 판매하는 tv는 최신제품이라 그런지 비싸서 그러는데 온라인에 보면 다른 쇼핑몰에도 있지만 대기업에서 운영하는 쇼핑몰에도 있던데 리퍼tv 대부분이 해외직구 tv이더군요 가격이 예를들어 울트라 hdtv 고급형9 이 100만원 내외이던데 리퍼tv 괜찮을까요,"['그동안', '기존', '패널', '상태', '좋다', '백화점', '베스트', '판매', '최신', '제품', '비싸다', '그러다', '온라인', '쇼핑몰', '기업', '운영', '쇼핑몰', '리퍼', '부분', '해외', '직구', '가격', '들다', '울트라', '고급', '내외', '리퍼', '괜찮다']",5,2
1055,번인 발생 여부는 사용 환경에 따라 다르기에 정확한 답변을 드리기 힘들 것 같습니다 그래도 출시 초기 대비 올레드 tv 번인에 대한 불만글은 점점 줄어들고 있는 것으로 보입니다 도움을 드리지 못해 죄송합니다,"['발생', '여부', '환경', '따르다', '다르다', '정확', '답변', '드리다', '힘들다', '출시', '초기', '대비', '올레', '대하다', '불만', '줄어들다', '보이다', '도움', '드리다', '죄송하다']",5,1
1056,lg tv 사지마세요 5년전에 lg tv 5대 샀어요 하지만 2대가 모니터에 줄이 생겨서 tv를 볼수없어요 서비스센터에 이야기 하니까 워런티 기간이 끝나서 서비스를 해줄수 없다고 하며 새로 사라고 하였어요 lg tv 사용기간은 5년 밖에 않되요 값싼 중국 tv보다 사용기간이 짧아요,"['사다', '사다', '모니터', '생기다', '서비스', '센터', '이야기', '기간', '끝나다', '서비스', '사다', '기간', '않다', '값싸다', '중국', '기간', '짧다']",5,1
1057,영상 잘보고있습니다 궁금한게있어 이렇게 댓글 남깁니디 이 둘 차이가 나노셀이냐 아니냐 그차이밖에 없고 스펙은 다 똑같더라구요 그런데 금액차이는 75만원 정도입니다 님의 추천을 바랍니다,"['영상', '궁금하다', '댓글', '남', '차이', '나노', '차이', '스펙', '똑같다', '금액', '차이', '추천', '바라다']",5,2
1058,lg 올레드 샀다가 2년도안되어서 화면이 혼자 꺼졋다 켜지고해서 수리비 280 000원 한달뒤 액정이나가서 170 000원 2년도안되어서 450 000원들어갔는데 회사에서는 나몰라라하네요 보상 하나도 못받았네요 절대lg 제품쓰지마세요,"['올레', '사다', '화면', '혼자', '꺼지다', '켜다', '수리비', '액정', '나가다', '들어가다', '회사', '보상', '제품', '쓰다']",5,1
1059,엘지 삼성 70에서75인치 150 200내외로 사려하는데 계속봐도 고민이라 추천좀해주세요 ott 영화 많이보고닌텐도연결해서 가끔 게임합니다 선택장애라 1달정도를 이거살까 저거살까 고민해서 대머리되겄어요 제발 추천좀 해주세요,"['엘지', '삼성', '내외', '사다', '고민', '추천', '영화', '닌텐도', '연결', '게임', '선택', '장애', '사다', '사다', '고민', '대머리', '추천']",5,2
1060,2017년 65인치 oled 티비 구매 했다 진짜 실망 했음 번인이 일년마다 한번씩 발생 했었음 이유가 티비 하단 뒷면에 메인보드가 발열이 심해서 그것 때문에 유기 패널이 번인이 나타났었음 보니까 나중에 나온 모델들은 메인보드 발열 줄이려고 oled 밝기를 낮췄더라구요 고급형은 밝기를 안낮추고 메인보드에 펠티에르 소자를 붙여서 쿨링을 하는 것으로 바꿨습니다 펠티에르가 추가된 고급형은 15만원짜리 펠티에르 붙여 놓고는 가격대는 완전 안드로메다 우주 개 사기 값임 처라리 유기 패널이랑 메인보드 사이에 방열판을 붙이던가 하지 시그니처 최고급형 라인에 패널과 메인보드가 분리된 최고급형 모델들은 그런 번인에 자유로운데 그건 가격이 더 후 oled 구매 하실때에 참고들 하세요 페널이 완전히 분리된 시그니처 최고급형모델을 구매 하실 것이 아니라면 oled는 구매 안하시는 걸 추천 드립니다,"['티비', '구매', '실망', '발생', '이유', '티비', '하단', '뒷면', '메인', '보드', '발열', '심하다', '유기', '패널', '나타나다', '나오다', '모델', '메인', '보드', '발열', '줄', '밝다', '낮추다', '고급', '밝다', '낮추다', '메인', '보드', '펠티에르', '붙이다', '바꾸다', '펠티에르', '추가', '고급', '펠티에르', '붙이다', '가격대', '안드로메다', '우주', '사기', '처라리', '유기', '패널', '메인', '보드', '사이', '방열', '붙이다', '시그니처', '고급', '라인', '패널', '메인', '보드', '분리', '고급', '모델', '자유', '가격', '구매', '참다', '분리', '시그니처', '고급', '모델', '구매', '구매', '추천', '드리다']",5,1
1061,픽셀이니 검정색이 기존 tv와는 격이 다르니 첨단 기술이 들어들어갔다느니 엄청난 광고를 하고 판매하신 엘지의 대단한 올레드 tv가 고작 2년 4개월 짜리 수명의 전자제품이라면 어떻게 생각하세요 270만원 조금 못미치는 가격으로 구매한 첨단 기술이 들어갔다는 tv 메인보드판의 수명이 그렇다는 겁니다 무상보증기간 1년이 지났으니 이제는 돈을 내고 수리를 하라는거죠 제가 빨리 고장난 편이라네요 저는 재수가 없어서 그런거고 어떤이는 오래 써도 아무일 없다는건가요 기준이 뭘까요 출장비 수리비 부품비 포함해서 278천원이 나왔습니다 2년 만에 구매가격의 10 넘는 수리비가 발생한거에요 수리완료 후 기사님 말씀이 앞으로 또 1년 동안 무상수리 가능하답니다 아무의미 없는 헛소리로 들리더군요 고장은 2년 뒤로 설정된 듯한데 말이죠 기사님이 무슨 죄가 있겠나 싶어 별말은 안드렸지만 그 소릴 듣는 순간 엘지의 행태에 화가 치밀더군요 속된말로 몇백만원 짜리 티브를 팔아먹고 이제부터는부속장사를 하겠다는 걸로 밖에는 보이지 않습니다 그 동안 엘지를 애용해 오던 믿음이 한 순간에 무너지는 듯 합니다 집안 대부분의 엘지제품들 교체 시기가 오면 엘지로는 구매하지 않을 생각입니다 소모품 처럼 말씀하시던데 아무리 그래도 이건 아닙니다 그만한 가격으로 팔고 1년 무상수리보장이라구요 vip는 3년 보장이랍니다 헛웃음 이나네요 고가에 팔고 수명짧은 부속품 수리비용은 1년 뒤면 고객부담 또 우리만 호갱되는 거네요 참고로 엘지 측에서 수리비와 출장비를 빼주겠다는 제안을 하셨는데 왜 더운날 고생하시는 기사님들 수고비용을 빼주시겠다는 건지 거절하고 전액 지불했습니다 앞으로 지속적으로 제가 경험한 내용을 구매자들이 참고 하실 수 있도록 알릴 겁니다,"['픽셀', '검정', '색', '기존', '다르다', '첨단', '기술', '들다', '들어가다', '엄청나다', '광고', '판매', '엘지', '올레', '수명', '전자', '제품', '생각', '미치다', '가격', '구매', '첨단', '기술', '들어가다', '메인', '보드', '수명', '무상', '보증', '기간', '지나다', '이제', '내다', '수리', '고장', '재수', '쓰다', '기준', '출장비', '수리비', '부품', '포함', '나오다', '구매', '가격', '넘다', '수리비', '발생', '수리', '완료', '기사', '말씀', '동안', '무상', '수리', '가능', '의미', '소리', '들리다', '설정', '기사', '드리다', '소리', '순간', '엘지', '행태', '치밀다', '티브', '팔다', '이제', '부속', '장사', '보이다', '동안', '엘지', '애용', '믿음', '순간', '무너지다', '집안', '부분', '엘지', '제품', '교체', '시기', '엘지', '구매', '생각', '소모품', '말씀', '가격', '팔다', '무상', '수리', '보장', '보장', '웃음', '고가', '팔다', '수명', '짧다', '부속품', '수리', '비용', '고객', '부담', '호갱', '참고', '엘지', '수리비', '출장비', '빼다', '제안', '고생', '기사', '수고', '비용', '빼다', '거절', '전액', '지불', '지속', '경험', '내용', '구매자', '참고', '알리다']",5,1
1062,엘지와 삼성 중에 고민입니다 85인치로 알아보고 있는데 가격은 200중반대면 좋겠습니다 유튜브 넷플릭스 정도 보고 게임은 하지 않습니다 많이 알아봤는데 계속 고민중이라 엘지 울트라 하고 삼성 qled하고 가격이 겹치는데 스펙이 비슷한가요 만약 님 이라면 어디걸로 하실런지 이외에 추천할 만한 제품이 있는지요,"['엘지', '삼성', '고민', '알아보다', '가격', '중반', '좋다', '유튜브', '넷플릭스', '게임', '고민', '엘지', '울트라', '삼성', '가격', '겹치다', '스펙', '만약', '추천', '제품']",5,2
1063,lg 과 삼성 랑 며칠간 고민 중입니다 가격은 10만원 차이로 비슷비슷한데 주로 영상 ott 용도로만 쓸건데 삼성이 나을련지 소비전력은 lg가 삼성보다 더 높아서 밝을 것 같기도하고요,"['삼성', '며칠', '고민', '가격', '차이', '영상', '용도', '쓰다', '소비', '전력', '삼성', '높다', '밝다']",5,2
1064,lg oled 신모델 구매자입니다 베스트샵에서 c모델과 비교 후 그래도 더 좋을거란 기대에 덜컥 구매했어요 셋톱박스 연결 후 집에서 본 화질은 기대하시면 절 대 안되요 지원하는 ott이용하셔도 제가봤을땐 a모델도 충분하고요 현재 방송사들 uhd 지원 미비해서 화질 완전 구려요 가끔 sbs나mbc가 uhd지원하던데 그래도 기대 이하입니다 완전 오버스팩이니까 구매 고려하시길 바랍니다 정말 돈아까워요 그리고 리모컨이나 스크래치 잘 확인하시기 바랍니다 저희는 사용했던 리모컨 받았었어요 찝찝해서 새상품 교환 원했더니 tv에는 문제 없다며 거절당함 진짜 왕실망 lg,"['모델', '구매자', '베스트', '모델', '비교', '좋다', '기대', '구매', '셋톱박스', '연결', '화질', '기대', '대', '지원', '모델', '방송사', '지원', '미비', '화질', '구리', '지원', '기대', '이하', '버스', '구매', '고려', '바라다', '리모컨', '스크래치', '확인', '바라다', '리모컨', '상품', '교환', '문제', '거절', '실망']",5,1
1065,qned 제품이 oled 제품에 비해서 시력이 저하되나요 아이가 있는 가정이라 qned로 사고 싶은데 아이까지 고려하면 oled로 가야하나 고민이 되네요 qned를 비롯한 qled 제품이 아이 시력에 영향을 미치는지 궁금합니다,"['제품', '제품', '비하', '시력', '저하', '아이', '가정', '사다', '아이', '고려', '고민', '제품', '아이', '시력', '영향', '미치다', '궁금하다']",5,2
1066,스펙이 비슷한 삼성 모델은 대 입니다 이 세 모델은 말씀해 주신 lg 모델과 동일하게 23년 출시 된 제품인데요 주사율이 낮긴 하지만 일반적인 시청환경 유튜브 넷플릭스 셋톱박스 에서는 전혀 문제 없습니다 그리고 가격도 200만 원 초 중반대로 매우 합리적입니다,"['스펙', '삼성', '모델', '모델', '말씀', '모델', '동일', '출시', '제품', '주사', '낮다', '일반', '시청', '환경', '유튜브', '넷플릭스', '셋톱박스', '문제', '가격', '중반', '합리']",5,2
1067,가격 크게 상관없이 특정 환경에서 최고의 화질 을 원한다면 현 시점에서 당연히 올레드가 맞습니다만 아무리 포장하고 계속해서 기술 개발을 했다고는 하지만 올레드 패널의 유기물 소자의 태생적 한계 는 절대로 극복 할 수 없습니다 확률이야 낮겠지만 구입한지 4 5개월 이내에도 번인이 발생 할 수 있다는 얘깁니다 유기물 소자의 수명은 누구도 장담 할 수 없습니다 책임질게 아니라면 올레드 tv를 권할때는 구매자에게 반드시 인지 시켜줘야 하는 사항이라고 생각합니다,"['가격', '크다', '상관', '특정', '환경', '최고', '화질', '원하다', '시점', '레드', '맞다', '포장', '계속', '기술', '개발', '레드', '패널', '유기물', '소자', '태생', '한계', '극복', '확률', '낮다', '구입', '이내', '발생', '얘기', '유기물', '소자', '수명', '장담', '책임지다', '올레', '구매자', '인지', '사항', '생각']",5,2
1068,인공지능 이상한 기술 다 필요없고 티비나 잘나오면되는게 티비지 유투브 재미는 머냐 대충클릭해서 보는거지 쓸때없이 처음부터 끝까지 보는게 유투브의 재미는 아니자나 화질도 중요해 자꾸 이상한 기술 넣어서 가격만 높게 받을려고 하니까 나같은 서민은 싼 티비만 사는 거야 대기업 티비 as좋차나 비싸도 적당히 비싸야지 엘지는 롤러브 티비같은 별 이상한 기능 넣어서 티비 팔아먹는것보고 한숨 나오고 롤러블 폰은 혁명인데 그런거는 접어버리고 제정신이 아니야 엘지 회장이 약간 인터넷 댓글보는 사람인지 먼가 판단력이 그렇게 올바르지 못한거 같아,"['인공', '지능', '이상', '기술', '필요', '티비', '나오다', '티비', '유투브', '재미', '클릭', '쓰다', '유투브', '재미', '화질', '중요', '이상', '기술', '넣다', '가격', '높다', '서민', '싸다', '티비', '사다', '기업', '티비', '좋다', '비싸다', '비싸다', '엘지', '러브', '티비', '이상', '기능', '넣다', '티비', '팔다', '한숨', '나오다', '러브', '혁명', '정신', '엘지', '회장', '인터넷', '댓글', '사람', '판단력', '올바르다']",5,2
1069,좋은 정보네요 근데 lg oled tv는 자발광이 아닙니다 자발광 올레드는 휴대폰 화면이 그렇구요 tv의 woled는 백라이트가 화이트올레드인겁니다 컬러필터를 사용하구요 lcd led 나노셀 삼성 qled 등등 모두 컬러필터 사용하구요 올레드tv와 다른점은 액정을 쓰냐 안 쓰냐입니다,"['좋다', '정보', '늘다', '자발', '자발', '올레', '휴대폰', '화면', '백라이트', '화이트', '올레', '컬러', '필터', '나노', '삼성', '컬러', '필터', '레드', '다르다', '액정', '쓰다', '쓰다']",5,1
1070,55인치 65인치 75인치 등등 lg 삼성 uhd 스마트 아무것나 사고 화질 좋다고 생각 합니다 다 입니다 넷블릭스 지상파 안테나 연결 유트브 연결해서 봐야지 설정해서 봐야지 가능 합니다 그리고 최고급형 tv 입니다 u튜브 영상 가능하고 아무리 최고급형 lg 삼성 uhd 스마트 tv해도 유튜브 보면 못 따아 가요 그리고 중소 기업 대 기업 필립스 스마트 tv도 lg 삼성 스마트 tv 더 좋다고 합니다 중고 다시 처분 하고 다시 lg 삼성 구입 하다고 한다 다른 회사 중소 기업 비교가 의미가 없습니다,"['삼성', '스마트', '사고', '화질', '좋다', '생각', '블릭스', '지상파', '안테나', '연결', '유트브', '연결', '설정', '가능', '고급', '튜브', '영상', '가능', '고급', '삼성', '스마트', '유튜브', '따다', '중소', '기업', '기업', '필립스', '스마트', '삼성', '스마트', '좋다', '처분', '삼성', '구입', '회사', '중소', '기업', '비교', '의미']",5,1
1071,쇼파에 누어서 셋톱 리모컨으로 큰 목적없이 tv본다면 그냥 보급형 추천 툭히 uhd방송도 보지 않으면서 고가 tv사는 것은 바보짓 안방 oled 고급형 사용중 거실 삼성중급형보다 확실히 쨍함 일반 방송볼때는 그냥 더 진하다는 느낌정도 그러나 uhd로 월드컵시청 시 oled 위력이 느껴짐 특히 월드컵은 hd방송과는 차원이 다름 lg 고가형은 스피커 쓸만함 굳이 스탠드바 필요없음 일반형보다 우퍼가 있음 정리하자면 oled가 좋긴한데 볼 컨텐츠가 별로 없음 우리나라 지상파uhd방송 보는 집이 1 미만이라 함 그거 게임말고 제공되는 컨텐츠가 뭐가 있을까 번인걱정 처음엔 조금 걱정했었는데 번인방지 프로그램이 잘 작동해서 걱정안함 2년사용,"['쇼파', '누', '리모컨', '크다', '목적', '보급', '추천', '방송', '고가', '사다', '바보', '짓', '안방', '고급', '거실', '삼성', '중급', '일반', '방송', '진하다', '느낌', '월드컵', '시청', '위력', '월드컵', '방송', '차원', '다르다', '고가', '스피커', '쓰다', '스탠드', '필요', '일반', '우퍼', '정리', '좋다', '컨텐츠', '우리나라', '지상파', '방송', '미만', '게임', '말', '제공', '컨텐츠', '걱정', '걱정', '방지', '프로그램', '작동', '걱정']",5,2
1072,mini led 고민중인대 어떤게 나을까요 아직도 올레드 번인형상이 있나요 주로 퇴근 후 저녁에 넷플 많이 보고요 주말에도 드라마 보느냐 티비는 자주 봐요 집가면 바로 안봐도 틀어놓는 스타일이에요 가격때문에 고민이네요 도와주세여 모가 나을까요,"['고민', '올레', '형상', '퇴근', '저녁', '넷플', '주말', '드라마', '티비', '틀다', '스타일', '가격', '고민', '도와주다']",5,2
1073,qned tv는 85라인부터 mini led 백라이트가 탑재되기 시작하기 때문에 효과적인 로컬디밍 기능을 기대하신다면 85라인 이상으로 가시거나 oled tv로 가시는게 맞는 것 같습니다 만약 이 기능을 크게 고려하지 않으셨다면 울트라 hd 8300 9300라인 중 86인치 제품을 고르시는 게 가성비 측면에서 좋습니다,"['늘다', '라인', '백라이트', '탑재', '시작', '효과', '로컬디밍', '기능', '기대', '라인', '이상', '맞다', '만약', '기능', '크다', '고려', '울트라', '라인', '제품', '고르다', '가성비', '측면', '좋다']",5,1
1074,oled tv 패널 교체비용이 5년까지는 그리 비싸지 않습니다 oled 한 번 써보면 기존 티비들이랑은 다르다는걸 느낄 수 있습니다 그냥 패널 소모품이라고 생각하시고 5년 이내에 교체하거나 신제품으로 교체하는 쪽이 더 좋지 않을까 싶습니다,"['패널', '교체', '비용', '비싸다', '쓰다', '기존', '티비', '다르다', '패널', '소모품', '생각', '이내', '교체', '제품', '교체', '좋다']",5,1
1075,앱 홈페이지에서 tv 고르는 법과 브랜드별 추천제품도 확인하실 수 있습니다 tv 구매가이드 보러가기 tv 추천제품 모아보기 앱 다운로드 링크 홈페이지 영상 속 제품 보러가기 아래의 쿠팡링크를 통해 구매하시면 는 쿠팡으로부터 소정의 수수료를 받습니다 구매자에게 부과되는 추가비용은 전혀 없으며 서비스와 채널에 도움이 됩니다 베스트 55인치 삼성전자 65인치 삼성전자 75인치 삼성전자 85인치 삼성전자 85인치 삼성전자 가성비 43인치 삼성전자 50인치 삼성전자 50인치 삼성전자 55인치 삼성전자 55인치 삼성전자 65인치 삼성전자 65인치 삼성전자 75인치 삼성전자 75인치 삼성전자 85인치 삼성전자 85인치 삼성전자 프리미엄 lcd 55인치 삼성전자 55인치 삼성전자 65인치 삼성전자 65인치 삼성전자 75인치 삼성전자 75인치 삼성전자 85인치 삼성전자 프리미엄 oled 55인치 삼성전자 65인치 삼성전자 65인치 삼성전자 77인치 삼성전자 77인치 삼성전자,"['홈페이지', '고르다', '브랜드', '추천', '제품', '확인', '구매', '가이드', '추천', '제품', '모으다', '다운로드', '링크', '홈페이지', '영상', '제품', '아래', '쿠팡', '링크', '통하다', '구매', '늘다', '쿠팡', '소정', '수수료', '구매자', '부과', '추가', '비용', '서비스', '채널', '도움', '베스트', '삼성전자', '삼성전자', '삼성전자', '삼성전자', '삼성전자', '가성비', '삼성전자', '삼성전자', '삼성전자', '삼성전자', '삼성전자', '삼성전자', '삼성전자', '삼성전자', '삼성전자', '삼성전자', '삼성전자', '프리미엄', '삼성전자', '삼성전자', '삼성전자', '삼성전자', '삼성전자', '삼성전자', '삼성전자', '프리미엄', '삼성전자', '삼성전자', '삼성전자', '삼성전자', '삼성전자']",5,1
1076,문의좀 드려요 거의 tv시청용으로 사용할껀데 32인치가 필요한거라 선택의폭이 적어서 삼성의더프레임tv와 어떤게 화면이 더 좋을까요 도움좀 부탁드립니다 어제 할인해서 급하게 결재했는데 잘한건지 결정을 바꿔야 하는지 급해서 꼭답변좀 부탁드립니다,"['문의', '드리다', '시청', '필요', '선택', '적다', '삼성', '프레임', '화면', '좋다', '도움', '부탁', '드리다', '할인', '급하다', '결재', '결정', '바꾸다', '급하다', '답변', '부탁', '드리다']",5,2
1077,삼성 크리스탈 uhdtv 제품은 제품 자체에 결함이 있어서 완전 비추입니다 뽑기운 안좋으시면 3년 내에 60만원의 패널교체를 자기돈으로 해야합니다 구입 3년만에 확산렌즈분리 현상으로 알려진 액정문제가 발생하는데 수리비용 60만원을 요구합니다 화면 전체적으로 원형 화질저하가 반복적으로 나옴 10년쨰 삼성은 이문제 무응답이고 lg는 대응해줍니다 무료a s도 해줌 크리스탈uhd 동일문제 호소하시는 분 많습니다 lg로 사시든가 a s비용 염두에 두고 사셔야합니다 고급라인은 잘 모르겠습니다 소비자들께서 꼭 알고 구입해야할 것 같아서 공익목적으로 댓글 남깁니다,"['삼성', '크리스탈', '제품', '제품', '자체', '결함', '비추다', '뽑기', '좋다', '패널', '교체', '구입', '확산', '렌즈', '분리', '현상', '알리다', '액정', '문제', '발생', '수리', '비용', '요구', '화면', '전체', '원형', '화질', '저하', '반복', '나오다', '삼성', '문제', '응답', '대응', '무료', '크리스탈', '동일', '문제', '호소', '많다', '사다', '비용', '염두', '두다', '사다', '고급', '라인', '소비자', '구입', '공익', '목적', '댓글', '남기다']",5,1
1078,약간이 어느 정도인지는 모르겠지만 두께 스마트기능 탑재 유무가 차이나기에 10만원 이상 차이난다면 전자를 추천드리고 10만원 이내로 난다면 후자를 추천 드립니다 추가로 8000번대 제품의 경우 tv 두께가 7000번대 대비 약 1 2수준으로 매우 얇기에 벽걸이를 고려하신다면 이 부분도 생각해 보시는 것을 추천 드립니다,"['두께', '스마트', '기능', '탑재', '유무', '차이', '이상', '차이', '전자', '추천', '드리다', '이내', '후자', '추천', '드리다', '추가', '제품', '두께', '대비', '수준', '얇다', '벽걸이', '고려', '생각', '추천', '드리다']",5,2
1079,다이나믹 크리스탈컬러는 21년 이후 모든 크리스탈uhd에 적용된건가요 8000번대 이상부터 적용된건가요 보급형 qled와 크리스탈uhd 8000번대중 보급형qled가 10만원 정도 더 비싸다면 뭐 사는게 좋은 선택인가요,"['다이나믹', '크리스탈', '컬러', '이후', '크리스탈', '적용', '이상', '적용', '보급', '크리스탈', '대중', '보급', '비싸다', '사다', '좋다', '선택']",5,1
1080,98인치 qled 제품과 85인치 neo qled제품 중에 고민중인데 50평 집에 98인치는 너무 큰가 싶기도 하고 가격은 qled가 150만원정도 더 하는데 지금 시점에서 neo qled보다 qled를 사는게 메리트가 있을지 고민인데 답글 달아주시면 감사하겠습니다,"['제품', '제품', '고민', '크다', '가격', '시점', '사다', '메리트', '고민', '달다', '감사']",5,2
1081,와 로그인하기 진짜 귀찮아 하는데 감사합니다 댓글달려고 로그인함 덕분에 같은 65인치 티비인데 왜 가격차이가 있는지 궁금증이 해결되었고 이제 가격 비교하면서 적당한거 사러가야겠어요 감사합니다,"['로그인', '귀찮다', '감사', '댓글', '달다', '로그인', '덕분', '티비', '가격', '차이', '궁금증', '해결', '가격', '비교', '사다', '감사']",5,2
1082,크리스탈 uhd 85인치 보다가 qled 75인치 85인치쳐다보다가 네오qled 85인치까지 왔다 씌발 좀만 더 보태면 좀만 더 보태면 이지랄 하는중 왔다가 3시리즈 사러 bmw 기웃 거리는것같다,"['크리스탈', '쳐다보다', '네오', '씌발', '보태다', '보태다', '지랄', '시리즈', '사다', '거리']",5,2
1083,조언 구해봅니닷 75인치 이랑 중에 고민이에요 스펙차이는 전자에 돌비디지털 후자에 퀀텀닷 필름 화면반사방지 있긴 한데요 고급형은 아니라 비슷한가 싶기도 해요 35만원 더 비싼데 어떤 거 살까요,"['조언', '구하다', '이랑', '고민', '스펙', '차이', '전자', '돌비', '디지털', '후자', '퀀텀', '필름', '화면', '반사', '방지', '고급', '비싸다', '사다']",5,2
1084,tv는 크면 클 수록 만족도가 높은 가전 중 하나입니다 50평대 가정에서 98인치 제품을 충분히 사용할 수 있다고 생각하긴 하지만 가격대가 너무 비싸 정확한 답변을 드리기는 힘들 것 같습니다 오프라인 매장에서 직접 시청해 보신 뒤 커진 크기로 인한 화질선명도 저하가 눈에 너무 띈다면 85인치 제품쪽으로 선택하시는 것을 추천 드립니다,"['크다', '크다', '수록', '만족도', '높다', '가전', '가정', '제품', '생각', '가격대', '비싸다', '정확', '답변', '드리다', '힘들다', '오프라인', '매장', '시청', '크다', '크기', '인하', '화질', '저하', '띄다', '제품', '선택', '추천', '드리다']",5,2
1085,삼성 제품은 화면을 구성하는 방식에 따라 크게 4가지로 분류됩니다 1 crystal uhd 7000 8000번대 일반 lcd패널 일반 엣지형 백라이트 2 qled 60 80번대 퀀텀닷 코팅 lcd 패널 일반 엣지 직하형 백라이트 3 neoqled 80 90번대 퀀텀닷 코팅 lcd 패널 직하형 mini led 백라이트 4 oled 픽셀 하나하나가 스스로 색상을 냄 말씀해 주신 crystal uhd 8000번대 제품은 crystal uhd 라인 중 고가형 모델 qled 저가형 모델이긴 하지만 근본적인 체급의 차이가 있어 qled 저가형 모델이 최대밝기 색상표현능력 측면에서 더욱 훌륭합니다 30만원 정도 더 투자하실 의향이 있으시다면 선택하시는 것을 추천드리며 추가로 모두 주요 성능은 동일하기에 이 중 저렴한 모델로 구매하시는 것을 추천 드립니다,"['삼성', '제품', '화면', '구성', '방식', '따르다', '크다', '분류', '일반', '패널', '일반', '엣지', '백라이트', '퀀텀', '코팅', '패널', '일반', '엣지', '직하', '백라이트', '퀀텀', '코팅', '패널', '직하', '백라이트', '픽셀', '하나하나', '색상', '내다', '말씀', '제품', '라인', '고가', '모델', '저가', '모델', '근본', '체급', '차이', '저가', '모델', '최대', '밝다', '색상', '표현', '능력', '측면', '투자', '의향', '선택', '추천', '드리다', '추가', '주요', '성능', '동일', '모델', '구매', '추천', '드리다']",5,1
1086,삼성85인치 tv 사용한지 1년지나며 메인pcb가 불량나서 먹통이 되었습니다 구매하지 않기를 바랍니다 20만원 할인해주어 구매했는데 1년지나 29만원 회수해 갑니다 2년지나면 패널 고장날것이고 수십만원 아니 tv교체하라고 할 것입니다 널리 알리어 소비자 호구로 아는 못된것들 본떼를 보여줍시다 오늘부터 삼성tv 불매운동 들어갑니다,"['삼성', '지나다', '메인', '불량', '먹통', '구매', '바라다', '할인', '구매', '지나다', '회수', '지나다', '패널', '고장', '교체', '알리다', '소비자', '호구', '못되다', '보이다', '오늘', '삼성', '불매', '운동', '들어가다']",5,1
1087,질문이요 qled 23년 80라인은 21 22년 80라인보다 사운드가 왜 너프 됐나요 무빙사운드도 라이트 채널도 2 출력 40 별차이가 없는건지요 아니면 뉴럴 퀀텀으로 무리하게 가면서 금액 부분때문에 사운드 성능을 줄인걸까요,"['질문', '라인', '라인', '사운드', '너프', '사운드', '라이트', '채널', '출력', '차이', '뉴럴', '퀀텀', '무리', '금액', '사운드', '성능', '줄']",5,1
1088,크리스탈 uhd 85인치 보다가 qled 75인치 85인치쳐다보다가 네오qled 85인치까지 왔다 씌발 좀만 더 보태면 좀만 더 보태면 이지랄 하는중 왔다가 3시리즈 사러 bmw 기웃 거리는것같다 결국 쿠팡 네오qled 85인치 85모델 375만원 벽걸이 다음주 산다 크크크,"['크리스탈', '쳐다보다', '네오', '씌발', '보태다', '보태다', '지랄', '시리즈', '사다', '거리', '쿠팡', '네오', '모델', '벽걸이', '다음', '살다']",5,2
1089,레전드노 비엠시리즈썰 1리노 근데 내가 댓글 왜 달았냐면 나도 85인치랑 75인치랑 재는중 도대체 어카면 되는거노 거거익선이면 크리스탈uhd가는게 맞는거 아니노 그래가꼬 375짜리 받아보이 오똔데 크크크,"['레전드', '시리즈', '댓글', '재', '카', '크리스탈', '맞다', '보이다']",5,1
1090,23년 qled 제품 중 가성비가 중요하시다면 70과 75라인 중 저렴한 모델로 선택하시는 것을 추천드리고 조금 더 비싸더라도 밝기 화질 측면에서 우수한 모델을 찾으신다면 80번대 제품을 고려해 보시는 것을 추천 드립니다,"['제품', '가성비', '중요', '라인', '모델', '선택', '추천', '드리다', '비싸다', '밝다', '화질', '측면', '우수', '모델', '찾다', '제품', '고려', '추천', '드리다']",5,2
1091,티비 구매앞서 알아보는 와중 정리잘되어서 삼성tv 라인업은 잘이해하였습니다 감사합니다 제품과 화질차이가 많이 날가요 가격차이는 80 100 차이가 나는데 투자할가치가 있나 싶네요 아니면 크기를 낮춰 neoqled 75인치로 가는게 나은지 고민도 많이 되네요,"['티비', '구매', '알아보다', '와중', '정리', '삼성', '라인업', '이해', '감사', '제품', '화질', '차이', '가격', '차이', '차이', '투자', '가치', '크기', '낮추다', '고민']",5,2
1092,티비 중에서도 27인치 삼성 lg 궁금합니다 방에서 볼 수 있는 제품으로 그닥 클 필요가 없어서요 아니면 27인치에 모니터에서 ott가 가능한 제품들을 보려면 어떤제품들을 골라야할지 추천받고 싶습니다 스펙만 보면 무슨 차인지 잘 모르겠더라고요,"['티비', '삼성', '궁금하다', '제품', '크다', '필요', '모니터', '가능', '제품', '제품', '고르다', '추천', '스펙']",5,2
1093,삼성75인치 구매 3년2개월만에 아무이유없이 액정패널이 고장나고 수리비 95만원 본인부담으로 고치라 합니다 어떻게 핵심부품보증기간이 2년밖에 안되는지 도저히 이해가 안갑니다 삼성tv 절대 사지마세요,"['삼성', '구매', '이유', '액정', '패널', '고장', '수리비', '본인', '부담', '고치다', '핵심', '부품', '보증', '기간', '이해', '삼성', '사다']",5,1
1094,너무 드리며 질문 꼭 답변해주시길 부탁드려요 모델 구매하려하는데요 이 모델 없스케일링이 없는지요 없는 것 같다고 말씀하셔서 넘넘 고민이네요 확실히 없는 건가요 fhd 영상을 uhd 자동 보정이 안되는 건지요,"['드리다', '질문', '답변', '부탁드리다', '모델', '구매', '모델', '스케일링', '말씀', '고민', '영상', '자동', '보정']",5,2
1095,화질은 oled 보다 일반 lcdtv인 네오 라인이 더 화질 표현을 잘합니다 oled는 명함이 뛰어난것이라 잘보이는 효과인것입니다 이렇게 해상도를 올리는거는 lcd만큼 잘 올릴수있는 티비방식은 현재 lcd방식뿐입니다 그리고 neo qled는 빛 반사 2 0 패널이 들어가있어서 눈 피로가 덜하고 flame tv라고 초 프리미엄 tv가 따로있습니다 좀 더 연구 해서 올려주시면 감사하겠습니다,"['화질', '일반', '네오', '라인', '화질', '표현', '명함', '뛰어나다', '보이다', '효과', '해상도', '올리다', '올리다', '티비', '방식', '방식', '반사', '패널', '들어가다', '피로', '프리미엄', '연구', '올리다', '감사']",5,1
1096,성능번호 70번대와 80번대의 가장 큰 차이점은 백라이트 구조 85 직하형 75 엣지형 와 이로인한 밝기 색상 표현능력 차이입니다 85인치 제품도 좋긴 하지만 화질을 더욱 중요하게 생각하신다면 neoqled 75인치 80번대 제품을 고려해 보시기 바랍니다,"['성능', '번호', '크다', '차이점', '백라이트', '구조', '직하', '엣지', '인하', '밝다', '색상', '표현', '능력', '차이', '제품', '좋다', '화질', '중요', '생각', '제품', '고려', '바라다']",5,1
1097,감사합니다 아직도 고민중이 부분입니다 34평이긴 한데 티비를 자주 보는게 아니라 주로 게임용이라 차라리 크기를 줄이고 응답이 빠른게 나을거같은 생각이 요즘에 많이 드는중이였습니다 감사합니다,"['감사', '고민', '티비', '게임', '크기', '줄', '응답', '빠르다', '생각', '요즘', '감사']",5,2
1098,말씀해 주신것과 같이 27인치 제품은 모니터가 더 좋은 선택일 수도 있습니다 모니터에서 ott가 가능한 제품을 확인하려면 운영체제 탑재 유무를 확인하는 것이 좋긴 하지만 가격이 너무 비싸지기 때문에 가성비를 고려하신다면 ott스틱 구글크롬캐스트4 샤오미 미 tv스틱 등을 구매하신 뒤 장착해 사용하시는 것 또한 방법 중 하나입니다,"['말씀', '제품', '모니터', '좋다', '선택', '모니터', '가능', '제품', '확인', '운영', '체제', '탑재', '유무', '확인', '좋다', '가격', '비싸다', '가성비', '고려', '스틱', '구글 크롬', '캐스트', '샤오미', '스틱', '구매', '장착', '방법']",5,1
1099,현 시점 두 모델 중에는 약 70 80만원 정도 저렴하기에 이 쪽을 선택하시는게 좋을 것 같습니다 추가로 300만원 이하 제품을 찾으신다면 qled 60 qled 70번대의 제품을 고려해 보시는 것을 추천 드립니다,"['시점', '모델', '저렴하다', '선택', '좋다', '추가', '이하', '제품', '찾다', '제품', '고려', '추천', '드리다']",5,2
1100,영상 너무잘봤습니다 혹시 22년형 neo 23년형 qled 중 어떤 것이 더 좋을까요 스펙으로만 보니 22년형 neo가 더 좋아보이는 것 같기도 하네요 그리고 영상 중 확인해보니 qled 80라인 제품은 22년형에 비해 23년형은 사운드가 너프를 먹은것 같네요 및 무빙사운드 무빙사운드lite,"['영상', '좋다', '스펙', '좋다', '보이다', '영상', '확인', '라인', '제품', '비하', '사운드', '너프', '먹다', '사운드', '사운드']",5,1
1101,하 갑자기 이거보니까 생각나네요 260주고 산 qled tv 2년 3개월만에 백라이트 사망 수리비 95만원 다음에 tv 살 때는 전날 물 떠 놓고 뽑기 잘 하게 기도라도 올려야 하는지,"['생각나다', '사다', '백라이트', '사망', '수리비', '다음', '사다', '전날', '뜨다', '기도', '올리다']",5,2
1102,qnb 모델 22년식 neoqled모델로 miniled 백라이트가 탑재 되었으며 qb 모델 22년식 qled모델로 일반 led 백라이트가 탑재되어 있습니다 일반적으로 neoqled 모델이 일반 qled 대비 훨씬 비싸지만 최근 가격 추세로 고려했을 때는 neoqled 제품이면 화질 대비 매우 합리적인 가격대를 가지고 있다고 생각됩니다,"['모델', '모델', '백라이트', '탑재', '모델', '모델', '일반', '백라이트', '탑재', '일반', '모델', '일반', '대비', '비싸다', '최근', '가격', '추세', '고려', '제품', '화질', '대비', '합리', '가격', '가지다', '생각']",5,2
1103,두 제품은 각각 브랜드가 다르기에 상위모델을 정확하게 구분지을 수는 없지만 대략적으로는 다음과 같습니다 1 보급형 삼성 crystal uhd lg 울트라 hd 2 중급형 삼성 qled lg 나노셀 qned 3 고급형 삼성 neoqled lg qned oled 4 최고급형 삼성 oled lg oled 말씀해 주신 삼성의 중급형 제품이며 lg의 보급형 제품이기에 삼성의 제품이 더 상위 모델이라고 생각하시면 될 것 같습니다,"['제품', '브랜드', '다르다', '상위', '모델', '정확', '구분', '대략', '다음', '보급', '삼성', '울트라', '중급', '삼성', '나노', '고급', '삼성', '고급', '삼성', '말씀', '삼성', '중급', '제품', '보급', '제품', '삼성', '제품', '상위', '모델', '생각']",5,1
1104,삼성 oled는 그동안 삼성이 엘지에 대한 십년간 네거티브 전략 업보인지 출시정가는 높지만 실제 판매금액은 자사 neo qled나 경쟁사보다 낮은 가격에 할인 판매중이죠 작년도 모델 경우 내구성 테스트 결과 엘지보다 번인에 더 취약한 구조라고 드러났습니다 게다가 올해 95 모델은 디자인 변경점 때문에 hdmi 대역폭을 몰래 낮춘게 최근에 드러났습니다,"['삼성', '그동안', '삼성', '엘지', '대하다', '네거티브', '전략', '업보', '출시', '정가', '높다', '실제', '판매', '금액', '자사', '경쟁사', '낮다', '가격', '할인', '판매', '작년', '모델', '내구', '테스트', '결과', '엘지', '취약', '구조', '드러나다', '올해', '모델', '디자인', '변경', '대역', '폭', '낮추다', '최근', '드러나다']",5,2
1105,좋은 제품입니다 다만 직하형 방식이라도 백라이트led 갯수와 디밍 존 제어 방식이 neo qled 제품과 차이나기 때문에 확실한 로컬디밍 기능을 위해서는 neo qled 85라인이 가장 합리적일 것으로 보입니다,"['좋다', '제품', '직하', '방식', '라이트', '갯수', '디밍', '제어', '방식', '제품', '차이', '로컬디밍', '기능', '위하다', '라인', '합리', '보이다']",5,1
1106,비슷한 라인에 va패널인 제품은 있는데요 빛반사도 효과적으로 방지해서 빛이 많이 들어오는 거실에서도 쓰기 좋은 제품입니다 다만 상위 제품이라 가격 측면에서 살짝 아쉬운게 흠입니다 va패널 유 무는 해외 사이트를 기준으로 확인 하였습니다,"['라인', '패널', '제품', '반사', '효과', '방지', '들어오다', '거실', '쓰다', '좋다', '제품', '상위', '제품', '가격', '측면', '패널', '해외', '사이트', '기준', '확인']",5,1
1107,90라인부터는 천장 형광등이나 거실에 들어오는 밝은 빛으로 인한 반사를 효과적으로 제어하는 빛반사저감기능이 강화된 라인입니다 실제 오프라인 매장에서 80번 대 라인과 90번 대 라인의 빛 반사를 비교해 보시는 것을 추천 드립니다,"['라인', '천장', '형광등', '거실', '들어오다', '밝다', '인하', '반사', '효과', '제어', '반사', '저감', '기능', '강화', '라인', '오프라인', '매장', '라인', '라인', '반사', '비교', '추천', '드리다']",5,1
1108,lg oled 제품은 라인별로 빛 반사율이 조금씩 다른 경향이 있습니다 모든 tv가 그렇듯 형광등 거실창에서 들어오는 빛에 의한 반사는 어쩔 수 없는 부분이긴 합니다만 lg 보급형 oled 라인인 a b 라인보다는 빛 반사 정도가 덜할 것으로 보입니다,"['제품', '라인', '반사', '다르다', '경향', '형광등', '거실', '들어오다', '의', '반사', '어쩌다', '보급', '라인', '라인', '반사', '보이다']",5,1
1109,65인티 200만원선 최고화질 추천부탁드려요 엘지티비 반사되서 엘지티비선호안하고 삼성 원해요 식기세척기 에어컨도는소리 로봇청소기돌아가는 소리때매 항상 에어팟 착용하고 티비시청해서 음질은 전혀 고려대상이 아니에요 음질빼고 화질 200만원 선에서 가장 좋은 모델 추천 부탁드려요 65인치요,"['화질', '추천', '부탁드리다', '엘지', '티비', '반사', '엘지', '티비', '선호', '삼성', '식기', '세척기', '에어컨', '소리', '로봇', '청소기', '돌아가다', '소리', '에어팟', '착용', '티비', '시청', '음질', '고려', '대상', '음질', '빼다', '화질', '좋다', '모델', '추천', '부탁', '드리다']",5,2
1110,q나 qn은 제품의 라인을 뜻하며 a b c는 연식을 뜻합니다 qa 21년형 qled lcd패널 퀀텀닷 시트 일반 led 백라이트 qb 22년형 qled qc 23년형 qled qna 21년형 neo qled lcd패널 퀀텀닷 시트 mini led 백라이트 qnb 22년형 neo qled qnc 23년형 neo qled,"['제품', '라인', '연식', '패널', '퀀텀', '시트', '일반', '백라이트', '패널', '퀀텀', '시트', '백라이트']",5,1
1111,최근 출시되는 대부분의 tv는 uhd 해상도를 가지고 있기 때문에 업스케일링 기능 유뮤에 따른 차이는 분명히 있습니다 삼성 lg 등의 대기업에서 출시되는 uhd 해상도 tv는 이 기능을 필수로 탑재하고 있으며 중소기업 제품도 거의 대부분 기본적인 업스케일링 기능이 가능합니다,"['최근', '출시', '부분', '늘다', '해상도', '가지다', '스케일링', '기능', '유뮤', '따르다', '차이', '삼성', '기업', '출시', '해상도', '늘다', '기능', '필수', '탑재', '중소기업', '제품', '부분', '기본', '스케일링', '기능', '가능']",5,1
1112,화질만을 고려했을 때 200만 원 선에서 추천 드리는 제품은 삼성전자 neo qled 만약 200 300만 원 정도의 제품을 찾아보고 계신다면 눈부심 방지 기술 2 0이 탑재되어 형광등 빛이 거의 반사되지 않는 삼성전자 neo qled 고려해 보시는 것을 추천 드립니다 구매 전 오프라인 매장에서 직접 시청해 보시기 바랍니다,"['화질', '고려', '추천', '드리다', '제품', '삼성전자', '만약', '제품', '찾아보다', '눈부시다', '방지', '기술', '탑재', '형광등', '반사', '삼성전자', '고려', '추천', '드리다', '구매', '오프라인', '매장', '시청', '바라다']",5,2
1113,더 세리프나 더 프레임 모델은 qled 70번 대 라인을 기반으로 만들어 진 제품인데요 두 제품은 공통적으로 빛반사를 줄여주는 매트 디스플레이가 적용되어 있으며 더 세리프는 스탠드 설치 더 프레임은 벽걸이 설치에 특화되어 있습니다 각각 부가기능과 사운드 성능이 조금씩 다르지만 단순 시청만을 고려한다면 qled 70번 대 라인을 구매하는 것이 합리적일 수 있습니다,"['세리프', '프레임', '모델', '라인', '기반', '만들다', '제품', '제품', '공통', '반사', '줄', '매트', '디스플레이', '적용', '세리프', '스탠드', '설치', '프레임', '벽걸이', '설치', '특화', '부가', '기능', '사운드', '성능', '다르다', '단순', '시청', '고려', '라인', '구매', '합리']",5,2
1114,neo라인 구매생각하시면 90이상 시리즈 권해드립니다 눈부심방지2 0과 아닌것 체감차이가 많이나기때문에 눈부심방지 없는제품 선택하실바엔 그냥 qled구매하셔도 큰 차이 안납니다 너무 정리 잘 해주셨네요,"['라인', '구매', '생각', '이상', '시리즈', '권하다', '눈부시다', '방지', '체감', '차이', '눈부시다', '방지', '제품', '선택', '구매', '크다', '차이', '정리']",5,2
1115,깊이 있는 질문 감사합니다 빛이 많이 들어오는 거실이나 빛이 완전히 차단 된 암막상태에서 두 제품을 비교해 보면 명암비 시야각은 분명 차이가 나고 색상표현능력 빛 반사 정도는 미묘하게 차이납니다 다만 두 방식은 서로 반대되는 장 단점을 가지고 있기에 어떤 제품이 더 뛰어나다고 말씀드리기 힘듭니다,"['깊이', '질문', '감사', '들어오다', '거실', '차단', '상태', '제품', '비교', '명암', '시', '차이', '색상', '표현', '능력', '반사', '차이', '방식', '반대', '단점', '가지다', '제품', '뛰어나다', '말씀', '드리다', '힘들다']",5,1
1116,tmi 백화점쪽 삼성스토어 전화나 매장방문해서 행사상품 전시품x 뭐있냐고 물어보면 프리미엄라인업 단품 행사할때 많습니다 저번주에 neoqled 최상급 라인업 65인치 268에 구입했습니다 노서치도표 22년형355만원소개 일례로 이런식으로 며칠전에 삼성 사운드바 상급 신제품이 역대급 가격 79만원에 전국 200대 한정으로 팔렸었죠,"['백화점', '삼성', '스토어', '전화', '매장', '방문', '행사', '상품', '전시품', '프리미엄', '라인업', '행사', '많다', '상급', '라인업', '구입', '노서치도표', '소개', '일례', '며칠', '삼성', '사운드', '상급', '제품', '역대', '가격', '전국', '한정', '팔리다']",5,2
1117,이거 보고 추천해주신 lg 제품으로 구매햇어요 예산 기능별 이렇게 상세하게 설명되어있고 마지막 픽 있어서 구매결정하기 너무 좋았습니다 이렇게 상세하게 비교 설명되있는건 진짜 첨봣어요 쵝오,"['추천', '제품', '구매', '예산', '기능', '설명', '마지막', '구매', '결정', '좋다', '비교', '설명', '쵝오']",5,2
1118,창문형에어컨 lg걸로 디자인도 이쁘고 해서 사려다가 창문호환이 잘안된다고 유명하더라구요 저희집또한 안됐고 삼성으로 했는데 너무 만족했습니다 중소기업거는 안사봤지만 그래도 이왕사는거 대기업으로 추천드립니당,"['창문', '에어컨', '디자인', '이쁘다', '사다', '창문', '호환', '유명', '삼성', '만족', '중소기업', '사다', '사다', '기업', '추천', '드리다']",5,2
1119,1년 넘게 쓰다보면 로딩 때문에 못보는 거 고질병입니다 처음에는 다 잘됐는데 어느 순간부터 회전 한번 누르면 먹통 툭하면 영상 먹통 오프라인 공유기가 최신이든 바로 옆이든 아무 소용없어요 카메라 누르면 영상 안나옵니다 총 4대 썼는데 사업장이든 가정이든 2년 넘으니 다 먹통이라 버렸어요 내구성이 엉망이라고 생각됩니다,"['넘다', '쓰다', '로딩', '고질병', '순간', '누르다', '먹통', '영상', '먹통', '오프라인', '공유', '최신', '소용', '카메라', '누르다', '영상', '나오다', '쓰다', '사업장', '가정', '넘다', '먹통', '내구', '엉망', '생각']",5,1
1120,300만화소 15프레임 400만화소 30프레임입니다 가격은 만 원 정도 차이가 납니다 화소 수와 프레임 수 차이가 있긴 하지만 일반 가정에서 사용하며 느끼는 체감 차이가 크지 않을 것 같습니다 가성비가 더 좋아보입니다,"['화소', '프레임', '화소', '프레임', '가격', '차이', '화소', '프레임', '차이', '일반', '가정', '체감', '차이', '크다', '가성비', '좋다', '보이다']",5,2
1121,프로젝터에서 제일 중요한 3요소 중 안시루멘과 고정명암비 표시 안하는 건 제조사의 만행이라고 생각합니다 아직도 상당히 밝습니다 조명 아래서는 이렇습니다 같은 추상적인 말을 듣고 제품을 선택해야 하다니 이런건 법률로 어떻게 못하나,"['프로젝터', '중요', '요소', '시루', '메다', '고정', '명암', '표시', '제조사', '만행', '생각', '밝다', '조명', '아래', '추상', '제품', '선택', '법률']",5,2
1122,저도 빔프로젝터 업그레이드하려고 새제품 쇼핑하는데 쇼핑을 하면 할수록 믿음만 깨지더군요 결국 싸면서 가장 좋은걸 찾는건 어렵고 주로 언제 어디서 사용을 하는지 그런걸 고려해서 구입하느게 가장 좋을듯 합니다 며칠 쇼핑해본결과 원룸에서 혼자 영화보기에는 중국산이 가격대비 좋은거 같아요,"['프로젝터', '업그레이드', '제품', '쇼핑', '쇼핑', '믿음', '깨지다', '싸다', '좋다', '찾다', '고려', '구입', '좋다', '며칠', '쇼핑', '결과', '원룸', '혼자', '영화', '중국', '가격', '대비', '좋다']",5,2
1123,공감해주셔서 감사합니다 빔프로젝터 업계의 오래된 소비자 기만 행위인데 국산만이라도 제대로 된 제재가 필요해보입니다 저도 원룸에 사는데 중국산 가성비 빔 하나 갖다 놓고 아주 잘 쓰고 있어요,"['공감', '감사', '프로젝터', '업계', '소비자', '기만', '행위', '국산', '제재', '필요', '보이다', '원룸', '사다', '중국', '가성비', '갖다', '쓰다']",5,2
1124,꼼꼼히 비교해주신것 정말 잘봤어요 빌트인만 구매가능해서 결제직전인데 215만원 263만원대에 구매가 가능할것같아요 글라스베이지 가장두드러지는 차이점은 접이식선반과 뒷면전체 메탈이던데 50만원대 차이가 극복될 강점인건지 궁금해요 네이버나 lg전자홈페이지서도 잘모르겠어서요,"['비교', '빌트', '구매', '가능', '결제', '직전', '구매', '가능', '글라스', '베이지', '두드러지다', '차이점', '접이식', '선반', '뒷면', '전체', '메탈', '차이', '극복', '강점', '궁금하다', '네이버', '전자', '홈페이지']",5,2
1125,가전제품을 오래 쓰고 싶으면 삼성은 절대 사면 안됨 무상수리기간이 끝나면 귀신같이 고장나는 내구도 그렇다고 수리를 하면 오래 쓸수있는가 한두달 안에 동일증상으로 기사 또 불러서 복장터지게 함 어머니가 냉장고와 세탁기를 삼성으로 샀는데 둘다 무상수리기간 끝나자마자 귀신같이 고장났음 결국 새걸로 사개되었지 혼수제품 세트로 사면 삼성이 엘지보다 3 400만원이 저렴함 대기업들이 선심써서 가격이 저렴하다 그럴리 없지 그만큼 오래 쓰지 못한다는뜻 기술력이 떨어진다는 것이니 가전제품 고를땐 삼성은 거르는걸 추천함,"['가전제품', '쓰다', '삼성', '사다', '무상', '수리', '기간', '끝나다', '귀신', '고장', '내구', '수리', '쓰다', '동일', '증상', '기사', '부르다', '복장', '터지다', '어머니', '냉장고', '세탁기', '삼성', '사다', '무상', '수리', '기간', '끝나다', '귀신', '고장', '혼수', '제품', '세트', '사다', '삼성', '엘지', '저렴하다', '기업', '선심', '쓰다', '가격', '저렴하다', '쓰다', '기술력', '떨어지다', '가전제품', '고르다', '삼성', '거르다', '추천']",5,1
1126,다만 삼성껀 odm 즉 중국 브랜드가 만들어낸거에 삼성 딱지 단거라서 엘지와 동격이라고 할수 없습니다 수명에서 차이가 나거든요 엘지는 창원에서 생산하구요 이게 뭔 차이냐 싶지만 제조 단가가 차이가 납니다 삼성은 삼성 스마트 폰도 이제 중국 브랜드가 만들것을 박스 갈이만 하거든요 더 이상 삼성이라고 할수 없죠 oem이 아니라 중소기업이 중국 제품 가지고 와서 택 갈이만 해서 파는거랑 동일해요,"['삼성', '중국', '브랜드', '만들다', '삼성', '딱지', '달다', '엘지', '동격', '수명', '차이', '엘지', '창원', '생산', '제조', '단가', '차이', '삼성', '삼성', '스마트', '중국', '브랜드', '만들다', '박스', '갈이', '이상', '삼성', '중소기업', '중국', '제품', '가지다', '갈이', '파', '동일']",5,1
1127,스마트폰은 초소형 컴퓨터에요 거기에 cpu gpu ram wifi 블루투스 전원부 쿨링까지 싹다 집어넣는거라 비싼거고 밥솥에 무슨 기능이나 확장성이 있어서 메인보드가 스마트폰 메인보드에 비빔 못 배운거 티냄,"['스마트폰', '소형', '컴퓨터', '블루투스', '전원', '집어넣다', '비싸다', '밥솥', '기능', '확장', '메인', '보드', '스마트폰', '메인', '보드', '비빔', '배우', '내다']",5,1
1128,엘지꺼 좀 비싼것같아 저렴한 삼성으로 샀다가 설치 이틀만에 고장나서 수리기사 부르는데 3주 걸려 불량판정나고 결국 엘지로 구매 가전은 엘지인듯해요 잔고장때매 as받는것도 스트레스예요 기다리가다 여름다 가요,"['엘지', '비싸다', '저렴하다', '삼성', '사다', '설치', '이틀', '고장', '수리', '기사', '부르다', '걸리다', '불량', '판정', '엘지', '구매', '가전', '엘지', '하다', '고장', '스트레스', '기다리다', '여름']",5,1
1129,럭키금성 백색가전의 끝판왕 가격이 비쌈 연장 브라켓 없어서 긴창문 설치x 곧 나올듯 마감키트하면 가장 예쁨 대우 성능은 좋아도 소음 완성도 여러가지 떨어짐 가성비 좋음 샘숭 비지떡이긴한데 특가때 가격이 너무 깡패 파세코 전통의 강자 lg다음으로 좋은데 특가아니면 매리트x 취향차 있지만 디자인 가장좋음 캐리어 박사님 감사합니다 가아앗성비,"['럭키금성', '백색', '가전', '끝판왕', '가격', '비싸다', '연장', '브라켓', '길다', '창문', '설치', '나오다', '마감', '키트', '예쁘다', '대우', '성능', '좋다', '소음', '완성', '떨어지다', '가성비', '좋다', '비', '특가', '가격', '깡패', '파세코', '전통', '강자', '다음', '좋다', '특가', '매리', '트다', '취향', '차', '디자인', '좋다', '캐리어', '박사', '감사', '가다', '성비']",5,1
1130,소음 비교 영상을 보니 외부소음은 5제품 모두 비슷한데 내부 소음에서 lg가 낮게 나오는 걸 봐선 lg는 방음 설계가 잘되어 있나보네요 방음설계는 제조사가 좀 더 노력을 하면 큰비용 안들어가도 낮출 수 있기에 차세대버전은 방음 설계를 보완해서 나오기를,"['소음', '비교', '영상', '외부', '소음', '제품', '내부', '소음', '낮다', '나오다', '방음', '설계', '방음', '설계', '제조사', '노력', '크다', '비용', '들어가다', '낮추다', '차세대', '버전', '방음', '설계', '보완', '나오다']",5,1
1131,돈만 있다면 lg가 정답입니다 밤에 잘때 듣는 5데시벨의 차이 조용한거 안사면 두고두고 후회할 정도로 차이 큽니다 뭐 잠깐쓰는방에 트는거라면 별차이 없습니다만 자는 방이라면 무조건 소음 적은거 사세요 전 lg꺼 쓰고 친구놈 자취방에 돈없다고 좀 저렴한 타브렌드 쓰는데 가서 시끄럽다고 지랄지랄을 했네요 상대적으로 실외기 밖에 있는것과 비교자체는 안됩니다 그거랑은 아예 비교를 하지마세요,"['정답', '자다', '데시벨', '차이', '사다', '후회', '차이', '크다', '쓰다', '트다', '차이', '자다', '소음', '적다', '사다', '끄다', '쓰다', '친구', '자취방', '타브렌드', '쓰다', '지랄', '지랄', '상대', '실외', '비교', '자체', '비교']",5,1
1132,영상에서 아주 중립적으로 좋은점들을 잘써주셨는데요 결국 소음땜에 가장 조용한걸 찾게되실겁미다 위니아쓰다 이번에 lg로 바꿈 밤에는 1 2데시밸이라하더라도 고요한숙면때는 아쥬 큽니다 소음으로 잠을못드냐 푹자냐로 나뉘어질수도 저흰 컴터방에 따로 에어컨이없어서 위니아꺼쓸때 너무시끄러워서 게임할때도 이어폰끼는데 에어컨 가동소리 거슬려서 사플이안돼서 이번에 처분후 lg꺼 바꿨습니다 결국 여러말씀대로 솔직히 냉방능력거의 차이없고 소음이 가장큰원인입니다 티비영화등 영상을 보더라도 소음땜에 집중이안돼서 계속 거슬림 진짜소음해결이 가장큰 만족입니다 그리고 lg는 블라인드쓰면서 블라인드 사이사이 방향조절을 삶작위로해놓고 쓰면됩니다,"['영상', '중립', '좋다', '쓰다', '결국', '소음', '찾다', '위니아쓰', '바꾸다', '데시밸', '고요', '숙면', '아쥬', '크다', '소음', '들다', '자다', '나뉘다', '에어컨', '위니아꺼', '쓰다', '게임', '이어폰', '끼', '에어컨', '가동', '소리', '거슬리다', '사플', '처분', '끄다', '바꾸다', '말씀', '냉방', '능력', '차이', '소음', '크다', '원인', '티비', '영화', '영상', '소음', '집중', '거슬리다', '소음', '해결', '크다', '만족', '블라인드', '쓰다', '블라인드', '사이사이', '방향', '조절', '작위', '쓰다']",5,1
1133,며칠전 창문형 구입했는데 내 결론은 70이상급일경우 지금당장 산다면 파세코 내년에 산다면 lg 50만원급이면 삼성 그래서 파세코삼 하지만 만약 lg의 설치호환성이 좋았다면 lg샀을꺼임,"['며칠', '창문', '구입', '결론', '이상', '당장', '살다', '파세코', '내년', '사다', '삼성', '파세코삼', '만약', '설치', '호환', '좋다', '사다']",5,2
1134,모든 제품이 비슷한 가격대였으면 더 비교하기 좋았을뻔 했지만 뭐 제품가격이 다르니 근데 lg는 무슨 생각으로 연장브라켓을 안만든건지 모르겠음 아마 23년형에서 달라질것 같긴 하지만,"['제품', '비슷하다', '가격', '비교', '좋다', '제품', '가격', '다르다', '늘다', '생각', '연장', '라켓', '만들다', '달라지다']",5,2
1135,밤에는 1 2데시벨이 아쥬 큽니다 소음으로 잠을못드냐 푹자냐로 나뉘어질수도 저흰 컴터방에 따로 에어컨이없어서 위니아꺼쓰다가 너무시끄러워서 게임할때도 에어컨 가동서리 거슬려서 이번에 처분후 lg꺼 바꿨습니다 결국 원댓글 말씀대로 솔직히 냉방능력거의 차이없고 소음이 가장큰원인입니다 영상을 보더라도 소음땜에 집중이안돼서 계속 거슬림,"['데시벨', '아쥬', '크다', '소음', '들다', '자다', '나뉘다', '에어컨', '위니아꺼', '쓰다', '게임', '에어컨', '가동', '서리', '거슬리다', '처분', '끄다', '바꾸다', '댓글', '말씀', '냉방', '능력', '차이', '소음', '크다', '원인', '영상', '소음', '집중', '거슬리다']",5,1
1136,lg 선택한 이유 갑툭튀가 없음 영상엔 하지만 이중창 3열에 설치시 튀어나옴 창문형 에어컨 설치하고 블라인드 사용가능한 제품 물론 3열 설치시 이중창의 바깥창을 못닫지만 그래도 제일 깔끔함,"['선택', '이유', '튀다', '영상', '이중창', '설치', '튀어나오다', '창문', '에어컨', '설치', '블라인드', '가능', '제품', '설치', '이중창', '바깥', '깔끔']",5,2
1137,파세코 캐리어 lg 삼성중에 뭘 사야할지 몰라서 새벽까지 잠도 못자고 검색만 했는데 와우 이렇게 세심한 리뷰를 해주시다니 진심으로 감사합니다 후기 좋아도 가격 때문에 망설였는데 소음으로 스트레스 받기는 더 싫어서 lg로 가야겠네요,"['파세코', '캐리어', '삼성', '사다', '새벽', '자다', '검색', '리뷰', '진심', '감사', '후기', '좋다', '가격', '망설이다', '소음', '스트레스', '싫다']",5,2
1138,lg 삼성 파세코 3대 다 사본 사람입니다 돈 상관없으면 lg꺼 하시고 그 다음 삼성꺼 사서셔 시마이 하시면 됩니다 파세코 개 비추 소음 정제 고주파 이런거 한번 시달려보면 정신 나가요,"['삼성', '파세코', '사다', '사람', '상관', '끄다', '다음', '삼성', '사다', '시', '시마', '파세코', '비추다', '소음', '정제', '주파', '시달리다', '정신', '나가다']",5,2
1139,lg도 뭔가 접시가 돌아가는 타입 신제품이 나와야할뜻 너무 부족한거같습니다 내부가 닦는게 편했으면 좋겠어요 그리고 lcd부분이 너무작아요 큰화면으로 변경됐음 좋겠음 나갔으면 그돈에 생산라인이면 전쇼핑몰 석권하겠습니다,"['접시', '돌아가다', '타입', '제품', '나오다', '부족', '내부', '닦다', '편하다', '좋다', '작다', '크다', '화면', '변경', '좋다', '나가다', '생산', '라인', '쇼핑몰', '석권']",5,1
1140,항상 가전보는데 도움을 받고 이써요 좋은영상 항상 감사합니다 궁금한 것이 있는데요 혹시 대기업외에 쿠팡이나 인스타 등 인기있는 기타 브랜드도 비교 소갸 해주시면 가성비를 찾는 분들도 좋아하실것 같은데 가능할까요,"['가전', '도움', '쓰다', '좋다', '영상', '감사', '궁금하다', '기업', '쿠팡', '인스타', '인기', '기타', '브랜드', '비교', '소갸', '가성비', '찾다', '좋아하다', '가능']",5,2
1141,지금 추천해 주신 엡손 lg 중에 고민 중입니다 안시 루멘 생각하면 엡손 구매하려다가도 명암비가 너무 떨어져서 고민 중이고 구매할까 생각하다가도 안시 루멘이 1500이라 또 고민되고 어떤 게 좋을까요 사용 편의성은 어차피 아이폰 유선 연결할 거라서 딱히 상관없는데요 진짜 요거 땜에 2주째 고민 중이에요 as 생각하면 lg 나을까요,"['추천', '엡손', '고민', '안시', '루멘', '생각', '엡손', '구매', '명암', '떨어지다', '고민', '구매', '생각', '안시', '루멘', '고민', '좋다', '편의', '아이폰', '유선', '연결', '상관', '고민', '생각']",5,2
1142,빔프로젝터는 벽과의 거리를 띄울수록 화면을 키울 수 있습니다 이론적으로는 가능한 내용이지만 해당 제품의 최대화면크기가 120인치로 설정되어 있어 150인치 화면을 억지로 만들더라도 초점이 안 맞는 상황이 발생할 수 있습니다,"['프로젝터', '거리', '띄우다', '화면', '키우다', '이론', '가능', '내용', '해당', '제품', '최대', '화면', '크기', '설정', '화면', '만들다', '초점', '맞다', '상황', '발생']",5,1
1143,이스트라 울트라 제품보다는 이스트라 쿠카 라인업이 더 낫습니다 5년 무상제품이고 50인치와 100인치 제외한 전 제품이 ips 패널입니다 아직 24년 형 제품이 전인치로 나오지는 않았습니다만 75인치와 86인치 등은 24년 형 제품이 나왔습니다 품질도 상대적으로 쿠카가 더 낫습니다,"['이스트', '울트라', '제품', '이스트', '쿠카', '라인업', '무상', '제품', '제외', '제품', '패널', '제품', '나오다', '제품', '나오다', '품질', '상대', '쿠카']",5,1
1144,역시 중소제품은 틀린다 씨네eye 약3년전 샀는데 이놈의 아파트가 오래되서 케이블교체가 안돼 uhd밖에 안나오고 방송국에서 송출해야 볼수있다네 옛날 led tv보다 어둡고 흐리게 나오더니만 결국 오늘 소리만 나오고 화면은 안나와서 as신청했더니 백라이트 고장같다고 20만원 든다고하네요 결국 쓰레기통으로 고 앞으로는 절대,"['중소', '제품', '틀리다', '사다', '아파트', '케이블', '교체', '나오다', '방송국', '송출', '옛날', '흐리다', '나오다', '결국', '오늘', '소리', '나오다', '화면', '나오다', '신청', '백라이트', '고장', '들다', '결국', '쓰레기통']",5,1
1145,요즘 발전했는지 모르겠지만 중소기업 tv 전원부 엄청난 발열과 수명이 짧은 백라이트 품질 때문에 1년도 안되서 고장나는게 흔하고 업체가 망해서 as 받기 힘들어 용산 수리점에 가야 유상수리하면 기사분들이 오래 사용하게 끔 수리했지만 발열 데미지가 높아서 오래 정상적으로 사용하긴 어렵다 라고 합니다 나도 중소기업 tv 2대 사봤지만 패널 불량 1회 전원부 발열 1회 백라이트 불량 2회로 중소기업 tv 쳐다도 안봅니다,"['요즘', '발전', '중소기업', '전원', '엄청나다', '발열', '수명', '짧다', '백라이트', '품질', '고장', '흔하다', '업체', '망하다', '힘들다', '용산', '수리점', '유상', '수리', '기사', '끄다', '수리', '발열', '데미지', '높다', '정상', '중소기업', '사다', '패널', '불량', '전원', '발열', '백라이트', '불량', '중소기업', '치다']",5,1
1146,중소 티비도 화질 많이 좋아짐 단점은 측면에서 보면 뿌옇게 보임 대기업은 시야각이 많이 좋음 측면 시야각 말고는 딱히 불만 없습니다 정면 uhd소스 영상 볼때는 화질 쩐다 표현이 나오니 음질도 툴비 사운드 지원 되는거 사면 들을만 함,"['중소', '티비', '화질', '좋다', '단점', '측면', '보이다', '기업', '시', '좋다', '측면', '시', '말', '불만', '정면', '소스', '영상', '화질', '쩔다', '표현', '나오다', '음질', '사운드', '지원', '사다']",5,1
1147,6개월 실사용 후기입니다 43인치 제품입니다 화면 블랙 색상 부팅시 파란색 하고 썩여 나옴니다 올블랙 표현 엉망이예요 일단 tv화면이 완전히 들어오면 화질은 볼만합니다 as문의하면 친절히 다변은 하는데 항상 결론은 제부팅 하세요입니다 티브이만 보신다면 상관 없으나 멀티기기 연결 사용이라든지 다른 부가 기능을 사용 한다면 비추 입니다 티브이외 기능 사용시 갑자기 먹통되서 리셋을 해야 하는 경우가 종종 발생합니다 다행히 리셋하면 아직까지는 정상동작 하네요,"['후기', '제품', '화면', '블랙', '색상', '부팅', '파란색', '썩이다', '나오다', '블랙', '표현', '엉망', '화면', '들어오다', '화질', '문의', '결론', '부팅', '티브이', '상관', '멀티', '기기', '연결', '부가', '기능', '비추다', '티브이', '기능', '먹통', '리셋', '발생', '리셋', '정상', '동작']",5,1
1148,이제 엘지 삼성도 중가라인 까지는 중국패널 씀으로 엘지 삼성로고가 중요한게 아니라면 중소기업 제품 추천드립니다 플래그쉽 제품들은 아직 엘지 삼성이좋습니다 단순히 브랜드 제조국가만 볼게아니라 급이 중요합니다 패널뿐만 아니라 ad보드도 중요한데 이부분이 엘지삼성이 좋은거같아요,"['엘지', '삼성', '라인', '중국', '패널', '쓰다', '엘지', '삼성', '로고', '중요', '중소기업', '제품', '추천', '드리다', '플래그', '제품', '엘지', '삼성', '좋다', '브랜드', '제조', '국가', '중요', '패널', '보드', '중요', '엘지', '삼성', '좋다']",5,1
1149,광고니까 이런소리하지 초기부터 얼마전까지 중소기업 제품을 사용하던 나로써 50인치 이상은 대기업 가야함 50인치 미만은 내구성이 어느정도 보장은 되는데 딱 50인치 넘어가는 순간 길어야 3년을 못감,"['광고', '소리', '초기', '얼마', '중소기업', '제품', '이상', '기업', '미만', '내구', '보장', '넘어가다', '순간', '길다']",5,1
1150,qled 제품이 없을뿐 32인치 이스트라 제품 있습니다 바로잡아 주셨으면 합니다 43인치제품부터 판매가 아닙니다 판매창 메뉴 홈페이지에 없을뿐 만약 현재 판매하지 않는다해서 없어졌더라도 언젠가는 다시 올라올수 있다는 이야기이고 그리고 이스트라 홈페이지에 32인치 50인치 메뉴창도 있습니다 이스트라 쳐서 32인치 모델도 찾아보면 판매는 있습니다 홈페이지창에 판매제품이 없을뿐입니다,"['제품', '이스트', '제품', '제품', '판매', '판매', '메뉴', '홈페이지', '판매', '올라오다', '이야기', '이스트', '홈페이지', '메뉴', '이스트', '치다', '모델', '찾아보다', '판매', '홈페이지', '판매', '제품']",5,2
1151,이미 사운드는 삼성 엘지가 오히려 이스트라 tv처럼 고성능의 스피커를 못따라가는 추세입니다 뭔헛소리냐고요 한번들어보세요 직접 궁금하시다면 검색만해도 아 아아아 대박하실걸요 내장스피커 말하는겁니다 어차피 사운드바처럼 외장기기 연결하면 사운드바의 출력이 중요한거라서 의미도없고 dbx 성능은물론 모든성능적 기술들을 발휘할수 있는 tv는 오히려 직접 쓰면쓰는데로 바로사용 직결로 연결사용되는 연동이 바로 직접 이어서 사용이 된다는 중소기업 tv가 훨씬더 일반고객 평범한 인간에게 있어서 비춰지는 옵션들이 훨씬 더 뛰어납니다 예전에는 뭐 어쨌다 저쨌다하던 삼엘이 지배하던 구조였지만 이성능 설정옵션으로 이것바꾸고 저것 바꾸면 휙하고 하고 바로바로 업그레이드 성능을 보여주는 모든 퍼포먼스 들을 실행가능해주는 그런 하드웨어 소프트웨어적인 부분 모두 낫습니다 예전처럼 모든 성능옵션 꾸역꾸역 처넣고 뭐가달라져 일반인이 봐도 모르는 그런 두루뭉실한 하드웨어 기능의 삼성엘지가 지배하던 구조의 시대는 지났습니다 모든 다 좋으니 저를욕하던말던 구경한번가보시면 오히려 못삽니다 헛소리라고요 가보시면 이가격 삼성 엘지 이가격이 말이된다고 중소기업 욕할시간에 체험을하고 와보시죠 그가격이 말이된다고 생각하나 가격적인 말을하는 겁니다 저는 그정도는 이미뛰어넘는 제품은 넘쳐나는데 지배적인 구조때문에 비싸다고 생각합니다 삼성엘지 제품들이 모니터 사운드 다른 핸드폰 등등 it기기 에서 지배적이던 기술성능 하드웨어 쌉가능한 모든 여러브랜드 들이 넘어간지가 오래되었는데 이거 사도되 를 생각하는 시대는 지나갔다고 봅니다 제가 너무 삼성엘지를 싫어하는게 아니라 전체 모든 it기기를 통틀어서 성능적인부분이 직결적으로 쓰일수 있도록 바로바로 실천화해주는 기기들이 만족스러운게 하나라도 있어야 만족을하죠 그가격이 다들 직접비교한 자료 보시면 아 하실건 다들 알테니 더는 말 안하겠습니다 진짜 댓글 길게 쓰려던건 아닌데 삼성엘지에 빠져서 지내시는분들 제발 나오셨으면 하는 바람에 너무 길어졌네요,"['사운드', '삼성', '엘지', '이스트', '성능', '스피커', '따르다', '추세', '소리', '검색', '내장', '스피커', '사운드', '외장', '기기', '연결', '사운드', '출력', '중요', '의미', '성능', '성능', '기술', '발휘', '쓰다', '쓰다', '직결', '연결', '연동', '중소기업', '일반', '고객', '인간', '비추다', '옵션', '뛰어나다', '예전', '어쩌다', '째다', '지배', '구조', '성능', '설정', '옵션', '바꾸다', '바꾸다', '업그레이드', '성능', '보이다', '퍼포먼스', '실행', '가능', '하드웨어', '소프트웨어', '예전', '성능', '옵션', '처넣다', '달라지다', '일반인', '두루뭉', '하드웨어', '기능', '삼성', '지배', '구조', '시대', '지나다', '좋다', '욕', '구경', '살다', '소리', '가격', '삼성', '엘지', '가격', '중소기업', '욕', '시간', '체험', '가격', '생각', '가격', '뛰어넘다', '제품', '넘치다', '지배', '구조', '비싸다', '생각', '삼성', '엘지', '제품', '모니터', '사운드', '핸드폰', '기기', '지배', '기술', '성능', '하드웨어', '가능', '브랜드', '넘어가다', '사다', '생각', '시대', '지나가다', '삼성', '엘지', '싫다', '전체', '기기', '통틀다', '성능', '직결', '쓰이다', '실천', '기기', '만족', '만족', '가격', '비교', '자료', '댓글', '길다', '쓰다', '삼성', '엘지', '빠지다', '지내다', '나오다', '바람', '길다']",5,1
1152,넷플릭스 봐줄만 합니다 중소기업도 이스트라 근데 정규방송 일반방송 보면 욕나옵니다 대부분 정규 셋탑티비 방송들을 많이 보실텐데요 뿌연화면에 유리창 햇빛이라도 들어오면 티비 안보입니다 옆으로 살짝 틀기만 하면 티비 화면 뭐가 나오는지 보이질 않아요 진짜 욕나옵니다 이스트라 산지 1년도 안되서 대기업으로 갈아탔습니다 셋탑이랑 연동성도 별로 안좋고요 결론말씀드리면 넷플릭스나 유튜뷰 고화질만 보실거면 이스트라 사시고요 그렇지 않다면 절대적으로 대기업이 답입니다 웃긴게 대부분 티비 사용기라 하고 영상 틀어놓은거 보면 좋은화질 넷플릭스 이런걸로만 후기를 써놓으니 정확히 비교하기가 힘듭니다 꼭 실제로 가서 일반방송 시연해 보시길바랍니다,"['넷플릭스', '보다', '중소기업', '이스트', '정규', '방송', '일반', '방송', '나오다', '정규', '티비', '방송', '화면', '유리창', '햇빛', '들어오다', '티비', '보이다', '틀다', '티비', '화면', '나오다', '보이다', '나오다', '이스트', '살다', '기업', '갈아타다', '연동', '좋다', '결론', '말씀', '드리다', '넷플릭스', '유튜뷰', '화질', '이스트', '사다', '절대', '기업', '웃기다', '티비', '영상', '틀다', '좋다', '화질', '넷플릭스', '후기', '쓰다', '비교', '힘들다', '실제', '일반', '방송', '시연', '바라다']",5,1
1153,넥플러스 보다가 먹통이 되었다가 리모콘 조절이 안되고 한번씩 모든기능이 먹통 전원선을 빼고 꽂으면 다시작동 화질은 오래된 삼성tv화질같은 느낌 가격에 비해 가성비가 갑인디 싼게 비지떡 비추천합니다 스발 1년도 안되었는데,"['플러스', '먹통', '리모콘', '조절', '기능', '먹통', '전원', '빼다', '꽂다', '작동', '화질', '삼성', '화질', '느낌', '가격', '비하', '가성비', '싸다', '비', '추천', '스다']",5,1
1154,쿠카라인이랑 비교했을 때 어떨까요 같은 led지만 va패널과 ips패널 차이에 대해 고민중입니다 특유의 쨍한 ips 패널을 가진 쿠카라인으로 결정은 지었는데 빛샘이라던지 명암비적으로 부족하지 않을까 우려됩니다,"['쿠카', '라인', '비교', '패널', '패널', '차이', '대하다', '고민', '특유', '패널', '가지다', '쿠카', '라인', '결정', '명암', '부족', '우려']",5,1
1155,참고로 안드로이드 11버전 있을까요 찾아보진 않았지만 저만큼에 안드로이드 같은 성능해주는 소프트웨어를 당겨쓸수 있도록 해줄 하드웨어 tv를 500만원 이하로는 삼성 엘지가 팔거라고 생각이 들진 않는데요 저만큼 타타타탁 탁탁 하고 빠른성능을 해주는 보급형의 삼성엘지 없을거라는게 민심이 벗어나는 이유죠,"['참고', '안드로이드', '버전', '찾다', '저만큼', '안드로이드', '성능', '소프트웨어', '당기다', '쓰다', '하드웨어', '이하', '삼성', '엘지', '팔다', '생각', '들다', '빠르다', '성능', '보급', '삼성', '민심', '벗어나다', '이유']",5,1
1156,비전도 돌비비전이지만 애트모스 그런 고성능 기술 다필요없고 들려주는 귀로 듣는 사운드 직접보는 화질 적인거 직접느끼고 보는거요 바로바로 바꿔주고 뛰어난 인공지능으로 쌉쌉 싹 하고 옵션으로 바꿔주는게 낫지요 이건 어떻고 저건 안좋고 성능 고퀄이라면서요 어디선 왜안좋고 그래요 라는말이 나오면 안되죠 요즘중소는 중소가 브랜드는 옵션으로 적어도 모든게 커버됩니다 귀찮을뿐 다됩니다 제가 실천하고 있는중이고 화질요 귀찮을뿐 모든 케이스에서 hdr급 화질 변경 가능합니다 삼성 엘지 가능하세요 못합니다 그런제품 스카이라이프 사용중이고 용인시골촌동내 라서 완전hd 신호밖에 안들어옵니다 그런데도 hdr 감상 가능합니다 안믿어도 그만이지만 실현가능합니다 적어도 중소기업은 분명 대단한 브랜드들 이라는걸 압니다 다만 600 최소 1 000만원급을 가야 살수있고 여유롭게 쓴다 그런브랜드를 사려고 알다보고 조사하면 질려버리는 그제품을 그브랜드 충심을 언제까지 갈수있겠습니까 삼성 제품 치면 qled 첫순위가 랭킹순위가 중소기업으로 먼져 나오고 도배되어있습니다 이미 일반시민 고객들은 눈돌릴수 있고 다안답니다 이제는 이런방식으로는 절때 안됩니다 분명 대단한걸 알지만 대단하다지만 그제품 가격대가 떨어지는 몇년뒤에 중고로만 살수밖에는 그런방식 아니라면 힘든것 언제까지 사서 쓸까요 고객들이 제품가격도 안떨어져요 심지어 어떻게 충심을 바칠수 있겠나요 올레드도 엘지의 충실하고 대단한사람들이 너무 마케팅을 잘해서 올레드인지도 모르겠끔 삼성도 크리스탈이니 뭐니 하면서 qled처럼 판다던가 그넘의 뛰어난 마케팅으로 팔아먹는 덕에 속아살수도 있고 속아쓰던 말던 모르고 쓰면 그만이지만 안다면요 잘못살걸 알게된 고객입장은 뭐가되나요 페이지들 검색해보시고 확인해보시면 압니다 it기기 상세한 내역 내용들 모르는 지식이 부족한 분들은 100 속아 사게됩니다 심지어 내용도 똑같은것도 있습니다 똑같다 올레드가 일반tv와 성능이 설명란이 그것부터가 갤럭시22랑 뭐가다르나요 속여파는거랑 일반티비나 그 뛰어난 패널들 티비랑 성능만 똑같고 차이없다면 왜살지 의문입니다 아무튼 이런방식으로 계속 나간다면 고객은 눈을 돌리는게 맞다고 봅니다 화질이면 화질 옵션설정으로 되는방식이 되고 직결변경되는 설정 성능이 되는 tv는 중소기업은 있습니다 적어도 가성비로 모든게 돌비비전만큼 아니더라도 실제 hdr보는 만큼 보이고 제가 아니더라도 궁금하신분 실제 모셔서 보여줄수도 있을정도이고 삼성 엘지는 됩니까 되던가요 이거면 이거짜증나고 이건안되는 단점이 하나씩있는 삼성 엘지 보급형 사운드도 두께가 손바닥으로 잘안잡힐만큼 두꺼운 그 두꺼운곳에서 울림통크게 기술력이 뛰어난 dts dbx 모든 사운드기술 총집합해서라도 뛰어나게 깨지지않는 정확한 사운드도 잘울려주는 중소기업과 윙윙 울리는 삼성엘지 이긴다라는 방식을 반대로 물어야 하지 않을까요 역전되나 라는걸 상대적으로 반대로 말해야죠 이제는 이라는 말도 늦었습니다,"['비전', '돌비', '비전', '애트모스', '성능', '기술', '필요', '들리다', '사운드', '화질', '바꾸다', '뛰어나다', '인공', '지능', '쌉쌉', '옵션', '바꾸다', '좋다', '성능', '고퀄', '좋다', '나오다', '요즘', '브랜드', '옵션', '커버', '귀찮다', '실천', '화질', '귀찮다', '케이스', '화질', '변경', '가능', '삼성', '엘지', '가능', '제품', '스카이', '라이프', '용인', '시골', '신호', '들어오다', '감상', '가능', '실현', '가능', '중소기업', '브랜드', '최소', '살다', '여유', '쓰다', '브랜드', '사다', '조사', '질리다', '제품', '브랜드', '충심', '삼성', '제품', '치다', '순위', '랭킹', '순위', '중소기업', '멀다', '나오다', '도배', '일반', '시민', '고객', '돌리다', '이제', '방식', '제품', '가격대', '떨어지다', '중', '고', '살다', '방식', '힘들다', '사다', '쓰다', '고객', '제품', '가격', '떨어지다', '충심', '바치다', '레드', '엘지', '충실', '사람', '마케팅', '올레', '끄다', '삼성', '크리스탈', '팔다', '넘다', '뛰어나다', '마케팅', '팔아먹다', '속다', '살다', '속다', '쓰다', '쓰다', '살다', '고객', '입장', '페이지', '검색', '확인', '기기', '내역', '내용', '지식', '부족', '속다', '사다', '내용', '똑같다', '똑같다', '레드', '일반', '성능', '설명', '갤럭시', '다르다', '속이다', '파', '일반', '티비', '뛰어나다', '패널', '티비', '성능', '똑같다', '차이', '사다', '의문', '방식', '나가다', '고객', '돌리다', '맞다', '화질', '화질', '옵션', '설정', '방식', '직결', '변경', '설정', '성능', '늘다', '중소기업', '가성비', '돌비', '비전', '실제', '보이다', '궁금하다', '모시다', '보이다', '삼성', '엘지', '짜증', '단점', '삼성', '엘지', '보급', '사운드', '두께', '손바닥', '잡히다', '울림', '크다', '기술력', '뛰어나다', '사운드', '기술', '총집합', '뛰어나다', '깨지다', '정확', '사운드', '울리다', '중소기업', '울리다', '삼성', '엘지', '이기다', '방식', '반대', '역전', '상대', '반대', '이제', '늦다']",5,1
1157,그리고 제품비교하시던데 옵션을 성능을 수치를 수정을 안해서 안잡으시고 그런겁니다 삼성은 못잡고요 차이는 더심합니다 잡고나면 동적명암비도 명암비고 수배는 더깔끔 시원하게 잡습니다 기본으로 하셨기에 당연기본패널론 안되죠 성능입니다 중요한건 패널까지 좋다면 삼성엘지는 몰락입니다 신호기의 신호hd를 얼마나 잘잡는지 틀어보면 아실수있습니다 대기업은 절때 불가능합니다 삼성 엘지 리뷰가서 티비 생생한 tv진짜 리얼 방송틀고 좋다는분 단1분을 못봤습니다 당연히 세밀한 디테일 옵션 없습니까요 때문이겠죠 중소기업은 디테일수정만 15가지 가까이 됩니다,"['제품', '비교', '옵션', '성능', '수치', '수정', '삼성', '차이', '심하다', '동적', '명암', '명암', '기본', '기본', '패널', '성능', '중요', '패널', '좋다', '삼성', '엘지', '모르다', '신호기', '신호', '틀다', '기업', '가능', '삼성', '엘지', '리뷰', '티비', '리얼', '방송', '틀다', '좋다', '디테일', '옵션', '중소기업', '디테일', '수정']",5,1
1158,안드로이드울드라는 화질은 좋은데 큰화면으로 볼때 너무 끈기는느낌이라 비추하고요 qled제품라인을 추천합니다 단독으로 어짜피보는거 화질차이도 못느끼고요 열흘정도 썼는데 아직까진 아주 훌륭합니다,"['안드로이드', '화질', '좋다', '크다', '화면', '끈기', '느낌', '비추다', '제품', '라인', '추천', '단독', '화질', '차이', '열흘', '쓰다']",5,1
1159,스팩만 믿고 중소tv 샀습니다 4년전쯤 위 영상에서 언급한 것처럼 느리고 사운드 안좋고 색감도 그지 같습니다 그래도 싸니까 다 용서 되더군요 하지만 최근에 btv 셋탑박스랑 연결하니 오작동 하는걸 보고 여태 참아온 짜증이 확 나더라고요 리모콘을 두개를 들고 티비를 봐야 할 판이니 혹시 펌웨어 업데이트 된게 있나 들어가보니 회사는 이름이 바뀌어 있고 펌웨어도 2017년 업데이트가 끝이더군요 한계가 명확합니다 몬가 다른 기기와 연동이 잘 안될 가능성이 대기업보다 높습니다 왜냐하면 대기업제품들 위주로 연동해서 테스트 해가며 개발할 테니까요 이거 티비 10년은 쓸텐데요 10년간 이 티비로 정말 아무런 연동장비 없이 순수하게 티비로만 쓸수 있을지 생각해 볼 일입니다,"['스팩', '중소', '사다', '전쯤', '영상', '언급', '느리다', '사운드', '좋다', '색감', '그다', '싸다', '용서', '최근', '박스', '연결', '오작동', '참다', '짜증', '리모콘', '들다', '티비', '펌웨어', '업데이트', '들어가다', '회사', '이름', '바뀌다', '펌웨어', '업데이트', '한계', '명확하다', '기기', '연동', '가능', '기업', '높다', '기업', '제품', '위주', '연동', '테스트', '개발', '티비', '쓰다', '티비', '연동', '장비', '순수', '티비', '쓰다', '생각']",5,1
1160,이번에 삼성 65인치 거실티비가 고장났는데 사용한지 3년 조금 넘었을뿐이고 혼자 사는 집이라 실제 이용시간도 굉장히 적은데 a s 불렀더니 60만원 달라더라고요 대기업 티비 사는거 이제 좀 망설여져요 대기업이라고 고장 없이 오래쓰는건 진짜 옛말이고 인터넷에도 대기업 티비 비싸게 주고 샀다가 얼마 쓰지도 못하고 고장나서 수리비 크게 청구됐다는 후기들도 많이 보이고 이 제품은 수리비도 저렴하네요 기회가 된다면 한번 실제로 화질이나 색감이 어떤지 보고 싶네요 대기업 제품과 좀 더 적나라한 비교영상이였음 했는데 살짝 아쉽네요,"['삼성', '거실', '티비', '고장', '넘다', '혼자', '사다', '실제', '시간', '적다', '부르다', '달다', '기업', '티비', '사다', '망설이다', '기업', '고장', '쓰다', '옛말', '인터넷', '기업', '티비', '비싸다', '사다', '얼마', '쓰다', '고장', '수리비', '크다', '청구', '후기', '보이다', '제품', '수리비', '저렴하다', '기회', '화질', '색감', '기업', '제품', '비교', '영상']",5,2
1161,기분나쁘게는 생각마세요 업체가 나쁘단거지 구매하시려는 생각이 있으시거나 중소기업 싫어하시는게 잘못됬다 라고 말하려는게 아니에요 다만 1번바꿀 삼성 덜떨어진 직원대처를 하는 그분들의 인식과 그런 부류에서 처리해주는 방식과 그렇게 어물쩡넘어가는 방식에서 나에게 들어오는 제품과 상식적으로 받아들여지는 느낌은 좋지를 않네요 애트모스가 무엇일까요 무엇인가요 무언가가 무엇일까요 질문부터해대는 덜떨어진 부류에서 그손과 언저리에서 오는 그느낌과 찝찝함은 기분이 좋질않네요 다짜고짜 질문다 하기도전에 네네 언제 as 잡아드리 다짜고짜 기사부터 불러버려서 호출하려는 그런 상식밖에 없는 직원에게 나의질문조차 이해를 못하는 덜떨어짐과 받아들여지는 어의없네 라는 생각은 아 이래서 똥통나락이 가버렸구나 생각이 듭니다 아니 개개인 차가 있다고 말해드린거 잊지마시고 분명 고퀄은 고퀄입니다 아니라는건 아니고 크리스탈로 겨우겨우 uhd덧붙여 파는걸 고퀄이라고 만든것처럼 마케팅으로 판매하며 기계모르면 qled 살수있는것마냥 속아 사버리는것도 기분이 좋진 않고요 엄연히 qled와 크리스탈은 다른거니까요 상세페이지 내역이 똑같이 복사되어서 나와있습니다 성능 화질 보는 시선과 느낌은 100대100 완전 다를텐데 말이죠 그런데도 스펙 상세설명은 저리가라 버려놓고 알수가없어서 무어가 뭔지 알수도없고요 상세적으로 물어보거나 찾지 않는다면진짜 알수도 없습니다 스펙에 나와있는거요 포트몇개 몇센티 정도 그게 스펙은 아니죠,"['기분', '나쁘다', '생각', '업체', '나쁘다', '구매', '생각', '중소기업', '싫다', '바꾸다', '삼성', '떨어지다', '직원', '대처', '인식', '부류', '처리', '방식', '넘어가다', '방식', '들어오다', '제품', '상식', '받아들이다', '느낌', '좋다', '애트모스', '질문', '떨어지다', '부류', '언저리', '느낌', '기분', '좋다', '질문', '기사', '부르다', '호출', '상식', '직원', '질문', '이해', '떨어지다', '받아들이다', '어의', '생각', '똥통', '나락', '생각', '들다', '개개인', '잊다', '고퀄', '고퀄', '크리스탈', '덧붙이다', '파', '고퀄', '만들다', '마케팅', '판매', '기계', '사다', '속다', '사다', '기분', '좋다', '크리스탈', '페이지', '내역', '복사', '나오다', '성능', '화질', '시선', '느낌', '다르다', '스펙', '설명', '버리다', '찾다', '스펙', '나오다', '포트', '스펙']",5,2
1162,제가 질문 30개 한것중에 60개로 되돌려서 정확한 답변주는 상식있는 업체들이 모여있는게 중소기업들 입니다 요즘추세는 그냥 안 넘어가니까요 요즘은 사람들 인식과 지식과 여러므로 환경이라던가 무식하던 시절이 지나간지가 꽤 되어서 이미지 나쁘신건 어쩔수없지만 분명 고퀄이라는건 확실하지만 삼성엘지가 다 좋지 않다는걸 알아만 주셨으면 합니다 실제로 안좋아요 무조건 이건 무조건 답인것이다 이것은 이것이다 라는 사고방식은 아니라고 봅니다 무조건 답이다 이건 아니니까요,"['질문', '되돌리다', '정확', '답변', '상식', '업체', '모이다', '중소기업', '요즘', '추세', '넘어가다', '요즘', '사람', '인식', '지식', '환경', '무식', '시절', '지나가다', '이미지', '나쁘다', '어쩌다', '고퀄', '확실하다', '삼성', '엘지', '좋다', '좋다', '사고방식']",5,1
1163,제품이 대기업이라고 좋고 중소라서 좋지 않고 그런건 아닙니다 중소가 가성비가 좋은것도 맞습니다 하지만 as와 셋탑박스등 연동제품과의 원활한 연동은 단연 대기업이 더 좋습니다 대기업 as센터와 중소기업들의 통합as센터 하도급에의한 as기사 는 경험해보니 많은 차이가 나더군요 다음엔 대기업 저렴한 버전 티비를 사볼까 고민중입니다 물론 지금쓰는 tv를 오래오래 쓴 이후에요 단순히 불편하다고 tv를 버리는건 환경문제이기도 하니 제 댓글에 의견달아주셔서 감사하고 좋은 제품 즐겁게 쇼핑하시길 빕니다 저도 늘 고민하며 좋은 제품 고르도록 노력하겠습니다,"['제품', '기업', '좋다', '중소', '좋다', '가성비', '좋다', '맞다', '박스', '연동', '제품', '원활', '연동', '기업', '좋다', '기업', '센터', '중소기업', '통합', '센터', '하도급', '의', '기사', '경험', '많다', '차이', '다음', '기업', '저렴하다', '버전', '티비', '사다', '고민', '쓰다', '쓰다', '이후', '불편', '버리다', '환경', '문제', '댓글', '의견', '달다', '감사', '좋다', '제품', '쇼핑', '빌다', '고민', '좋다', '제품', '고르다', '노력']",5,2
1164,그치만 그치만이라는 의견이 기분나쁘실수도 있고 아닐수도있습니다 다만 칩셋 매번매당 매회 개발중이고 나오는족족 뽑아서 더더더욱더 저렴 가성비있게 해주려 최상급 모델로 출시해서 서민에게 맞는가격으로 업그레이드 되어서 매해 나오는데 잘하면 10년간 안쓰더라도 2 3년주기로 70도 안되는 가격으로 바꿔주는것이 삼성 1번 바꿀가격보다 나을수는 있습니다 뭐 개개인의 차이가 있고 저도 제가느낀 생각을 주관적으로 알려드린것이니 기분나쁘게 생각하지는 마세요 다만 거기 들어갈 기술 3분의1밖에 안쓸저렴한걸 칩셋포함 5백은되어야 할 애트모스 비전 제대로된 보급형 윗단계로 산다는 인식이 저는 좋질 않네요 삼성직원 어딜 어떻게 어떤직원 모두 다르게 상담받아봤고 엘지도 모두 인식자체도 안좋고요 자기들제품을 상세하게 이게 어떻고 물어보면 사실상 잘모릅니다 인식부터가 전문가가 파냐 아니냐 수준으로 완전다릅니다 삼성은 제품을 고퀄로 나올지언정 그점이 중소기업 구매하는 소비자들이 등을 돌린 이유죠,"['의견', '기분', '나쁘다', '칩셋', '개발', '나오다', '가성비', '상급', '모델', '출시', '서민', '맞다', '가격', '업그레이드', '나오다', '쓰다', '주다', '가격', '바꾸다', '삼성', '바꾸다', '가격', '개개인', '차이', '생각', '주관', '알리다', '기분', '나쁘다', '생각', '들어가다', '기술', '쓰다', '저렴하다', '칩셋', '포함', '애트모스', '비전', '보급', '단계', '살다', '인식', '좋다', '삼성', '직원', '직원', '다르다', '상담', '엘지', '인식', '자체', '좋다', '제품', '물어보다', '인식', '전문가', '팔다', '수준', '다르다', '삼성', '제품', '고퀄', '나오다', '중소기업', '구매', '소비자', '돌리다', '이유']",5,2
1165,저도 삼성 tv 액정과 메인보드 연속 고장과 a s를 경험한 이후부터 중소기업 제품만 구매하고 있습니다 수리비만 하더라도 중소기업 제품은 하나를 더 살 수 있겠다 싶었거든요 물론 품질 차이는 있지만 가격 차이 만큼의 차이는 느껴지진 않아요,"['삼성', '액정', '메인', '보드', '연속', '고장', '경험', '이후', '중소기업', '제품', '구매', '수리비', '중소기업', '제품', '사다', '품질', '차이', '가격', '차이', '차이']",5,1
1166,빔프로젝터 2년 사용에서 모니터로 기변 사용자입니다 빔프로젝터 삼각대 설치 기기 거치 스크린설치 기기 스크린 거리조정 폰연결 바람 스크린과 기기 사이 공간 확보 밤에만 사용 어후 진짜 이렇게 비교할게 아님 서로 다르다고 해야지,"['프로젝터', '모니터', '프로젝터', '삼각대', '설치', '기기', '거치', '스크린', '설치', '기기', '스크린', '거리', '조정', '연결', '바람', '스크린', '기기', '사이', '공간', '확보', '비교', '다르다']",5,1
1167,앱 홈페이지에서 빔프로젝터 추천제품도 확인하실 수 있습니다 빔프로젝터 추천제품 모아보기 앱 다운로드 링크 홈페이지 영상 속 제품 보러가기 아래의 쿠팡링크를 통해 구매하시면 는 쿠팡으로부터 소정의 수수료를 받습니다 구매자에게 부과되는 추가비용은 전혀 없으며 서비스와 채널에 도움이 됩니다 epson eh 뷰소닉 lg전자 프로젝터매니아 프로,"['홈페이지', '프로젝터', '추천', '제품', '확인', '프로젝터', '추천', '제품', '모으다', '다운로드', '링크', '홈페이지', '영상', '제품', '아래', '쿠팡', '링크', '통하다', '구매', '늘다', '쿠팡', '소정', '수수료', '구매자', '부과', '추가', '비용', '서비스', '채널', '도움', '뷰소닉', '전자', '프로젝터', '매니아']",5,1
1168,혹시 100만원 200만원 사이의 프리미엄 빔프로젝터 영상 안나올까요 궁금합니다 현재 대낮에도 가능한 게이밍용 빔프로젝터를 고려중입니다 benq 뷰소닉 그리고 다른 브랜드도 추가하여 준하이앤드 유저형도 추천받고싶습니다,"['사이', '프리미엄', '프로젝터', '영상', '나오다', '궁금하다', '대낮', '가능', '게이밍', '프로젝터', '고려', '뷰소닉', '브랜드', '추가', '하이', '앤드', '유저', '추천']",5,1
1169,사실 프로젝터 스펙 눈으로 보지 못해 비교도 어려운데 이렇게 디테일하고 깔끔하게 비교해주는 영상은 처음 보네요 바로구독각입니다 4가지 제품중 제품이 가성비가 높아보여 눈길이가네요 밝게 보여 좋아보이긴한데 가격에서 와이프한테 까일것 같고 쓱 밀어봐야겠어요,"['프로젝터', '스펙', '비교', '디테일', '비교', '영상', '제품', '제품', '가성비', '높다', '보이다', '눈길', '밝다', '보이다', '좋다', '보이다', '가격', '와이프', '까다', '이다', '밀다']",5,2
1170,빔프로젝터 구매가이드 보러가기 빔프로젝터 추천제품 모아보기 영상 속 제품의 스펙 분석과 후기 확인하기 프로젝터매니아 프로 28 30만원 대 lg전자 57 60만원 대 비비텍 64 68만원 대 벤큐 69 75만원 대 뷰소닉 74 77만원 대 엡손 eh 72 80만원 대 영상에 포함되지 않은 다른 빔프로젝터 찾아보기 앱 다운로드 링크 홈페이지 영상 속 제품 보러가기 아래의 쿠팡링크를 통해 구매하시면 는 쿠팡으로부터 소정의 수수료를 받습니다 구매자에게 부과되는 추가비용은 전혀 없으며 서비스와 채널에 도움이 됩니다 비비텍 epson eh 뷰소닉 lg전자 프로젝터매니아 프로,"['프로젝터', '구매', '가이드', '프로젝터', '추천', '제품', '모으다', '영상', '제품', '스펙', '분석', '후기', '확인', '프로젝터', '매니아', '프로', '전자', '비비텍', '벤큐', '뷰소닉', '엡손', '영상', '포함', '프로젝터', '찾아보다', '다운로드', '링크', '홈페이지', '영상', '제품', '아래', '쿠팡', '링크', '통하다', '구매', '늘다', '쿠팡', '소정', '수수료', '구매자', '부과', '추가', '비용', '서비스', '채널', '도움', '비비텍', '뷰소닉', '전자', '프로젝터', '매니아']",5,1
1171,7평 원룸에서 주로 영화 어두운 장면이 많은 범죄 스릴러등 애니메이션 시청할려고 하는데 가격대비 뷰소닉 빔프로젝터가 적합할까요 화질과 소음 자체 os를 우선순위로 두고있습니다 그리고 렌즈는 lcd보다 dlp가 좋다고 하는데 해당 제품은 뭐에 속하나요 또 제품인증에 따라 앱실행이 불가능하다는 글을 보았는데 자세한 설명 부탁드려요 판매처에 문의했을때는 ott저작권으로 인해 해상도가 떨어진다고 하는데 이 말을 자체os가 아니라 앱을 다운받아야 시청을 할 수 있는건가요 넷플릭스 유튜브 티빙 판매처에서 600안시라고 했습니다 타제품도 600안시루멘 정도 하는데 화질이 그중 뛰어난건가요,"['원룸', '영화', '장면', '많다', '범죄', '스릴러', '애니메이션', '시청', '가격', '대비', '뷰소닉', '프로젝터', '적합', '화질', '소음', '자체', '우선순위', '두다', '렌즈', '좋다', '해당', '제품', '속하다', '제품', '인증', '따르다', '실행', '가능', '설명', '부탁', '드리다', '판매', '문의', '저작', '인하', '해상도', '떨어지다', '자체', '다운', '시청', '넷플릭스', '유튜브', '티빙', '판매', '제품', '시루', '메다', '화질', '뛰어나다']",5,2
1172,빔 프로젝터를 사려고 고민중인데 신경쓰는것은 화질 밝기 와 소음이라 화질 밝기만 봐서는 앱손꺼를 사는게 가장 좋은 선택일꺼 같은데 조용한 집에서 사용하기에 소음이 좀 크지 않을까 하는 생각이 들어요 소음이 다른 빔 프로젝터에 비해 영상 시청에 방해가 될 정도 인지 그리고 다른 제품으로 lg 생각중인데 앱손 제품들과 밝기 화질등의 차이가 큰지 그리고 다른 제품중 비슷한 가격대 70만원 전후 에서 더 좋거나 비교할만한 제품이 있는지 알고 싶네요,"['프로젝터', '사다', '고민', '신경', '쓰다', '화질', '밝다', '소음', '화질', '밝다', '사다', '좋다', '선택', '소음', '크다', '생각', '들다', '소음', '프로젝터', '비하', '영상', '시청', '방해', '제품', '생각', '제품', '밝다', '화질', '차이', '크다', '제품', '가격대', '전후', '좋다', '비교', '제품']",5,2
1173,잘보았습니다 정맟 많읔 도움이 됬습니다 근데 제가 지금 lg 제품과 를 가지고 있는데 저위에 비교는 가격으로만 비교를 해서 아쉽네요 미니빔쪽으로 들어가는걸로 알고 있어서요 그만큼 스펙이 낮을수밖에 사용 용도가 다르다 해야 하나 여튼 너무 좋은 정보 감사합니다,"['정맟', '많다', '도움', '제품', '가지다', '비교', '가격', '비교', '미니', '들어가다', '스펙', '낮다', '용도', '다르다', '좋다', '정보', '감사']",5,2
1174,영상은 몇번 되돌려봤는지 몰라요 엄청 고민하면서 봤는데 3개월 전 영상이네요 그래도 보고 또 보고 하다가 eh full hd 를 보게 되었는데 추천해주신 엡손과 다른 점은 무선미러링이 된다는 차이 뿐이겠죠 그렇다면 낫겠죠 3개월 전 영상이라 답을 달아주실 지는 모르겠으나 님이 가장 믿음직스러워서 못보시더라도 남겨둡니다 좋은 영상 감사합니다,"['영상', '되돌리다', '고민', '영상', '추천', '다르다', '무선', '미러', '차이', '영상', '달다', '남기다', '좋다', '영상', '감사']",5,2
1175,비교영상 감사 합니다 두루두루 준수한 제품은 없네요 알아보니 비싼제품은 300만원 넘은 것도 있던데 걍 설 할인기간 이용해서 65 75인치대 tv 사는 것으로 결론 냈습니다 많은 도움 되었습니다,"['비교', '영상', '감사', '제품', '알아보다', '비싸다', '제품', '넘다', '할인', '기간', '사다', '결론', '내다', '많다', '도움']",5,2
1176,궁금한게 있습니다 주로 전시를 할때 작은 갤러리 6미터 벽 에서 짧게는 일주일 길게는 한 달정도 프로젝터를 사용하려고 합니다 그래서 중고로 알아보고 있는 중인데 5000안시 좋을지 3000안시에 f hd가 좋을지 엄청 고민되네요 usb작동은 당연히 되어야하구요,"['궁금하다', '전시', '작다', '갤러리', '짧다', '일주일', '길다', '프로젝터', '중', '고', '알아보다', '좋다', '좋다', '고민', '작동']",5,2
1177,인풋렉은 변수가 있을수 있어요 lg프로젝터 몇대 사용해 봤는데 고급 화질 옵션을 사용하거나 하면 게임을 플레이하기 어려울 정도로 인풋렉이 발생하기도 합니다 그래서 프로젝터들 중에는 화질 옵션에 게임 시네마 스포츠 일반 이런식으로 자신에게 맞게 세팅해서 쓸수있는데 이런 기능을 쓰면 화질옵션중 일부는 제한을 받아요 테스트할때 게임모드로 세팅하면 인풋렉이나 사운드 싱크등의 평가치가 달라질수도 있습니다,"['인풋', '변수', '프로젝터', '고급', '화질', '옵션', '게임', '플레이', '인풋', '발생', '프로젝터', '화질', '옵션', '게임', '시네마', '스포츠', '일반', '자신', '맞다', '세팅', '쓰다', '기능', '쓰다', '화질', '옵션', '일부', '제한', '테스트', '게임', '모드', '세팅', '인풋', '사운드', '싱크', '평가', '달라지다']",5,1
1178,자취를 갓 시작하는 사회 초년생들이라면 50만원이상 제품들 엡손같은 모델은 부담스러을것 같네요 금전적인 문제 제일 걸려요 아무래도 가성비에 성능까지 따지면 풀hd입문용으로도 제일 낫고 가격면도 부담이 적을 것 같아서 좋을 듯 하네요 이런부분 고려해서 다음에 가성비 성능 다 뽑아서 추천도 부탁드려요,"['자취', '시작', '사회', '초년', '이상', '제품', '엡손', '모델', '부담', '스다', '금전', '문제', '걸리다', '가성비', '성능', '따지다', '입문', '가격', '부담', '적다', '좋다', '고려', '다음', '가성비', '성능', '추천', '부탁드리다']",5,2
1179,고려해야 할 요소가 많아서 정말 수고가 많으셨겠습니다 스피커 딜레이 부분이나 화질 밝기의 뻥스펙등과 같은 부분은 아시는분들은 아시겠지만 어쨋든 이렇게 꼼꼼하고 전문가 적인 비교에 정말 존경의 마음을 드립니다 그리고 저는 lg를 몇년째 사용하고 있지만 지인분 빔 추천하면서 뷰소닉과 엡손중에서 고르다가 엡손을 선택하긴 했지만 뷰소닉도 역시 좋은 제품이였네요 엡손을 선택한 이유는 오로지 색감 때문이였는데요 이는 대부분의 제조사들이 3색광을 직접 투사해서 화면을 만드는 반면에 엡손만 lcd 뒤에서 램프로 빛을 쏘는 방식이라 그런것 같습니다 단점이라면 오래되면 lcd 자체가 노화되어 램프를 교체해도 바랜색감이 나오는건 있지만 그럴정도로 사용할 정도면 그냥 새거 사도 된다고 생각합니다 어쨋든 다른 이야기지만 초고속 블렌더 비교를 보고 비앙코 이거 사서 아주 잘 쓰고 있습니다 여튼 입만 가지고 하시는 여타와 달리 야 말로 진정한 리뷰어가 아닌가 싶습니다,"['고려', '요소', '많다', '수고', '많다', '스피커', '딜레이', '화질', '밝다', '스펙', '전문가', '비교', '존경', '마음', '드리다', '지인', '추천', '뷰소닉과', '엡손', '고르다', '엡손', '선택', '뷰소닉', '좋다', '제품', '엡손', '선택', '이유', '색감', '부분', '제조사', '투사', '화면', '반면', '엡손', '램프', '쏘다', '방식', '단점', '자체', '노화', '램프', '교체', '바래다', '색감', '나오다', '그러다', '사다', '생각', '이야기', '고속', '블렌더', '비교', '비', '코', '사다', '쓰다', '가지다', '여타', '리뷰어']",5,1
1180,멋지고 훌륭한 영상이내요 아쉬운점은 저도 많은 프로젝터 공부를 했었는데 개인적으로 옵토마 제품이 가성비 최고였는데 없어서 아쉽내요 엡손과 옵토마 최종 고민하다 옵토마로 선택했던 기억이 나내요,"['멋지다', '영상', '내다', '많다', '프로젝터', '공부', '개인', '옵토마', '제품', '가성비', '최고', '내다', '엡손', '옵토마', '최종', '고민', '옵토마', '선택', '기억']",5,2
1181,빔프로젝터가 지원하는 최대 출력 해상도에 따라 달라질 수 있습니다 vga포트와 hdmi포트는 데이터 전송량에서 차이가 있어 고해상도로 출력하고 싶다면 hdmi포트 사용 권장 xga 4800안시루멘 제품과 fhd 3300안시루멘 제품이 동일한 가격이라면 fhd 3300안시루멘 제품을 선택할 것 같습니다,"['프로젝터', '지원', '최대', '출력', '해상도', '따르다', '달라지다', '포트', '포트', '데이터', '전송', '차이', '해상도', '출력', '포트', '권장', '시루', '메다', '제품', '시루', '메다', '제품', '동일', '가격', '시루', '메다', '제품', '선택']",5,1
1182,뷰소닉 구매했습니다 hd 명암비3000000 1 렌즈수명 30000시간 3000안시루멘 화질이 hd인거 겁나 크다는거 빼고는 흠잡을게 없네요 국내에선 안쓰는 모델인거같긴한데 만족하고 쓰는중입니다,"['뷰소닉', '구매', '명암', '렌즈', '수명', '시루', '메다', '화질', '크다', '빼다', '국내', '쓰다', '모델', '만족', '쓰다']",5,1
1183,옵토마 옛날 모델 쓰고 있는 유저입니다 원래 노트북으로 연결해서 썼었는데 컴퓨터에 연결하니 소리는 나오는데 뜨면서 화면이 인식이 안되네요 이게 해상도 문제 때문일까요 이런경우 해상도를 낮춰서 영상 연결이 가능할까요,"['옵토마', '옛날', '모델', '쓰다', '유저', '노트북', '연결', '쓰다', '컴퓨터', '연결', '소리', '나오다', '뜨다', '화면', '인식', '해상도', '문제', '해상도', '낮추다', '영상', '연결', '가능']",5,1
1184,일단 노트북으로 잘 사용하다가 컴퓨터로 안되는 경우 단자나 케이블에 문제는 아닐걸로 추측됩니다 옵토마 신형 빔프로젝터는 소스가 되는 해상도에 자동으로 맞춰 투사할 수 있는데 구형 모델의 경우 빔프로젝터가 설정된 상태에서 소스 해상도가 아니라면 인식되지 않을 수 있습니다 pc의 해상도를 해상도로 우선 맞춘 뒤 빔프로젝터 연결을 해 보시는게 좋을 것 같습니다,"['노트북', '컴퓨터', '단자', '케이블', '문제', '추측', '옵토마', '신형', '프로젝터', '소스', '해상도', '자동', '맞추다', '투사', '구형', '모델', '프로젝터', '설정', '상태', '소스', '해상도', '인식', '해상도', '해상도', '맞추다', '프로젝터', '연결', '좋다']",5,2
1185,어마어마한 영상이네요 이모든걸 촬영하고 기록하고 정리하고 편집하는데 어마어마하게 시간과 노력과 정성이 들어갔을듯합니다 옵토마제품을 fhd로 7년전에 구매해서 잘쓰고 있는데요 점점 수명이 끝나가고 있어서 관심이 많습니다 요즘 대세인데 프로젝터 리뷰 기다릴께요 좋아요 누르고 갑니다,"['영상', '촬영', '기록', '정리', '편집', '시간', '노력', '정성', '들어가다', '옵토마', '제품', '구매', '쓰다', '수명', '끝나다', '관심', '많다', '요즘', '대세', '프로젝터', '리뷰', '기다리다', '좋다', '누르다']",5,1
1186,벤큐 비비텍이 주사율이 떨어지는 것이 영상에 나오는데 모든 제품이 차이가 없다고 하시네요 100만원 중반대 업무용 프로젝터도 평가하시면 좋겠습니다 eiki panasonic 도 포함해서요,"['벤큐', '비비텍', '주사', '떨어지다', '영상', '나오다', '제품', '차이', '중반', '업무', '프로젝터', '평가', '좋다', '포함']",5,2
1187,가정용으로 구입하다보니 lg전자 제품을 선택했는데 제일 큰 이유는 소음과 발열이었습니다 광원이 led라 밝기에서 손해를 보더라도 수명 길고 조용하고 거의 150만원 정도 하는 제품이라 기능도 그렇고 대체로 만족합니다 고생은 하셨는데 비교가 좀 애매하네요,"['가정', '구입', '전자', '제품', '선택', '크다', '이유', '소음', '발열', '광원', '밝다', '손해', '수명', '길다', '제품', '기능', '만족', '고생', '비교', '애매']",5,1
1188,프로젝터 여러번 바꿔보며 사봤는데 회의실같이 아예 고정하거나 위치 안움직이고 장식품처럼 그자리 그대로 놔두실거 아니면 초단초점 사시는걸 추천합니다 벽에서 30센치만 떨어져도 되는제품,"['프로젝터', '바꾸다', '사다', '회의실', '고정', '위치', '움직이다', '장식품', '자리', '놔두다', '초단', '사다', '추천', '떨어지다', '제품']",5,2
1189,프매 뷰소닉 엡손이 좋네요 이유는 안시 밝기 화질 소음 균일도 면에서 최하점을 받았지만 아예 싼 가격으로는 시청하기에는 무리가 없고 뷰소닉은 영상의 엘지제품의 비슷한 크기와 용도로 나온제품인데 판매가격은 12만원 정도 비싸지만 각각의 테스트에서 좀 더 나은 화질 밝기 색감을 주네요 특히 색감부분에서는 차이가 분명히 우위에 있네요 엘지에 없는 키스톤 각 그리고 최대밝기에서의 적은소음도 강점이네요 194안시 정도의 엘지보다 밝기도 좋구요 엘지의 뻥안시는 정말이지 엡손은 뭐 말 안해도 비비텍 벤큐 보다 확실히 좋네요 이런 비교영상 또 해주셨으면 좋겠습니다,"['프매', '뷰소닉', '좋다', '이유', '안시', '밝다', '화질', '소음', '균일', '최하', '싸다', '가격', '시청', '무리', '소닉', '영상', '엘지', '제품', '비슷하다', '크기', '용도', '나오다', '제품', '판매', '가격', '비싸다', '각각', '테스트', '화질', '밝다', '색감', '차이', '우위', '엘지', '키스톤', '최대', '밝다', '소음', '강점', '엘지', '밝다', '좋다', '엘지', '엡손', '비비텍', '벤큐', '좋다', '비교', '영상', '좋다']",5,2
1190,비교제품 선정에 대해 공정하지 않다는 의견이 있는데요 소비자마다 빔프로젝터 구매를 고려할 때 휴대vs거치 저가vs중가 일반vs단초점 밝기vs해상도 등 다양한 기준으로 구분하기 때문에 어떤 분들에게는 휴대용끼리 또 어떤 분들에게는 저가형끼리의 비교가 도움이 된다고 생각합니다 또한 휴대용이란 같은 기준으로 구분하더라도 어떤 분들에게는 포켓형 미니빔끼리 어떤 분들은 이하의 제품끼리 등으로 정도의 차이가 있다고도 생각했습니다 모든 제품을 비교할 수 없기 때문에 저희는 그 중에서 빔프로젝터는 1 100만원 이하 2 일반형 단초점 미니빔 제외 3 인기제품 간 비교가 가장 많은 분들이 고민하는 상황이라고 생각하고 제품을 비교하였습니다 이 외의 기준들은 제품별로 차이가 있을 수 있기 때문에 a제품이 b제품과는 이 정도의 차이가 있으니 각자의 사용환경과 예산 혹은 중요하게 생각하는 가치에 따라 선택하는데에 도움이 되는 영상을 만들고자 했습니다 영상에 포함된 6개 제품 중 특정 제품을 비방하거나 광고하려는 목적이 아니며 영상에 포함된 제품은 모두 각자의 장단점이 있는 제품입니다 크기가 작은 lg 뷰소닉 저렴한 프로젝터매니아는 2편의 연결이나 사용성 측면에서는 더 높은 평가를 받습니다 앞으로 제품 선정에 대해 더 고민하고 소비자분들에게 도움이 되는 영상을 만들 수 있도록 노력하겠습니다 2편도 지켜봐주세요 2편 올라왔습니다 앞으로도 충고와 피드백 부탁드립니다,"['비교', '제품', '선정', '대하다', '공정', '의견', '소비자', '프로젝터', '구매', '고려', '휴대', '거치', '저가', '일반', '초점', '밝다', '해상도', '다양', '기준', '구분', '휴대', '저가', '비교', '도움', '생각', '휴대', '기준', '구분', '포켓', '미니', '이하', '제품', '차이', '생각', '제품', '비교', '프로젝터', '이하', '일반', '초점', '미니', '제외', '인기', '제품', '비교', '많다', '고민', '상황', '생각', '제품', '비교', '기준', '제품', '차이', '제품', '제품', '차이', '각자', '환경', '예산', '중요', '생각', '가치', '따르다', '선택', '도움', '영상', '만들다', '영상', '포함', '제품', '특정', '제품', '비방', '광고', '목적', '영상', '포함', '제품', '각자', '장단점', '제품', '크기', '작다', '뷰소닉', '저렴하다', '프로젝터', '매니아', '연결', '사용성', '측면', '높다', '평가', '제품', '선정', '대하다', '고민', '소비', '도움', '영상', '만들다', '노력', '지켜보다', '올라오다', '충고', '피드백', '부탁', '드리다']",5,2
1191,가격대가 너무 천차만별인 제품들로 비교하시면 하나마나 아닌가요 최대한 비슷한 가격대 비슷한 명암비 비슷한 안시제품 으로 비교를해야 구매에 도움이되지 프로젝터매니아 같이 저렴한건 당연히 비교대상도 안되고 엡손은 lcd 이고 나머지는 dlp 패널들인데 이것도 같이 비교한거 부터가 전혀 말도 안되는거고 실험한 결과로보면 무조건 엡손걸 사야되겠네요 lcd패널의 많은 단점들을 알고나면 엡손제품을 살지 위 실험으로는 알수있는건 영화가 주목적인 가정용 홈시어터로 사용하실거면 벤큐가 가장 좋아보이고 사무용이나 강당 학원에서 사용하실거면 엡손을 사시면 됩니다,"['가격대', '천차만별', '제품', '비교', '가격대', '비슷하다', '명암', '안시', '제품', '비교', '구매', '도움', '프로젝터', '매니아', '저렴하다', '비교', '대상', '나머지', '패널', '비교', '실험', '결과', '엡손', '사다', '패널', '많다', '단점', '엡손', '제품', '사다', '실험', '영화', '주목적', '가정', '홈시어터', '벤큐', '좋다', '보이다', '사무', '강당', '학원', '사다']",5,2
1192,저는 앱손과 엘지의 단초점 프로젝터 제품을 모두 보유하고 있는데요 앱손이 훨씬 오래된 모델인데도 사운드 밝기 명암비 모든 면에서 비교가 안될 정도로 좋더라구요 영상보고 제 생각이 확신이 되었네요 다음에 기변 할때는 앱손 사려고요 앨지의 장점은 컴팩트한 사이즈 밖에 없는 것 같아요 엘지를 먼저 샀는데 처음 샀을때는 영화관 같고 좋다고 했는데 막상 앱손 구모델을 사보니 화면도 왜곡없이 더 크게 투사되고 좋은 것 같아요 비교 불가입니다,"['엘지', '단초', '프로젝터', '제품', '보유', '모델', '사운드', '밝다', '명암', '비교', '좋다', '영상', '생각', '확신', '다음', '사다', '장점', '컴팩트', '사이즈', '엘지', '사다', '사다', '영화관', '좋다', '모델', '사다', '화면', '왜곡', '크다', '투사', '좋다', '비교', '불가']",5,2
1193,가격이든 제품군이든 정확한 기준을 설정하고 비교해야 객관적이지 않나요 엡손 벤큐 비비텍은 설치형 제품군인데 뷰소닉 lg 프로젝터매니아는 포터블 제품군과 동일한 기준으로 색상 및 밝기 등을 비교하면 안 될 것 같아요 제품 사용 목적에 따라 구매 기준이 달라지는거니까요,"['가격', '들다', '제품군', '정확', '기준', '설정', '비교', '객관', '엡손', '벤큐', '비비텍', '설치', '제품군', '뷰소닉', '프로젝터', '매니아', '포터블', '제품군', '동일', '기준', '색상', '밝다', '비교', '제품', '목적', '따르다', '구매', '기준', '달라지다']",5,1
1194,아니 어지간한거는 테스트 기준 엉성해도 들어간 노력이 엄청나니까 응원하고 보는데요 이 영상은 테스트 제품을 진짜 악의적으로 골랐네요 작은 휴대용 제품 휴대성 강조했지만 화질은 상대적으로 떨어짐 이랑 커다란 거치형 제품을 동시에 비교하면서 우열을 줄세우기를 하면 어떡합니까 저는 걍 지나가는 시청자지만 엘지전자가 보면 절대 그냥 안넘어갈것 같은 영상이네요 예전에 믹서기 비교영상도 제품 선정 좀 이상하게 한다 싶었는데 노력으로 노가다 리뷰 한다고 모든게 다 이해되는게 아닙니다 휴대용 프로젝터끼리 거치형 프로젝터끼리 비교를 시켜야지 이게 무슨 차로 따지면 중형차 대형차 경차를 한군데 모아놓고 비교해버리네,"['테스트', '기준', '들어가다', '노력', '엄청나다', '응원', '영상', '테스트', '제품', '악의', '고르다', '작다', '휴대', '제품', '휴대', '강조', '화질', '상대', '떨어지다', '거치', '제품', '동시', '비교', '우열', '세우다', '어떡하다', '지나가다', '시청자', '엘지전자', '넘어가다', '영상', '예전', '믹서기', '비교', '영상', '제품', '선정', '이상', '노력', '노가다', '리뷰', '이해', '휴대', '프로젝터', '거치', '프로젝터', '비교', '시키다', '따지다', '중형', '대형차', '경차', '모으다', '비교']",5,1
1195,이 영상은 가격대로 봐도 중구난방인게 문제입니다 그렇게 따지면 이 영상에는 안나온 중국산 fhd 20만원짜리 고안시 가성비 쩌는 거치형 덩치큰 빔프로젝터가 최강입니다 노서치 정도면 중국산 거치형 fhd 제품이 가성비 개쩐다는거 충분히 알텐데 그거 안가져왔으니 그또한 의도적인 행동이죠,"['영상', '가격대', '중구난방', '문제', '따지다', '영상', '나오다', '중국', '고안', '가성비', '쩔다', '거치', '덩치', '크다', '프로젝터', '최강', '중국', '거치', '제품', '가성비', '쩔다', '가져오다', '의도', '행동']",5,2
1196,먼저 좋은 의견 진심으로 감사드립니다 테스트 기준이나 측정과정에서 부족한 점이 많은 것이 사실인데 더 전문성있게 해야할 지 쉽고 직관적인 테스트로 방향을 잡아야 할지 고민이 되기도 합니다 주신 의견 반영하여 더 잘 만들어 보겠습니다 소비자마다 빔프로젝터 구매를 고려할 때 휴대vs거치 저가vs중가 일반vs단초점 밝기vs해상도 등 다양한 기준으로 구분하기 때문에 어떤 분들에게는 휴대용끼리 또 어떤 분들에게는 저가형끼리의 비교가 도움이 된다고 생각합니다 또한 휴대용이란 같은 기준으로 구분하더라도 어떤 분들에게는 포켓형 미니빔끼리 어떤 분들은 이하의 제품끼리 등으로 정도의 차이가 있다고도 생각했습니다 모든 제품을 비교할 수 없기 떄문에 저희는 그 중에서 빔프로젝터는 1 100만원 이하 2 일반형 단초점 미니빔 제외 3 인기제품 간 비교가 가장 많은 분들이 고민하는 상황이라고 생각하고 제품을 비교하였습니다 이 외의 기준들은 제품별로 차이가 있을 수 있기 때문에 a제품이 b제품과는 이 정도의 차이가 있으니 각자의 사용환경과 예산 혹은 중요하게 생각하는 가치에 따라 선택하는데에 도움이 되는 영상을 만들고자 했습니다 영상에 포함된 6개 제품 중 특정 제품을 비방하거나 광고하려는 목적이 아니며 영상에 포함된 제품은 모두 각자의 장단점이 있는 제품입니다 lg제품을 비하하려는 뜻으로 보셨을 수도 있는데 1편의 화질 측면에서는 비교 제품 대비 미흡한 것은 사실이지만 2편의 연결성이나 사용편의 측면에서는 가장 높은 점수를 받은 제품이며 실제로 앱에서는 일반형 프로젝터 중 lg 베스트픽으로 선정하였습니다 의 성능비교는 특정제품의 비방이나 광고 목적이 아님을 다시 한번 말씀드리며 앞으로 제품 선정에 대해 더 고민하고 소비자분들에게 도움이 되는 영상을 만들 수 있도록 노력하겠습니다 2편도 지켜봐주세요 앞으로도 많은 충고와 피드백 부탁드립니다 정말 감사합니다,"['좋다', '의견', '진심', '감사', '드리다', '테스트', '기준', '측정', '과정', '부족', '많다', '전문', '직관', '테스트', '방향', '고민', '의견', '반영', '만들다', '소비자', '프로젝터', '구매', '고려', '휴대', '거치', '저가', '일반', '초점', '밝다', '해상도', '다양', '기준', '구분', '휴대', '저가', '비교', '도움', '생각', '휴대', '기준', '구분', '포켓', '미니', '이하', '제품', '차이', '생각', '제품', '비교', '프로젝터', '이하', '일반', '초점', '미니', '제외', '인기', '제품', '비교', '많다', '고민', '상황', '생각', '제품', '비교', '기준', '제품', '차이', '제품', '제품', '차이', '각자', '환경', '예산', '중요', '생각', '가치', '따르다', '선택', '도움', '영상', '만들다', '영상', '포함', '제품', '특정', '제품', '비방', '광고', '목적', '영상', '포함', '제품', '각자', '장단점', '제품', '제품', '비하', '화질', '측면', '비교', '제품', '대비', '미흡', '연결', '편의', '측면', '높다', '점수', '제품', '일반', '프로젝터', '베스트', '선정', '성능', '비교', '특정', '제품', '비방', '광고', '목적', '말씀', '드리다', '제품', '선정', '대하다', '고민', '소비', '도움', '영상', '만들다', '노력', '지켜보다', '많다', '충고', '피드백', '부탁', '드리다', '감사']",5,2
1197,신일 제습기를 먼저 구매했지만 as땜에 환불받았고 바로 영상의 lg 제품을 구매했었지요 집안의 모든 가전제품은 삼성 제품인데 이상하게 제습기는 삼성이 없어서 lg를 구매 무튼 역시 가전제품은 lg 대구에 거주하고 아버지께서 삼성 라이온즈 팬이셔서 그런지 모르겠는데 tv 냉장고 세탁기 청소기 휴대폰 전자레인지 뭐 그냥 싹 다 삼성이에요 제습기랑 에어컨만 lg 왜지 그러보니 차는 또 르삼은 한번도 안 타봤네 현대 기아 쉐보레 쌍용 르삼빼고 다 타봤는데 뭐지,"['제습기', '구매', '환불', '영상', '제품', '구매', '집안', '가전제품', '삼성', '제품', '이상', '제습기', '삼성', '구매', '무트', '가전제품', '대구', '거주', '아버지', '삼성', '라이온즈', '냉장고', '세탁기', '청소기', '휴대폰', '전자', '레인지', '삼성', '제습기', '에어컨', '그러다', '타다', '현대', '기아', '쉐보레', '쌍용', '빼다', '타다']",5,1
1198,위닉스는 청소 할때가 힘들었고 2년도 안되었는데 고장나서 지금 난감하네요 보증기간은 1년이라 다시 구매해야 되는데 영상 보고 lg 전자를 사볼까 하네요 일단 청소하기 편해 보여서 눈이 갔네요 영상 감사합니다,"['닉스', '청소', '힘들다', '고장', '보증', '기간', '구매', '영상', '보다', '전자', '사다', '청소', '편하다', '보이다', '영상', '감사']",5,1
1199,lg 10년전 모델이랑 위닉스 2020년 모델 둘다 쓰고있는데 소음은 lg가 진짜 조용하고 제습은 위닉스가 최신꺼라 그런지 월등히 좋았음 그래도 엘지꺼 사고싶었는데 넘 비싸서 넘보지 못함,"['모델', '닉스', '모델', '쓰다', '소음', '닉스', '최신', '좋다', '엘지', '사다', '비싸다', '넘보다']",5,2
1200,위닉스와 lg 둘다 사용중인데 가성비는 위닉스가 좋으나 소음은 lg 가 좋아서 밤새 키기는 lg 가 좋습니다 그리고 위닉스의 고질적인 문제 wifi 제어시 간헐적으로 연결이 안되요 제발 고쳐주세요,"['닉스', '가성비', '닉스', '좋다', '소음', '좋다', '밤새', '키', '좋다', '닉스', '고질', '문제', '제어', '간헐', '연결', '고치다']",5,2
1201,소음 비교에서 우웅 웅 하는 자막 귀여운건 나뿐인가 그리고 신일 제습기는 몇 년전에 사서 쓰면서 더러운 as 때문에 빡쳐서 구매 석달만에 폐처리 했던 기억이 있네요 만약 다시 산다면 lg를 살듯,"['소음', '비교', '자막', '제습기', '사다', '쓰다', '치다', '구매', '처리', '기억', '살다', '사다']",5,1
1202,삼성이 판매량이 더 많아서 구매할까 했더니 조리중 조리실을 볼 수가 없더라구요 또 생각보다 차이가 많이 나더라구요 마치 oled 엘지 와 qled 삼성 처럼 성능은 엘지인데 판매량은 마케팅 능력이 우수한 삼성의 승이라는 아직도 고민인데 솔직히 조리실 안을 볼 수 없는건 좀 답답할 듯요 엘지를 구매 하겠습니다 조리를 눈감고 하는건 도저히 이해 할 수가 없거든요 또 추가로 삼성이 실내 밑면적이 넓어 좋다고 알고 있었는데 실측은 엘지가 가로길이 0 좀 더 넓네요 세로길이는 같고 뭐 가격이 삼성보다 좀 비싼데 쿠폰 찾아 봐야겠어요 엘지 선택,"['삼성', '판매량', '많다', '구매', '조리', '조리', '생각', '차이', '엘지', '삼성', '성능', '엘지', '판매량', '마케팅', '능력', '우수', '삼성', '고민', '조리', '답답하다', '엘지', '구매', '조리', '눈', '감다', '이해', '추가', '삼성', '실내', '면적', '넓다', '좋다', '엘지', '가로', '길이', '넓다', '세로', '길이', '가격', '삼성', '비싸다', '쿠폰', '찾다', '엘지', '선택']",5,1
1203,영상에나온 삼성이랑 엘지 동일제품을 업장에서 사용중인데 두가지만 놓고 비교하자면 1 도어손잡이 삼성제품이 열고닫기 편리함 엘지제품이 불편한건아니고 손을 옆으로 넣고 당기는차이 삼성께 좀더 직관적 2 버튼 삼성제품 버튼이 직관적이라 여러번반복해서 누르기 편함 반면 엘지제품은 설치시 눈높이와 맞추는게 더 누르기 편함 아랫쪽에 설치시 터치미스 발생 잦으며 누를때마다 제대로 눌렀는지 확인하는 버릇이 생김 높이변경하고 해결 3 해동 엘지는 0 설정해서 1 2까지 조절하여 해동할수있으며 삼성은 1번 2번 두가지 모드로만 작동됨 엘지0 삼성 1번모드가 1분초반대로 작동시간은 비슷한데 해동속도는 삼성이 더 잘됨 4 출력조절 엘지 기본 작동하며 800 600 400 200 으로 출력조절가능한데 출력조절후 한번사용시 다시 기본 돌아옴 변경출력고정은 안됨 설명서 잃어버려서 되는지 모르겠음 5 엘지제품이 더 이쁨,"['영상', '나오다', '삼성', '엘지', '동일', '제품', '업장', '놓다', '비교', '도어', '손잡이', '삼성', '제품', '열다', '편리', '엘지', '제품', '불편', '넣다', '당기다', '삼성', '직관', '버튼', '삼성', '제품', '버튼', '직관', '반복', '누르다', '편하다', '반면', '엘지', '제품', '설치', '눈높이', '맞추다', '누르다', '편하다', '아랫쪽', '설치', '터치', '미스', '발생', '잦다', '누르다', '누르다', '확인', '버릇', '생기다', '높이', '변경', '해결', '해동', '엘지', '설정', '조절', '해동', '삼성', '모드', '작동', '엘지', '삼성', '모드', '초반', '작동', '시간', '해동', '속도', '삼성', '출력', '조절', '엘지', '기본', '작동', '출력', '조절', '가능', '출력', '조절', '기본', '돌아오다', '변경', '출력', '고정', '설명서', '잃어버리다', '엘지', '제품', '이쁘다']",5,1
1204,제 취향에 가장 가까운 최고의 리뷰어 근데 lg거 출력조절 버튼으로 등으로 설정 가능하다는걸 아셨을텐데 800정도로 맞춰놓고 비교했으면 그나마 공정한 실험이었지 않아요 그리고 8 35 lg도 버저음 끄는 기능 숨겨져 있어요 구글에 검색해보니 제조사 페이지에서 무슨 버튼 조합 동시에 몇초 누르고있으면 온오프 된다는걸 써놔서 다음에는 이런 사항까지 서칭해보시고 내용을 구성하시면 더 완벽에 가까워지실듯요 각 제품별 사용설명서는 미리 다 읽어보실거고,"['취향', '최고', '리뷰어', '출력', '조절', '버튼', '설정', '가능', '맞추다', '비교', '공정', '실험', '버저', '끄다', '기능', '숨기다', '구글', '검색', '제조사', '페이지', '버튼', '조합', '동시', '누르다', '오프', '쓰다', '다음', '사항', '서다', '칭하다', '내용', '구성', '완벽', '제품', '설명서', '읽다']",5,1
1205,실제로 lg 삼성중에서는 삼성이 나은데 좌우는 그렇다치는데 엘지가 바닥부분만 뜨거워짐 그리고 도 안됨 18만원짜리 최상급모델이었음 삼성은 8만원쯤하는 보급형이었는데 균일가열이 최고였음 출력은 좀 딸릴지라도 엘지보다 더 빨리 가열됨 균일가열 덕분에 엘지 윗부분 가열안되어서 더 시간걸림 어디서 2017년에 실험한것도 엘지는 별한개 삼성은 별 세개였는데 또 제일 큰 모델인데도 도시락 큰거 안돌아감 실제로 두개 다 써본사람으로서 삼성이 낫다 이번에 가전 싹 엘지로 맞췄는데 전자레인지 사운드바는 삼성으로 간다,"['삼성', '삼성', '좌우', '치다', '엘지', '바닥', '상급', '모델', '삼성', '보급', '균일', '최고', '출력', '딸리다', '엘지', '가열', '균일', '덕분', '엘지', '윗부분', '가열', '시간', '걸리다', '실험', '엘지', '삼성', '크다', '모델', '도시락', '크다', '돌아가다', '쓰다', '사람', '삼성', '가전', '엘지', '맞추다', '전자', '레인지', '사운드', '삼성']",5,1
1206,저도 전자렌지는 삼성에 한표요 엘지는 디자인 기능 디테일 등은 삼성보다 더 나음 그러나 전자렌지는 기능과 성능이 시간과 출력세팅에 맞춰 우수해야 함 특히 데우기하동성능이 가장 좋아야 함,"['전자렌지', '삼성', '엘지', '디자인', '기능', '디테일', '삼성', '전자렌지', '기능', '성능', '시간', '출력', '세팅', '맞추다', '우수', '데우다', '성능', '좋다']",5,1
1207,lg한테 돈 받았어요 전부 700짜리를 비교하시던지 아님 다 해야 비교인거지 형평성없게 700 1000썩어놓고 비교 영상이라고 올려 놓으신건가요 솔직히 w가 먼지를 모르는 사람은 lg것이 무조건 좋은거라고 생각할수 있을거 같은데요 참 실망 스럽네요,"['비교', '비교', '형평', '썩다', '비교', '영상', '올리다', '먼지', '사람', '좋다', '생각', '실망']",5,1
1208,k쇼핑에서 대한민국 동행세일에 맞춰 7월12일 오후 4시30분에 캐리어창문형에어컨 최저가 방송을 단하루 단한번 한다고 하네요 구매하시려는 분 이번 기회에 사면 최고 혜택을 받을 거 같은데요,"['쇼핑', '대한민국', '동행', '세일', '맞추다', '오후', '캐리어', '창문', '에어컨', '최저', '방송', '하루', '구매', '기회', '사면', '최고', '혜택']",5,2
1209,아니 왜 우리나라삼성 lg 등은 한국내에서 가전제품을 팔때 내국인에게 엄청비싸게 팔면서 창문형에어컨은 외국에만 내놓고 한국내에서는 안팔아 한국인들은 자국기업에게 봉이여 가격도 비싸게주고사고 게다가 실용적인건 사지도 못해 정말 화가나네,"['나라', '삼성', '한국', '가전', '제품', '팔다', '내국인', '비싸다', '팔다', '창문', '에어컨', '외국', '내놓다', '한국', '팔다', '한국인', '자국', '기업', '가격', '비싸다', '사다', '실용', '사다']",5,1
1210,진짜 블로그부터 보았던 사람으로 너무 항상 감사드려요 다음엔 제품들 기업의 as 정도도 비교해주시면 감사할것같아요 중국제품들은 좀불편 삼성꺼는 뭐 좋다 이렇게 간단하게라도 언급해주시면 많은사람들이 더좋아할듯요,"['블로그', '사람', '감사', '드리다', '다음', '제품', '기업', '비교', '감사', '중국', '제품', '불편', '삼성', '좋다', '간단하다', '언급', '많다', '사람', '좋아하다']",5,1
1211,lg하고 삼성 2개는 건물 다 뿌시네요 깡패인가 의자도 뚜둘여서 밀어내고 탁자도 밀어내고 가구를 왜이리 때려 청소로봇을 만들라고 했더니 삼성하고 엘지는 자동차를 만들어 났네 엘지는 2센티 장벽도 걍 뭐가 있냐 하면서 넘어다니네 걸리적 거리면 식탁도 다 밀어버리고,"['삼성', '건물', '뿌시다', '깡패', '의자', '뚜둘여', '밀어내다', '탁자', '밀어내다', '가구', '때리다', '청소', '로봇', '만들다', '삼성', '엘지', '자동차', '만들다', '엘지', '센티', '장벽', '넘다', '다니다', '거리', '식탁', '밀다']",5,1
1212,야 시이바 삼성꺼 30만원 짜리가 엘지 70만원짜리보다 성능 더 좋은데 시이바 이래도 엘지가 가전제품 명가 맞노 중국산보다는 괜찮네 엘지빠들아 엘빠짓 작작해라 브랜드 값만 비싼 엘지,"['시이바', '삼성', '끄다', '엘지', '성능', '좋다', '시이바', '엘지', '가전제품', '명가', '맞다', '중국', '괜찮다', '엘지', '브랜드', '비싸다', '엘지']",5,1
1213,컴퓨터 등등에서 느끼지만 삼성 lg는 진짜 거품이 심하네요 저 영상 보고 저는 라이프로를 선택할 거 같습니다 디자인이 구려도 뭐 성능이 제일 괜찮은듯 명품이 되려면 압도적인 기술을 가지고 고가 정책을 유지해야 하는데 삼성 lg는 그냥 많이 받아서 직원들 보너스 잔치 하려고 가격 올리는듯,"['컴퓨터', '삼성', '거품', '심하다', '영상', '라이프', '선택', '디자인', '구리', '성능', '괜찮다', '명품', '압도', '기술', '가지다', '고가', '정책', '유지', '삼성', '직원', '보너스', '잔치', '가격', '올리다']",5,1
1214,영상 일부구간에 참 문제 있어보이네요 리뷰도 아닌 특히나 비교 테스트는 당연히 공정해야 하고 또한 영상에 표시되는 것도 일관성있게 표시해야 하는데 영상 초기 00 40 01 에 테스트시 왜 일부 회사명만 영상에 표시를 안한건가요 모델명만 표시하고 무슨 의도가 있는가요 영상보면 다이슨 회사명없음 코드제로 회사명없음 파워건 150 다이슨 테팔 에어포스 360 등등 00 40 01 01초에 삼성 lg 글자를 쏙 빼놨네요,"['영상', '일부', '구간', '문제', '보이다', '리뷰', '비교', '테스트', '공정', '영상', '표시', '일관', '표시', '영상', '초기', '테스트', '일부', '회사명', '영상', '표시', '모델명', '표시', '의도', '가다', '영상', '다이슨', '회사명', '코드', '회사명', '파워', '다이슨', '테팔', '에어포스', '삼성', '글자', '빼다']",5,2
1215,전 lg 쓰는데 진짜 모서리 최악입니다 평가원인가에서 한 모서리 잘된다고 나왓다던데 어떻게 테스트 한건지 궁금하네요 이 영상보고 제꺼가 정상인걸 알앗네요 진짜 모서리빼고 다 맘에 들어요,"['쓰다', '모서리', '최악', '평가원', '인가', '모서리', '나오다', '테스트', '영상', '정상', '모서리', '빼다', '들다']",5,1
1216,혼자사시면 갬성으로 한번쯤 사용할만하죠 스피커는 종류가워낙많아서 뭐 요즘은 중국산사운드바도 가성비좋은가바요 빔은 가성비따져서 싼거사지마세요 비싸든싸든 화면은 다나와요 근데싼건 싼만큼 흐려요,"['사다', '개', '스피커', '종류', '많다', '요즘', '중국', '사운드', '가성비', '좋다', '가성비', '따지다', '싸다', '사다', '비싸다', '싸다', '들다', '화면', '나오다', '싸다', '싸다', '흐리다']",5,2
1217,작년에 구매해서 보니 가격대비 너무 괜찮길래 부모님댁에도 선물로 보내드렸어요 삼성 65인치 uhd비지니스 tv 스탠드형이에요 그런데 신모델로 업그레이드 되어 배송되었어요 가격도 카드할인 포함 77만원대 화질도 좋고 에너지효율도 1등급 무엇보다 부모님이 좋아하셔서 참 만족스럽습니다,"['작년', '구매', '가격', '대비', '괜찮다', '부모', '선물', '보내다', '삼성', '비지니스', '스탠드', '모델', '업그레이드', '배송', '가격', '카드', '할인', '포함', '화질', '좋다', '에너지', '효율', '등급', '부모', '좋아하다', '만족']",5,2
1218,꼭 그렇다고 볼수는 없지만 저희 애들은 영향 받은거 같아요 큰 티비와 쇼파와의 거리가 그리 멀지않은데 너무 큰 화면이 가까이 있으니까요 티비 바꾸고 눈이 확 안좋아졌어요 다시 바꾸라면 55나 65할거 같아요 공간이 좁아보이는 것도 있어서요,"['영향', '크다', '티비', '쇼파', '거리', '멀다', '크다', '화면', '티비', '바꾸다', '좋다', '바꾸다', '공간', '보이다']",5,2
1219,신혼때 가전제품은 올 lg여서 그런지 아직 12년차 고장 없이 잘 쓰고 있는데식세기며 건조기는 최근에 삼성으로 샀는데 lg보다 고장이 잦은 느낌 다들 삼성도 고장없이 잘 쓰고 계신가요,"['신혼', '가전제품', '고장', '쓰다', '세기', '건조기', '최근', '삼성', '사다', '고장', '잦다', '느낌', '삼성', '고장', '쓰다']",5,1
1220,qled 65인치 구매한 지 3년됐는데 이틀전부터 전원켰을때 화면 완전 어두워서 형체도 알아볼 수 없고 소리만 들려요 서비스 신청 해놓았는데 패널 고장 인 것 같아서 수십만원의 쌩돈이 나갈 것 같은데 진짜 화나고 열받네요 수백만원 주고 대기업 브랜드 믿고 산 tv가 겨우 3년만에 이렇게 고장나고 무상수리가 아닌 유상수리 해야 한다는 게 참 요즘 경기도 안좋아서 먹고살기도 힘든데 소비자가 봉인가 무상수리기간을 더 늘려야 하는거 아닌가 네이버 검색만 해봐도 2년 무상 지나고나니 고장 났다는 글 많던데 억울해서 그냥 답답해서 글 적어봐요,"['구매', '이틀', '전원', '켜다', '화면', '형체', '알아보다', '소리', '들리다', '서비스', '신청', '패널', '고장', '나가다', '화나다', '기업', '브랜드', '사다', '고장', '무상', '수리', '유상', '수리', '요즘', '경기', '좋다', '먹다', '살다', '힘들다', '소비자', '인가', '무상', '수리', '기간', '늘리다', '네이버', '검색', '무상', '지나다', '고장', '많다', '적다']",5,1
1221,다녀가셨는데 티비패널 고장이라고 처음에는 이 모델 단종되어서 감가상각받고 새로 똑같은 티비 구매해도 더 이득이다하시길래 차라리 잘 됐다고 생각했는데 가시고 나서 얼마 안되 연락오더니 패널 단종 안됐다며 75만원 정도 지불하고 고쳐야한다네요 이러니 더 화가나네요,"['다녀가다', '티비', '패널', '고장', '모델', '단종', '감가상각', '똑같다', '티비', '구매', '이득', '생각', '얼마', '연락', '패널', '단종', '지불', '고치다', '이러다']",5,2
1222,작은방 서브 티비로 대기업 제품 구매했는데 상자 안에서 틀어놓은 것 처럼 소리가 뭔가 답답해요 귀가 완전 먹먹한 느낌이라고 할까요 그동안 시원시원한 사운드로 길들여져서 그런건지 모르겠지만 이 제품은 pc 저사양 스피커 수준 같네요 청력 손상될 것 같은데 설치나 설정이 잘못된 것일까요 일단 as접수는 했는데 혹시 이런 경험 해보신 분 계실까요,"['작다', '서브', '티비', '기업', '제품', '구매', '상자', '틀다', '소리', '먹먹하다', '느낌', '동안', '사운드', '길', '제품', '사양', '스피커', '수준', '청력', '손상', '설치', '설정', '접수', '경험', '계시다']",5,1
1223,집 tv가 고장나서 이번에 새로 사려는데요 남편이랑 모델을 두고 의견이 안 좁혀져서 조언 좀 구해보려구요 후보는oled 유광 기본형 반짝이는 일반 패널oled 무광 글레어프리라고 해서 빛 반사 적은 무광 패널이에요 벽걸이로 설치할 예정이구요 아이가 이제 곧 3살이라 아직까지 tv에 손대거나 장난친 적은 없는데 요즘 점점 에너지가 폭발해서 혹시 몰라 화면보호기는 씌울 생각이에요 저는 어차피 화면보호기 씌우면 반사 생기는듯 싶어서 조금 더 저렴한 유광 사자 쪽이에요 근데 남편은 그래도 사는 김에 좋은 거 사자 무광이 훨씬 낫다 하고 있는데 실제로 써보신 맘님들 계실까요 무광이 진짜 눈부심 덜하고 색감도 괜찮은지 혹은 화면보호기 씌우면 차이 거의 없는지도 궁금해요,"['고장', '사다', '남편', '모델', '두다', '의견', '좁히다', '조언', '구하다', '후보', '유광', '기본', '반짝이다', '일반', '패널', '프리', '반사', '패널', '벽걸이', '설치', '예정', '아이', '손대다', '장난치다', '요즘', '에너지', '폭발', '화면', '보호', '씌우다', '생각', '화면', '보호', '씌우다', '반사', '생기다', '저렴하다', '사자', '남편', '사다', '좋다', '사다', '쓰다', '계시다', '눈부시다', '색감', '괜찮다', '화면', '보호', '씌우다', '차이', '궁금하다']",5,2
1224,아이실수로 액정이 깨졌어요 이걸 as하자니 액정수리비가 만만치않고 대부분의경우 새로 구매를 권하나보더라고요 남편 주1회 정기적으로 즐겨보는 방송이 있고 최근 두달동안 넷플 구독해서 쓰고있는데 며칠후 해지예정이에요 사실상 티비활용을 거의 안하는 집인데 꾸역꾸역 계속 갖고 있었거든요 아이학업환경에도 좋을리가 없어서 오히려 망가진게 잘됐다싶은데 문제는 몇개월전에 월4만원대 인터넷 티비 결합상품 3년계약을 한지라 남은기간동안 매달 티비요금을 내야하니 그게 너무 속이 쓰리네요 나중에 타사로 갈아타게되면 그땐 인터넷만 가입하면 된 듯한데 남편은 그동안 월 요금제가 너무 아까우니 중고티비라도 사자고 하고,"['실수', '액정', '깨지다', '액정', '수리비', '부분', '구매', '남편', '정기', '즐기다', '방송', '최근', '동안', '넷플', '구독', '쓰다', '며칠', '해', '예정', '티비', '활용', '갖다', '학업', '환경', '좋다', '망가지다', '문제', '인터넷', '티비', '결합', '상품', '계약', '남다', '기간', '동안', '티비', '요금', '내다', '쓰리다', '타사', '갈아타다', '인터넷', '가입', '남편', '그동안', '요금', '중', '고', '티비', '사다']",5,2
1225,삼성 올레드 tv 화면이 갑자기 소리만 나오고 화면이아예 안나오길래 as 를 받았는데패널 고장이었고2년 보증기간이 있어서 무상 패널교체 받았어요그런데 교체받은 패널 화질이 전과 차이가 나네요 무상 as 여서 그런건지 as받아 패널교체하면원래 이런건가요화질 하나보고 올레드로 비싼가격에 구매했는데화질차이가 너무나니 속상하네요통상적으로 이런건지 궁금합니다,"['삼성', '올레', '화면', '소리', '나오다', '화면', '나오다', '패널', '고장', '보증', '기간', '무상', '패널', '교체', '교체', '패널', '화질', '차이', '무상', '이다', '패널', '교체', '화질', '올레', '비싸다', '가격', '구매', '화질', '차이', '속상하다', '통상', '궁금하다']",5,1
1226,화면이 나갔는지 소리는 나는데 화면이 안켜져요퇴근하고 맥주 마시며 유튜브보는게 낙인데 이게 뭔 일인지 지난 주말에 코슷코 갔다가 큰 티비보며 남편이랑 바꿀까 하며 웃었는데 말이 씨가 되었나봐요,"['화면', '나가다', '소리', '화면', '켜다', '퇴근', '맥주', '마시다', '유튜브', '지나다', '주말', '코슷코', '크다', '티비', '남편', '바꾸다']",5,1
1227,tv 액정 나간거면 새로 구입하는 게 좋을 겁니다 몇 년 전 거금 400만원에 구매한 대형 tv가 화면이 안나와서 as센터 연락했더니 액정 수리비가 100만원 이상 나올 거라해서 급하게 새로 tv 샀는데 더 큰 화면에 120만원 정도였던 것 같습니다,"['액정', '구입', '좋다', '거금', '구매', '대형', '화면', '나오다', '센터', '연락', '액정', '수리비', '이상', '나오다', '급하다', '사다', '크다', '화면']",5,1
1228,tv를 2018년도에 구매해서 7년정도 지났는데 화면이 안나오고 소리를 들리는 증상이 나와서 as서비스를 받으려는데요 kt 인터넷 사용을 해서 신호잡히고 셋탑은 이상없음 lg as 서비스 받게 되면 출장비만 2만5천원이고 오늘 전화해서 증상을 얘기하니까 백라이트 고장일수있다고 하네요 최소 20만원이상 액정 전체를 바꿔야할지 상황을 봐야알수있다고 합니다 as를 받아야할것도 같은데 아니면 tv구매를 고려중이긴해요 tv를 구매하면 가격이 부담되니까 렌탈로도 많이 구매하는가 해서요 댓글 확인 부탁드립니다 tv물어보니까 중소기업 제품도 싸게 나온다고 하는데요 그럼 더 고장이 잦지 않을까 싶어요 비가 많이 오고 습한날씨네요 좋은 저녁 보내세요 감사합니다,"['구매', '지나다', '화면', '나오다', '소리', '들리다', '증상', '나오다', '서비스', '인터넷', '신호', '잡히다', '이상', '서비스', '출장비', '전화', '증상', '얘기', '백라이트', '고장', '최소', '이상', '액정', '전체', '바꾸다', '상황', '구매', '고려', '구매', '가격', '부담', '렌탈', '구매', '댓글', '확인', '부탁', '드리다', '중소기업', '제품', '싸다', '나오다', '고장', '잦다', '습하다', '날씨', '좋다', '저녁', '보내다', '감사']",5,1
1229,mini led 안드로이드 14 스마트tv 사전 예약을 할까 고민인데요스펙 보면 가격 대비 성능은 괜찮아 보이는데 어떨까요 리뷰 영상도 찾아보면 괜찮아 보여서구매 할까 말까 고민인데 사라마라 해주셔도 되니 의견좀 주세요,"['안드로이드', '스마트', '사전', '예약', '고민', '스펙', '가격', '대비', '성능', '괜찮다', '보이다', '리뷰', '영상', '찾아보다', '괜찮다', '보이다', '구매', '말', '고민', '사다', '의견']",5,2
1230,이게 맞는거같아요 저는 삼성 엘지 안가리고 좋아하는 기능 잇는거 사는데 저가브랜드포함 뽑기운이 좋은건지 다들 큰 말썽 없어요 에어컨은 무풍땜에 삼성삿지만 냉장고 세탁기는 엘지 티비 두대는 엘지 삼성 각각있는데 사실 메이커 차이는 모르겠어요,"['맞다', '삼성', '엘지', '가리다', '좋아하다', '기능', '사다', '저가', '브랜드', '포함', '좋다', '크다', '말썽', '에어컨', '무풍', '삼성', '사다', '냉장고', '세탁기', '엘지', '티비', '엘지', '삼성', '메이커', '차이']",5,1
1231,가전은 뽑기운 같아요 재작년 에어컨교체 작년에 김냉 고장 tv고장 써큘고장 윗집에어컨땜에 천장누수생겨 거실등 사망 등등 줄줄이 고장나서 교체하고 수리받고 했는데 삼성 서비스 기사분께 tv는 삼성 엘지 어떤게 좋냐고 여쭤봤더니 lg가 더 선명하다고 웃으시면서 말씀해주시고 에어컨도 시원한건lg가 좋다고하시던데 재작년에 삼성 구매했는데 lg구매할걸 후회중이요 에어컨 tv는 lg가 좋은거 같드라구요 짐 냉장고도 상태안좋아져서 또 교체해야할거같네요 휴 삼성 엘지 고민되네요,"['가전', '뽑기', '작년', '에어컨', '교체', '작년', '고장', '고장', '써큘', '고장', '윗집', '에어컨', '천장', '누수', '생기다', '거실', '사망', '고장', '교체', '수리', '삼성', '서비스', '기사', '삼성', '엘지', '좋다', '여쭈다', '선명', '말씀', '에어컨', '좋다', '작년', '삼성', '구매', '구매', '후회', '에어컨', '좋다', '냉장고', '상태', '좋다', '교체', '삼성', '엘지', '고민']",5,1
1232,근데 엘이나 삼이나 복불복이에요 그저 뽑기가 잘못된것일뿐 엘도 고장 잘나더라고요 삼도 안나는건 계속 안나고 나는건 또 계속 나고요 어디 제조사든 비싼돈 주고 팔아먹으면 좀 책임감있게 잘 만들어 팔면 좋겠어요 특히 핸드폰 같은건 백이 훨 넘어도 무슨 2년만 쓰면 상태가 안좋아지는지 티비도 옛날껀 10년써도 멀쩡했는데 7 8년 지나니 막 백라이트 나가고 난리도 아니네요,"['복불복', '고장', '제조사', '비싸다', '팔다', '먹다', '책임감', '만들다', '팔다', '좋다', '핸드폰', '넘다', '쓰다', '상태', '좋다', '티비', '옛날', '쓰다', '지나다', '백라이트', '나가다', '난리']",5,1
1233,지금 쿠팡에서 이벤트 중이더라고요정상가에서 5 할인 스타벅스 모바일 상품권 10만원권 증정 이렇게 두가지인데혹시 해당 제품 구매하고 잘 사용하신 분 있을까요 제가 거의 유튜브나 넷플 같은 ott만 봐서꼭 tv 살 필요는 없을거 같아서 빔프로젝터도 알아보고 있거든요 hisense ultra 이거 스펙 uhd 화질에 300인치 지원 3000루멘 밝기까지 완벽하고360도 회전해서 어디든 쏠 수 있더라고요 저도 그래서 사전예약 했어요 추천해요,"['쿠팡', '이벤트', '정상', '스타벅스', '모바일', '상품', '증정', '해당', '제품', '구매', '유튜브', '넷플', '살다', '필요', '프로젝터', '알아보다', '스펙', '화질', '지원', '루멘', '밝다', '완벽', '회전', '쏘다', '사전', '예약', '추천']",5,2
1234,안방에 50인치 무타공 직접인터넷에서 구매해서 설치 했는데 괜찮습니다 근데 85인치면 엄청커서 사제제품보다 제품구매하는곳에서 설치해야할것같네요 근데 50만원이면 적은금액은 아니네여,"['안방', '무타', '인터넷', '구매', '설치', '괜찮다', '크다', '사제', '제품', '제품', '구매', '설치', '적다', '금액']",5,2
1235,022년 8월에 결혼해서 모든 혼수를 삼성으로 했습니다 티비가 75인지 을 구매해서 사용하고 있는데요 참고로 티비값 그당시 천만원 넘게 주고 구매했습니다 근데 지난주 일요일에 갑자기 티비가 화면에 검해지더니 목소리만 나오다가 혼자 켜졌다 꺼졌다 난리가 난거에요 아직 2년 6개월 정도 쓴건데요 가전은 보통 10년넘게 쓰는걸로 생각하고 구매하는데 as신청하고 기사님 방문하니 패널에 문제래요 수리값이 100만원 넘는다네요 제가 로얄등급 고객입니다 삼성에서 구매 많이한 고객한테 주워지는 혜택이죠 로얄등급인 경우는 5년 무상으로 서비스 받는다고 되어있어서 이것도 당연히 포함 이겠거니 했더니 왠걸 이거 구매할당시는 우수등급이어서 이건 해당이 안된데요 티비는 2년에 보증기간이 있다네요 처음알게됨 아무도 보증기간 알려주지않음 너무 당황해서 지금 티비가 천만원넘게 주고 산건데 2년반만에 이렇게 된것을 소비자보러 돈내라구요 하니 그렇게 하지않으면 고쳐줄수가 없답니다 헐 근데 티비가 사실 생각해보니 처음부터 구매했을때 부터 어두워지는 현상이 있긴했어요 저는 남편이랑 그냥 선을 덜꽂아서 그런줄알고 실제로 선을 잘 만지만 화면이 선명해지기길래 그걸 참고 2년넘게 본거였거든요 그것도 제탓이라는 삼성 초기불량인지 뭔지 고객들은 알바가 없구요 전문가도 아닌데 아무튼 전 너무 화가나서 그냥 감가상각을 해달라고 하니 어제는 유상으로 100만원넘게 든다는 수리비가 오늘은 기사님이 전화하시더니 무상으로 된답니다 너무 웃겨서 어제는 고객센터도 기사님도 안된다는 무상 수리가 오늘은 왜 되나요 하니까 하는말씀이 그티비가 당시 제품이 패널에 냄새가 나는게 이슈가 있었데요 소비자는 알리가 있나요 패널에 문제가 아니었으면 몰랐을 이슈 문제 기사님 말씀은 이겁니다 원래는 패널교체비 100만원넘게 내야하지만 이번에는 저희가 그제품이 패널 냄새 이슈가 있었던 거니 그걸로 본사로 올려서 수리한것처럼 하면 무상이라고 하네요 헐 그럼 저보러 지금 저 문제있는 패널도 문제있고 냄새 이슈도 있던 제품을 그냥 사용하라구요 하니까 방침이 그렇데요 그래서 싸우다 너무 앵무새 처럼 말하는 삼성이 웃겨서 여기에 많은 분들께 알릴려구요 삼성티비 사지마세요 그냥 처음부터 이슈 얘기없고 무상으로 해준다해도 소비자는 2년반만에 고장난거에 스트레스며 상실감이 이루 말할 수 없는데 저보고 감가도 안되고 무상으로 수리되니 수리만 하라는 삼성 와 그럼 내년에 고장나면 그땐 유상이에요 하니 맞데요 누가 쓰나요 삼성티비를 한두푼도 아니고요 고객은 봉이 아니죠 살때만 고객이 최고고 우선이라는 말도 안되는 로얄등급이면 뭐하나요 이렇게 고객을 호구로 보는데요 소비자보호원에 우선 분쟁신청은 했어요 되든 안되든 전이제 삼성은 안쓰려구요 많은 분들이 이글을 읽고 참고하시길 바라라고 올려봅니다 이럴거면lg를 살껄 너무 후회가되네요 가전은 역시lg였나요 너무 속상해서 몇자 적어봅니다 많은 분들이 꼭 참고해서 구매하세요,"['결혼', '혼수', '삼성', '티비', '구매', '참고', '티비', '당시', '넘다', '구매', '지나다', '주', '일요일', '티비', '화면', '목소리', '나오다', '혼자', '켜다', '꺼지다', '난리', '쓰다', '가전', '넘다', '쓰다', '생각', '구매', '신청', '기사', '방문', '패널', '문제', '수리', '넘다', '로얄', '등급', '고객', '삼성', '구매', '고객', '혜택', '로얄', '등급', '무상', '서비스', '포함', '구매', '당시', '우수', '등급', '해당', '티비', '보증', '기간', '보증', '기간', '알리다', '당황', '티비', '넘다', '사다', '소비자', '내다', '고치다', '티비', '생각', '구매', '현상', '남편', '꽂다', '만지다', '화면', '선명', '참다', '넘다', '삼성', '초기', '불량', '고객', '전문가', '감가상각', '어제', '유상', '넘다', '들다', '수리비', '오늘', '기사', '전화', '무상', '웃기다', '어제', '고객', '센터', '기사', '무상', '수리', '오늘', '말씀', '티비', '당시', '제품', '패널', '냄새', '이슈', '소비자', '패널', '문제', '이슈', '문제', '기사', '말씀', '패널', '교체', '넘다', '내다', '제품', '패널', '냄새', '이슈', '본사', '올리다', '수리', '무상', '문제', '패널', '문제', '냄새', '이슈', '제품', '방침', '싸우다', '앵무새', '삼성', '웃기다', '많다', '알리다', '삼성', '티비', '사다', '이슈', '얘기', '무상', '소비자', '고장', '스트레스', '상실감', '무상', '수리', '수리', '삼성', '내년', '고장', '그때', '유상', '맞다', '쓰다', '삼성', '티비', '고객', '살다', '고객', '최고', '우선', '로얄', '등급', '고객', '호구', '소비자', '보호원', '분쟁', '신청', '삼성', '쓰다', '많다', '읽다', '참고', '바라다', '올리다', '사다', '후회', '가전', '속상하다', '적다', '많다', '참고', '구매']",5,1
1236,엘지도 비슷해요 저흰 양가포함 대형가전 거의다 엘지인디 특히 티비가 많이들 나가요 뽑기운이 잘못된건지 뭔지 시가에 사드린 엘이디 엘지티비만 고장났는디 2년반만에 뭔패널이 나가서 그건 주요부품이라 다른건 보상기간 3년인디 저것만 2년 근디 몇달지난거져 제수가 없는거져 세탁기처럼 움직이는것도 아니고 가만히있는 티비가 나간게 더 어이가없쥬 수리비가 가격의 반이 나왔는디 그것도 깎아줬다는식 그거 버리고 수리비보다 저렴한 중소꺼 사드리고 저흰 3년전 엘지꺼 새거샀는디 또 몇갤만에 고장 이건 운좋아서 몇갤이니 무상수리라 와서 겉만빼고 싹갈고 갔네요 다른건 또 십년 넘게 잘써요 아 글구 본사직영 기사말고 여러브랜드 수리만 해주는 업체가 있더라구요 그런 업체에서 수리도 한번 한적있는데 훨 씬 저렴했네요,"['엘지', '비슷하다', '양가', '포함', '대형', '가전', '엘지', '인디', '티비', '나가다', '뽑기', '시', '사다', '엘이디', '엘지', '티비', '고장', '패널', '나가다', '주요', '부품', '보상', '기간', '지나다', '지', '지', '세탁기', '움직이다', '티비', '나가다', '어이', '수리비', '가격', '나오다', '깎다', '버리다', '수리비', '저렴하다', '중소', '사다', '엘지', '끄다', '사다', '고장', '좋다', '무상', '수리', '빼다', '갈다', '넘다', '쓰다', '본사', '직영', '기사', '말', '브랜드', '수리', '업체', '업체', '수리', '저렴하다']",5,1
1237,저는 산지 몇년만에 부품단종됐다고 못고친대서 더 어이없었어요 삼성이나 엘지나 고장이슈는 똑같은거같길래 그뒤로 저가티비 보는데 아주 잘나오고 고장도 안나네요 요샌 대기업이라고 좋은게 아니구나 생각해요 그나저나 큰돈들여삿는데 저러면 화가 머리끝까지 날것같긴합니다 잘 해결되시길요,"['살다', '부품', '단종', '고치다', '어이없다', '삼성', '엘지', '고장', '이슈', '똑같다', '티비', '나오다', '고장', '요새', '기업', '좋다', '생각', '크다', '들', '사다', '머리끝', '해결']",5,1
1238,참고로 오래켜두면 수명이 짧고 열도 많이 난다고해요 22 000시간 봤더군요 새로 살려고 하다가 화면 전체 갈아줘서 그냥 as했어요 싼거사고 고장나면 새로 사는게 더 나을 듯 싶어요,"['참고', '켜다', '수명', '짧다', '살다', '화면', '전체', '갈다', '싸다', '사다', '고장', '사다']",5,1
1239,tv구매는 무조건 가성비 모델만 고르다가 이번에 새로 이사도 가는 겸사겸사큰 맘 먹고 좀 좋은 걸로 생각 중인데 올레드를 가장 많이 추천해주시더라구요 그걸로 구매해볼까 하는데 올레드 사용해보신 분들은 잔고장 같은 건 없으셨는지 궁금해요 이전 tv도 그렇고 화면끊김 스피커 작동안됨 등등 tv잔고장을 너무 많이 겪어서수리비는 수리비대로 엄청 나가고 엄청 골머리였거든요혹시 사용해보신 분들 중에 올레드는 크게 문제없이 잘 사용하셨었는지 궁금해요,"['구매', '가성비', '모델', '고르다', '이사', '크다', '먹다', '좋다', '생각', '올레', '추천', '구매', '레드', '하다', '고장', '궁금하다', '이전', '화면', '끊기다', '스피커', '작동', '하다', '고장', '겪다', '수리비', '수리비', '나가다', '골머리', '올레', '크다', '문제', '궁금하다']",5,1
1240,다음달 25평 아파트 신축으로 입주예정이라 77인치티비 구매걸어놓고왔는데요 현재 55인치티비가 있어 팔고 77인치로 갈아타고 스탠바이미 하나를 둘 예정이었거든요 근데 그냥 기존 55인치를 안방에 타공으로 달까하는 생각이 생겨서요 내년 5월에 아가출산예정인데 티비두개는 오바일까요 급 고민이 엄청되네요,"['다음', '아파트', '신축', '입주', '예정', '티비', '구매', '걸다', '티비', '팔다', '갈아타다', '스탠 바이 미', '두다', '예정', '기존', '안방', '달다', '생각', '생기다', '내년', '아가', '출산', '예정', '티비', '오바', '고민']",5,2
1241,tv모델명 구매하려고합니다 문제는 아트월쪽에 쇼파를두고 아트월 반대쪽에 티비를 두려고하는데 이쪽은 가벽입니다 무타공설치면 좋지만 자가여서 타공해도 상관없는데 98인치다보니 가벽이 이 무게를 버틸수있을지가 걱정입니다 가벽에 98인치 설치하신분 계신지요,"['모델명', '구매', '문제', '아트', '쇼파', '두다', '아트', '반대쪽', '티비', '두다', '무타', '설치', '좋다', '가다', '상관없다', '무게', '버티다', '걱정', '설치', '계시다']",5,2
1242,안녕하세여 이번에 진짜 큰맘먹고 tv바꿔봤는데 온라인x 지인통해서 따로 435만원에 지인통해서 구매했는데 잘구매한건가모르겠어서요 인터넷 검색하니 해외상품 제외했을때 저렴하긴한데 혹시나 매장가 600만원대에 견적받았고발품 겁나팔며 결국엔 지인에 지인까지 통해서 구매완료 뭐 할인하고해도 500만원정도더라구요근데 지인통해서 435만원에 구매했는데구매잘한거겠죠,"['안녕', '크다', '먹다', '바꾸다', '온라인', '지인', '통하다', '지인', '통하다', '구매', '구매', '인터넷', '검색', '해외', '상품', '제외', '매장', '견적', '발품', '팔다', '결국', '지인', '지인', '통하다', '구매', '완료', '할인', '지인', '통하다', '구매', '구매']",5,2
1243,구매2주쯤 됬어요 낮엔 모르는데 저녁에 티비보다가 화면전환 검은화면일때 화면얼룩보고 서비스요청했어요 기사님 오셨을때 테스트했는데 이상은 발견안됬고요 절약모드여서 그럴수있다고 표준인가 일반모드인가로 바꿔주고 가셨어요 근데 방금 티비보는데 또 그러네요 원래 스마트티비는 넷플 티빙 애플티비 이런 ott로 진입하거나 다음화 전환할때 검은화면 이런가요,"['구매', '저녁', '티비', '화면', '전환', '검다', '화면', '화면', '얼룩', '서비스', '요청', '기사', '테스트', '이상', '발견', '절약', '모드', '표준', '일반', '모드', '바꾸다', '티비', '그러다', '스마트', '티비', '넷플', '티빙', '애플', '티비', '진입', '다음', '전환', '검다', '화면']",5,1
1244,8월초 화면이 계속 꺼져서 메인보드 30주고 교체이틀전 화면에 줄생겨서 액정 20주고 가렸어요 티비산지는 2년5개월정도 됐어요무상기간1년이라는데 맞나요 한달상간에 메인보드와 액정 교체했어요기분진짜안좋네요,"['화면', '꺼지다', '메인', '보드', '교체', '이틀', '화면', '생기다', '액정', '가리다', '티비', '사다', '무상', '기간', '맞다', '상간', '메인', '보드', '액정', '교체', '기분', '좋다']",5,1
1245,삼 tv 고장 검색하다가 댓글달아봅니다 2020년 11월에 코스 에서 구매해 2년 후 고장나서 패널 교체했는데 한달전 화면이 켜지지 않는 동일증상으로 또 고장이 났습니다 a s 접수 후 점검도 하지 않고 패널교체 해줘 다행이다 싶었는데 교체 후 화질이 브라운관 tv급 수준으로 나쁩니다 다시 a s 접수 후 기사방문 피드백은 교체된 패널에 관한 스펙이나 정보는 없고 화질은 개인의견이라 이상없음으로 진단하더군요 전체 채널이 빛반사도 심하고 선명도가 떨어지고 사물왜곡증상 질감표현이 엉망인데 개인의견이라니 삼 서비스도 이젠 옛말인가 싶네요 꼼수로 책임 회피하고 품질은 개인의 운으로 퉁치고 그렇게 물건 팔아 재벌이 되었나 싶습니다,"['고장', '검색', '댓글', '달다', '코스', '구매', '고장', '패널', '교체', '화면', '켜다', '동일', '증상', '고장', '접수', '점검', '패널', '교체', '다행', '교체', '화질', '브라운관', '수준', '나쁘다', '접수', '기사', '방문', '피드백', '교체', '패널', '관하다', '스펙', '정보', '화질', '개인', '의견', '이상', '진단', '전체', '채널', '반사', '심하다', '선명', '떨어지다', '사물', '왜곡', '증상', '질감', '표현', '엉망', '개인', '의견', '서비스', '이제', '옛말', '꼼수', '책임', '회피', '품질', '개인', '치다', '물건', '팔다', '재벌']",5,1
1246,65인치 보고 있고 고민되네요 1 삼성 24년식 올레드 229만원 할인받아 200만원대 구매 가능할듯 2 엘지 23년식 올레드 264만원 다른가전이랑 결합하면 240만원대에도 구매 가능할듯,"['고민', '삼성', '올레', '할인', '구매', '가능', '엘지', '올레', '가전', '결합', '구매', '가능']",5,1
1247,삼성 엘지 친구들끼리 누구네 가전이 좋다 얘기한적이 있는데 티비는 삼성이 압승이랬어요 엘지연구원 친구도 티비는 삼성으로 사서 저도 다른 가전은 다 엘지 샀는데 티비는 삼성으로 샀어요,"['삼성', '엘지', '친구', '가전', '좋다', '얘기', '티비', '삼성', '압승', '엘지', '연구원', '친구', '티비', '삼성', '사다', '가전', '엘지', '사다', '티비', '삼성', '사다']",5,1
1248,엘지만 사용하다 엘지티비가 두대나 액정이 나가버려서 삼성으로 80인치 구매했는데 아주 좋네요 세탁기 건조기도 다 삼성으로 바꿔버렸어요 에어컨은 기능때문에 엘지로 구매할려고 알아보고있네요,"['엘지', '엘지', '티비', '액정', '나가다', '삼성', '구매', '좋다', '세탁기', '건조기', '삼성', '바꾸다', '에어컨', '기능', '엘지', '구매', '알아보다']",5,1
1249,거거익선이라고 알고 40인치가 딱 마음에 들었는데 이동이 많이 어려울까요 행사하는 제품 32인치 찾아둬서 가격이 착한데 사이즈 작아서 고민했거든요 핸드폰 보다 크지만 뭔가 큰거 사야할 것 같아서요,"['마음', '들다', '이동', '행사', '제품', '찾다', '가격', '착하다', '사이즈', '작다', '고민', '핸드폰', '크다', '크다', '사다']",5,2
1250,근래 tv들은 슬림 디자인으로 스피커가 티비 뒤면에 배치되어 있어 먹먹하게 들린다고 느끼는 사람들도 많습니다 특히 대사들이요 그래서 자꾸 볼륨을 높이게 되죠 구래서 전 2년전에 구매했고 매우 만족합니다 게다가 요즘 ott들 넷플릭스 디즈니 등등 돌비 사운드를 지원하는 영상이 많아서 사운드바로 들으면 영화관이 따로 없습니다 강추,"['근래', '슬림', '디자인', '스피커', '티비', '배치', '들리다', '사람', '많다', '대사', '볼륨', '높이', '구매', '만족', '요즘', '넷플릭스', '디즈니', '돌비', '사운드', '지원', '영상', '많다', '사운드', '영화관']",5,1
1251,이사오면서 77인치 벽걸이 tv를 구매했는데이사온집이 월세이기도 하고 아트월 소재 특성상 벽을 뚫기가 어려워서 스탠드로 쓸까 이것저것 고민하다가 갤러리 느낌이 좋아서 아래와 같이 3년동안 쓰고 있었어요,"['이사', '벽걸이', '구매', '이사', '월세', '아트', '소재', '특성', '뚫다', '스탠드', '쓰다', '이것저것', '고민', '갤러리', '느낌', '좋다', '아래', '동안', '쓰다']",5,2
1252,이사하면서 티비를 새로 구매할 예정입니다 이사 당일에 tv가 배송될거고무타공 시공 셋탑박스 설치를 모두 같은날에 할 예정인데요순서를 어떻게 해야할지 고민하다가 문의드립니다 tv 셋탑박스 무타공 이 순서로 진행하는게 맞을까요 그러면 tv 셋탑박스 시공 시tv는 바닥에 두고 하게되는걸까요 절차마다 모두 설치기사가 다를텐데 고민입니다 경험해보신 분들 의견 부탁드립니다,"['이사', '티비', '구매', '예정', '이사', '당일', '배송', '박스', '설치', '예정', '순서', '고민', '문의', '드리다', '박스', '무타', '순서', '진행', '맞다', '박스', '시공', '바닥', '두다', '절차', '설치', '기사', '다르다', '고민', '경험', '의견', '부탁', '드리다']",5,2
1253,아 그리고 지금작업중에 이걸 도저히 근처에서 살수없다면 나중에 사두고 인터넷기사한테 설치해달라해도 어려운게아니라서 해줄거에요 아니면 직접하는것도 어렵진않아요 이왕이면 1개만 한벽에 설치된게아니라 나란히 3개가 설치되는거라면 같은브랜드로하는게좋겠고 그게 거시기하면 비슷한색으로 인터넷이나 주변 매장에서 찾아봐야겠네요,"['작업', '근처', '살다', '사다', '인터넷', '기사', '설치', '설치', '설치', '브랜드', '좋다', '인터넷', '주변', '매장', '찾다']",5,2
1254,올해1월이사했구요티비멀청한거확이후이사이사후켜니 줄가있었어요lg 55인치 큰집으로이사해서 작은방 아이들게임기나크롬캐스트로 영상보여줄용이였는데 같은걸로구해주신다고 했는데연락이없고그래도연락은하면받으세요아직 비슷한거 못구했다고 구매가2018년12월인데2024년1월 감가상각18 19 20 21 22 23 24 7년들어가 보험해도20만원가량 받는다며이것보다 비슷한걸로 받으시는게 낫지않냐하네요 20만원도짜증나고비슷한거구해준다더니 지금 곧3달가까이되는데연락도먼저없고 짜증나네요보통 어떻게처리해주시는지경험담좀 알려주세요,"['올해', '이사', '티비', '멀다', '청', '이후', '이사', '이사', '켜다', '크다', '이사', '작다', '아이', '게임기', '크롬', '캐스트', '영상', '보이다', '구하다', '연락', '연락', '구하다', '구매', '감가상각', '들어가다', '보험', '짜증', '구하다', '연락', '짜증', '처리', '경험담', '알리다']",5,2
1255,14년 혼수로 구매한 거실 티비가 고장이 났습니다 화면 소리 모두 안 나오게되었어요 사실 아예 안나오기 전에도 두군에 멍 들어서 넓은 곳으로 이사가면 크고 좋은거 바꿀 생각으로 그냥저냥 보고 있었는데 아예 안나오니 답답하네요 사실 이사갈 생각은 있으나 언제 어디로 갈지는 미정이고 그냥 이사 해야지 정도만 생각중입니다 지금 좋은거 바꾸려니 나중 이사갈때 좋은걸로 못 바꿀까봐 걱정이고 지금 적당한거 하려니 이중돈이 들어서 좀 고민입니다 레테님들은 어떻게 하실까요 현재 34평 55인치 이사가면 최소 75인치 이상 85인치 생각하고 있었습니다 이사 미정 중소기업은 선택사항에 없습니다 1 될때까지 고쳐써보자 사설에서 고쳐쓴다 견적 내봐야 알겠지요 lg에서는 10년되서 수리불가 판정 2 조금만 기다려봐 적당한 거 65인치 대기업 100 150만원 선 로 보다가 이사가면 큰걸로 바꾼다 3 나중생각말고 지금을 즐겨라 기회가 왔을때 큰 걸로 바꾼다 lg 77인치 500만원선 이 외에도 좋은 방법있으면 알려주세요,"['혼수', '구매', '거실', '티비', '고장', '화면', '소리', '나오다', '나오다', '들다', '넓다', '이사', '크다', '좋다', '바꾸다', '생각', '나오다', '답답하다', '이사', '생각', '미정', '이사', '생각', '좋다', '바꾸다', '이사', '좋다', '바꾸다', '걱정', '들다', '고민', '레테', '이사', '최소', '이상', '인치', '생각', '이사', '미정', '중소기업', '선택', '사항', '고치다', '쓰다', '사설', '고치다', '쓰다', '견적', '내다', '수리', '불가', '판정', '기다리다', '기업', '이사', '크다', '바꾸다', '생각', '말', '지금', '즐기다', '기회', '크다', '바꾸다', '좋다', '방법', '알리다']",5,2
1256,엘지는 겉만 번지르르 하고 속은 별로 인 것 같아요 저는 엘지 썼다가 요번에 삼성으로 다 바꿨어요 디테일 적인 부분이랑 핵심 포인트 되는 기능은 삼성이 딱 제대로 인것 같아요 그런데 에어컨은 엘지가 좋아요,"['엘지', '엘지', '쓰다', '요번', '삼성', '바꾸다', '디테일', '핵심', '포인트', '기능', '삼성', '에어컨', '엘지', '좋다']",5,1
1257,제가 삼성as 가 정말 좋다고 느낀게 애니콜 가로본능 나왔을때요 그때 as센터가면 지금 왠만한 호텔에서 받는 친절함을 느낄수 있었고 일이년 디나서 아이폰 4 구멍가게에서 수리받는 느낌요 애플 비하 아닙니다 그때 서비스 센터가 너무 열악헸어요 그리고 lg oled 가 한창 핫 할때 tv를 산지 2 3년정도 지났을때 tv가 형광색을 띄기시작해요 티비에서 나오는 배우들 입술이 오렌지 형광빛 번인현상 노란색은 아예 연두색 형광펜 색으로 나오기시작,"['삼성', '좋다', '애니콜', '가로', '본능', '나오다', '센터', '호텔', '친절', '아이폰', '구멍', '가게', '수리', '느낌', '애플', '비하', '그때', '서비스', '센터', '헤다', '사다', '지나다', '형광', '띄다', '시작', '티비', '나오다', '배우', '입술', '오렌지', '형광', '현상', '노란색', '연두색', '형광', '나오다', '시작']",5,2
1258,알아봤더니 그 lg oled 그 작품이 색깔이 닳는 색이였더라고요 많이 볼수록 소비할수록 색소가 빠진다나 뭐라나 그 훌륭한 기술이 보면볼수록 없어지는 색상때문에 남는 색깔들만의 조합으로 입술이 나중에 보라색이되더라고요 as문의을 때한창하고 lg티비 번인현상 치면 200가까이 수리비 누가 그돈내고해요 국내항의가 거세지자 직구티비는 냅두고 국내소비자들은 수리비가 20정도로 줄여진거같더라고요,"['알아보다', '작품', '색깔', '닳다', '소비', '색소', '빠지다', '기술', '색상', '남다', '색깔', '조합', '입술', '보라색', '문의', '티비', '현상', '치다', '수리비', '내다', '국내', '항의', '거세다', '직구', '티비', '냅두다', '국내', '소비자', '수리비', '줄']",5,2
1259,당연히 20년전쯤 물건들은 lg가 최고입니다 주변 언니들 고장안나서 못버린다는 김치냉장고 냉장고들 보면 lg고요 문제는 딱 10년전 5년전부터 수명도 비슷하고 고장률도 비슷한데 as 가 완전 달라요,"['전쯤', '물건', '최고', '주변', '언니', '고장', '버리다', '김치', '냉장고', '냉장고', '문제', '수명', '고장률', '다르다']",5,1
1260,결론은 삼성 세탁기 통돌이 삼성냉장고 lg냉장고 삼성에어컨 lg oled tv 몽땅 다 있는데 삼성은 자잔한고장 as 한번 바로고쳐졌고 lg는 큰 결함으로 as조차 안되는게 냉장고 변색 tv 번인 두개네요,"['결론', '삼성', '세탁기', '삼성', '냉장고', '냉장고', '삼성', '에어컨', '삼성', '고장', '고치다', '크다', '결함', '냉장고', '변색']",5,1
1261,누가 알았겠어요 tv의 색상이 소모성이라서 몇번보면 색깔이 빠져서 색 조합이 틀어져서 형광색 tv가 될지요 제가 tv를 즐겨보는 편이 아니라서 남들보다 엄청 적게 보는 편인데도 2년만에 그걸 겪었으니,"['색상', '소모', '색깔', '빠지다', '조합', '틀어지다', '형광', '즐기다', '적다', '겪다']",5,1
1262,구매한지 6년정도 된거 같은데 65인치 어느날부터인가 화면이 푸르스름하게 보입니다 사진보다는 화질이 선명하긴 한데 찾아보니 백라이트 문제 생기면 저렇다고 하더라고요 혹시 이런경우 수리맡겨보신분 얼마정도였나요 이번에 이사가야해서 수리비가 많이들면그냥 당근에 고장난거라고 하고 싸게 팔려고요,"['구매', '화면', '보이다', '사진', '화질', '선명', '찾아보다', '백라이트', '문제', '생기다', '수리', '맡기다', '얼마', '이사', '수리비', '들다', '당근', '고장', '싸다', '팔다']",5,1
1263,엘지만 쓰다가 냉장고 공청기 건조기 를 사면서 삼성이 그때 할인 땜에 삿던거 같은데 모터는 엘지라고 들은거같아서 엘지로 사야되나 고민이엇는데 삼성과 엘지 다써보시고 디자인 성능 엘지가 훨 좋다고 하시니 고민해결된것같아요,"['엘지', '쓰다', '냉장고', '건조기', '사다', '삼성', '그때', '할인', '사다', '모터', '엘지', '엘지', '사다', '고민', '삼성', '엘지', '쓰다', '디자인', '성능', '엘지', '좋다', '고민', '해결']",5,1
1264,tv구매하려는데세리프 해상도 어떤지요30평대거실이고 65인치 사려는데 발품팔아 다녀볼까 아님 온라인으로 세리프구매할지고민이네요 세리프 디자인 말고는 해상도가 별로라는 글들이 있어서요 세리프 보시는분들 댓부탁드립니다,"['구매', '세리프', '해상', '거실', '사다', '발품', '팔다', '다니다', '온라인', '세리프', '구매', '고민', '세리프', '디자인', '말', '해상도', '세리프', '부탁', '드리다']",5,2
1265,오늘 오전에 lg 86인치 tv 설치 했어요 190만원대로 득템한 랍니다 홈쇼핑으로 살까 하고 보다가우연히 알게 된 tv 직구 lg 서비스센터에서 5년 무상as도 되구혜택이 너무 좋아서 추천드려요 lg 86인치 tv 중에서 젤 저렴한 모델로 고른거라화질이나 성능에 큰 욕심 없이 구매한건데받아보니까 화질도 괜찮구 가성비 최고네용,"['오늘', '오전', '설치', '득템', '쇼핑', '사다', '직구', '서비스', '센터', '무상', '혜택', '좋다', '추천', '드리다', '저렴하다', '모델', '고르다', '화질', '성능', '크다', '욕심', '구매', '화질', '괜찮다', '가성비', '최고']",5,2
1266,드디어 입주가 다가오고있어요 다른 가전들은 다 해결했는데 tv만 해결 못하고있습니다 티비 시청거리는 2 나오고요현재86인치 제품이랑 제품으로며칠내내 고민하고있는데 선생님들 같으면 어떤거 구매하시겠어요 공부해보니까 같은 qled 이지만 미니led가 그냥led가 들어가서화질에서 조금 차이가 있고 뭐 돌비비전인가 그런기능이 추가되어있어서 영화나 그걸지원하는 ott 방송을 볼때 화질면에서 좀 더 선명하다고 하더라고요 그 기능이 없긴 하고요 근데 저는 막 화질 차이를 많이 못느끼는 막눈이긴해요 금액은 86인치가 크기가 커서인지 50만원정도 더 비쌉니다 아참 평소에 넷플은 재밌는거 있을때 보긴하고 올레tv 다시보기를 더 많이 보긴해요 75인치냐 86인치냐 너무 고민되는데 많은 의견 부탁드립니다,"['입주', '다가오다', '가전', '해결', '해결', '티비', '시청', '거리', '나오다', '제품', '제품', '며칠', '고민', '선생', '구매', '공부', '미니', '들어가다', '화질', '차이', '돌비', '비전', '기능', '추가', '영화', '지원', '방송', '화질', '선명', '기능', '화질', '차이', '금액', '크기', '크다', '비싸다', '평소', '넷플', '재밌다', '올레', '고민', '많다', '의견', '부탁', '드리다']",5,2
1267,최근에 영화관도 잘 안하고 집에서 ott에서 영화보고 있어요 tv로만 보기 감성과 분위기가 안나서 이번에 빔프로젝트 하나 구매해볼까 생각중인데 빔프로젝트 쓰고 있으신분들중 요곤 괜찮다라는 제품이나 잘 구매했다고 생각하시나용,"['최근', '영화관', '영화', '감성', '분위기', '프로젝트', '구매', '생각', '프로젝트', '쓰다', '괜찮다', '제품', '구매', '생각']",5,1
1268,7년만에 tv를 바꿨네요 구매하려고 하니 예산을 정해야 했고 500 정도선에서 타협하자고 하니 상급 화질과 큰 화면을 선택할 수 없다고 생각이 되더라구요 국내 구매를 고려 하다가 해외tv가 좀더 저렴하다고 해서 검색창에 블렉프라이데이 tv 할인 등등 검색해서 알게 되었습니다 결국 국내보다는 해외tv 쪽을 알아보게 되었고 검색 신공에 들어갔습니다 먼저 tv 할인 블렉프라이데이 tv 해외직구 tv 이벤트 등등 검색을 통해 알아본 결과 펀조이tv 가 마케팅과 노출이 잘되어서 그런지 이쪽으로 유입 되었습니다 블로그를 통해 보다가 너무 해외직구에 펀조이만 노출되고 마케팅이 잘되어있어서 그런지 의심병이 들기 시작했습니다 해외직구 하면 거의다 펀조이만 나왔기 때문에 그랬던 것 같습니다 그래서 배민 후기나 네이버플레이스 후기 같은 것을 봐야 좀 안심 할 수 있겠다 싶어서 이 카페에 가입 후 수 많은 후기들을 보고 또 보고 후기도 조작 아니야 하면서 의심하면서 하나씩 보게되었습니다 예전에 피싱을 당했던 경험이 있어서 그런데 후기들이 거짓이 아닌 실 구매자의 후기엿고 a s나 문제점들에 대해서 투명성 있게 해결 해주는 결과물을 보니 자연스레 믿고 구매할 수 있겠다 싶어서 펀조이 카페에서 본격적으로 tv 에 대해 공부 하게 되었습니다 lg 를 살 것인가 삼성을 살 것인가 해외 다른 tv 도 많았지만 일단 lg 삼성으로 좁혀서 보았습니다 이에 대한 스펙정리도 펀조이에서 다 해놓아서 가격 화면 사이즈 화질 스피커 hdmi 편리성 등등을 고려해 lg 쪽으로 기울어졌다가 lg는 조금더 로컬하는데 시간이 좀더 걸리고 해서 번인현상에 대한 불안과 로컬에 대한 시간적인 소요로 저는 최종 삼성 mini led를 선택하게 되었습니다 여기까지 결정하는데 한 2주정도 시간이 소요 되었던 것 같네요 블로그에 스펙에 대해 잘 정리 되어있으니 구매하시기전 스펙 다 확인해보시고 최종 선택하시길 추천드립니다 본인에 맞는 상황별로 구매하시는게 가장 좋다고 생각 합니다 암튼 이렇게 구매 결정 까지 하게 된 가장 중요했던 것 중 하나는 해외구매 직구 구매라는 검색을 하니 펀조이tv가 후기들이 압도적으로많고 구매 통관 설치 그리고 a s 보증 등등 여러가지 해외구매에 대한 불안 요소들에 대하여 체계화 시켜 놓은점이 었다고 감히 말 할 수 있겠네요 또한 구매금액에 대한 메리트가 있을 뿐 아니라 5년 a s 캘리브레이션 그리고 투명하게 거래를 진행할 수 있다는 것이 정말로 큰 강점이었네요 칼리브레이션 후기도 적어야 겠습니다 대망의 설치 기존에 65인치 현재 85인치로 변경해보니 진짜 크긴하네요 그런데 신기한게 단 하루만에 적응해버립니다 진짜 tv 거거익선이 맞고요 시청거리도 감안해서 다음번에 해외 직구로 바꿀때는 98인치로 변경할 예정입니다 더 큰 tv 가 나올지도,"['바꾸다', '구매', '예산', '정하다', '타협', '상급', '화질', '크다', '화면', '선택', '생각', '국내', '구매', '고려', '해외', '저렴하다', '검색창', '프라이데이', '할인', '검색', '국내', '해외', '알아보다', '검색', '신공', '들어가다', '할인', '프라이데이', '해외', '직구', '이벤트', '검색', '통하다', '알아보다', '결과', '펀조', '마케팅', '노출', '유입', '블로그', '통하다', '해외', '직구', '펀조', '노출', '마케팅', '의심', '들다', '시작', '해외', '직구', '펀조', '나오다', '후기', '네이버', '플레이스', '후기', '안심', '카페', '가입', '많다', '후기', '후기', '조작', '의심', '예전', '피싱', '당하다', '경험', '후기', '거짓', '구매자', '후기', '이다', '문제점', '대하다', '투명', '해결', '결과물', '구매', '펀조', '카페', '본격', '대하다', '공부', '사다', '삼성', '사다', '해외', '많다', '삼성', '좁히다', '대하다', '스펙', '정리', '펀조', '가격', '화면', '사이즈', '화질', '스피커', '편리', '고려', '기울어지다', '로컬', '시간', '걸리다', '현상', '대하다', '불안', '로컬', '대하다', '시간', '소요', '최종', '삼성', '선택', '결정', '시간', '소요', '블로그', '스펙', '대하다', '정리', '구매', '스펙', '확인', '최종', '선택', '추천', '드리다', '본인', '맞다', '상황', '구매', '좋다', '생각', '구매', '결정', '해외', '구매', '직구', '구매', '검색', '펀조', '후기', '압도', '많다', '구매', '통관', '설치', '보증', '해외', '구매', '대하다', '불안', '요소', '대하다', '체계', '구매', '금액', '대하다', '메리트', '캘리브', '레이', '투명', '거래', '진행', '크다', '강점', '칼리', '브레이', '후기', '적다', '대망', '설치', '기존', '변경', '크다', '하루', '적응', '맞다', '시청', '거리', '감안', '다음', '해외', '직구', '바꾸다', '변경', '예정', '크다', '나오다']",5,2
1269,요즘 중소기업 tv도 잘나온다고해서 알아보고 있는데 찾아보니 삼성 엘지랑 가격차이가 엄청 나더라고요 혹시 a s가 잘 안된다거나 화질이 완전 엉망이거나 그러진 않을까요 써보신분 계신가요,"['요즘', '중소기업', '나오다', '알아보다', '찾아보다', '삼성', '엘지', '가격', '차이', '화질', '엉망', '그러다', '쓰다', '계시다']",5,1
1270,깔끔하게 하려구 벽걸이tv설치했는데 콘센트위치 때문에 tv코드가 노출되서 보기 싫어요기사님한테 저희집처럼 콘센트가 tv아래 있는데도 두번째 사진처럼 코드선 안보이게 해줄수 없냐구 했더니 쫄대 말고는 저희집은 안된다구합니다 벽속에 콘센트가 없다나뭐라나 그건 제가 잘 이해 못했구요 저처럼 코드보이는거 신경쓰이시는 분들 어떻게 하셨는지 궁금해요,"['깔끔', '벽걸이', '설치', '콘센트', '위치', '코드', '노출', '싫다', '기사', '콘센트', '아래', '사진', '코드', '보이다', '쫄다', '말', '콘센트', '이해', '코드', '보이다', '신경', '쓰이다', '궁금하다']",5,2
1271,lcd 패널 불량인거 같은데 수리업체에 가격 문의 한번 해보세요 근데 보통은 lcd 패널 불량이면 교체비용 10 20이나 30까지 나가서 구매한지 오래 됐으면 수리 안하고 새로 구매하시는 분들 많더라구요 1년 안됐으면 무상 수리 가능하실 수도 있어요,"['패널', '불량', '수리', '업체', '가격', '문의', '보통', '패널', '불량', '교체', '비용', '나가다', '구매', '수리', '구매', '많다', '무상', '수리', '가능']",5,1
1272,13년 된 티비가 운명했습니다 코스트코 장 보러 갈때마나 가격도 괜찮고 화질도 좋아보이덤데 구매 해 보신 분들 계실까여 가전은 코코꺼 사 본적이 없어서 고민이네요아 그리고 배송은 얼마큼 걸릴까요 아시는 분들 계실까요,"['티비', '운명', '코스트코', '가격', '괜찮다', '화질', '좋다', '보이다', '구매', '계시다', '가전', '코코', '사다', '고민', '배송', '걸리다', '계시다']",5,2
1273,neo qled가 화질이 더 좋죠 등급차이라고 생각하시면 됩니다 qled는 보급형 등급 neo qled는 프리미엄 등급 그리고 자동차에서도 등급이 차이나면 세부적인 것이 차이 나듯이 tv도 등급이 올라가면 세부적인 것들이 달라집니다 가장 크게 차이나는게 스피커예요 화질만 비교해서 일반 qled구입했다가 구린 스피커로 인해 재구입하거나 사운드바를 추가로 설치하는 경우도 많구요 요즘 neo qled도 가격이 많이 내렸으니 저라면 neo qled로 구매합니다,"['화질', '좋다', '등급', '차이', '생각', '보급', '등급', '프리미엄', '등급', '자동차', '등급', '차이', '세부', '차이', '등급', '올라가다', '세부', '달라지다', '크다', '차이', '스피커', '화질', '비교', '일반', '구입', '구리', '스피커', '인하', '구입', '사운드', '추가', '설치', '많다', '요즘', '가격', '내리다', '구매']",5,2
1274,50인치 삼성티비를 구매하려고 하는데하나는 비지니스용 스마트사이니지 이고 하나는 일반 보급형 티비같은데금액대는 비슷합니다 어떤 것이 더 좋은 건지 판단이 안되어서 차이점이나 성능 비교 해주실 분 계신가요 내공많이 드리겠습니다 부탁드립니다 1 삼성전자 삼성 50인치 tv 스마트 사이니지 uhd led tv 1등급 h 2 삼성 50인치 uhd tv,"['삼성', '티비', '구매', '비지니스', '스마트', '일반', '보급', '티비', '금액', '비슷하다', '좋다', '판단', '차이점', '성능', '비교', '계시다', '내공', '부탁', '드리다', '삼성전자', '삼성', '스마트', '등급', '삼성']",5,2
1275,1 만족도 높은 모델 궁금해요 몇 인치인지도요 브랜드명 등급 크기 삼성 더 프레임 고민중이긴한데 제생각보단 인기가 없어 다음 버전으로 계획 중인지는 몰라도 일단 생산 중단 중이라고 하더라구요 더프레임을 산다면 75인치 살까 생각중이고그외 다른 모델을 산다면 85정도 생각중이긴해요 티비 클수록 좋은것 맞을까요거실이 평수에비해 좁은편이긴한데 75도 크고 맞을듯한데 tv는 시간 갈수록 조금씩더 큰것을 추구하는 추세같고 또 집에서도 빠르게 익숙해질듯해 좀더큰거살걸그랬나 하고 아쉬울까 염려도 되고요 2 더프레임75를 사는게 나을까요일반 티비 85정도를 사는게 나을까요 1 2에 대한 답변 외에도 뭐든 의견 댓글 미리 감사합니다,"['만족도', '높다', '모델', '궁금하다', '브랜드', '등급', '크기', '삼성', '프레임', '고민', '생각', '인기', '다음', '버전', '계획', '생산', '중단', '프레임', '사다', '사다', '생각', '모델', '사다', '생각', '티비', '크다', '좋다', '맞다', '거실', '평수', '비하', '크다', '맞다', '시간', '크다', '추구', '추세', '빠르다', '크다', '사다', '염려', '프레임', '사다', '일반', '티비', '사다', '대하다', '답변', '의견', '댓글', '감사']",5,2
1276,티비보다가 갑자기 화면나갔어요 소리는 나오는데 화면이 안나와요 엘지 서비스센터 물어보니 리퍼제품이라고 as안된다하고 구매했던데 물어보니 부품이없대요 따로 알아보니 부품만 80만원 아니 186마넌주고 샀는데 내가 티비를 때리거나 쓰려뜨린것도 아니고 그냥보다가 화면 나간건데 억울하네요 80만원 주고 고쳤는데 또 고장날까봐 그냥 새거 살까싶은데 새거사도 as는 6개월밖에 안해준대요 6개월이후엔 유상수리만 되는거 맞나요 이거 전에는 42인치 티비10년 넘게썼는데 한번도 고장안났는데 그냥 뽑기 운이없는건가요 1년8개월만에 2백만원이 날아가니까 짜증나네요 올여름에 갑자기 에어컨 나가서 수리하고 자고일어나니 월패드 어뎁터 나가서 수리하고 아주 돈들어갈곳이 줄줄이네요 요즘 tv랑 예전 국산tv는 품질이 다르대요 저희도 15년 넘게 엘지 tv 잘 보고 있어요 요즘껀 수명이 예전만 못하다네요 집의 가전이 다 오래 됐는데 고장 날 때까지 써야겠어요,"['티비', '화면', '나가다', '소리', '나오다', '화면', '나오다', '엘지', '서비스', '센터', '리퍼', '제품', '구매', '부품', '알아보다', '부품', '사다', '티비', '때리다', '쓰리다', '화면', '나가다', '고치다', '고장', '사다', '사다', '이후', '유상', '수리', '맞다', '티비', '넘다', '쓰다', '고장', '뽑기', '날아가다', '짜증', '여름', '에어컨', '나가다', '수리', '자다', '일어나다', '패드', '어뎁터', '나가다', '수리', '들어가다', '요즘', '예전', '국산', '품질', '다르다', '넘다', '엘지', '요즘', '수명', '예전', '가전', '고장', '쓰다']",5,1
1277,이번에 이사하면서 고민 고민을 하다가 85인치 티비를 구매해서 벽걸이 설치를 진행했는데요 비용이나 타공 문제 등으로 고민을 많이 했는데 다행히 무타공으로 잘 설치하게 되서 너무 만족스럽네요 간접조명도 설치해줘서 밤에도 집 분위기가 참 좋아진 것 같구요,"['이사', '고민', '고민', '티비', '구매', '벽걸이', '설치', '진행', '비용', '문제', '고민', '무타', '설치', '만족', '간접', '조명', '설치', '분위기', '좋다']",5,2
1278,같은 인치여도 보급형 고급형 최고급형에 따라 몇 백씩차이나서 그래요 저모델명보니 최고급형이네요 저흰 고급형 샀을때 할인받아서 470인가 2년전에 샀는데 이게 막상 우리티비만보면 이게 좋은건지 나쁜건지 알수 없다는게 함정이죠,"['이다', '보급', '고급', '고급', '따르다', '차이', '모델명', '고급', '고급', '사다', '할인', '사다', '티비', '좋다', '나쁘다', '함정']",5,2
1279,삼성 lg tv랑 큰 차이 나나요 세컨 tv로 방 안에 두려는데 비싼거 사기 아까워서 40인치 중소기업 사려는데 20만원 밖에 안 해요 써보신 분 장단점 알려주세요 제가 구매하는데 도움이 될 것 같아요,"['삼성', '크다', '차이', '세컨', '두다', '비싸다', '사다', '중소기업', '사다', '쓰다', '장단점', '알리다', '구매', '도움']",5,2
1280,저 그렇게 쓰고있어요 거실은 삼성 65인치쓰고요 안방은 신랑 자취할때부터 쓰던 중소기업 지금 보니 셔우드네요 제품이에요 곧 이사를 앞두고 있어서 중소기업꺼는 처분예정이긴 한데 거실티비랑 화질면에서 크게 차이점 못 느끼고요 잘 쓰고있어요,"['쓰다', '거실', '삼성', '쓰다', '안방', '신랑', '자취', '쓰다', '중소기업', '셔우드', '제품', '이사', '앞두다', '중소기업', '처분', '예정', '거실', '티비', '화질', '크다', '차이점', '쓰다']",5,2
1281,7년째 아무고장없이 화질문제없이 잘보고있어요 삼성꺼 처음 화면고치느라15쓰고 2년후 또 화면먹통되서 고치려는데 20든다고해서 짜증나서 그냥버리고 20만원짜리 듣보잡 중소기업꺼 샀는데 쓰다보니 6년넘어 7년되가는듯해요 고장도안나고 화질도좋고,"['고장', '화질', '문제', '삼성', '화면', '고치다', '쓰다', '화면', '먹통', '고치다', '들다', '짜증', '버리다', '보다', '중소기업', '사다', '쓰다', '넘다', '고장', '화질', '좋다']",5,1
1282,상담받으러 간 곳에서 티비 진열로 사라고 추천을 하시더라구요 무조건 새거사야지 했는데 직원분이 너무 현실적으로 이야기를 해주셔서 고민이에요 자취했으면 400만원짜리 티비 샀겠냐면서 혼수니까 구색 맞추려고 사는건데 그렇게 비싼거 안사도된다고 본인도 결혼해봐서 안다고 하시는데 갑자기 설득당했어요 4개월 진열된 상품이래요 원가대비 40 정도 저렴한거같아요,"['상담', '티비', '진열', '사다', '추천', '사다', '직원', '현실', '이야기', '고민', '자취', '티비', '사다', '혼수', '구색', '맞추다', '사다', '비싸다', '사다', '본인', '결혼', '설득', '당하다', '진열', '상품', '원가', '대비', '저렴하다']",5,2
1283,저희도 신랑이 그쪽에서 일하는데 저희는 진열샀어요 일단 무조건 티비는 좋은 걸 봐야한다가 저희 신랑 생각이고 40 정도나 저렴한거면 4개월 틀어놨던거 만큼 수명이 짧아졌다해도 10년 쓸거 7년 쓴다해도 이득이라구요 같은 돈으로 좋은 티비 사는게 낫죠 화질이 정말 너무 달라요,"['신랑', '진열', '사다', '티비', '좋다', '신랑', '생각', '저렴하다', '틀다', '수명', '짧다', '쓰다', '쓰다', '이득', '좋다', '티비', '사다', '화질', '다르다']",5,2
1284,몇 만원이라도 저렴하게 사면 좋긴 좋은데 국내 브랜드 사서 필요시 as 받는게 더 낫지 않나 싶다가도 생각해보면 tv 고장날 일도 그동안 없었는데 이럴바에는 직구로 싸게 사는게 낫지 않나 싶기도 하구요 맘님 의견은 어떠세요,"['저렴하다', '사다', '좋다', '좋다', '국내', '브랜드', '사다', '필요', '생각', '고장', '동안', '직구', '싸다', '사다', '의견']",5,2
1285,애가 망가뜨려서 직구로샀는데 저도 티비 고장난적없거든요 그맘으로 샀는데 백라이트가 나갔나봐요 다 파랗게보여요 as가 티비값보다 더 나올거같아요 뽑기운이 안좋았나봐요 지금 걍 보고있어요,"['망가뜨리다', '직구', '사다', '티비', '고장', '사다', '백라이트', '나가다', '보이다', '티비', '나오다', '뽑기', '좋다']",5,1
1286,저도 저건아니고 티비를 쿠팡에서 20만원초반주고 세컨드로샀는데 애가 리모콘 고장내서 찾아보니 리모콘이2만원대 티비가 2백만원짜리면 리모콘이 20만원대라는거잖아요 담부턴 다신 안사요,"['티비', '쿠팡', '초반', '세컨드', '사다', '리모콘', '고장', '내다', '찾다', '리모콘', '티비', '리모콘', '사다']",5,2
1287,엘지 65인치 벽걸이 구입했는데 기사님이 벽걸이 설치 해주시면서 타공 하면서 달아주시고 선정리 안해주시나요 그럼 제가 따로 선정리 해주는 기사님 불러 따로 돈주고 해야하나요 그럼 tv설치 할때 그냥 설치안하고 걍 두고 가라고 해야하나요,"['엘지', '벽걸이', '구입', '기사', '벽걸이', '설치', '타다', '달다', '정리', '정리', '기사', '부르다', '설치', '설치', '두다']",5,2
1288,85인치 tv사려고하는데일반 qled 네오qled 이렇게 등급이 나뉘어지던데요 3백 7백 천만원 카드 사용하면 금액은 저렴해지더라구요 저는 그냥 보급형 3백만원짜리 사려고하는데영화광인 남편이 천백만원 하는거 전시품 700 대에 구매가능하다고솔깃해하는데 솔직히 일반 qled 와 최상급 차이 많이날까요 시청하면 뭔가 다른 세상에 와있는 듯 영화관에 온 듯한 느낌 드나요 정말 그렇다면 다른 거 양보하고 하나 살까하는데요 써보신 분들 계실까요 볼수있는 콘텐츠가 존재하지 않습니다 콘텐츠도 유튜브 넷플릭스에나 일부 있을뿐 그리고 화질을 떠나 85인치 갖고는 영화관에 온 느낌 안납니다 그럴거면 100인치 이상 스크린 달고 프로젝터 써야죠,"['사다', '일반', '네오', '등급', '나뉘다', '카드', '금액', '보급', '사다', '영화', '남편', '전시품', '구매', '가능', '일반', '상급', '차이', '시청', '세상', '영화관', '느낌', '들다', '양보', '사다', '쓰다', '계시다', '콘텐츠', '존재', '콘텐츠', '유튜브', '넷플릭스', '일부', '화질', '떠나다', '갖다', '영화관', '느낌', '이상', '스크린', '달다', '프로젝터', '쓰다']",5,2
1289,참고로 대형티비 구매하고 iptv채널 이런거보면 화질 나쁜것만 더 눈에 도드라지게 보일수 있습니다 qled든 뭐든 기본적으로 소스가 고화질이어야 그 장점을 알수 있는거고 그런걸로 iptv 봐서는 아무것도 체감은 안됩니다,"['참고', '티비', '구매', '채널', '화질', '나쁘다', '도드라지다', '보이다', '기본', '소스', '화질', '장점', '것', '체감']",5,2
1290,tv는 전시품 사는거 아니라고 들었습니다 그리고 방송국에서 송출안되고 있어서 의미없다라고 알고있습니다 저도 이번에 삼성 엘지 85 83 둘중 엘지로 샀는데요 다른거 생각안하고 삼성은 색감 엘지는 선명도 이것만 생각하고 골랐어요 더 깊게 들어가면 머리가 터지겠더라구요 홈쇼핑에 나오는것중에 재정에 맞게 적당한거 샀어요,"['전시품', '사다', '방송국', '송출', '의미', '삼성', '엘지', '엘지', '사다', '생각', '삼성', '색감', '엘지', '선명', '생각', '고르다', '깊다', '들어가다', '머리', '터지다', '홈', '쇼핑', '나오다', '재정', '맞다', '사다']",5,1
1291,250주고 샀는데 뽑기를 잘못했는지 일년도 안돼서 패널이상으로 한번 무상교체 했습니다그뒤로 4년간 잘보다가 며칠전 녹색줄이 생겨서 봤더니 또 패널나갔다고 해요 저희티비모델 패널 만드는 중소기업이 없어져서 a s도 불가라 하네요 이거 그냥 버려야하나요 화재보험 6대가전 수리비청구는 있는데 수리도 안돼니 보상도 못봤고 며칠전 lg정수기도 고장나서 이번에 고쳤는데 진짜 속상하네요,"['사다', '뽑기', '패널', '이상', '무상', '교체', '며칠', '녹색', '생기다', '패널', '나가다', '티비', '모델', '패널', '중소기업', '불가', '버리다', '화재보험', '가전', '수리비', '청구', '수리', '보상', '며칠', '정수기', '고장', '고치다', '속상하다']",5,1
1292,7월12일 13일아 아마존 프라임데이인데 아래 링크로 미리 신청하면 프라임데이때 invitation 메일을 받은 사람은 구매할 수 있다고 합니다 프라임 회원만 신청 가능하니 30일 프라임 무료체험 가입해보고 신청하면 되요 tv 구매 하려고 하셨던 분들은 완전 기회 tv는 아마존 fire tv 입니다,"['아마존', '프라임', '데이', '아래', '링크', '신청', '프라임', '데이', '메일', '사람', '구매', '프라임', '회원', '신청', '가능', '프라임', '무료', '체험', '가입', '신청', '구매', '기회', '아마존']",5,1
1293,이번에 이사를 앞두고 83인치 벽걸이 티비를 구매했는데 보통 바닥부터 몇센치 띄우나요거의 소파생활하고 소파 앉는곳 까지의 높이는 42센치정도 됩니다보통 바닥부터 60정도 잡는거 같던데 콘센트 위치때문에 65정도는 띄우고 싶거든요 5센치 차이가 많이 클까요,"['이사', '앞두다', '벽걸이', '티비', '구매', '바닥', '띄우다', '소파', '생활', '소파', '앉다', '높이', '바닥', '콘센트', '위치', '띄우다', '차이', '크다']",5,2
1294,이번에 삼성에서 tv보상판매 이벤트 하는 게 있더라구요 집에 있던 중고 tv 반납하고 삼성 tv 새로 구매하면 보상 혜택 준다고해요사운드바 무료 증정 되는 모델도 있다 하구요 tv는 기종 상관없이 반납 가능하다 하니 바꾸시려던 분들 계시면 혹시 눈 여겨보던 상품 있는지 체크해보셔요 링크 같이 공유드릴게요,"['삼성', '보상', '판매', '이벤트', '중', '고', '반납', '삼성', '구매', '보상', '혜택', '사운드', '무료', '증정', '모델', '늘다', '기종', '반납', '가능', '바꾸다', '계시다', '여기다', '상품', '체크', '링크', '공유', '드리다']",5,1
1295,75인치 더프레임 구매하고 거실장 놓기가 너무 싫었어요 그래서 무타공 알아보는데 65인치 이상은 힘들다고 하는데 벽의 내력벽 유무에 따라 가능한곳이 있어서 설치했어요 경험도 제일 많고 보험고 들어져있다해서 안심하고 설치했는데 진심 만족해요,"['프레임', '구매', '거실', '놓다', '싫다', '알아보다', '인치', '이상', '힘들다', '내력벽', '유무', '따르다', '가능', '설치', '경험', '많다', '보험', '안심', '설치', '진심', '만족']",5,2
1296,오늘은 삼성과 엘지전자 대리점을 돌아다녀봤어요 에어컨은 고장이라 사야하는데 담달 이사라서 선풍기만 돌리고 있어요 삼성 무풍 에어컨 매장에선 앞에 뜯어서 펜까지도 닦을수 있고 전원끄면 자동건조 기능이 들어가 있어 냄새도 안난다고 홍보를 하네요 엘지에선 굳이 28평 아파트에 스탠드 20 할 필요없고 18 로도 충분하다면서 공기청정기가 있다면 에어컨에 공기청정기 기능없는걸로 해도 된다고 하더라고요 tv는 q올래드 였음 좋겠으나 가격이 천정부지인 관계로 굳이 그정도 고사양 볼 만큼 주머니 사정이 넉넉하지도 않고 가장 보편적인 uhd정도로 사려고 해요 그럼에도 가격이 280정도는 되더라고요 지금보는건 12년도에 둘째태어날때 중고로 샀던 32인치 티비라서 안방에 놓고 보다가 망가지면 보내주려고요 지금꺼보단 월등한 사양이라 막눈인 우리가족은 굳이 최고화질까진 필요없을듯 해요 홈쇼핑에서 방송나올때 살지 매장에서 구매할지 감이 잘 안오네요 쇼핑하는건 언제나 즐겁답니다 이젠 대출금에 허덕여서 더는 충동구매 못하지 싶지만요 최후의 사치를 부리려고 지금 검색 또 검색 결정장애라서 쫌 글치만요 에어컨 18이나 17 투인원 사도 될까요 에어컨 소비효율이 3등급인거랑 2등급인게 있던데 tv는 스마트기능 넷플릭스등 ott미설치 없는 것으로 사면 더 저렴하긴 하던데 지금 유플티비보는중이라 굳이 티비자체에 안깔려있어도 유플 리모컨을 넷플 티빙 디즈니 는 조작되거든요 최대한 아껴서 저렴이로 사는게 좋을지 조금 무리해도 괜찮은걸로 사는게 좋을런지 윽 결정 잘 못하는 저로서는 참 고민되네요 적당한 금액선에서 에어컨이랑 티비 80인치이상 추천 좀 해주세요,"['오늘', '삼성', '엘지전자', '대리점', '돌아다니다', '에어컨', '고장', '사다', '이사', '선풍기', '돌리다', '삼성', '무풍', '에어컨', '매장', '닦다', '전원', '끄다', '자동', '건조', '기능', '들어가다', '냄새', '홍보', '엘지', '아파트', '스탠드', '필요', '공기', '청정기', '에어컨', '공기', '청정기', '기능', '오다', '좋다', '가격', '천정부지', '관계', '사양', '주머니', '사정', '보편', '사다', '가격', '태어나다', '중', '고', '사다', '티비', '안방', '놓다', '망가지다', '보내다', '사양', '가족', '화질', '필요', '홈', '쇼핑', '방송', '나오다', '살다', '매장', '구매', '쇼핑', '이제', '대출금', '허덕이다', '충동구매', '최후', '사치', '부리', '검색', '검색', '결정', '장애', '에어컨', '사다', '에어컨', '소비', '효율', '등급', '등급', '스마트', '기능', '넷플릭스', '설치', '사다', '저렴하다', '유플', '티비', '티비', '자체', '깔리다', '유플', '리모컨', '넷플', '티빙', '디즈니', '조작', '아끼다', '사다', '좋다', '무리', '괜찮다', '사다', '좋다', '결정', '고민', '금액', '에어컨', '티비', '이상', '추천']",5,2
1297,tv가 갑자기 고장나서 알아보다가 인터넷에서 주문하면 배송이 너무 오래걸려서 가격 차이가 크게 안나면 그냥 매장에서 사려고 근처 하이마트에 갔어요 근데 제가 원하던 모델이 단종됐다고 전시된 상품 구매하면 이십만원 할인해준다더군요 6개월 전시된 제품이래요 생각해보겠다고 하고 돌아왔는데 알아보니 티비는 전시상품은 사면 안되고 할인도 훨씬 많이 해준다더군요 생각해보니 매장에서 계속 틀어두는데 사실상 중고제품이잖아요 이백만원이 넘는 티비를 꼴랑 이십만원 할인해준다고 했던거 생각하니 갑자기 화가 나네요용팔이 폰팔이도 아니고 여자손님이라고 눈탱이 때리나 싶구요,"['고장', '알아보다', '인터넷', '주문', '배송', '걸리다', '가격', '차이', '크다', '매장', '사다', '근처', '하이마트', '원하다', '모델', '단종', '전시', '상품', '구매', '할인', '전시', '제품', '생각', '돌아오다', '알아보다', '티비', '전시', '상품', '사다', '할인', '생각', '매장', '틀다', '중', '고', '제품', '넘다', '티비', '꼬다', '할인', '생각', '팔다', '여자', '눈탱', '때리다']",5,2
1298,네 그냥 인터넷으로 주문했어요 가전도 그냥 세워두는 전시제품은 사도 되는데 티비는 사는게 아니라더군요 그리고 티비 전시제품은 할인 더 많이 된데요 요즘 하도 눈탱이 치는 인간들을 보다보니 화가나서 썼어요,"['인터넷', '주문', '가전', '세우다', '전시', '제품', '사다', '티비', '사다', '티비', '전시', '제품', '할인', '요즘', '눈탱', '치다', '인간', '쓰다']",5,2
1299,지금 24평에 살고있는데 42인치 티비 10년됐어요 내일모레 34평으로 이사가는데 티비를 이참에 큰걸로 바꿀지 고민이에요 이번에 이사가는 34평아파트에서 2년전세로 살고 그다음에 집매매해서 이사갈계획인데 그냥 기존티비쓰다 내집사서가서이사갈때 큰걸로 바꿀까요 아님 지금 큰거사서 내집갈때 그대로 가지고갈지 고민되네요,"['살다', '티비', '내일', '모레', '이사', '티비', '이참', '크다', '바꾸다', '고민', '이사', '아파트', '전세', '살다', '다음', '매매', '이사', '계획', '기존', '티비', '쓰다', '사다', '이사', '크다', '바꾸다', '크다', '사다', '가지다', '고민']",5,2
1300,바꾸고 싶으시면 바꾸셔요 10년이면 꽤 썼고요 어차피 가전제품은 계속해서 신제품이 나오기 때문에 지금 사셔도 2년 뒤에 구형되고 2년 뒤에 사신다해도 그 제품은 또 시간 지나면 구형 되니까 조금이라도 빨리 넓고 화질 좋은 제품으로 보셔요,"['바꾸다', '바꾸다', '쓰다', '가전제품', '계속', '제품', '나오다', '사다', '구형', '사다', '제품', '시간', '지나다', '구형', '넓다', '화질', '좋다', '제품']",5,2
1301,몇인치 알아보고 계세요 저는 엘지로 가전을 맞춰서 엘지 85인치 알아보다가 가격이 4 500해가지구 삼성 85인치 350선으로 구매했어요 확실히 엘지보다 저렴하긴한데 성능면에서는 조금 떨어진다하더라구요 근데 매니아 아닌이상 화질이나 음질 차이는 크게 못 느낀다하구 음향은 사운드바로 보강해서 만족하고 쓰고 있어요 결론은 삼성도 괜찮다,"['알아보다', '엘지', '가전', '맞추다', '엘지', '알아보다', '가격', '삼성', '구매', '엘지', '저렴하다', '성능', '떨어지다', '매니아', '이상', '화질', '음질', '차이', '크다', '음향', '사운드', '보강', '만족', '쓰다', '결론', '삼성', '괜찮다']",5,1
1302,이번에 75인치 구매하면서 타공vs무타공 고민했는데 입주자 카톡방에서 후기좋았던 업체로 무타공 진행했습니다 보통 벽걸이 하시면 거실장 안쓰시는데 저희는 수납이 필요해서 거실장 뒀지만 무타공으로 깔끔하게 시공잘해주셔서 만족합니다,"['구매', '무타', '고민', '입주자', '카톡', '후기', '좋다', '업체', '무타', '진행', '벽걸이', '거실', '쓰다', '수납', '필요', '거실', '두다', '깔끔', '시공', '만족']",5,2
1303,역시 엘지는 아닌 저희 티비가 엘지예용 안방꺼는 삼성껀데 얘는 아주 멀쩡해요 엘지꺼는 3년정도 됐는데 작년 가을에 액정이 나가서 교체했어요 부속품을 바꾸는줄 알았는데 그냥 티비다리 이거 빼고 완전 통째 교환이더라구요 액정은 전체를 교환한다네요 좀 번거롭지만 서비스받으세요,"['엘지', '티비', '엘지', '안방', '삼성', '엘지', '끄다', '작년', '가을', '액정', '나가다', '교체', '부속품', '바꾸다', '티비', '다리', '빼다', '교환', '액정', '전체', '교환', '서비스']",5,1
1304,저희집 10년쯤 된 lg tv도 딱 저래서 tv 새로 사야하나보다 했는데 as기사님이 보시더니 led가 나간거라고 했어요 led 판 교체했고 비용 정확히 기억이 안나는데 엄 청 쌌어요 2 3만원정도 냈던거 같아요 tv최저가 막 찾아보다가 갑자기 돈굳었다고 좋아했었어요 일단 한번 as 문의해보세요,"['사다', '기사', '나가다', '교체', '비용', '기억', '싸다', '내다', '최저', '찾아보다', '좋아하다', '문의']",5,2
1305,티비 구매하려는데 대기업 중소기업 고민하다가 오늘의 집 앱에서 대기업 리퍼티비 구매하려고 장바구니에 담아놨네요애들이 초저학년이라 as 생각해서 대기업꺼 선택했는데상품평에 돼지코 끼워 어쩌고 저쩌고 사도 괜찮을까요 그곳은 연계만 해줄 뿐 책임지지 않는 곳이라고 얼마 전 회자된 곳인데 돼지코를 끼워서 쓰는 걸 게다가 리퍼를요 차라리 중소기업 제품으로 새상품을 구매하시는 게 나을 것 같아요,"['티비', '구매', '기업', '중소기업', '고민', '오늘', '기업', '리퍼', '티비', '구매', '장바구니', '담다', '학년', '생각', '기업', '선택', '상품', '돼지', '끼우다', '어쩌다', '저쩌다', '사다', '괜찮다', '연계', '책임지다', '얼마', '회자', '돼지', '끼우다', '쓰다', '리퍼', '중소기업', '제품', '상품', '구매']",5,2
1306,어김없이 삼세페가 돌아왔네요 비스포크 워너비인 저로써는 삼세페 매년 기다려지는 1인인데요안그래도 최근에 qled 스탠드형 구매했는데 사실 tv가 다 똑같겠지 하고 별로 기대안했는데 영화보는데 컬러랑 사운드 압도적이더라구요 다르긴 다르구나 생각했었어요 이번 삼세페에서 qled tv와 그랑데 ai 건조기 양문형 냉장고 등등한정수량 99만원 특가 찬스도 있다고 하니 득템 하시길 바랍니다 갠적으로 tv 강력 추천 합니다,"['돌아오다', '비스', '포크', '워너', '비', '기다리다', '최근', '스탠드', '구매', '똑같다', '기대', '영화', '컬러', '사운드', '압도', '다르다', '다르다', '생각', '그랑', '건조기', '문형', '냉장고', '한정', '수량', '특가', '찬스', '득템', '바라다', '강력', '추천']",5,1
1307,집 거실에 tv 현재 케이블tv 시청 가 있는데 어머님이 거동이 불편하시고 안방의 침상생활을 해야하다보니 안방에 tv를 추가설치해 드리려고합니다 안방의 설치공간이 넓지가 않아서 벽걸이로 설치를 고려했다가내년 여름쯤에 이사예정계획도있어서요 집구조가 많은 계단이있어 단층구조로 이사예정 설치공간이 좁아 우선 중고로 30인치이하의 tv로 구매해야할지 tv겸용 모니터로 구매하는게 나은건지 tv겸용 모니터도 리모컨 작동이 잘되는지 샐프 설치등 안방에 tv추가 설치 간단한가요 케이블tv사에도 기사 방문요청해야하는거죠 제가 잘몰라서요편의성이 어떤게 좋을까요 집에 tv추가설치시 절차가 어떻게되나요,"['거실', '케이블', '시청', '어머님', '거동', '불편', '안방', '침상', '생활', '안방', '추가', '설치', '안방', '설치', '공간', '넓다', '벽걸이', '설치', '고려', '내년', '여름', '이사', '예정', '계획', '구조', '많다', '계단', '단층', '구조', '이사', '예정', '설치', '공간', '중', '고', '이하', '구매', '겸용', '모니터', '구매', '겸용', '모니터', '리모컨', '작동', '샐프', '설치', '안방', '추가', '설치', '케이블', '기사', '방문', '요청', '편의', '좋다', '추가', '설치', '절차']",5,2
1308,어르신이 보실건데 모니터 필요없잖아요 티비로 사시고 중고로 사실거면 직접 구매해 집에 가져오신후 케이블 연락해 기사님 방문요청하면 연결해주시고요 벽걸이로 하실거면 그냥 새거사세요 설치기사 불러야해요,"['어르신', '모니터', '필요', '티비', '사다', '중', '고', '사다', '구매', '가져오다', '케이블', '연락', '기사', '방문', '요청', '연결', '벽걸이', '사다', '설치', '기사', '부르다']",5,2
1309,집 거실에 tv가 괜찮은데 연식이 오래되어서 lg전자 올레드 65 75인치 tv를 검색하다가 oled 패널 등급을 알게 되었습니다 a b패널 보급형c 패널 중급g 패널은 시그니쳐등 들어가는 고급형 올레드 패널 tv에서 가장 중요하다고 생각하는 것이 패널 화질엔진이라고 생각하고 lg전자에 2는 2022년형 패널에 대하여 lg전자 고객상담실 책임급과 문의하고 책임급 부차장급 이랑 통화 네이버 지식인도 검색해보니 lg전자 고객지원팀 답변 중국 boe 샤프 패널등 랜덤하게 장착 보급형인 a b급 패널이 아닌65인치 300만원 이상 400만원 이상인 c 중급 g 고급 패널에도 중국 패널회사인 boe 패널이 장착된다고 확인해 주었습니다 lg전자 품질인증과정을 거쳐 장착된다고 하지만 중국 boe사의 생산과정에 lg전자 qc가 개입되지도 않고 깜짝 놀라서 여러번 lg전자에 확인하고 lg전자 책임급이 어제 저한테 전화가 와서 고급 중급 oled에도 중국산 boe 패널이 장착된다고 확인 했습니다 300만원 400만원대 lg전자 고급 oled tv에도 중국산 boe 패널이 장착된다는 사실에 lg전자 oled tv 구매의사가 없어졌습니다 한국에서 판매하는 중국가전업체인 하이얼 tv에서는 전제품 삼성패널 사용한다고 마케팅하더군요 oled 단점이 번인 현상 복불복 oled 수명이 짧다 시간이 지나면 얼굴색이 노랗게 변하는 등 친척집 tv에서 확인 전력소모량 경쟁사 네오qnled qled 대비 2배 네오qnled qled 동크기 대비 가격이 100만원 정도 비쌉니다 더 이상 oled tv는 기술진보가 없으면 올레드는 저의 tv 선택지에 없을 거 같습니다 as는 삼성 lg 거의 동급수준이고 300만원 이상 tv구입하면 10년 정도 사용할 예정인데 내구성 취약 저도 현재 lg 엑스 캔버스를 10년 넘게 이용중 아무문제없음 tv 선택시 참고하시고라고 이 글을 올립니다 어느 회사를 비방하거나 띄우거나 할 생각없고 막연히 알던 상식적인 생각을 파고 들어가보니 제가 알던 지식과 동떨어진 대기업 제품 이라서요 항상 좋은 하루 되시길 바랍니다,"['거실', '괜찮다', '연식', '전자', '올레', '검색', '패널', '등급', '패널', '보급', '패널', '패널', '시그니쳐', '들어가다', '고급', '올레', '패널', '중요', '생각', '패널', '화질', '엔진', '생각', '전자', '패널', '대하다', '전자', '고객', '상담실', '책임', '문의', '책임', '차장', '통화', '네이버', '지식인', '검색', '전자', '고객', '지원', '답변', '중국', '샤프', '패널', '랜덤', '장착', '보급', '패널', '이상', '이상', '중급', '고급', '패널', '중국', '패널', '회사', '패널', '장착', '확인', '전자', '품질', '인증', '과정', '거치다', '장착', '중국', '생산', '과정', '전자', '개입', '놀라다', '전자', '확인', '전자', '책임', '전화', '고급', '중급', '중국', '패널', '장착', '확인', '전자', '고급', '중국', '패널', '장착', '전자', '구매', '의사', '한국', '판매', '중국', '가전', '업체', '하이얼', '제품', '삼성', '패널', '마케팅', '단점', '현상', '복불복', '수명', '짧다', '시간', '지나다', '얼굴색', '변하다', '친척', '확인', '전력', '소모량', '경쟁사', '네오', '대비', '네오', '크기', '대비', '가격', '비싸다', '이상', '기술', '진보', '올레', '선택지', '삼성', '동급', '수준', '이상', '구입', '예정', '내구', '취약', '엑스', '캔버스', '넘다', '문제', '선택', '참고', '올리다', '회사', '비방', '띄우다', '생각', '상식', '생각', '파', '들어가다', '지식', '동떨어지다', '기업', '제품', '좋다', '하루', '바라다']",5,1
1310,전 엘지요 내구성이 비교가 안되영 15년쓴 엘지티비 하도 고장이 안나서 전기세 많이 나온단 핑계로 새티비로 바꿔버림 친정에 삼성티비 코스트코서 세일해서 샀더니 1년도 안되서 고장남 물론 무료as는 해줌,"['엘지', '내구', '비교', '쓰다', '엘지', '티비', '고장', '전기세', '나오다', '핑계', '티비', '바꾸다', '친정', '삼성', '티비', '코스트코', '세일', '사다', '고장', '무료']",5,1
1311,모델명 끝이 미세하게 다르게 들어가는 하 홈쇼핑 약간식디자인이 다르던 부품이 다르다고 알고 있음 저와 제 주변기준 삼 한번 구매했다가 뽑기운 안좋았는지 리콜받고 2년고생하다 끝내 보상받음 심지어 그당시 왔던 방문기사도 이제품 잘못만들었다며 혀를 참 그고생하고 엘 만 이용하고 10년은 기본이고 20년까지 바꿀일이 없을 정도로 고장이 안남 그래서 한때 매출이 줄었다고 가전 바꾸는거 좋아하시면 이쁜삼 추천 10년이상 문제없이 사용하고프면 엘 추천해요 주변에 삼 으로 풀구매하고 2개월만에 후회함 올해 구매했음 가전은 엘 라고 그후로 지인분은 계속 그리 전파중,"['모델명', '미세', '다르다', '들어가다', '홈', '쇼핑', '디자인', '다르다', '부품', '다르다', '주변', '기준', '구매', '뽑기', '좋다', '리콜', '고생', '보상', '당시', '방문', '기사', '제품', '만들다', '차', '고생', '기본', '바꾸다', '고장', '한때', '매출', '줄다', '가전', '바꾸다', '좋아하다', '이쁘다', '추천', '이상', '추천', '주변', '구매', '후회', '올해', '구매', '가전', '지인', '전파']",5,1
1312,재작년에 75인치티비바꿀때 uhd로 저가모델로만 비교하며 다녔는데 비슷한 가격대임에도 저가tv화질은 비슷해도 색감은 삼전이 훨 자연스럽고 눈도 편해 좋았어요 엘사는 솔직히 넘 칙칙하고 어두운색감 에다 베젤이 두껍고 투박해서 프리미엄모델사게하려고 저가모델은 버린건가 싶음 느낌받았어요 암튼 고장없이 잘쓰고있고 만족해요 세탁기도 세제자동투입이라 울집 초등생아이도 저없을때 옷에 뭐 흘리면 혼자 세탁기돌릴수있을정도로 편해요 건조기는 고온건조아니라서 엘사꺼 썼을때와 비교하면 확실히 옷줄어드는게 덜해요 ai건조로 돌리다보니 덜말라서 끝날때도 가끔있지만 또 돌리면되는거니깐 전 불편함 못느끼고 쓰고있어요,"['재작년', '티비', '바꾸다', '저가', '모델', '비교', '다니다', '비슷하다', '가격대', '저가', '화질', '비슷하다', '색감', '자연', '편하다', '좋다', '색감', '프리미엄', '모델', '사다', '저가', '모델', '버리다', '느낌', '고장', '쓰다', '만족', '세탁기', '세제', '자동', '투입', '초등', '아이', '흘리다', '세탁기', '돌리다', '편하다', '건조기', '고온', '건조', '엘사', '끄다', '쓰다', '비교', '줄다', '건조', '돌리다', '마르다', '끝나다', '돌리다', '불편', '쓰다']",5,1
1313,곧 이사 앞두고 tv를 사기로 했는데 고민이네요 다들 ultra hd tv 어떻게 쓰세요 full hd 보다는 확실히 화질이 좋나요 uhd 채널 아닌 기본 채널을 봐도 uhd tv가 확실히 fhd보다는 화질이 좋은지요 지금 쓰는 건 대우 43인치 full hd라서 잘 몰라요 tv를 중요하게 생각하는 편이 아니라 그동안 별 생각 없다가 이사하는 김에 lg oled급까지는 그렇고 ultra hd가 그게 좋을 것 같아lg 50인치 uhd 구매하기로 했거든요 근데 이게 알아 보니까 와 금액도 백만원 단위가 넘고 물론 tv 비싸단 말은 들었지만 올레드는 몇 백만원씩 한다고 하니 넘사벽이란 생각이 암튼 uhd를 하려는데 이게 iptv 유튜브 넷플릭스를 주로 보는 저희 집에 맞는 건가 싶어서요 iptv에서는 평상시 보는 여러 채널들에서 기존 fhd보다는 조금 더 좋은 화질이면 만족할 것 같아요 근데 fhd급 송출이라 아무리 좋은 tv를 사도 그저 fhd로만 보게 된다던지 기존 43인치에서 7인치 큰 50인치를 샀는데 오히려 그 때문에 더 흐리다던지 그러면 어떡하나 싶기도 해서요 그리고 구매하려는 tv는 업스케일링을 지원하기에 조금 더 좋은 화질이 된다고 하는데 이게 fhd에서 좀 더 좋은 화질을 만들어 주는 건지 모르겠네요 남편이랑 둘이서 고민하는데 화질을 알 수가 없어서 답이 안 나옵니다 혹시 uhd tv 쓰시는 분 계시면 조언 좀 부탁드려요,"['이사', '앞두다', '사다', '고민', '쓰다', '화질', '좋다', '채널', '기본', '채널', '화질', '좋다', '쓰다', '대우', '중요', '생각', '동안', '생각', '이사', '좋다', '구매', '금액', '단위', '넘다', '비싸다', '레드', '생각', '유튜브', '넷플릭스', '맞다', '평상시', '채널', '기존', '좋다', '화질', '만족', '송출', '좋다', '사다', '기존', '크다', '사다', '흐리다', '그러다', '어떡하다', '구매', '늘다', '스케일링', '지원', '좋다', '화질', '좋다', '화질', '만들다', '남편', '고민', '화질', '나오다', '쓰다', '계시다', '조언', '부탁드리다']",5,2
1314,솔직히 uhd 이런거 전혀모르고 그냥 샘성 75인티 스마트 티비중 후기 좋고 저렴한거 샀는데 아주 대만족 잘보고 있습니다 티비 잘안보고 아이가 주로 보고 저는 가끔 영화 보거나 드라만 한번씩 보는정도 전혀 불편함 없어요 근데 엘g랑 샘성 둘다 써본결과 전 샘성 티비가 훨 좋네요,"['스마트', '티비', '후기', '좋다', '저렴하다', '사다', '만족', '티비', '아이', '영화', '드라마', '불편', '쓰다', '결과', '티비', '좋다']",5,2
1315,티비고장나서 울트라구매생각하고 매장 여러군데 둘러보았는데요 눈이 높아져서 lg oled랑 삼성qled 고민하다가 oled는 몇년안에 문제 잘 생긴다는 얘기들어서 삼성샀긴했어요 집에서 보면 화질차이 크게 안난다고 듣긴들었는데 실제로 집에서 보니 화질 차이 잘 모르겠어요 넷플 요런고 볼때 화질차이 느껴지구요,"['티비', '고장', '울트라', '구매', '생각', '매장', '둘러보다', '높다', '삼성', '고민', '문제', '생기다', '얘기', '삼성', '사다', '화질', '차이', '크다', '화질', '차이', '넷플', '화질', '차이']",5,2
1316,집에서 보면 화질 차이 별로 안 나는군요 넷플 같은 거 되는 영상은 화질 차이가 있고요 저도 oled는 번인현상도 있고 너무 고가라 그냥 패스했습니다 지금 쓰는 43인치 fhd 보다는 잘 나와주면 대만족일 것 같아요 답 고맙습니다,"['화질', '차이', '넷플', '영상', '화질', '차이', '현상', '고가', '패스', '쓰다', '나오다', '만족']",5,1
1317,무조건 몇인치 얼마 이건 어려운거 같아요 티비도 엘이디냐 큐엘이디냐에 따라서 가격 차이가 엄청 나더라구요 저흰 85인치 삼성 엘이디등급은 높은사양으로 430 인터넷으로 구매했어요 오프라인 매장 많이 다녀봤는데 온라인이 싸긴 하더라구요 그리고 되도록이면 티비는 한번 사면 오래보기 때문에 큰걸로 구입하시는게 처음엔 엄청크고 부담스럽더니 며칠만에 눈이 적응되더라구요,"['얼마', '티비', '엘이디', '엘이디', '따르다', '가격', '차이', '삼성', '엘이디', '등급', '높다', '사양', '인터넷', '구매', '오프라인', '매장', '다니다', '온라인', '싸다', '티비', '사다', '크다', '구입', '크다', '부담', '며칠', '적응']",5,2
1318,제곧내입니다 실제 시청 거리는 2 정도입니다 티비 크기 고민 중입니다 처음엔 친정 엄니네처럼 65인치로 하려고 했는데티비도 파는 전자 회사 직원인 지인은 거거익선이므로 75로 하는 게 좋겠다 해서 고민에 빠졌습니다 열심히 뒤져 보면 어디는 65 어디는 75가 나을 것 같고요 40대 후반이고 노안이 와서 눈에 힘주기 쉽지 않아요 보는 각도 때문에 65가 적당할 것 같은데잘 모르겠네요 저는 울트라 hd 고려 중입니다 24평대 사시는데 65나 75인치 티비 구매하신 경험담 댓글 부탁드립니다 꾸벅,"['실제', '시청', '거리', '티비', '크기', '고민', '친정', '엄니', '티비', '파', '전자', '회사', '직원', '지인', '거거', '좋다', '고민', '빠지다', '뒤지다', '후반', '노안', '힘', '주다', '각도', '울트라', '고려', '사다', '티비', '구매', '경험담', '댓글', '부탁', '드리다']",5,2
1319,크다고 좋은것아니고요 대기업 제품이 좋다기에는 이제는 아니다보여요 중소기업에서 패널보시고 후기 보시고 적정가격을 보시면 대기업 제품 못지않습니다 객관적인 말이지만 50인치 후반이 좋을것 같습니다 꾸벅,"['크다', '좋다', '기업', '제품', '좋다', '이제', '보이다', '중소기업', '패널', '후기', '적정', '가격', '기업', '제품', '못지않다', '객관', '후반', '좋다']",5,2
1320,2인가구티비 사이즈는 75인치 로 결정했어요 네오 등급은 너무 비싸고 qled 까지 봤는데 249만원 입니다 그냥 uhd 면 149 만원으로 100만원이 싼데 고민이네요매장에서는 차이가 너무 커보이지만 집에선 못느낄거같은데 100만원 세이브 해서 다른거할까요 아님 기왕 사는거 100만원 더주고 qled 살까용,"['가구', '티비', '사이즈', '결정', '등급', '비싸다', '싸다', '고민', '매장', '차이', '크다', '보이다', '세이브', '사다', '사다']",5,2
1321,uhd티비 크리스탈유에이치디 샀는데 전혀 후회없어요 어차피 방송국에서 전송받는 화질은 아직까진 가장좋다는데 그이상의 성능사봐야 그 화질로 볼수가없잖아요 중저가형tv는 비교해봤지만 삼성꺼가 화질 깨끗하고 색감도 좋았고 눈도 편했어요,"['티비', '크리스탈', '에이치디', '사다', '후회', '방송국', '전송', '화질', '좋다', '이상', '성능', '사다', '화질', '중저가', '비교', '삼성', '화질', '색감', '좋다', '편하다']",5,1
1322,60인치 넘는 거실 tv가 고장났어요 안방엔 tv가 있는데 거실 마사지의자에 앉아 뉴스보는게 낙인데 그걸 못하고있네요 걍 거실 tv 없애버리고 이동형으로 살까 갑자기 고민을하게되네요 인테리어상으로도 괜찮지않을까 하고요 1순위 목적은 tv시청입니다만 혹시 저같은 고민으로 구매하신분 조언주시면 감사하겠습니다 거실에서 사용할땐 셋톱박스 연결해서 사용하려고 하고있어요 장담점도 알려주세요,"['넘다', '거실', '고장', '안방', '거실', '마사지', '의자', '앉다', '뉴스', '거실', '없애다', '이동', '살다', '고민', '인테리어', '괜찮다', '순위', '목적', '시청', '고민', '구매', '조언', '감사', '거실', '셋톱박스', '연결', '장담', '알리다']",5,2
1323,전 엘지 원하는데 삼성 사라고 모친이 주장하시는데어떤 게 좋아요 삼성 리뷰에 직전에 엘지 사용했던 구매자가소음 난다고 하고 조명이라고 하나 불빛 그게 삼성에 없고 동그란 문이 삼성이 낮아서 불편하다는 등치를 떠는 리뷰 보니 엘지 구매하고 싶은데님들은 어때요 21키로 사려고 하고 엘지가 조금 더 가격이 있습니다,"['엘지', '삼성', '모친', '주장', '좋다', '삼성', '리뷰', '직전', '엘지', '구매자', '소음', '조명', '삼성', '삼성', '낮다', '불편', '뜨다', '리뷰', '엘지', '구매', '사다', '엘지', '가격']",5,1
1324,세탁기 건조기 높이로 놓고 쓰실때 세탁실 공간이 좁으면 엘지거는 못 사요 규정이 뭔가 빡빡하달까 삼성거는 되던데 엘지는 안되더군요 둘다 제일 큰 사이즈 키가 좀 작으시면 엘지가 편해요 한줄로 쌓았을때 높이가 삼성보다 조금 낮아서 건조후 옷 뺄때 편해요,"['세탁기', '건조기', '높이', '놓다', '쓰다', '세탁실', '공간', '엘지', '사다', '규정', '빡빡하다', '삼성', '엘지', '크다', '사이즈', '작다', '엘지', '편하다', '쌓다', '높이', '삼성', '낮다', '건조', '빼다', '편하다']",5,1
1325,10년정도 된 tv가 망가져서 새로 구매를 해야하는데 oled티비로 맘을 정했는데 동생이 고화질로 볼수 있는 영상이 너무 적다비싼거사도 fhd로 그냥 예전모델로 사는거랑 크게차이가 없다라고하네요 oled사서 시청중이신 회원님들 일반 방송 kbs mbc이런거 케이블방송 크게 차이가 없나요 결정전에 궁금해서 여쭤보게 되네요 가전 사러 갔을때 판매원이 그 말 하더라구요 유선에서 송출되는게 약해서 화질이 티비 성능 못 따라간다구요 그래서 전 일반 tv 샀고 비슷한 시기에 올레드 산 지인 있어서 봤는데 별 차이를 못느끼겠더라구요,"['망가지다', '구매', '티비', '정하다', '동생', '화질', '영상', '적다', '비싸다', '사다', '예전', '모델', '사다', '크다', '차이', '사다', '시청', '회원', '일반', '방송', '케이블', '방송', '크다', '차이', '결정전', '여쭈다', '가전', '사다', '판매원', '유선', '송출', '약하다', '화질', '티비', '성능', '따라가다', '일반', '사다', '시기', '올레', '지인', '차이']",5,2
1326,넷플릭스 보는게 가장 즐거운 취미라 이번에 neo qled 75인치로 구매하려고 알아보는데 네이버 최저가로도 650만원이라 가격대가 상당하더라구요 그래서 행사 크게 하는 곳 없나 찾다보니까 전시제품으로 476만원 까지 팔고 있는 곳을 발견했는데 가격이 200만원 가까이 차이가 날 정도로 전시제품이 안좋은 점이 있나요 매장에선 아무런 하자 없다 라고 하는데 세상에 공짜는 없다고 할인폭이 커서 오히려 찝찝하네요,"['넷플릭스', '취미', '구매', '알아보다', '네이버', '최저', '가격대', '상당', '행사', '크다', '찾다', '전시', '제품', '팔다', '발견', '가격', '차이', '전시', '제품', '좋다', '매장', '하다', '세상', '공짜', '할인', '크다']",5,2
1327,전에 전시상품 tv 샀는데 고장없이 잘 썼어요 8년됐는데 여전히 잘 나오구요 근데 윗분들 말씀처럼 하루종일 켜놓은거라 꺼려하시는 분들 많은거 같아요 그러니 그만큼 싼거겠죠 몇시간 켠건지 물어보세요 찜찜하시면 새상품 사는거죠 뭐,"['전시', '상품', '사다', '고장', '쓰다', '나오다', '윗분', '말씀', '하루', '종일', '켜다', '꺼리', '많다', '싸다', '켜다', '상품', '사다']",5,2
1328,카페 회원 여러분 lg유플러스 인터넷 특판팀 입니다 인터넷 특판팀 010 8000 9685 홍경태 팀장 저희가 여름맞이 7월 특가행사를 합니다 인터넷 가입하시고 여름휴가비 받아가세요 상품권 현금 40만원 최대 100만원까지 지원 50인치 삼성 uhd tv or 삼성 제트봇 로봇청소기 70만 원 상당 lg u 인터넷 tv 행사 안내 초고속 기가 인터넷 tv netflix youtube 디즈니 를 하나의 리모컨으로 초고속 기가 인터넷 tv 이용 시 월 19 600원 사용 lg u 모바일 1회선 제휴카드 할인 기준 세트 추가 상품 현금 상품권 100만원 지급조건 초고속 기가 인터넷 tv 디즈니 사운드바 tv 프리 태블릿 겸용 tv 우리 집지킴이 easy이 모든게 48 850원 lg u 모바일 무제한요금제 2인이상 동시구매 제휴카드 결합할인 기준 많은 문의 연락 주세요 신속 정확 친절하게 상담 도와드리겠습니다 항상 노력하는 엘지유플러스가 되겠습니다 인터넷 특판팀 010 8000 9685 홍경태 팀장,"['카페', '회원', '플러스', '인터넷', '인터넷', '팀장', '여름', '맞이', '특가', '행사', '인터넷', '가입', '여름', '휴가비', '상품', '현금', '최대', '지원', '삼성', '삼성', '제트', '로봇', '청소기', '상당', '인터넷', '행사', '내다', '고속', '기', '인터넷', '디즈니', '리모컨', '고속', '기', '인터넷', '모바일', '회선', '제휴', '카드', '할인', '기준', '세트', '추가', '상품', '현금', '상품', '지급', '조건', '고속', '기', '인터넷', '디즈니', '사운드', '프리', '태블릿', '겸용', '지킴이', '모바일', '제한', '요금', '이상', '동시', '구매', '제휴', '카드', '결합', '할인', '기준', '많다', '문의', '연락', '신속', '정확', '친절', '상담', '노력', '엘지유플러스', '인터넷', '팀장']",5,1
1329,현재 6 7년정도 된 셋톱박스를 쓰고있는데tv구매할때 아저씨가셋톱을 최신으로 바꾸면더 선명하게좋은화질로 볼수있다고그러더라구요지금 셋톱변경하면4400원씩 3년간 내야되는데굳이 바꿔야되나 싶어서요최근 티비바꾸신분들 어떻게하셨나요,"['셋톱박스', '쓰다', '구매', '아저씨', '최신', '바꾸다', '선명', '좋다', '화질', '그러다', '변경', '내다', '바꾸다', '최근', '티비', '바꾸다']",5,1
1330,내돈낸산입니다 집에서 티비는 안 보는데 넷플 유튭을 휴대폰 패드로만 보기 너므 힘들어서 가성비tv 더함제품 43인치로 구매했어요 등록하면 무상 as 가능한 것도 마음에 들고 중소기업이긴 하지만 공공기업 등에서도 제품들이 제법 있는 것 같더라고요 디자인도 깔끔한게 마음에 들고 배송도 빨리 해주는 것 같아요 ott 시청에 최적화되어있는 듯 한 느낌적인 느낌 메인티비 아니고 안방이나 ott 활용용도로는 충분히 제 몫을 해내는것같아요 전 거실에 가성비tv 세컨tv 알아보시면 더함제품도 눈여겨보시면 좋을 듯,"['내다', '티비', '넷플', '유튭', '휴대폰', '패드', '너므', '힘들다', '가성비', '더하다', '제품', '구매', '등록', '무상', '가능', '마음', '들다', '중소기업', '공공', '기업', '제품', '디자인', '마음', '들다', '배송', '시청', '최적', '느낌', '느낌', '메인', '티비', '안방', '활용', '용도', '하다', '거실', '가성비', '세컨', '알아보다', '제품', '눈여기다', '좋다']",5,2
1331,드디어 기다리던 tv가 도착했어요86인치냐 75인치냐 엄청난 고민을 했는데 역시 가전은 거거익선이라는 말이 괜히 나온게 아니었 86인치 사길 아주아주 잘했어요 설치 시작하는데 떨어지면 어떡하지 하고 걱정을 많이 하니 브라켓 설치 후에 넘는다는 기사님이 매달리며 안심 시켜 주셨어요 국내에서 86인치 사려면 넘나 비싸서 직구가 답이더라구요 스펙은 같은데 말이죠 이상하죠 국내서 구매하는게 훨 더 비싸다는게,"['기다리다', '도착', '엄청나다', '고민', '가전', '나오다', '사다', '설치', '시작', '떨어지다', '어떡하다', '걱정', '브라켓', '설치', '넘다', '기사', '매달리다', '안심', '국내', '사다', '넘다', '비싸다', '직구', '스펙', '이상', '국내', '구매', '비싸다']",5,2
1332,직구도 기사들이 설치해줍니다 oled는 최고 화질인 것은 분명하나 번인 현상 등 수명 문제 그리고 결정적으로 너무 비싸요 기술이 좋아져서 티비는 감각상각이 심한편이라 현재로선 나노셀이나 삼성 qled 정도가 좋습니다 가격 부담되시면 uhd만 가도 문제 없어요 용도가 게임용이면 더 좋은거 단순 iptv 보는거면 싸고 큰거요 iptv는 송출 프레임이 낮아서 아무리 oled로 봐도 uhd 화질입니다,"['직구', '기사', '설치', '화질', '현상', '수명', '문제', '결정', '비싸다', '기술', '좋다', '티비', '감각', '상각', '심하다', '현재', '나노', '삼성', '좋다', '가격', '부담', '문제', '용도', '게임', '좋다', '단순', '싸다', '크다', '송출', '프레임', '낮다', '화질']",5,2
1333,t v 구매해야하는데 빅스마일데이 오늘 종료하고 나면 가격 원상태로 돌아가나요 아니면 별 차이 없을까요 단순 마케팅같아서요 티비구매 때문에 고려중이라아시는분 답 남겨주시면 감사드리겠습니다,"['구매', '스마일', '데이', '종료', '가격', '상태', '돌아가다', '차이', '단순', '마케팅', '티비', '구매', '고려', '남기다', '감사', '드리다']",5,2
1334,삼성꺼 49인치 구매한지 5년정도 됐는데 갑자기화면이 나가더니 음성만 나오드라구요as비용이 백라이트나가서 액정 갈아야한다고30만원이 넘네요 이럴바엔 중소기업꺼 쓰는게나은지 추천해주실만한거 있을까요,"['삼성', '끄다', '구매', '화면', '나가다', '음성', '나오다', '비용', '백라이트', '액정', '갈다', '넘다', '중소기업', '끄다', '쓰다', '추천']",5,1
1335,큰맘 먹고 75인치 티비로 바꾸려고 하는데요 일단 삼성을 사기로 했어요 고민되는것은 2022년 크리스탈uhd과 2021년 qled 중에 고민하고 있어요 2022년 qled는 가격차이가 꽤 나더라구요 여러분이라면 어떤거 사시겠어요,"['크다', '먹다', '티비', '바꾸다', '삼성', '사다', '고민', '크리스탈', '고민', '가격', '차이', '사다']",5,2
1336,1년 두달만에 티비 액정이 나갔어여 150만원에 샀는데 액정이 93만원이예요 교체해서 계속 잘 쓸 수 있는지도 의문이어서 새로 살지 고민입니다 그리고 액정 나간 제품은 어떻게 처분해야할지도 궁금합니다 경험 있으시면 알려주세요,"['티비', '액정', '나가다', '사다', '액정', '교체', '쓰다', '의문', '사다', '고민', '액정', '제품', '처분', '궁금하다', '경험', '알리다']",5,2
1337,얼마 전 큰집으로 이사하면서 tv바꾸는대신 영화관같은 거실을 위해 초단초점 빔프로젝터를 구매했어요근데 거기에 맞는 거실장을 알아보다가 마음에 드는게 없어 맞춤제작 했어요 자랑 좀 하려구요,"['얼마', '크다', '이사', '바꾸다', '대신', '영화관', '거실', '위하다', '초단', '프로젝터', '구매', '맞다', '거실', '알아보다', '마음', '맞춤', '제작', '자랑']",5,2
1338,7시에 신세계tv쇼핑에서 라방하는데 골프하는분 계세요 라인업도 괜찮고 옵션에 따라 좀 다르긴해도 사은품도 괜찮은 것 같아요 아이언 커버 기본 증정이래서 혹해요 방송보고 살거긴 한데 혹시 사면 구매인증 이벤트도 하려고용 3명 추첨해서 5만원 골프문화상품권 준대요 골프하시는 분들 같이봐요,"['신세계', '쇼핑', '골프', '라인업', '괜찮다', '옵션', '따르다', '다르다', '사은품', '괜찮다', '아이언', '커버', '기본', '증정', '혹하다', '방송', '살다', '사다', '구매', '인증', '이벤트', '추첨', '골프', '문화', '상품', '골프']",5,2
1339,결혼 8년차 운좋게 서울쪽에 청약이 당첨되어 입주할때 기분이다 하고 가전을 풀셋으로 바꿨습니다 냉장고 식세기 부터 건조기 세탁기 tv 등등등 밥솥까지 전부요 백화점에서 삼x 엘x랑 비교하다가 삼x 할인율이 15 20 더 높아서 전부 삼x것으로 구매 1 냉장고는 하루종일 구슬 굴러가는 소리가 들림 그것때문에 공황장애정도까지 와서 as몇 차례불렀는데 정상이라고 가버림 제 옛 게시글에있습니다 도저희 못참겠어서 2개월만에 처분하고 엘x 것으로 변경 생활의 질이 달라질정도로 조용함 2 공청기 소리가 너무큼 tv옆에 두었는데 tv소리보다 더큼 당근에팔고 엘x것으로 교체 엘x 공청기도 소음은 나는데 이전겅 비하면 절반이하로 소리남 3 tv는 75인치 액자형으로 구매했었는데 tv를 안틀어도 딱딱 소리남 tv틀면 1시간에 40번은딱딱 소리나서 as불렀는데 기온차이라고 정상이라고 세탁기 건조기야 어짜피 세탁실에서 돌아가서 모르겠고 이제는 tv를 바꿀예정입니다 진작 처음부터 엘x것으로 구매할껄하는 후회가 삼x as센터가 많고 체계가 잘되어있고 친절한 이유가 있었네요,"['결혼', '좋다', '서울', '청약', '당첨', '입주', '기분', '가전', '바꾸다', '냉장고', '세기', '건조기', '세탁기', '밥솥', '백화점', '비교', '할인', '높다', '구매', '냉장고', '하루', '종일', '구슬', '굴러가다', '소리', '들리다', '공황', '장애', '차례', '부르다', '정상', '게시', '도저희', '참다', '처분', '변경', '생활', '달라지다', '청기', '소리', '크다', '두다', '소리', '크다', '당근', '팔다', '교체', '기도', '소음', '이전겅', '비하', '절반', '이하', '소리', '액자', '구매', '틀다', '소리', '틀다', '소리', '부르다', '기온', '차이', '정상', '세탁기', '건조기', '세탁실', '돌아가다', '이제', '바꾸다', '예정', '구매', '후회', '센터', '많다', '체계', '친절', '이유']",5,1
1340,딱딱 소리는 뽑기운이신거 같은데 브라운관은 lg인데 왜 별로인거죠 맨윗분 동급대비 삼성보다 엘지가 더 비싸고 해외에서도 보통 엘지가 더 비쌉니다 비싸다고 좋은건 아니지만 기술로 봐도 엘지가 더 상위고 삼성에서 조차 엘지 디스플레이를 사서 쓰는정도인데,"['소리', '뽑기', '브라운관', '동급', '대비', '삼성', '엘지', '비싸다', '해외', '엘지', '비싸다', '비싸다', '좋다', '기술', '엘지', '상위', '삼성', '엘지', '디스플레이', '사다', '쓰다']",5,1
1341,1 세탁기는 드럼이 건겅상 관리상 편리 건조기는 많은 기능보다 건조방식과 건조시간 건조용량 상품후기 참고하면 도움됨투인원드럼은 직렬설치불가 투인원 소형통돌이 사용 편리 속옷 모자 등 소형세탁 소량삶음에 편리 2 냉장고 김냉은 비스포크와 오브제 디자인이 깔끔하고 튀어나오지않는 장점 기능은 단순한편 비용 고가 그럼에도 싱크대일체디자인 일반양문형은 기능 다양하나 툭튀디자인 거슬림김냉은 스탠드형 공간에 용이하고 허리아플일없음 내부캡있을때 성능 업효과 낮은형은 김치맛이 덜변하고 오래유지됨 김냉성능 확실히 우수 허리아픔 3 tv는 60인치 이상 추천 이하는 작아보임 스피커성능 불루투스기능 있을시 사용편의성 높아짐 필요시 별도구입설치비용증가 4 에어컨은 에어컨자체 건조성능 있을시 필터청소만으로도 관리 용이 내부곰팡이 방지효과 모터성능이 중요하므로 경험상 엘지가 좀 더 좋음5 인덕션은 디트리쉬가 원조이나 고가 외국제품은 수입 혹은 직구시 as발생비용 고가 국내 인덕션은 냉장고 등 가전구입시 같이 구매할 경우 혜택있는 경우 있음 인덕션은 3구 혹은 1구 프리존 2 3구 사용시 편리 큰 냄비 사각팬 프리존기능은 외귝제품이 성능 우수6 스타일러는 옷걸이 5개 가능사이즈가 더 편리 내부기능 성능은 필요에 따라 판단7 공기청정기는 디자인보다 성능에 중점둬야 함 8 정수기는 공간차지않는 슬림핏 얼음제조기능 추천 렌탈도 좋음9 식세기는 sk가 원조 성능 우수 디자인은 삼성 엘지 예쁨 외국산은 밀레가 좋음10 청소기는 무선일때 배터리성능과 1회 충전 후 사용시간 최대사용가능시간 먼지제거방식 먼지봉투 편리하나 오브제 등은 먼지통 별도있음 유선은 밀레가 여러모로 편리 흡입력 우수 핸들리모컨기능 추천11 밥솥은 쿠쿠 밥맛 우수 오븐은 에어프라이기능 있을시 편리 베이커리형오븐은 다름 전자렌지는 오븐겸용 비추천 회전판없는 전자렌지 추천 이상 경험에 의한 내용이구요 백화점가셔도 깍으심 매장따라 에누리해주더군요 엘지 삼성 딤채 대우 sk 다 가보셔요 국내제품 성능은 가전이 모터가 생명이라 엘지가 전반적으로 우수하더라구요 as는 제품따라 천차만별이나 삼성이 좀 더 나은 편이나 그만큼 as가 많다는 의미도 있는 듯,"['세탁기', '드럼', '건겅', '관리', '편리', '건조기', '많다', '기능', '건조', '방식', '건조', '시간', '건조', '용량', '상품', '후기', '참고', '도움', '인원', '드럼', '직렬', '설치', '불가', '인원', '소형', '통돌이', '편리', '속옷', '모자', '소형', '세탁', '소량', '삶다', '편리', '냉장고', '비스', '포크', '오브제', '디자인', '튀어나오다', '장점', '기능', '단순', '한편', '비용', '고가', '싱크대', '일체', '디자인', '일반', '문형', '기능', '다양', '튀다', '디자인', '거슬리다', '스탠드', '공간', '허리', '아프다', '내부', '성능', '효과', '낮다', '김치', '변하다', '유지', '성능', '우수', '허리', '아프다', '이상', '추천', '이하', '작다', '보이다', '스피커', '성능', '불루투스', '기능', '편의', '높다', '필요시', '별', '구입', '설치', '비용', '증가', '에어컨', '에어컨', '자체', '건조', '성능', '필터', '청소', '관리', '내부', '곰팡이', '방지', '효과', '모터', '성능', '중요', '경험', '엘지', '좋다', '인덕션', '디트리쉬', '원조', '고가', '외국', '제품', '수입', '직구', '발생', '비용', '국내', '인덕션', '냉장고', '가전', '구입', '구매', '혜택', '인덕션', '프리', '편리', '크다', '냄비', '사각', '프리', '기능', '외귝', '제품', '성능', '우수', '스타', '옷걸이', '가능', '사이즈', '편리', '내부', '기능', '성능', '필요', '따르다', '판단', '공기', '청정기', '디자인', '성능', '중점', '두다', '정수기', '공간', '차', '슬림핏', '얼음', '제조', '기능', '추천', '렌탈', '좋다', '세기', '원조', '성능', '우수', '디자인', '삼성', '엘지', '예쁘다', '외국', '밀레', '좋다', '청소기', '무선', '배터리', '성능', '충전', '시간', '최대', '가능', '시간', '먼지', '제거', '방식', '먼지', '봉투', '편리', '오브제', '먼지', '유선', '밀레', '편리', '흡입력', '우수', '핸들', '리모컨', '기능', '추천', '밥솥', '쿠쿠', '밥맛', '우수', '오븐', '에어', '프라이', '기능', '편리', '베이커리', '오븐', '다르다', '전자렌지', '오븐', '겸용', '추천', '회전', '전자렌지', '추천', '이상', '경험', '의', '내용', '백화점', '깍다', '매장', '따르다', '에누리', '엘지', '삼성', '딤채', '대우', '국내', '제품', '성능', '가전', '모터', '생명', '엘지', '전반', '우수', '제품', '따르다', '천차만별', '삼성', '많다', '의미']",5,1
1342,50평대에 65인치는 좀 작게 느껴질거 같네요 쇼파와 티비와의 거리가 3 5미터 이상 된다면 80인치대 추천해요 매장에서 보면 올레드가 좋지만 그건 매장에서 비교했을때이고 uhd로도 화질은 충분히 좋아요 저라면 80인치대 uhd사겠네요 지금 사용하고 있는 더 큰걸 샀더라도 좋았을걸 이라는 생각이 들어요,"['작다', '쇼파', '티비', '거리', '이상', '추천', '매장', '올레', '좋다', '매장', '비교', '화질', '좋다', '크다', '사다', '좋다', '생각', '들다']",5,2
1343,침실에 스탠드형 tv 두신 분들tv장 높이가 어떻게 되시나요 저희집 침대높이는 방이 좁아서 티비와의 거리는 가까운 편입니다높이 거실장을 구매할지 높이 사이드보드를 구매할지너무 고민돼요 참고로 티비는 50 55인치 생각중입니다,"['침실', '스탠드', '두다', '높이', '침대', '높이', '티비', '거리', '높이', '거실', '구매', '높이', '사이드', '보드', '구매', '고민', '참고', '티비', '생각']",5,2
1344,너무 일찍 고장났네요 요즘 삼성제품 7년 되면 고장나던데 뽑기 잘못하셨나봐요 저는 9년전에 65인치 300에 사서 올해 7월 기판고장 10만원 갈고 한달만에 고장나서 새로 샀답니다 저도 화가나서 티비 공부 유투브로하고 가성비 좋은걸로 샀어요 호구되기 싫어서요,"['고장', '요즘', '삼성', '제품', '고장', '사다', '올해', '기판', '고장', '갈다', '고장', '사다', '티비', '공부', '유투브', '가성비', '좋다', '사다', '호구', '싫다']",5,1
1345,이사하면 4년사용한 s사 티비패널에 줄이가서as신청 했는데 부품단종으로 고칠수 없게됐네요 아기가 있어서 매장 oled tv 구매차 백화점 하이마트 전자랜드 전화 문의후 갤러리아광교 lg전자방문하게됐어요 상담해주신 공민정 사원님이 미리 예약시간에 맞춰 문자도 주시고 추가 구매시 할인혜택 알려주셔서인터넷 최저가보다 더 저렴하게 구매하게됐어요 가전하면 lg인거 아시죠 갤러리아 광교가시거나 궁금한거 있으시면 전화 상담도 해주시니 꼭 연락해 보세요031 5174 7891,"['이사', '티비', '패널', '신청', '부품', '단종', '고치다', '아기', '매장', '구매', '백화점', '하이마트', '전자랜드', '전화', '문의', '갤러리아', '광교', '전자', '방문', '상담', '민정', '사원', '예약', '시간', '맞추다', '문자', '추가', '구매', '할인', '혜택', '알리다', '인터넷', '최저', '저렴하다', '구매', '가전', '갤러리아', '광교', '궁금하다', '전화', '상담', '연락']",5,2
1346,집에 보던 tv가 고장 났는데 tv를 잘 안봐서 안살까 하다 사기로는 했는데남편이 위니아tv 이런거 저렴하고 괜찮다고 사자는데 사용 하시는 분 계신가요 전 그래도 lg 아님 삼성이 낫지않나 싶긴한데 모르겠네요 큰 차이 없는건지 tv가격도 천차만별 비싼것들도 많고 남편이 다시본게 삼성 80만원대 정도인데 괜찮은건지 그렇게 큰돈 들이고싶지는 안아요 다들 비싼 삼성 lg tv 사시는지요 저도 혼수때는 사긴했는데,"['고장', '사다', '사다', '남편', '위니', '저렴하다', '괜찮다', '사다', '계시다', '삼성', '크다', '차이', '가격', '천차만별', '비싸다', '많다', '남편', '삼성', '괜찮다', '크다', '들', '알다', '비싸다', '삼성', '사다', '혼수', '사다']",5,2
1347,현재 tv를 스탠드로 사용하고 있는데이사가면서 큰tv로 바꾸려다가요 삼성 더 프레임으로 견적은 받은상태인데더 프레임은 완전 밀착을 해야 의미가 있는 제품인데선숨김을 하려면 비용은 비용대로 나가고 사설에서 회전프레임을 다시 구매해야해서 프레임 비용에 설치비용이 추가되고 선숨김에 비용추가에 밀착도 안됨 그래서 그냥 일반티비 살려고 하니삼성에서 주력상품 위주로 판매하니 할인도 안됨 그래서 그냥 지금 일반tv 스탠드로 쓰던거 벽걸이로 붙일려고 하는데요 지금 쓰던tv에 맞춰서 타공으로 하면다음에 큰tv로 바꿀때벽을 다시 뚫어야하나요 뚫었던 구멍에 설치 안되나요 브라켓도 쓰던 브라켓 재사용 못하나요,"['스탠드', '이사', '크다', '바꾸다', '삼성', '프레임', '견적', '상태', '프레임', '밀착', '의미', '제품', '숨기다', '비용', '비용', '나가다', '사설', '회전', '프레임', '구매', '프레임', '비용', '설치', '비용', '추가', '서다', '숨기다', '비용', '추가', '밀착', '일반', '티비', '살다', '주력', '상품', '위주', '판매', '할인', '일반', '스탠드', '쓰다', '벽걸이', '붙이다', '쓰다', '맞추다', '다음', '크다', '바꾸다', '뚫다', '뚫다', '구멍', '설치', '브라켓', '쓰다', '브라켓']",5,2
1348,75인치 65인치 정도 벽걸이 티비 구매하려는데요 블랙프라이데이 기다리는게 나을까요 아니면 그냥 다나와 에누리닷컴 이런곳에서 최저가 구매하는게 나을까요 별차이 없다면 그냥 구매할까 싶어서요 아시는분 계시면 한말씀 부탁드립니다 감사합니다,"['벽걸이', '티비', '구매', '블랙', '프라이데이', '기다리다', '나오다', '에누리닷컴', '최저', '구매', '차이', '구매', '계시다', '말씀', '부탁', '드리다', '감사']",5,2
1349,tv 구매한지 일년 조금 넘었는데소리가 나다 말다 하는거예요넷플도 그렇고 유투브도 그렇고그래서 일다 선이 잘못됐나 해서 싹 빼고 다시 꽂고그래도 안되서 인터넷 연결선이 잘못 됐나 해서as 접수하고 기사님 바로 오셔서 점검하고tv 불량이라고 진단 에효 그렇게 tv as까지 접수하고 주말을 소리도 안나는 tv를 붙잡고 살았는데 tv as 접수할때 동영상 찍어 보내달래서 줬더니세상에나 이어폰 블루투스 연결되어 있다고 민망하고 어이없고 블루투스 연결 해제하니 세상 시원하게 소리 나네요 상담원분께 저도 모르게이걸 모르고 별 생쇼를 다 했다고 상담원분도 웃고 저도 웃고 그랬네요 혹시 tv 소리 갑자기 안나는분들볼륨 올리고 내릴때 블루투스 모양 있는지 살펴보세요,"['구매', '넘다', '소리', '유투브', '빼다', '꽂다', '인터넷', '연결', '접수', '기사', '점검', '불량', '진단', '에효', '접수', '주말', '소리', '살다', '접수', '동영상', '찍다', '보내다', '세상', '이어폰', '블루투스', '연결', '어이없다', '블루투스', '연결', '해제', '세상', '소리', '상담원', '상담원', '소리', '볼륨', '올리다', '내리다', '블루투스', '모양', '살펴보다']",5,1
1350,위드코로나가 시작하면서 다시 장사준비에 뭔가 가게도 조금 손볼꺼 손보는 중인데요 기존에 시청용이나 음악 연결해서 틀어놓는 용도로 주로 사용했는데오래쓰기도 하고 색감도 살짝 맛이 가는거 같아서 이참에 교체해줄라고 합니다 근데 뭐 집에서 쓰는것도 아니고 너무 좋은거 쓰기엔 아쉽고 그래서 적당한거 알아보는데혹시 리퍼tv나 중고tv 이런거로 서울근교정도 직접보고 구매 가능한 그런곳 없을까요 추천좀 해주시면 감사할께요,"['위드', '코로나', '시작', '장사', '준비', '가게', '손', '손', '기존', '시청', '음악', '연결', '틀다', '용도', '쓰다', '색감', '이참', '교체', '쓰다', '좋다', '쓰다', '알아보다', '리퍼', '중', '고', '서울', '근교', '구매', '가능', '추천', '감사']",5,1
1351,올 인테리어 하고 이사준비중입니다 남편이 지금 있는티비를 벽걸이로 설치하고싶어 하는데 여기서 의견이 안맞아요 09년에 구매한 42인치 티비 벽걸이로 변경시 자재및 설치비 약 18만원 안내받았어요 자재경우 티비 바꿀시 티비사이즈 및 브랜드에 따라 타공 위치바뀐단 안내 받았어요 전 12년 된 티비가 앞으로 얼마나 버텨줄지라는 생각이 들더라구요 결혼하며 장만한 가전들이 하나씩 망가지고 있거든요 그래서 구지 돈들여 벽걸이로 바꿀필요가 있을까 몇달이 될지 몇년이 될진 모르겠지만 스탠드 있는 그대로 버티다가 티비 망가지면 새로사면서 그때 벽걸이로 하자 했는데 남편은 몇일 몇달도 아니고 몇년이 될수도 있는데 왜 그래야하는지 이해를 못하겠다해요 이사하면서 대출도 큰금액으로 다시 생기고 인테리어하면서 들어간돈도 만만치 않아 자금도 여의치 않은 상황에 한푼이라도 아끼고픈데 도저히 의견이 좁혀지질 않네요 이런상황에 여러분들이라면 어떤 선택이 좋을것 같나요 의견 부탁드려요 지금 벽걸이로 설치한다 버티다 새로살때 벽걸이로한다,"['인테리어', '이사', '준비', '남편', '티비', '벽걸이', '설치', '의견', '맞다', '구매', '티비', '벽걸이', '변경', '자재', '설치비', '내다', '티비', '바꾸다', '티비', '사이즈', '브랜드', '따르다', '위치', '바뀌다', '내다', '티비', '버티다', '생각', '들다', '결혼', '장만', '가전', '망가지다', '구지', '들', '벽걸이', '바꾸다', '필요', '스탠드', '버티다', '티비', '망가지다', '사다', '그때', '벽걸이', '남편', '이해', '이사', '대출', '크다', '금액', '생기다', '인테리어', '들어가다', '자금', '상황', '아끼다', '의견', '좁히다', '상황', '선택', '좋다', '의견', '부탁드리다', '벽걸이', '설치', '버티다', '사다', '벽걸이']",5,2
1352,블랙프라이데이가 다음달 11월 말에 하는게 맞나요 블랙프라이데이 직구로 tv 구매하면 얼마나 저렴한가요 지금 티비 75 인치 삼성 200정도로 구매알아보는중인데 블랙프라이데이 기다렸다가 구매하는게 현명할까요 잘 아시는분 한말씀 남겨주시면 감사드리겠습니다,"['블랙', '프라이데이', '다음', '맞다', '블랙', '프라이', '데이', '직구', '구매', '저렴하다', '티비', '삼성', '구매', '알아보다', '블랙', '프라이데이', '기다리다', '구매', '현명', '말씀', '남기다', '감사', '드리다']",5,2
1353,요즘 집콕하면서 tv 바꾸시는 분들 많으신 것 같아서슬쩍 공유해보아용저도 물론 집콕시간 늘어나서 올해 2월에 바꿨답니다 기존에는 tv보단 핸드폰을 주로 잡고 살던 스타일이였는데확실히 85인치 tv로 바꾸고나서는 쇼파에 누워있어요 기존 tv는 50인치로 신혼 가전으로 산 lg tv 이구요바꾼 tv는 삼성 85인치 qled tv 입니다 펀조이해외직구에서 구매했고 국내 대비 엄청 저렴하게 샀어요 집은 32평이고 구축입니다 참고해주세요 50인치 거실장에 스탠드 설치,"['요즘', '바꾸다', '많다', '공유', '시간', '늘어나다', '올해', '바꾸다', '기존', '핸드폰', '살다', '스타일', '바꾸다', '쇼파', '기존', '늘다', '신혼', '가전', '사다', '바꾸다', '늘다', '삼성', '펀조', '해외', '직구', '구매', '국내', '대비', '저렴하다', '사다', '구축', '참고', '거실', '스탠드', '설치']",5,2
1354,여기가 변심 환불 제품이나 직수입 리퍼비시 제품을 16가지 품질 검수 과정을 거쳐서 판매하더라구요 어차피 저희 집은 티비만 잘 나오면 되는거라 가격도 괜찮아서 구경하는데 괜찮나요 저도 티비만 잘 나오면 되는 사람 여기요 이번에 큰 화면 쓰고 싶어서 리씽크에서 샀는데 만족해요 스크래치 상품이었는데 어차피 뒷판 스크래치라 살면서 티비 뒷판 볼 일이 뭐 있나요,"['변심', '환불', '제품', '직수입', '리퍼비시', '제품', '품질', '검수', '과정', '거치다', '판매', '티비', '나오다', '가격', '괜찮다', '구경', '괜찮다', '티비', '나오다', '사람', '크다', '화면', '쓰다', '리씽크', '사다', '만족', '스크래치', '상품', '스크래치', '살다', '티비']",5,2
1355,얼마전 구매했는데 cd음악만 들을때 tv화면 안나오게하는 방법을 모르겠네요혹 아시는분 있으신분 계시면 가르쳐 주세요 설명서 봐도 없네요lg블루레이고요 감사해요 편안한 주말 되시고요,"['얼마', '구매', '음악', '화면', '나오다', '방법', '계시다', '가르치다', '설명서', '블루', '레이', '감사', '편안', '주말']",5,2
1356,11년된 티비가 혼자 꺼지고 소리 안나고 터질듯이 지지직 거리고해서 사용 년수 보니as보다는 그냥 새로 구입하는게 나을듯하여 75인치 이노스 제품 티비로 구매해볼까하는데요 어차피 결정은 제몫이지만혹시라도 카페 회원분들 중 중소기업 티비를 써보신분계시면 장단점 듣고싶어서요 그리고 ips패널 va패널 선택옵션 있던데 어떤게 더 나을지 알고싶습니다 아참 벽걸이 안하고 이젤타입으로 했을때도저 크기가 버텨낼지도 의문이 사소한 댓글이라도 감사합니다,"['티비', '혼자', '꺼지다', '소리', '터지다', '지지', '거리', '년수', '구입', '노스', '제품', '티비', '구매', '결정', '카페', '회원', '중소기업', '티비', '쓰다', '계시다', '장단점', '패널', '패널', '선택', '옵션', '벽걸이', '타입', '크기', '버티다', '의문', '댓글', '감사']",5,2
1357,1 브랜드 dell 27인치 매장 전시품으로 비닐은 있으나 먼지가 좀 쌓이고 매장내에 24시간 영상 틀어둔 것 59 80 33 60 센티 2 브랜드 중소기업 g마크 디자인 좋음 24인치 새 제품 53 16 29 87 센티 둘다 15만원인데 직원이 고르라 하네요 아래 치수 차이도 봐주세요,"['브랜드', '매장', '전시품', '비닐', '먼지', '쌓이다', '매장', '영상', '틀다', '브랜드', '중소기업', '마크', '디자인', '좋다', '제품', '직원', '고르다', '아래', '치수', '차이']",5,2
1358,8년정도 사용한 티브이가 슬슬 명을 다하고있어 새로 구입해야될거같은데 어디서 구매하는게 가장 좋을까요 그리고 34평 거실에 65인치를 할지 75인치를 할지도 고민이네요지금은 55인치 예용,"['티브이', '구입', '구매', '좋다', '거실', '고민', '지금']",5,2
1359,검색하면 직구도 같이나와요 대형 인치를 직구를 마니하죠 큰 티비가 마니 비싸서요 65인치 살거면 매장가랑 인터넷가랑 얼마나 차이나는지 보세요 벽걸이는 돈 추가하면 해주는것같은데 전 구매처에서 안하고 사설업체에서 따로 벽걸이했어요,"['검색', '직구', '나오다', '대형', '직구', '마니', '크다', '티비', '말', '비싸다', '사다', '매장', '인터넷', '차이', '보세', '벽걸이', '추가', '구매처', '사설', '업체', '벽걸이']",5,2
1360,아파트 24 평형 거실에 티비 벽걸이 하려는데 몇인치 해야할까요 가성비 좋은제품도 추천해주심 감사드리겠습니다 하이마트 전자랜드 등등 돌아보는게 저렴한가요 네이버 최저가 로 할까요 아니면 직구 하시나요 건조기 티비 이렇게 구매해야 합니다 그리고오늘의집 이거 세일중인데 싼건가요,"['아파트', '거실', '티비', '벽걸이', '가성비', '좋다', '제품', '추천', '감사', '드리다', '하이마트', '전자랜드', '돌아보다', '저렴하다', '네이버', '최저', '직구', '건조기', '티비', '구매', '오늘', '세일', '싸다']",5,2
1361,안방 침실에 침대 놓고 tv를 넣으려고 해요 벽걸이말고 테이블 넣어야 하는데 보통 어떤 테이블을 구매를 하시나요 일반 거실에 놓는 것보다는 높이가 있을 거 같아요 추천 좀 해 주세요,"['안방', '침실', '침대', '놓다', '넣다', '벽걸이', '말', '테이블', '넣다', '테이블', '구매', '일반', '거실', '놓다', '높이', '추천']",5,2
1362,tv고장으로 매장 방문하니올레드만 추천하네요 가격대가 너무 비싸서led티브를 살려고 맘먹고 갔는데 엘이디티브는 전혀설명을 안해주시고 오직 올레드 가격만 제시하고혹시 최근 엘x led 티브 75인치 구매하신분 있으실까요 온라인구매 모델 추천해주심 너무 감사하겠습니다,"['고장', '매장', '방문', '레드', '추천', '가격대', '비싸다', '티브', '사다', '맘먹다', '엘이디', '설명', '올레', '가격', '제시', '최근', '티브', '구매', '온라인', '구매', '모델', '추천', '감사']",5,2
1363,tv한번 샀다가 내가 원하는 사양이 아니라서 반품하는대 사양을 판매자측이 잘못 써 놓은건대 따질려니 머리 아프내요 반품 할려면 왕복택배비 7만원 물으라내요 논리적으로 설명해도 막무가내 인터파크 싸이트는 나몰라라 본사에 전화하니 잘못적어놓은거 맞다고 슬그머니 시인 그래도 판매처에게 이야기해라 이야기 하고 온거라고 말해도 같은이야기 빙빙 이런경우 소비자가 구매확정 안해주면 판매처에도 결재가 안된다고 합니다 그냥 내버려 둘려구요 판매처도 결재 안되니 아쉬울듯 주소보니 용산이던대 용팔이는 여전히 용팔인가봐요 따질려니 신경쓰고 입 아프고 머리아프고 잘못걸리면 여전히 이런듯,"['사다', '원하다', '사양', '반품', '사양', '판매자', '쓰다', '따지다', '머리', '아프다', '내다', '반품', '왕복', '택배비', '논리', '설명', '막무가내', '인터파크', '싸이트', '본사', '전화', '적다', '맞다', '시인', '판매', '이야기', '이야기', '이야기', '소비자', '구매', '확정', '판매', '결재', '내버리다', '판매', '결재', '주소', '용산', '용팔이', '용팔이', '따지다', '신경', '쓰다', '아프다', '머리', '아프다', '걸리다']",5,2
1364,지금 h땡땡에서 티비 팔고있어서 구매했는데 무이자기간이나 금액대가 괜찮거든요 혹시 홈쇼핑 구매 경험 있으신분 제품 질이 현저히 떨어질까요 75인치 uhd 1등급 제품이라는데 가전제품 무식자라 어떨까요,"['티비', '팔다', '구매', '이자', '기간', '금액', '괜찮다', '홈', '쇼핑', '구매', '경험', '제품', '떨어지다', '등급', '제품', '가전제품', '무식', '자라다']",5,2
1365,이제 에어컨이랑 tv만 사면 혼수 완전히 졸업하게 되는데요원래 신랑이랑 저 자취때부터 티비없이 잘 살아와서 티비에 그다지 관심없었는데저번달에 신혼여행가서 호텔에 누워서 티비 주구장창 보는데 넘넘 재밌는거에요 그뒤로 티비를 사야하나 아른아른 하네요 에어컨 보러 가는김에 65인치 77인치 올레드 티비도 견적받아왔는데 에어컨 77인치냐 에어컨 65인치냐 그냥 에어컨만 사고 티비는 나중에 해외직구할까 고민돼요 집이 구축 20평 방 두개짜리 아파트라서 안방 폭이 거실폭보다 넓거든요안방에 벽걸이로 걸고 싶은데 거실소파x 맘같애선 77 지르고픈데 65랑 체감가 350만원 정도 차이나용 65랑 가격차이가 두배정도 나서 계속 고민중이에요결혼준비하면서 다른데에는 잘도 지르고 다녔으면서 tv사는데에는 손이 떨리네요 결혼하고 비자금 좀 만들어놓고 싶었는데 티비 갑자기 사버리면 비자금 거의 없겠네요 늘 항상 그렇듯이 이번주까지 조건 넘 좋다고 난리에요 어차피 사야하는거 그냥 사버릴까요 가전인데 왜이리 충동구매하는 기분이죠 인생 선배님들 고견 부탁드려요 요약 20평 안방 tv 설치가능 1 에어컨 65인치 올레드2 에어컨 77인치 올레드 1보다 체감가 350 3 일단 에어컨만 구매,"['에어컨', '사다', '혼수', '졸업', '신랑', '자취', '티비', '살다', '티비', '관심', '신혼여행', '호텔', '티비', '구장', '재밌다', '티비', '사다', '에어컨', '올레', '티비', '견적', '에어컨', '에어컨', '에어컨', '사다', '티비', '해외', '직구', '고민', '구축', '아파트', '안방', '거실', '넓다', '안방', '벽걸이', '걸다', '거실', '소파', '지르다', '체감', '차이', '가격', '차이', '고민', '결혼', '준비', '다르다', '지르다', '다니다', '사다', '떨리다', '결혼', '비자금', '만들다', '티비', '사다', '비자금', '조건', '좋다', '난리', '사다', '사다', '가전', '충동', '구매', '기분', '인생', '선배', '고견', '부탁드리다', '안방', '설치', '가능', '에어컨', '올레', '에어컨', '올레', '체감', '에어컨', '구매']",5,2
1366,안방에 세컨 tv 구매했는데tv장 색상이 고민되네요 1번 화이트3번 우드 맨 아래는 tv 먼저 배송와서 벤치의자 위에 임시로 놔둔 상황이에요붙박이장이 화이트라서 화이트로 생각중이었는데우드색상도 나쁘지 않은것 같아서요,"['안방', '세컨', '구매', '색상', '고민', '화이트', '우드', '아래', '배송', '벤치', '의자', '임시', '놔두다', '상황', '붙박이장', '화이트', '화이트', '생각', '우드', '색상', '나쁘다']",5,2
1367,화질은 엘지가 넘사벽 입니다 근데 엘지 번인 유명 하지 않나요 엘지 다니는 친구가 2 3년 보고 티비 바꾸거나 수리 하고 싶지 않으면 하지 말라고 하더라고요 그리고 엘지 고객센터 진짜 열불 납니다 당장 화질차이 매장에서 꼬드김 이런것만 보지말고 물건 사고 난 후를 생각해서 사세요,"['화질', '엘지', '엘지', '엘지', '다니다', '친구', '티비', '바꾸다', '수리', '엘지', '고객', '센터', '열불', '당장', '화질', '차이', '매장', '꼬드기다', '물건', '사다', '생각', '사다']",5,1
1368,삼발이든 사발이든 구매하려고 티비다이를 처분했어요 사려고 쭉 후기들을 보니 다들 디자인은 만족한다라고 써있는데 몇몇분이 너무 높아서 쇼파에서도 티비보기가 좀 불편하다고 써놓으셨더라구요 저희집 티비는 오래됐구 42인치라 딱 예쁠 것 같진 않은데 어쨌든 높아서 보기 불편한가요 삼발이가 사발이보다 좀 더 낮아보이긴 하던데 어떤지 궁금합니다,"['들다', '사발', '구매', '티비', '다이', '처분', '사다', '후기', '디자인', '만족', '쓰다', '높다', '쇼파', '티비', '불편', '쓰다', '티비', '예쁘다', '높다', '불편', '삼발', '사발', '낮다', '보이다', '궁금하다']",5,2
1369,예전부터 꼭 tv는 티비장을 안 놓고 벽에 걸어서 쓰고 싶다고 생각햇어요 깔끔한게 최고 벽걸이를 할까 햇는데 구멍을 박아야 한다니 마음이 아프더라구요 전세여도 안되고 제집이여도 싫더라구요 그래서 알게 된 무타공 벽걸이 스틸브로 세계 최초로 무타공 시공을 한 원조업체 스틸브로라는 이름의 업체가 가장 믿음이 가서 선택하게 되엇어요 무타공 조건은 꼭 중앙단자가 높이 에 잇어야 한다는 거에요 70센티 안될까바 얼마나 조마조마 햇는지 몰라요 다행히 통과 그리고 가벽에는 시공이 안되고 내력벽에만 시공이되요 가벽이나 내력벽인지는 어떻데 아나 햇는데 상담해주시는 직원분이 친절하게 가르쳐 주시더라구요 주먹쥐고 손으로 통통 쳣을때 빈소리가 나면 가벽이래요 저희 집은 다행히 내력벽 상담 받고 예약금 먼저 보냇구요 예약한 날짜 및 시간에 기사님이 오셧습니다 마스크도 철저하게 잘 쓰셧구요 시공 하시는 모습을 보니 엄청 프로페셔널한 모습 이 많은 선을 어떻게 연결 하시는지 아직 신혼집이라 음식이 전혀 구비가 안되어 잇어 음료수 한잔 못드린게 죄송하네요 다 설치 하고 나서 티비를 들어 올려서 조인트 부분에 달아줘야한데 티비가 85인치라 여자인 저와 기사님이 들수가 없엇어요 남편이 저녁 7시 넘어서야 들어와서 기사님이 다른곳에서 업무 하시다가 9시 되서야 다시 저희집으로 오셔서 설치 마자 해주시고 가셧어요 너무 친절하시고 감사햇어요 저는 공유기 와이파이 닌텐도 led시계 사운드바 이렇게 신청햇구요 6구 콘센트가 필요하다고 하시더라구요 led시계는 미리 따로 구매해주셔야해요티비 뒤에 무드등은 서비스 다 하고 나서 진짜 하길 너무 잘햇다는 생각이 들엇어요 너무 깔끔하고 이뻐요 밤에 불끄고 영화 볼 맛 날거같아요 정말 진심 추천드립니다,"['예전', '늘다', '티비', '놓다', '걸다', '쓰다', '생각', '깔끔', '최고', '벽걸이', '구멍', '박', '마음', '아프다', '전세', '이다', '이다', '싫다', '무타', '벽걸이', '스틸', '브로', '세계', '최초', '무타', '시공', '원조', '업체', '스틸브', '이름', '업체', '믿음', '선택', '무타', '조건', '중앙', '단자', '통과', '시공', '내력벽', '시공', '내력', '상담', '직원', '친절', '가르치다', '주먹', '쥐', '치다', '비', '소리', '내력벽', '상담', '예약금', '보내다', '예약', '날짜', '시간', '기사', '마스크', '철저', '쓰다', '시공', '모습', '프로페셔널', '모습', '많다', '연결', '신혼', '음식', '구비', '음료수', '드리다', '설치', '티비', '들다', '올리다', '조인트', '달다', '티비', '여자', '기사', '들다', '남편', '저녁', '넘다', '들어오다', '기사', '업무', '설치', '친절', '감사', '공유', '와이파이', '닌텐도', '시계', '사운드', '신청', '콘센트', '필요', '시계', '구매', '티비', '무드', '서비스', '생각', '들다', '깔끔', '이쁘다', '끄다', '영화', '진심', '추천', '드리다']",5,2
1370,보던 티비가 맛이가서 하이마트 갔더니 요즘 대세 75인치 led tv가 최소 백팔십만원 정도인데 lg led 70인지 전시상품 할인해서 백팔십만원짜리를 최종가 81만원정도에 1백15만원 결제후 삼십만원 캐시백 결제했습니다 대략 60 할인된듯새상품 비해 대략 백만원정도 씨서 왠만하면 쓰려고 생각중이긴하지만 2017년 7월제조 전시사용기간 3년이상 사용시간 11 774시간구입후 5년만 잘써도 만족할거 같은데 예전티비랑 평균수명 10년이상 달리 led 수명자체가 5 10년이래서 싼게 비지떡일지 고민되네요 가격대비 합리적인 선택인건지 한마디씩 조언 무팃드려요,"['티비', '하이마트', '요즘', '대세', '최소', '전시', '상품', '할인', '최종', '결제', '캐시백', '결제', '할인', '상품', '비하', '쓰다', '생각', '제조', '전시', '기간', '이상', '시간', '구입', '쓰다', '만족', '예전', '티비', '평균', '수명', '이상', '수명', '자체', '싸다', '비', '고민', '가격', '대비', '합리', '선택', '한마디', '조언', '무팃', '드리다']",5,2
1371,가전도 여기에 물어봐도 되는걸까요 티비 구매하려고 알아보는중인데큰맘먹고 85인치 생각했더니점원은 올레드77인치를 추천하더라구요 올레드는 77인치까지 생산 화질때문에 올레드 기술력을 어필하는데나노셀은 86인치 사이즈도 있어요사실 제 눈에는 그저 다 좋아보이더라는 라인도 많이 줄고 앞으로는 올레드의 시대라는 말을 듣고결정장애 왔어요현명하신 레테님들의 고견이 필요합니다,"['가전', '물어보다', '티비', '구매', '알아보다', '크다', '먹다', '인치', '생각', '점원', '올레', '추천', '올레', '생산', '화질', '올레', '기술력', '어필', '나노', '사이즈', '좋다', '보이다', '라인', '줄다', '올레', '시대', '결정', '장애', '현명', '레테', '고견', '필요']",5,2
1372,용도가 달라요 그냥 tv만 보실꺼면 둘다 상관없는데 저흰 게임 플스 이런것도 할거라 올레드77은 번인 남는다 해서 저흰 영화방에 나노86 구매했어요 완전 깜깜할때 보면 클수록 좋다고 해서요,"['용도', '다르다', '상관', '게임', '플스', '올레', '남다', '영화', '나노', '구매', '크다', '좋다']",5,2
1373,타공 벽걸이 설치 후 정말 만족스러운 후기 남깁니다 집에 아기가 있다 보니 스탠드형 tv가 가장걱정이었어요 조금만 잡아당겨도 넘어질 수 있을 것 같고 혹시라도 부딪히기라도 하면 큰 사고로 이어질까 봐 늘 마음이 불안했거든요 그렇다고 벽걸이를 하자니 집이 아트월 타일 마감이라 타공은 사실상 불가능한 상황이었어요 구멍을 내면 타일 파손 위험도 크고 나중에 복구도 어렵다는 이야기를 많이 들어서요 이런 이유로 선택하게 된 게 무타공 벽걸이 설치였는데 결과적으로는 정말 탁월한 선택이었습니다 가장 만족스러운 점은 역시 아기 안전이에요 스탠드처럼 흔들리거나 넘어질 걱정이 전혀 없고 벽에 단단히 고정되어 있어서 아이가 근처에서 움직여도 마음이 훨씬 편해졌어요 육아 중인 집이라면 이 차이는 정말 크게 느껴지실 거예요 또 하나 감동 포인트는 벽 손상 없이도 이렇게 깔끔하게 설치가 가능하다는 점이었습니다 타공 없이 설치했음에도 불구하고 고정력이 굉장히 탄탄했고 설치 후 흔들림이나 불안정함은 전혀 느껴지지 않았어요 아트월 타일과도 이질감 없이 자연스럽게 어울려서 처음부터 벽걸이로 설계된 집처럼 보입니다 설치 과정 역시 매우 만족스러웠습니다 작업자분께서 위치 선정부터 수평 배선 정리까지 하나하나 꼼꼼하게 확인해 주셨고 특히 아트월이다 보니 더 세심하게 작업해 주시는 모습에서 신뢰가 갔어요 작업 후 주변 정리까지 깔끔하게 마무리해 주셔서 집이 어수선해지는 느낌도 없었습니다 조용히 작업해주셔서 택배 도착소리에도 깨는 아기가 낮잠를 쿨쿨 잘도 자더라구요 무엇보다 미관적으로 정말 깔끔합니다 선이 보이지 않아 거실이 훨씬 정돈돼 보이고 타공을 했다면 계속 신경 쓰였을 벽 상태에 대한 걱정도 전혀 없어서 마음까지 편해졌어요 정리하자면 아기가 있어 안전이 가장 중요한 집 아트월 타일 벽이라 타공이 불가능한 경우 깔끔한 인테리어를 포기하고 싶지 않은 분들께 무타공 벽걸이 설치는 정말 최고의 선택이라고 생각합니다 저처럼 육아와 인테리어 사이에서 고민하시는 분들이라면 설치 후 만족도가 굉장히 높으실 거예요 다음에도 고민 없이 다시 선택하고 싶을 만큼 전반적으로 매우 만족스러운 경험이었습니다,"['타다', '벽걸이', '설치', '만족', '후기', '남기다', '아기', '스탠드', '걱정', '잡아당기다', '넘어지다', '부딪히다', '크다', '사고', '이어지다', '마음', '불안', '벽걸이', '아트', '타일', '마감', '가능', '상황', '구멍', '내다', '타일', '파손', '위험', '크다', '복구', '이야기', '이유', '선택', '무타', '벽걸이', '설치', '결과', '선택', '만족', '아기', '안전', '스탠드', '흔들리다', '넘어지다', '걱정', '고정', '아이', '근처', '움직이다', '마음', '편하다', '육아', '차이', '크다', '감동', '포인트', '손상', '깔끔', '설치', '가능', '설치', '고정', '탄탄하다', '설치', '흔들리다', '안정', '아트', '타일', '이질감', '자연', '어울리다', '벽걸이', '설계', '보이다', '설치', '과정', '만족', '작업자', '위치', '선정', '수평', '배선', '정리', '확인', '아트', '작업', '모습', '신뢰', '작업', '주변', '정리', '마무리', '느낌', '작업', '택배', '도착', '소리', '깨다', '아기', '낮잠', '자다', '미관', '깔끔', '보이다', '거실', '정돈', '보이다', '신경', '쓰이다', '상태', '대하다', '걱정', '마음', '편하다', '정리', '아기', '안전', '중요', '아트', '타일', '가능', '인테리어', '포기', '무타', '벽걸이', '설치', '최고', '선택', '생각', '육아', '인테리어', '사이', '고민', '설치', '만족도', '높다', '다음', '고민', '선택', '전반', '만족', '경험']",5,2
1374,티비는 엘지만 써봐서 삼성도 어떤지 잘 모르긴 한데 10년 사용했더니 액정이 나갔네요매장 갔더니 무슨 티비가 왠만한 직장인 한달 월급이더라구요인터넷에 찾아보니 중소기업 제품도 제법 있던데어떤가 싶어서요삼성꺼 쓰시는분도 후기 부탁드려요뭐든 그렇듯 티비도 돈값 하나요 가전은 복불복 인거 같기도 하고,"['티비', '엘지', '쓰다', '삼성', '액정', '나가다', '매장', '티비', '직장인', '월급', '인터넷', '찾아보다', '중소기업', '제품', '삼성', '쓰다', '후기', '부탁드리다', '티비', '가전', '복불복']",5,1
1375,벽걸이 tv 설치로 심플하게 스탠드 tv를 스틸브로 무타공 벽걸이로 바꿔보자 거실에 변화를 주고 싶다면 벽걸이tv를 설치 무타공으로 벽에 손상없이 진행 가능하다 벽걸이 시공업체는 다양하지만 안전성은 제법 무거운 85인치 tv를 벽에 건다면 떨어질 위험성은 없는지 궁금했다 필자는 85인치 tv tcl 를 스탠드로 사용하고 있습니다 tv가 제법 무겁기에 거실장 tv다이 를 바꿔야 한다고 고민 하던 중 지인이 집에 방문하여 tv다이 나무가 휘어진 것 같다 는 얘기를 하였습니다 처음에는 튼튼한 tv다이를 알아보았습니다 그 후 생각의 흐름이 자연스레 벽걸이 tv로 옮겨가게 되었고 무타공 벽걸이 tv 시공업체에 대한 공부가 시작되었습니다 많은 시공업체와 전화통화를 하고 시공 영상을 시청한 뒤 알게 된 것은 업체마다 가격도 다양하고 사용하는 자제도 다양하다는 것입니다 tv뒷면에 바로 설치하는 브라켓도 중요하지만 벽에 고정하기 위한 부속품도 매우 중요하다는 것을 깨달았습니다 다양한 후기 사진 및 시공 영상에서 고정 부속품을 유심히 찾아보고 비교해보았는데 최종적으로 선택하게 된 업체가 스틸브로 였습니다 가격은 다른 업체보다 좀 비쌌지만 벽에 고정하는 묵직한 부속품을 보니 납득되는 점도 있었습니다 특히 대구지점이 없어 부산지점에서 출장 출장비 발생 설치하시더군요,"['벽걸이', '설치', '심플', '스탠드', '스틸', '브로', '무타', '벽걸이', '바꾸다', '거실', '변화', '벽걸이', '설치', '무타', '손상', '진행', '가능', '벽걸이', '시공', '업체', '다양', '안전', '걸다', '떨어지다', '위험', '필자', '스탠드', '실장', '다이', '바꾸다', '고민', '지인', '방문', '나무', '휘어지다', '얘기', '다이', '알아보다', '생각', '흐름', '벽걸이', '옮기다', '무타', '벽걸이', '시공', '업체', '대하다', '공부', '시작', '많다', '시공', '업체', '전화', '통화', '시공', '영상', '시청', '업체', '가격', '다양', '자제', '다양', '뒷면', '설치', '라켓', '중요', '고정', '위하다', '부속품', '중요', '다양', '후기', '사진', '시공', '영상', '고정', '부속품', '찾아보다', '비교', '최종', '선택', '업체', '스틸', '브로', '가격', '업체', '비싸다', '고정', '부속품', '납득', '대구', '지점', '부산', '지점', '출장', '출장비', '발생', '설치']",5,2
1376,시공한지 좀 되었는데 신경쓸 것들이 많아 이제야 후기 올려봅니다 광성eng라는 업체에서 무타공하고 시계 설치 받았어요 시계는 하시는지 몰랐는데 선도 안보이고 배터리교체도 따로 할 필요 없다고해서 아이도 있다보니 온습도까지 나오는걸로 설치했어여 리모콘도있고 너무 이쁜거가아요 티비뒤에 조명까지 있어 취침등으로도 아주 잘 쓰고 인테리어 효과도 좋더라구요다른업체는 보통 한분만 오신다던데 여기는 두분이 오시고 가격도 저렴했어요 무타공 생각 중이신분은 추천드립니다 친철하시고 튼튼하게 잘 해주셨어요보험도 가입되어있어서 믿음이 가더라구요,"['시공', '신경', '쓰다', '많다', '후기', '올리다', '업체', '시계', '설치', '시계', '선도', '보이다', '배터리', '교체', '필요', '아이', '습도', '나오다', '설치', '리모콘', '이쁘다', '티비', '조명', '취침', '쓰다', '인테리어', '효과', '좋다', '업체', '가격', '저렴하다', '무타', '생각', '추천', '드리다', '보험', '가입', '믿음']",5,2
1377,왔다가셨는데 패널 바꾸는 방법 밖에 없다네요패널비만 130만원이더라구요 꽉 채워 7년 사용했는데 비싼 tv 구입했는데 생각보다 너무 빨리 고장나서 고민이 큽니다패널을 교체할지 교체하면 얼마나 더 사용할 수 있을지 차라리 새로 tv 구입하는게 나을지 이렇게 고장나니 차라리 가성비 좋은 tv 사는게 나을지 남편은 올레드로 새로 사고싶은 모양인데전 딱히 내키지가 않네요 혹시 패널 교체해서 사용하신분 계시면 후기 듣고싶구요가성비tv 이용중이신 분들은 어떠신지 궁금합니다 티비가 이렇게 가버릴줄이야 티비시청도 많이 안하는데 속상하네요,"['패널', '바꾸다', '방법', '패널', '채우다', '비싸다', '구입', '생각', '고장', '고민', '크다', '패널', '교체', '교체', '구입', '고장', '가성비', '좋다', '사다', '남편', '올레', '사다', '모양', '내키다', '패널', '교체', '계시다', '후기', '가성비', '궁금하다', '티비', '티비', '시청', '속상하다']",5,1
1378,안녕하세용최근 신혼집에 입주해 가전을 들이는 중입니다tv를 벽걸이로 설치하려 했으나 가벽이라 안된다더라구요 부득이 tv 장을 사야하는데 저는 좀 모던하고 깔끔한 분위기를 원하거든요소파는 잭슨카멜레온 매스소파이구요 어울릴 만한 걸 찾다가 usm 할러를 알게됐는데 맞는 사이즈를 사려면 300만원정도네요 카피 디자인으로 나온 다른 제품들도 많던데 그런걸로 대체해도 후회없을까요 할러를 티비 장으로 사용해보신 분들 계신다면 후기도 알려주시면 감사하겠습니다,"['안녕', '신혼', '입주', '가전', '들', '벽걸이', '설치', '사다', '모던', '분위기', '원하다', '소파', '잭슨', '카멜레온', '매스', '소파', '어울리다', '찾다', '맞다', '사이즈', '사다', '카피', '디자인', '나오다', '제품', '많다', '대체', '후회', '티비', '계시다', '후기', '알리다', '감사']",5,2
1379,예쁘네요 저는 엘지만 쓰다 삼성으로 한번바꿨다가 후회 했어요 쓴지 얼마 안되서 고장이 나버려서 엘지 냉장고 세탁기 에어컨 다 20년 넘게 썻는데 삼성 김냉은 몇년 안되 고장이 케바케 이니 이쁘게 잘쓰실꺼에요,"['예쁘다', '엘지', '쓰다', '삼성', '바꾸다', '후회', '쓰다', '얼마', '고장', '엘지', '냉장고', '세탁기', '에어컨', '넘다', '쓰다', '삼성', '고장', '케바케', '이쁘다', '쓰다']",5,1
1380,저희는 구축아파트 올리모델링 진행예정인데요 티비는 반매립 원래부터 생각하고 잇었어서 인테리어 업체랑 이야기는 되었는데 사운드바는 가전 견적보다가 추가가 된 부분이라 어떻게 할지 말씀드려야 하거든요 근데 사운드바는 매립했을때 울리는거때문에 층간소음 생길 수 있다고도 하고 또 사운드에도 영향 잇을 수 있다고 해서 어떻게 설치하는게 젤 깔끔하게 들어갈까 고민중이예요 혹시 이미 사운드바 매립 인테리어로 사용하고 계신분들 후기 알 수 있을까요 tv 아래에 사운드 바 매립해서 쓰고 있어요 음악 들을 때는 좋구요 드라마 볼때는 소리가 울리는 느낌이 좀 들어요 울릴 때는 사운드바 끄고 보구요 층간소음 이야기는 안하시던데요,"['구축', '아파트', '리모델링', '진행', '예정', '티비', '매립', '원래', '생각', '인테리어', '업체', '이야기', '사운드', '가전', '견적', '추가', '말씀', '드리다', '사운드', '매립', '울리다', '소음', '생기다', '사운드', '영향', '설치', '깔끔', '들어가다', '고민', '사운드', '매립', '인테리어', '후기', '아래', '사운드', '매립', '쓰다', '음악', '좋다', '드라마', '소리', '울리다', '느낌', '들다', '울리다', '사운드', '끄다', '소음', '이야기']",5,2
1381,곧 이사를 앞두고 있습니다 이사갈집 인테리어 공사를 진행 중인데 이번에 tv를 98인치 벽걸이로 구입하면서완전 매립으로 목작업을 마쳤습니다 궁금한 점이 1 삼성에서 텔레비전을 설치해 주시러 오실때 목작업한 공간에 완전 매립으로 넣어주시나요 아니면 완전매립은 삼성기사분의 영역이 아니라서 매립설치 기사분을 개인적으로 불러야 하나요 2 만약 삼성기사분이 매립으로 설치를 해주신다면 tv설치는 이사전에 진행되는거라 먼저 설치될것이고 추 후 유플러스 ip tv를 연결할 것인데 인터넷 설치 기사분이 먼저 매립된 tv뒤에 셋텁박스를 정리해서 넣어주시나요 고난이도의 작업이 아닌가 해서 3 매립전문 기사님을 부른다면 비용은 어느정도인지 벽걸이 tv는 처음이라 ip tv를 텔리비전 오기전에 먼저 연결하는게 순서인지 텔레비전을 먼저 설치하는게 순서인지도 모르겠고삼성 기사님께서 매립작업을 해주시는지도 모르겠고 인터넷 설치기사님께서 매립된 tv뒤에 셋텁숨기고 선정리하고이런것을 해주시는 지도 모르겠고 인터넷 찾아봐도 매립설치만 전문으로 하는 기사분님 방문 후기 밖에 없고 도와주세요 삼성설치 기사님이 어디까지 해주시는지 모르겠지만 매립전문 기사님이 오셔야 깔금하긴하고 인터넷 티비 설치후에 기사님은 완벽작업은 아니고 그냥 뒤에 안보이는 정도로만 해놓시는거라 혹시나 뭐 더 원하는게있음 그 자리를 미리 만들어 놔야해요 완벽을 원하시면 집주인이 손을 좀 보긴해야하는거같아요,"['이사', '앞두다', '이사', '인테리어', '공사', '진행', '벽걸이', '구입', '매립', '작업', '마치다', '궁금하다', '삼성', '텔레비전', '설치', '작업', '공간', '매립', '넣다', '매립', '삼성', '기사', '영역', '매립', '설치', '기사', '개인', '부르다', '삼성', '기사', '매립', '설치', '설치', '사전', '진행', '설치', '플러스', '연결', '인터넷', '설치', '기사', '매립', '셋텁', '박스', '정리', '넣다', '난이도', '작업', '매립', '전문', '기사', '부르다', '비용', '벽걸이', '늘다', '비전', '연결', '순서', '텔레비전', '설치', '순서', '삼성', '기사', '매립', '작업', '인터넷', '설치', '기사', '매립', '셋텁', '숨기다', '서다', '정리', '인터넷', '찾아보다', '매립', '설치', '전문', '기사', '방문', '후기', '삼성', '설치', '기사', '매립', '전문', '기사', '인터넷', '티비', '설치', '기사', '완벽', '작업', '보이다', '시', '원하다', '자리', '만들다', '완벽', '집주인']",5,2
1382,심각한 결정 장애가 왔어요 부탁합니다 둘중 어떤게 나을가요 1번 아이보리장점 맘에 드는 디자인 사이즈 기존소파보다 날씬 2번 소파보다 전 tv쪽으로 나오는게 싫어요 거실이 좁아지는건 으 가격 2번 소파보다 55만원 저렴 단점 아주 밝은 아이보리 넘 흰색이라 때탈까봐 내구성 의심 후기보면 주글거림이 보여서,"['심각하다', '결정', '장애', '부탁', '가다', '아이보리', '장점', '들다', '디자인', '사이즈', '기존', '소파', '날씨', '소파', '나오다', '싫다', '거실', '가격', '소파', '단점', '밝다', '아이보리', '흰색', '타다', '내구', '의심', '후기', '거리', '보이다']",5,2
1383,벽에 구멍내기도 그렇고 나중에 구멍 복구하는 비용도 꽤 들어가서 고민하다가 무타공 벽걸이 tv설치로 진행했습니다 게시판에 여러 업체 후기 비교해보다가 스틸브로에서 유선으로 상담받고 믿음가서 설치했네요 깔끔하게 설치된듯 힙니다 무타공 벽걸이tv 벽걸이 tv설치 벽걸이 tv 스틸브로 무타공 벽걸이 tv 스틸브로 벽걸이 tv설치,"['구멍', '내다', '구멍', '복구', '비용', '들어가다', '고민', '무타', '벽걸이', '설치', '진행', '게시판', '업체', '후기', '비교', '스틸브', '유선', '상담', '믿음', '설치', '깔끔', '설치', '무타', '벽걸이', '벽걸이', '설치', '벽걸이', '스틸', '브로', '무타', '벽걸이', '스틸', '브로', '벽걸이', '설치']",5,2
1384,거거익선이래서 85인치 예약했는데요 거실에 놓을건데 85인치는 너무 커서 쇼파서 볼때 화면이 눈이 부담스러울것같은데 실제 어떠신가요 대리점서보니 한눈에 쏙안들어서 눈이 피로했음 근시있음 75인치나 85인치 어떤게 고르는게 좋을까요 사용후기 알려주세요,"['예약', '거실', '놓다', '크다', '쇼파', '화면', '부담', '대리점', '서다', '한눈', '피로', '근시', '고르다', '좋다', '후기', '알리다']",5,2
1385,이번에 이사가면 거실에 tv 바꾸고 싶어서 요즘 엄청 알아보는데 오늘의집에서 삼성 77인치 oled tv 이 모델 할인하고 사은품주는 프로모션있더라구요 즉시할인이랑 장바구니 30만원 할인 받아서 410만원이고 여기서 포토리뷰 작성하고 플친하면 45만원 신세계상품권이랑 인스타나 블로그에 후기포스팅올리면 추가 60만원 상품권 지급되서 체감가가 305만원정도 되네요 이정도면 가격방어 괜찮은거 맞겠죠,"['이사', '거실', '바꾸다', '요즘', '알아보다', '오늘', '삼성', '모델', '할인', '사은품', '프로모션', '즉시', '할인', '장바구니', '할인', '포토', '리뷰', '작성', '친하다', '신세계', '상품', '인스타', '블로그', '후기', '포스팅', '올리다', '추가', '상품', '지급', '체감', '가격', '방어', '괜찮다', '맞다']",5,2
1386,이사가면서 85인치로 tv 새로 사고 벽걸이 설치하려고 했는데 집주인의 반대로 벽걸이 못하나 포기하고 있었습니다 그러다가 우연히 무타공 벽걸이 설치라는걸 알게돼서 폭풍 검색해보고 설치했네용 집에서 제일 비싼 가전이라 떨어지면 어쩌나 걱정도 많이 했는데 혹시나 떨어지면 보상도 해주고 다른 곳 후기보니까 성인남자가 매달려도 안떨어지는 사진보면 믿을만한거 같아요 혹시 저처럼 세입자라서 벽걸이 포기하고 계신분 계시면 참고하시라고 무타공 설치 후기 남깁니다,"['이사', '사다', '벽걸이', '설치', '주인', '반대', '벽걸이', '포기', '그러다', '무타', '벽걸이', '설치', '폭풍', '검색', '설치', '비싸다', '가전', '떨어지다', '어쩌다', '걱정', '떨어지다', '보상', '후기', '성인', '남자', '매달리다', '떨어지다', '사진', '세입자', '벽걸이', '포기', '계시다', '참고', '무타', '공', '설치', '후기', '남기다']",5,2
1387,한참 회사다니며 바쁠때 인테리어하고 이사하느라 글올릴정신도 없었는데지금 잠시 백수상태가 되서 시간은 좀 지났지만 올려보아요 좀 작은평수로 집을 옮기면서 수납공간이 제일 간절해서 거실을 월플렉스로 시공했어요 정말 수납력 짱이랍니다 그런데 단점이 있어요현재 tv가 50인치거든요 싸이즈 큰거 바꾸려면 이사해야해요,"['한참', '회사', '다니다', '바쁘다', '인테리어', '이사', '올리다', '정신', '백수', '상태', '시간', '지나다', '올리다', '작다', '평수', '옮기다', '수납', '공간', '거실', '월플렉스로', '시공', '수납', '최고', '단점', '싸이즈', '크다', '바꾸다', '이사']",5,2
1388,이것은 저의 내돈내산 찐후기요 전세집이라 이젤형식으로 티비 놓다보니 아이가 자꾸 티비 바로 앞에 있기도 하고 자리차지도 하고 또 모서리에 머리콕도 하고 하다 보니 자꾸 벽걸이 티비가 하고싶더라구요 찾아보니까 보통 타일에 구멍 몇개는 뚫어야 하는 곳이 많아서 늘 포기 했었는데검색해보다가 단자함에 무타공으로 설치하는 업체를 찾아서 했어요 티비 밑에 티비 선이 하나 나와있는데 그건 저희 집 하자래요 아예 깔끔한 걸 원했는데 이부분이 좀 아쉽긴 하네요 다른 업체에 비해 가격은 좀 있는 편이지만 진짜 무타공이라서 맘 놓여요,"['내다', '사다', '찌다', '후', '기', '전세', '형식', '티비', '놓다', '아이', '티비', '자리', '차지', '모서리', '머리', '벽걸이', '티비', '찾아보다', '보통', '타일', '구멍', '뚫다', '많다', '포기', '검색', '단자', '설치', '업체', '찾다', '티비', '티비', '나오다', '하다', '깔끔', '원하다', '업체', '비하', '가격', '놓이다']",5,2
1389,거실 길이가 2800정도라 좁아서 소파 고민이에요 요즘 소파는 깊이가 950정도는 되더라구요 거실 길이 2800에 소파 깊이950들어가면 남는공간이 2미터 조금 안되는데 괜찮을까요tv는 벽걸이로할거고 tv선반이나 거실 테이블은 안할거에요 간혹 800 850정도 사이즈 소파가 있긴한데 맘에안들어요 너무 고민이에요 혹시 저처럼 거실 작은데 950깊이 소파 하신분 계신가요 지내시기 괜찮은가요,"['거실', '길이', '소파', '고민', '요즘', '소파', '깊이', '거실', '길이', '소파', '깊이', '들어가다', '남다', '공간', '괜찮다', '벽걸이', '선반', '거실', '테이블', '사이즈', '소파', '들다', '고민', '거실', '작다', '소파', '계시다', '지내다', '괜찮다']",5,2
1390,무타공 타공 고민하다가 스틸브로 무타공이 타공만큼 튼튼하다하여 선택했어요기사님이 장비를 가져오시고 시공해주셨는데 도구함도 엄청 깨끗하고 친절하셨어요설치해주시고서는 tv작동여부도 꼼꼼히 확인해주시고 인치수가 커지면 기존 브라켓 에서 차액만 지불하고 업그레이드 할수 있는것도 큰 장점 인듯 합니다tv 안키고 꺼진 tv만 봐도 기분 너무 좋아요닌텐도도 설치했는대 널부러진 전선 안봐도되서 너무 좋아요,"['무타', '고민', '스틸', '브로', '무타', '선택', '기사', '장비', '가져오다', '시공', '도구', '친절', '설치', '작동', '여부', '확인', '커지다', '기존', '브라켓', '차액', '지불', '업그레이드', '크다', '장점', '키', '꺼지다', '기분', '좋다', '닌텐도', '설치', '널부러지다', '전선', '좋다']",5,2
1391,전세집이라 타공을 못해서85인치 맞는 거실장을 찾으려하는데 리뷰들이 적다보니 힘들어요 거실장을 놓으면 답답해보이기도하고 시중에 거실장이 거의 낮은편인데 크타보니 높이랑 넓이가 고민이에요설치하신분들 사진이나 후기 소개등 부탁드려요,"['전세', '맞다', '실장', '찾다', '리뷰', '적다', '힘들다', '거실', '놓다', '보이다', '시중', '실장', '낮다', '타다', '높이', '넓이', '고민', '설치', '사진', '후기', '소개', '부탁드리다']",5,2
1392,장인가구에서 그냥 길이만 보고 얼추 골랐는데 위에부분이 강화유리인데 무게가 50키로가 넘으니 장담을 못하겠다고해서 다시 상판이 세라믹인걸로 골랐어요 75인치랑 85인치 무게차이 10키로정도 나는거같아요,"['장인', '가구', '길이', '고르다', '강화', '유리', '무게', '넘다', '장담', '상판', '세라믹', '고르다', '무게', '차이']",5,2
1393,티비가 커서 높이는 500이상이면 괜찮습니다 쇼파앉는 기준으로 정면보다는 살짝 아래로 향하는게 좋다고 해요 저도 85인치 결제하고 나서 보니까 스탠드티비라 저도 거실장때문에 죽겠는데 가로길이는 2400 되어야 합니다 후에 벽걸이를 하더라도 안정감이 근데 그러기에는 1800 600 처럼 길이를 맞춰야하는데 저는 티비가 중간에 딱 오는 느낌을 주고 싶은데 1800 거실장에 600 협탁 붙이니 중간이 안맞는 느낌 전 1200 2개로 맞췄어요 나중에 거실장 없이 쓰려고 해도 1200 이면 어디든지 인테리어할수있을것같아서요 높이는 600까지 가능한대도 500 맞췄습니다,"['티비', '크다', '높이', '이상', '괜찮다', '쇼파', '앉다', '기준', '정면', '아래', '향하다', '좋다', '결제', '스탠드', '티비', '실장', '죽다', '가로', '길이', '벽걸이', '안정감', '그러다', '길이', '맞추다', '티비', '중간', '느낌', '실장', '붙이다', '중간', '맞다', '느낌', '맞추다', '실장', '쓰다', '인테리어', '높이', '가능', '맞추다']",5,2
1394,요즘 갑자기 벽걸이를 너무 하고싶었어요 근데 타일 깨지는 건 싫고 그래서 무타공 티비설치를 여기 저기 알아보니 가격이 천차만별이던데 스틸브로가 가격이 그 중에 높은 편이라 고민되더라구요 그런데 통화한통 하고 마음이 정해졌어요,"['요즘', '벽걸이', '타일', '깨지다', '싫다', '타다', '티비', '설치', '알아보다', '가격', '천차만별', '스틸', '브로', '가격', '높다', '고민', '통화', '마음', '정하다']",5,2
1395,신혼때 구입한 삼성 42인치 티비를 9년동안 사용하다가 올해 초에 30평대로 이사하며 큰 티비로 바꾸려고 많이 알아봤어요 85인치를 구입하고자 마트나 디지털프라자를 가서 문의하면 할인받아도 600만원을 넘어서 헉 하고 돌아오곤했죠 블프만을 기다리자며 30평대 아파트에서 42인치를 보며 1년을 보냈는데 막상 블프가 다가와도 85인치 여전히 비싸더라구요 신랑이 여기저기 알아보더니 직구를 하자며 저를 설득했어요 처음 직구 말만 듣고 반대를 했죠 티비 오다 깨지면 누가 책임지는거냐 as 안 되는거 아니냐 한국에서 안 되는 기능 있지 않겠냐 의심스러운 말만 늘어놓았죠 그런데 직구도 안전하다는 신랑 설득에 관련 글 많이 찾아보고 가격 또한 국내보다 많이 싸져서 그러기로 하였습니다 lg or 삼성 선택에서는 신랑과 사양별로 알아보다가 가격대비 삼성이 사양이 괜찮을 것 같아서 삼성으로 결정했어요 처음에는 무조건 85인치를 사려고 했는데 다른집들 보니 85인치도 커보이고 75인치도 커보이더라구요 끝까지 75인치와 85인치 엄청 고민했지만 직구여도 삼성 neo qled 모델인 75인치 와 85인치 가 120만원정도의 차이가 나서 85인치 약간의 미련을 떨쳐버리고 75인치로 결정했습니다 10월말에 주문해서 11월중순이 조금 지나 받았어요 직구이니만큼 딱 21일걸렸네요 신랑 말대로 아무 문제 없이 잘 도착했고 국내보다 200정도 싸게 사서 아주 만족하고 있어요 75인치 엄청커요 9년동안 옛날티비보다가 신상티비로 보니 화질 장난 아니네요 제가 bts팬인데 큰 화면과 풍부한 사운드로 약간 오바해서 콘서트에 온 기분입니다 아이들도 집에 큰 티비있다고 엄청 좋아해요 자꾸 리모컨을 들고 와서 뽀로로를 틀어달라고 해요 또 티비가 커지니 거실이 확 살아나요 역시 거실 인테리어의 메인은 티비인것같아요 저처럼 직구 티비 겁나셨던 분들 가격을 낮추기 위해 직구 생각보다 안전하고 괜찮은것 같아요 추천합니다,"['신혼', '구입', '삼성', '티비', '동안', '올해', '이사', '크다', '티비', '바꾸다', '알아보다', '구입', '마트', '디지털', '프라자', '문의', '할인', '넘다', '돌아오다', '블프', '기다리다', '아파트', '보내다', '블프', '다가오다', '비싸다', '신랑', '여기저기', '알아보다', '직구', '설득', '직구', '반대', '티비', '깨지다', '책임지다', '한국', '기능', '의심', '늘어놓다', '직구', '안전', '신랑', '설득', '찾다', '가격', '국내', '싸다', '그러다', '삼성', '선택', '신랑', '사양', '알아보다', '가격', '대비', '삼성', '사양', '괜찮다', '삼성', '결정', '사다', '크다', '보이다', '크다', '보이다', '고민', '직구', '이다', '삼성', '모델', '차이', '미련', '떨치다', '결정', '주문', '중순', '지나다', '직구', '걸리다', '신랑', '문제', '도착', '국내', '싸다', '사다', '만족', '크다', '동안', '티비', '신상', '티비', '화질', '장난', '크다', '화면', '사운드', '오바', '콘서트', '기분', '아이', '크다', '티비', '좋아하다', '리모컨', '들다', '뽀로로', '틀다', '티비', '커지다', '거실', '살아나다', '거실', '인테리어', '메인', '티비', '직구', '티비', '겁나다', '가격', '낮추다', '위하다', '직구', '생각', '안전', '괜찮다', '추천']",5,2
1396,짝짝짝 현명한 소비 직구의 세계에 오신 걸 환영합니다 남동생이 곧 결혼하면서 신혼집에 들어갈 유일한 가전 다른 가전은 모두 빌트인 으로 국내에 출시 된 삼성 110인치 1억7천 두 대 사려 하던데 이 글 보고 한 대 는 현명하게 직구 알아보라 해야겠네요 사진 보니 손상되지 않고 잘 왔네요 축하드립니다,"['현명', '소비', '직구', '세계', '환영', '남동생', '결혼', '신혼', '들어가다', '유일', '가전', '가전', '빌트', '국내', '출시', '삼성', '사다', '현명', '직구', '알아보다', '사진', '손상', '축하', '드리다']",5,2
1397,네 현재 기준 국내 출시된 대기업 브랜드 tv 중에 가장 큰 사이즈입니다 여의도 더현대에서 실물 보고 왔었는데 확실히 시원하고 화질 좋더라고요 1억7000만원짜리 tv 화질 끝판왕 삼성전자 마이크로 led tv 110인치 원문링크,"['기준', '국내', '출시', '기업', '브랜드', '크다', '사이즈', '여의도', '현대', '실물', '화질', '좋다', '화질', '끝판왕', '삼성전자', '마이크', '원문', '링크']",5,1
1398,집이 24평형이라 거실이 그다지 넓지 않은데tv 욕심이 있어서 77인치를 샀더니 너무 크더라구요그래서 좀더 거실이 넓어보이기 위해 무타공설치를 열심히 서치했습니다 요즘에는 무타공설치 업체들이 많이 생겨나고 있는데그 중에서 스틸브로가 무타공설치 최초업체이기도 하고후기가 많은데 다들 만족하는 후기들이기에 더 믿음이 가서 이곳으로 결정했습니다 전화로 문의를 했더니 설치가능한 조건들을 갖추고 있는지 설치벽면이 가벽이 아닌지 그리고 콘센트가 위아래 있는 집인지 만약 아래에만 있다면 콘센트 아래쪽으로 검은 덮개가 보일수도 있는데 괜찮은지 에 대해 확인을 하시더라구요다른업체에 문의했을때는 이런거 안물어보시던데 신뢰감 더 올라갔고요 기본설치 티비 셋탑1 공유기1 서비스 조명등 77인치로 35만원 견적이 나왔고 계약금 3만원 입금 후 예약완료 했습니다설치는 원하는 날 지정해서 가능했고 일주일안으로 가능했어요 빨라서 좋더라구요 일 해결 빠릿빠릿하게 하고싶은 사람이라 이런거 중요해요,"['거실', '넓다', '욕심', '사다', '크다', '거실', '넓다', '보이다', '위하다', '무타', '설치', '서치', '요즘', '설치', '업체', '생겨나다', '스틸', '브로', '무타', '설치', '최초', '업체', '후기', '많다', '만족', '후기', '믿음', '결정', '전화', '문의', '설치', '가능', '조건', '갖추다', '설치', '벽면', '콘센트', '위아래', '만약', '아래', '콘센트', '아래쪽', '검다', '덮개', '보이다', '괜찮다', '대하다', '확인', '업체', '문의', '물어보다', '신뢰감', '올라가다', '기본', '설치', '티비', '공유', '서비스', '조명', '견적', '나오다', '계약금', '입금', '예약', '완료', '설치', '원하다', '지정', '가능', '가능', '빠르다', '좋다', '해결', '사람', '중요']",5,2
1399,저희가 다음달에 전세집 입주하는데 벽걸이 tv설치를 못해여 근데 부동산에 물어봐서무타공으로 해도 되냐니까 구멍만 안생기면 가능하다고 하는데 블로그 후기에 무타공벽걸이는 구멍을 안뚫고콘센트 부분을 빼서 진행한다고하는데 아무리 사진으로 봐도 어려운 구조라서요 정말 설치하고 제거까지 해도 흔적 안남는지궁금합니다 기술적인 부분이라 저는 잘 모르긴 하는데안뚫리고 벽 손상이 전혀 없는게 맞나요,"['다음', '전세', '입주', '벽걸이', '설치', '부동산', '물어보다', '구멍', '생기다', '가능', '블로그', '후기', '무타', '벽걸이', '구멍', '뚫다', '콘센트', '빼다', '진행', '사진', '구조', '설치', '흔적', '남다', '궁금하다', '기술', '뚫리다', '손상', '맞다']",5,2
1400,저희 집 무타공 했어요 거실 아트월쪽인가 보면 중간에 콘센트함처럼 생긴거 그거 플라스틱만 떼내면 벽자체에 속에 구멍이 원래 있어요 거기다가 해주세요 저는 여기저기 알아보고 후기 제일 많고 가장 오래된거 같아서 스틸브 에서 했어요 홈피 한번 가보세요 전에 집에서 2년 무타공해서 살고 올해 9월에 지금 집으로 이사와서도 또 설치 했는데 전집에서 티비 떼고 원래있던 콘센트 플라스틱 넣어서 처음벽이랑 똑같이 해주셨어요,"['무타', '거실', '아트', '중간', '콘센트', '생기다', '플라스틱', '떼', '자체', '구멍', '여기저기', '알아보다', '후기', '제일', '많다', '스틸브', '홈피', '무타', '살다', '올해', '이사', '설치', '티비', '떼', '원래', '콘센트', '플라스틱', '넣다']",5,2
1401,요런 방식도 추천드립니다 윈팩토리 무타공 벽걸이 티비 거치대 튼튼한 나무기둥 자체가 상품이에요 나중에 이사할때도 가져갈수 있어서 추가비용없이 벽이 아닌곳에도 설치 가능하다는게 장점,"['방식', '추천', '드리다', '팩토리', '무타', '벽걸이', '티비', '거치대', '나무', '기둥', '자체', '상품', '이사', '가져가다', '추가', '비용', '설치', '가능', '장점']",5,2
1402,아기있는집 tv거치대 어떤거 쓰시나요 현재 거실은 벽걸이로 했는데 tv가 신규로 하나 더 생겨서 안방에 거치대 두고 쓸려고 하는데4살 남아랑 둘째 1월예정인데 거치대도 이동식도 있고 이젤형도 있고 별의별게 있더라고요 아기있는집 어떤거 많이 쓰나요 아기가 잡고 서도 괜찮은걸로 추천해주세요 그리고 이런거 설치 잘 못하는 부부라 업체 쓰고 싶은데 이런 것도 업체껴서 되는지 셀프로도 쉬운지 후기 부탁드립니다,"['아기', '거치대', '쓰다', '거실', '벽걸이', '신규', '생기다', '안방', '거치대', '두다', '쓰다', '남다', '둘째', '예정', '거치대', '이동식', '이제', '아기', '쓰다', '아기', '서다', '괜찮다', '추천', '설치', '부부', '업체', '쓰다', '업체', '끼', '셀프', '후기', '부탁', '드리다']",5,2
1403,먼저 에서 했어요 후기이벤트를 위해 작성합니다 저희티비는 75인치이고요28부터 저렴한 업체가 많았으나 에어컨처럼 이전설치하면 비싸기에 이전설치비용까지 고려했어요 티비 큰거 사면서 스텐드용으로 샀는데 티비 다이가 넘 불쌍해보이더라고요 기존46인치 버티다가이번에 무타공 벽걸이했어요첨 해보는데 오우 넘 좋은데요 선정리만 해줘도 깔끔한데 공유기 등등도 두줄 해주세요 똑딱이지만 없는거보단 좋것쥬,"['후기', '이벤트', '위하다', '작성', '티비', '저렴하다', '업체', '많다', '에어컨', '이전', '설치', '비싸다', '이전', '설치', '비용', '고려', '티비', '크다', '사다', '스텐', '사다', '티비', '다이', '보이다', '기존', '인치', '버티다', '무타', '벽걸이', '좋다', '정리', '공유', '좋다']",5,2
1404,새집으로 입주하고 가전들어올때 tv 고민이 있었어요저희집 tv는 77인치 인데 무타공으로 할지 타공으로 할지 아님 65인치로 바꿔야하나 고민하다가tv는 거거익선 이라는 주위에 말을 듣고 77인치로 고 하였습니다 타공으로 하였고 tv가 먼저 설치 되는 바람에 iptv 및 인터넷 설치는 나중에 하게 되었어요혹시나하여 인터넷기사님께 선정리를 부탁드렸는데 거기까지는 안해주신다고 하셔서부랴부랴 선정리 업체를 알아보다가 후기를 보고 믿음직스러운 스틸브로로 선택하였습니다 사실 그냥 선정리하지 않고 살까 했는데 저희는 tv장은 하지 않고 깔끔하게 살고 싶어서선정리는 필수 였습니다 보통 무타공과 같이 하게되서 비싸거나 아님 선정리만 따로 안해주시려나 생각했는데 아니였습니다 상담해주시는 분도 너무 친절하셨고 특히 맞벌이 하는 저희로서는 시간약속이 정말 중요한데시간약속도 칼 같이 지켜주시고 제일 중요한 설치와 친절하셔서 스틸브로 강추합니다 마무리까지 정말 깔끔하시고 집 문밖을 나가는 순간까지 친절하셨습니다 나중에 이사가게 되면 또 스틸브로에서 하려구요,"['입주', '가전', '들어오다', '고민', '늘다', '무타', '바꾸다', '고민', '늘다', '주위', '설치', '인터넷', '설치', '인터넷', '기사', '정리', '부탁', '드리다', '정리', '업체', '알아보다', '후기', '스틸', '브로', '선택', '정리', '살다', '살다', '정리', '필수', '비싸다', '정리', '생각', '상담', '친절', '맞벌이', '시간', '약속', '중요', '시간', '약속', '지키다', '중요', '설치', '친절', '스틸', '브로', '마무리', '깔끔', '나가다', '순간', '친절', '이사', '스틸', '브로']",5,2
1405,벽걸이 tv 설치업체 알아보다가 스틸브로라는 데를 알게 되었는데 무타공이라 안전할지 걱정이 많았지만 후기도 많고 다른곳보다 체계적인 것 같아 고민끝에 선택하여 설치하였어요 간접등도 달아주시고 설치도 깔끔하게 잘되서 너무 만족해요,"['벽걸이', '설치', '업체', '알아보다', '스틸', '브로', '무타', '안전', '걱정', '많다', '후기', '많다', '체계', '고민', '선택', '설치', '간접', '달다', '설치', '만족']",5,2
1406,아직 결혼식은 3개월 정도 남았지만남자친구의 로망인 독립해서 혼자 살기 를 이뤄주기 위해 신혼집을 일찍 얻고 이것저것 꾸미고 있는 예비신부입니다 당분간 남친 혼자 살긴하지만 어차피 같이 살 집이니 제 맘에 들게 꾸미고 있는데요제가 강력히 주장한 것 중 하나가 바로 벽걸이 티비예요 개인적으로 거실에 거실장 없이 벽걸이티비만 있는게 깔끔하고 예뻐보여서 무조건 벽걸이티비로 하겠다고 결심했지만아무래도 전세집이다 보니 함부로 벽을 뚫기가 어려워서 고민하던 차에 무타공 벽걸이 티비 설치업체를 찾았습니다 스틸브로에서 진행했구요 65인치 tv 기준 견적은 33만원입니다 설치소요시간은 2시간 쫌 넘게 걸렸는데설치완료된 모습을 보니 너무너무 만족스러워요 완전깔끔,"['결혼식', '남다', '남자', '친구', '로망', '독립', '혼자', '살다', '이루다', '위하다', '신혼', '이것저것', '꾸미다', '예비', '신부', '남친', '살다', '살다', '들다', '꾸미다', '주장', '벽걸이', '티비', '개인', '거실', '거실', '벽걸이', '티비', '예쁘다', '보이다', '벽걸이', '티비', '결심', '전세', '뚫다', '고민', '무타', '벽걸이', '티비', '설치', '업체', '찾다', '스틸브', '진행', '기준', '견적', '설치', '소요', '시간', '넘다', '걸리다', '설치', '완료', '모습', '만족', '깔끔']",5,2
1407,혹시 삼성 크리스탈 uhd tv 최근에 바꾸신 분 계시나요 화질 안좋다는 후기도 많은데 그렇게 큰 화질은 기대 안하는데 사용하시는준 후기 알려주세요 그리고 유플러스 kt 티비 가입안해도 티비 설치하면 기존에 유선 처럼 시청 가능하겠죠,"['삼성', '크리스탈', '최근', '바꾸다', '계시다', '화질', '좋다', '후기', '많다', '크다', '화질', '기대', '후기', '알리다', '플러스', '티비', '가입', '티비', '설치', '기존', '유선', '시청', '가능']",5,2
1408,기존에 35평에 거주하면서 55인치 티비를 사용하고 있었는데 전혀 불편함이 없이 잘 사용하고 있었습니다 이번에 이사하면서 펀조이에서 거거익선이라는 말에 홀려 85인치로 바꾸기로 결정하고 tv직구를 알아봤어요 저희는 tv로 드라마를 주로 보며 아이들 프로그램을 자주 시청하지만 이왕이면 화질 좋은 모델로 찾다가 선택하게 되었습니다 그전에 하이마트와 삼성프라자 롯데백화점등을 방문하였으나 제가 필요한 모델을 권유하지 않거나 비싸거나했습니다 지금 생각하면 1등급짜리 티비사라고 권유하던 판매원 너무 황당하네요 하이마트 2군데다 티비 좋은거 필요없고 1등급이 최고라고 했는데 거기에 넘어갔다면 끔찍합니다 그때 우리를 뭣도 모르는 사람이라고 생각했는지 똑같은 사양이라고 했거든요 백화점은 가격을 800만원이나 부르니 어떻게 해외직구를 안할수 있을까요 이래서 조금 번거럽더라도 해외직구를 해보기로 마음 먹었습니다 펀조이 직구가 가격도 괜찮고 모든것을 대행해주니 너무 편리하고 신경쓰것없어보여 이 싸이트를 선택하였고 많은 블로거 및 카페에서 추천도 많이 받았습니다 긴박하게 신청하였지만 제가 원했던날에 배송받았고 빠른 설치 및 친절에 감동하였습니다 함 10월30일날 신청하여 11월16일날 배송받았으니 엄청 빨리 배송되었고 안전하게 왔습니다 혹시 뽑기 운이 없어 안좋으면 어떻하지 고민했지만 티비 좋기만 하네요설치는 약 20분 정도 걸렸었고 코드는 카카오톡 문의때는 돼지코면 충분하다고 안내받았지만 현장 설치하시는 분이 이왕이면 코드 변경해서 쓰는게 좋다고하여 1만원 결제해서 바로 설치해 주셨어요 전기 코드가 그냥 뽑고 교체하는 게 아니라 티비 드라이버로 티비 뒤면의 판을 열고코드를 바꾸는 작업이라 좀 비싸더라고 배송 설치해 주실 때 한 번에 하는 게 좋긴 하더라고요,"['기존', '거주', '티비', '불편', '이사', '펀조', '홀리', '바꾸다', '결정', '직구', '알아보다', '드라마', '아이', '프로그램', '시청', '화질', '좋다', '모델', '찾다', '선택', '하이마트', '삼성', '프라자', '롯데백화점', '방문', '필요', '모델', '권유', '비싸다', '생각', '등급', '티비', '사다', '권유', '판매원', '하이마트', '티비', '좋다', '필요', '등급', '최고', '넘어가다', '사람', '생각', '똑같다', '사양', '백화점', '가격', '부르다', '해외', '직구', '번거럽', '해외', '직구', '마음', '먹다', '펀조', '직구', '가격', '괜찮다', '대행', '편리', '신경', '쓰다', '보이다', '싸이트', '선택', '많다', '블로거', '카페', '추천', '긴박', '신청', '원하다', '배송', '빠르다', '설치', '친절', '감동', '신청', '배송', '배송', '안전', '뽑기', '좋다', '고민', '티비', '좋다', '설치', '걸리다', '코드', '카카오톡', '문의', '돼지', '내다', '현장', '설치', '코드', '변경', '쓰다', '좋다', '결제', '설치', '전기', '코드', '교체', '티비', '드라이버', '티비', '열다', '코드', '바꾸다', '작업', '비싸다', '배송', '설치', '좋다']",5,2
1409,벽걸이 티비 구입하려고하는데요즘은 벽에 구멍뚫지않고 벽에 거는무타공 벽걸이 업체가 많더라구요 후기 뒤져보니 만족도가 다들 높으시던데 디지털프라자에서는직원이 벽뚫고 걸었는데 tv 떨어지면 보상 무타공 시공으로 tv떨어지면 책임없음 이라고 하더라구요 티비 떨어졌다는 후기는 본적 없는데어떠신가요 65인치 티비에 셋탑박스까지 걸려고합니다,"['벽걸이', '티비', '구입', '요즘', '구멍', '뚫다', '타다', '벽걸이', '업체', '많다', '후기', '뒤지다', '만족도', '높다', '디지털', '프라자', '직원', '뚫다', '떨어지다', '보상', '무타', '시공', '떨어지다', '책임', '티비', '떨어지다', '후기', '티비', '박스', '걸다']",5,2
1410,벽 2 3 하단에 콘센트 tv선이 달려 있는 구조라야 가능하고 석고보드 벽이거나 하단에 콘센트가 있는 벽이면 불가능 가능해도 당연 벽체 구멍은 정해져있고 tv는 클수록 하중이 무거우니 당연 작은거보다는 위험은 존재 무타공은 주로 세입자나 단기거주나 나중에 스탠드로 할 경우 대비로 하는 편 그외 자가나 계속 벽걸이로 사용한다면 안전하게 타공해서 하거나 무타공하거나 무타공은 새로 구멍을 뚫지 않을뿐 반드시 기존 구멍에 브라켓을 고정하는 설치법,"['하단', '콘센트', '달리다', '구조', '가능', '석고', '보드', '하단', '콘센트', '가능', '벽체', '구멍', '정하다', '크다', '하중', '작다', '위험', '존재', '무타', '세입자', '단기', '거주', '스탠드', '대비', '벽걸이', '안전', '타다', '구멍', '뚫다', '기존', '구멍', '라켓', '고정', '설치']",5,2
1411,에어컨 냉장고 티비 건조기 다 삼성인데 건조기 빼고 다 마음에 안들어요 어디꺼를 사나 뽑기긴 한데 그래도 엘지꺼 뽑기 하고 싶어요 안그래도 냉장고 살때 됐는데 삼성은 쳐다도 안봐요 아 작년에 삼성 샀다가 설치 문제로 취소 했는데 삼성 기사님 와서 냉장고는 엘지 사세요 하고 갔어요,"['에어컨', '냉장고', '티비', '건조기', '삼성', '건조기', '빼다', '마음', '들다', '사다', '뽑기', '엘지', '뽑기', '냉장고', '사다', '삼성', '치다', '작년', '삼성', '사다', '설치', '문제', '취소', '삼성', '기사', '냉장고', '엘지', '사다']",5,1
1412,네 제가 작년에 삼성꺼 사서 설치 까지 왔는데 위치가 여긴 안된다해서 취소 시켰거든요 그분이 저한테 자기도 엘지꺼 쓴다고 다음엔 엘지로 사래요 모터가 엘지가 좋대요 저는 에어컨에 한번 데이고 다시는 삼성 안사야지 했는데 그래도 냉장고가 냉장고지 하며 삼성 샀다가 그래서 지금도 엘지꺼만 장바구니에 담아놨어요 같은 스펙에서 엘지가 더 비싼데도 엘지 살려구요,"['작년', '삼성', '사다', '설치', '위치', '취소', '엘지', '쓰다', '다음', '엘지', '사다', '모터', '엘지', '좋다', '에어컨', '데', '삼성', '사다', '냉장고', '냉장고', '삼성', '사다', '지금', '엘지', '장바구니', '담다', '스펙', '엘지', '비싸다', '엘지', '살다']",5,1
1413,삼성꺼 쓰다가 이번엔 엘지꺼 써보자고 엘지꺼 구매했는데 세워두면 삼성껀지 엘지껀지 티안나고 성능은 냉장 냉동이고 별 다른점이 없네요 걍 둘러보시고 맘에드는거 사시면 될거 같아요 죽어도 이번엔 엘지꺼 고집했는데 별 감흥이없어요,"['삼성', '쓰다', '엘지', '쓰다', '엘지', '구매', '세우다', '삼성', '엘지', '성능', '냉장', '냉동', '둘러보다', '사다', '죽다', '엘지', '고집', '감흥']",5,1
1414,결혼하고 16년이되니 살림이 하나둘씩 망가지네요 결혼할때 신혼가전으로 해온휘슬러원적외선렌지가 너무 안되서 아예 인덕션으로 사려는데 삼성 lg 둘중 어떤게 나을까요 가전은 엘지가 확실히 잔고장없이 오래가서 즈히집 엘지 디오스냉장고 아직도 짱짱 엘지로갈까 하다가 더 저렴한거 그냥써 싶다가 써보신분들 추천 부탁드려요 냄비는 다행히 인덕션용 냄비들이라 인덕션만 바꾸면 되는 상황이예요 저도 가전은 엘지다싶어서 십수년 거의다 엘지쓰는데 굳이 그리 큰 차이는 없는거같아요 인덕션이 뭐 고급기술도 아니구 걍 디자인만 좀 다를뿐 엘지인덕션 쓰는데 딱히 좋은거모르겠어요 삼성이 가격 더 착하다면 전기효용성 따져보시고 삼성으로 하셔요,"['결혼', '살림', '망가지다', '결혼', '신혼', '가전', '휘슬러', '원적외선', '렌지', '인덕션', '사다', '삼성', '가전', '엘지', '하다', '고장', '가다', '즈히', '엘지', '디오스', '냉장고', '엘지', '저렴하다', '쓰다', '쓰다', '추천', '부탁', '드리다', '냄비', '인덕션', '냄비', '인덕션', '바꾸다', '상황', '가전', '엘지', '엘지', '쓰다', '크다', '차이', '인덕션', '고급', '기술', '디자인', '다르다', '엘지', '인덕션', '쓰다', '좋다', '삼성', '가격', '착하다', '전기', '효용', '따지다', '삼성']",5,1
1415,이번에 삼성껄로 설치했는데 아주 잘 쓰고 있구요 가전은 무조건 엘지다 하는데 저희는 엘지 삼성 반반 있거든요 서비스측면에서 엘지는 만족스럽질 못했어서 전 굳이 엘지를 선호하지는 않는편이에요 가전브랜드 선택은 그냥 본인이 내키시는거면 되죠 뭐,"['삼성', '설치', '쓰다', '가전', '엘지', '엘지', '삼성', '반반', '서비스', '측면', '엘지', '만족', '엘지', '선호', '가전', '브랜드', '선택', '본인', '내키다']",5,1
1416,이사 준비 중이라 가전 세탁기 건조기 식기세척기 구매를 고려하고 있어요 지금까지는 lg나 삼성 가전을 사용해 본 적은 없고 전자레인지 제외 최근에 삼성 쪽에서 세탁기 건조기 자동 문 열림 기능이 있다는 얘기를 들었고 후기 보니까 잔고장 관련 불만 글도 좀 있어서 혼란스러워졌어요 그래서 궁금한 점은lg vs 삼성 둘 중 어느 브랜드가 실사용자 입장에서 더 괜찮은가요 특히 자동 문 열림 기능 실제 쓸 만 한가요 유지보수 a s 내구성 쪽에서 주의할 점 있으면 알려주세요 가전 상담받으니 모두 최신형으로만 추천해주셔서 꼭 최신형을 사야할지 금액대는 높더라구요 추천 모델이 있다면 같이 공유해 주시면 큰 도움이 될 것 같아요 감사합니다 예전제품들은 10 20년 사용 질려서 바꿨는데 요즘 제품은 고장이 빨리나서 바꾸네요 복불복이라 요즘 제품 너무 고장 잘나요 5년만에 고장나서 바뀠네요 비싼만큼 값어치를 못하는듯요,"['이사', '준비', '가전', '세탁기', '건조기', '식기', '세척기', '구매', '고려', '지금', '삼성', '가전', '전자', '레인지', '제외', '최근', '삼성', '세탁기', '건조기', '자동', '열리다', '기능', '얘기', '후기', '하다', '고장', '불만', '혼란', '궁금하다', '삼성', '브랜드', '사용자', '입장', '괜찮다', '자동', '열리다', '기능', '쓰다', '유지', '보수', '내구', '주의', '알리다', '가전', '상담', '최신', '추천', '최신', '사다', '금액', '높다', '추천', '모델', '공유', '크다', '도움', '감사', '예전', '제품', '질리다', '바꾸다', '요즘', '제품', '고장', '나서다', '바꾸다', '복불복', '요즘', '제품', '고장', '고장', '바뀠', '비싸다', '값어치']",5,1
1417,평생 엘지만 쓰다가 4년전에어컨 빼고 싹다 삼성으로 바꿨어요 저렴해서요 써보니 as는 삼성이 최고에요 정수기 고장나서 전화햇드니 구매한지 얼마 안 됏다고 새거로 교체 세탁기도 소음 나서 전화햇더니 새거로 교체 교체할 때마다 다른 가전까지 무료로 점검해줘서 좋았구요 티비 김냉 공청기는 아직 고장 없이 잘쓰고 있습니다,"['평생', '엘지', '쓰다', '에어컨', '빼다', '삼성', '바꾸다', '저렴하다', '쓰다', '삼성', '최고', '정수기', '고장', '전화', '구매', '얼마', '교체', '세탁기', '소음', '전화', '교체', '교체', '가전', '무료', '점검', '좋다', '티비', '고장', '쓰다']",5,1
1418,저는 써보니 삼성엘지 둘다 괜찮던데요 이번에 이사하면서 가전 바꿨는데 전에는 삼성 쓰고 이번에는 엘지로 바꿨거든요 디자인 때문에 살때는 여러군데 견적 보고 샀는데 엘지베스트샵 인천만수점이 젤 견적 좋게 봐주시더라구요 매니저님 설명도 완전 친절 하구요 많이 살수록 할인율도 높았어요,"['쓰다', '삼성', '엘지', '괜찮다', '이사', '가전', '바꾸다', '삼성', '쓰다', '엘지', '바꾸다', '디자인', '살다', '견적', '사다', '엘지', '베스트', '인천', '견적', '좋다', '매니저', '설명', '친절', '사다', '할인', '높다']",5,1
1419,이사하면서 가전을 싹 바꾸려고하는데 뭐가 나을까요 10여년 전 결혼할 땐 백색가전은 엘지라 했는데 지금은 어떤지 엘지 지금까지 잘 쓰고 있어서 불만은 없는데 그동안 많이 바뀌었을까요 기능은 솔직히 뭐가 많아서 모르겠고 디자인은 반반이지만 한 회사로 통일하고 싶은데 세탁기 건조기 냉장고 식세기 스타일러 티비 청소기 로봇 자동 무선 잔고장 없으면서 as잘 되는 걸로 하고 싶어요 구입 후 2 3년째 잘 쓰고 계신 분들 추천해주세요,"['이사', '가전', '바꾸다', '결혼', '백색', '가전', '엘지', '지금', '엘지', '지금', '쓰다', '불만', '동안', '바뀌다', '기능', '많다', '디자인', '반반', '회사', '통일', '세탁기', '건조기', '냉장고', '세기', '스타일', '티비', '청소기', '로봇', '자동', '무선', '하다', '고장', '구입', '쓰다', '추천']",5,1
1420,백석가전은 보통 엘지가 조금 더 나은것도 같은데 실상 별차이 안나는것 같고 무엇보다 내가 같은 가전을 브랜드별로 두개씩 가지는게 아니라서 그냥 내가 가지고 있는게 제일 좋음 그냥 본인 마음 가시는대로,"['가전', '엘지', '차이', '가전', '브랜드', '가지다', '가지다', '좋다', '본인', '마음']",5,1
1421,돈 생길때 가전 하나씩 구매해서 그런가 삼성이랑 엘지 반반씩 있어여 세탁기 에어컨 식세기는 삼성 공청기랑 티비랑 청소기는 엘지에요 근데 그 어느것도 10년동안 수리 한 적이 없어요,"['생기다', '가전', '구매', '삼성', '엘지', '반반', '세탁기', '에어컨', '세기', '삼성', '티비', '청소기', '엘지', '동안', '수리']",5,1
1422,제 개인적인 생각은 냉장고는 삼성이나 엘지나 둘다 좋은것 같고 그외엔 전부 다 엘지가 나은듯해요 삼성은 오로지 핸드폰과 냉장고만 만족스럽네요 근데 이번에 냉장고는 엘지꺼로 바꿨어요 역시 좋아요,"['개인', '생각', '냉장고', '삼성', '엘지', '좋다', '엘지', '삼성', '핸드폰', '냉장고', '만족', '냉장고', '엘지', '바꾸다', '좋다']",5,1
1423,가전은 오로지 엘지만 쓰던 1인입니다 엘지가전쪽에서 일해서 신혼가전을 전체 엘지로 구매후 20년째 계속 엘지만 재구매해서 쓰다가 세탁기를 삼성으로 구매했는데 무슨차이인지 모르겠어요 솔직 지방이라 기사분들이 삼성이 더 많아서 그런지 as예약은 삼성이 더 빨리 잡히고 서비스도 만족스럽구요 요즘 가전 수명 짧은건 두회사 비슷한거 같고 앗 청소기는 엘입니다 삼 써봤는데 백만원 넘게준애 as를 몇년사이 몇번을 하는지 엘에서 산 로봇이는 9년째 고장한번 없이 멀쩡해서 바꾸고싶어도 못바꾸거든요,"['가전', '엘지', '쓰다', '엘지', '가전', '신혼', '가전', '전체', '엘지', '구매', '엘지', '구매', '쓰다', '세탁기', '삼성', '구매', '차이', '지방', '기사', '삼성', '많다', '예약', '삼성', '잡히다', '서비스', '만족', '요즘', '가전', '수명', '짧다', '회사', '청소기', '쓰다', '넘다', '사이', '사다', '로봇', '고장', '바꾸다', '바꾸다']",5,1
1424,삼성이 대체로 저렴하긴해도 저는 냉장고세탁기같은큰가전은 엘지외엔 생각해본적이 없어요 늘쓰던거고 한번도 고장난적이 없어요 고장났다던친구도 as무상다 받았다고하고 삼성도 as는잘될거에요 삼성쓰던친구는 돈더보태서 보상판매로 교체하라고했었다함 케바케겠지만요,"['삼성', '저렴하다', '냉장고', '세탁기', '크다', '가전', '엘지', '생각', '쓰다', '고장', '고장', '친구', '무상', '삼성', '삼성', '쓰다', '친구', '보태다', '보상', '판매', '교체', '케바케']",5,1
1425,삼성거 엘지거 차이는 모르겠으나 브랜드 파워때문에 엘지것만 사요 가전은 뭐 삼성은 다른 부품 사와서 조립하고 엘지는 부품까지 뭐 다 만든다고 하는데 체감은 모르겠고 그냥 엘지가 좋다고 그래서 엘지만 사요,"['삼성', '엘지', '차이', '브랜드', '파워', '엘지', '사다', '가전', '삼성', '부품', '사다', '조립', '엘지', '부품', '만들다', '체감', '엘지', '좋다', '엘지', '사다']",5,1
1426,삼성이 as좋다지만 고장 안나고 오래 쓸수있는게 최고죠 엘지가 고장없어요 우리회사가 십년정도된 오피스텔 건물 2동있어요 한동은 모든가전 삼성 한동은 엘지 삼성은 냉장고 세탁기 에어컨 돌아가면서 고장나는데 십년 넘어 부품이 없다고 수리도 못하고 새제품 사주고 있어 스트레스 엄청 받아요 엘지는 십년동안 고장 몇번없어요 다시는 삼성 안산다고 다짐합니다,"['삼성', '좋다', '고장', '쓰다', '최고', '엘지', '고장', '회사', '오피스텔', '건물', '가전', '삼성', '동', '엘지', '삼성', '냉장고', '세탁기', '에어컨', '돌아가다', '고장', '넘다', '부품', '수리', '제품', '사다', '스트레스', '엘지', '동안', '고장', '삼성', '사다', '다짐']",5,1
1427,입주를 앞두고 가전을 보고있는데 저는 지금까지 엘지만 썼었어요 그냥 친정이 그래왔어서 가전은 당연히 엘지라는 생각에 근데 이번에 이것저것 가격을 비교하다보니 대체적으로 엘지보단 삼성 제품이 저렴하더라구요 다른 분들도 다 엘지를 선호해서 그런걸까요,"['입주', '앞두다', '가전', '지금', '엘지', '쓰다', '친정', '가전', '엘지', '생각', '이것저것', '가격', '비교', '대체', '엘지', '삼성', '제품', '저렴하다', '엘지', '선호']",5,1
1428,음 삼성 제품을 선호하는데 그때는 왜인지 처음 가전 살때 엘지로 다 마춰버리고 다행히 고장없이 16년 잘쓰고있는데 티비를 3년반 쓰다 줄생기고 티비 꺼져서 안켜진뒤론 복불복에서 티비만 잘못당첨된나싶어서 엘지안쓰고 삼성 쓰네요 다음이사때는 삼성 쓰려구요,"['삼성', '제품', '선호', '가전', '사다', '엘지', '추다', '고장', '쓰다', '티비', '쓰다', '생기다', '티비', '꺼지다', '켜다', '복불복', '티비', '당첨', '엘지', '쓰다', '삼성', '쓰다', '다음', '이사', '삼성', '쓰다']",5,1
1429,어디에서 들은 내용 이지만 삼성은 하청 업체를 줘서 저렴 하고 lg은 하청 안 주고 lg에서 부품 하나까지 다 만들어 제품 출시 한데요 그래서 lg가 더 비싸데요 가끔 삼성에서도 lg에 의뢰 한 적도 있데요,"['내용', '삼성', '하청', '업체', '하청', '부품', '만들다', '제품', '출시', '비싸다', '삼성', '의뢰']",5,1
1430,가전은 엘지라는 생각과 제품이 좋은데도 삼성보다 가격도 좋아서 오랫동안 엘지를 사용했어요 드럼 세탁기도 13년째 잘 돌아가고 있어요 10년이 훌쩍 넘은터라 건조기도 사고 싶고 해서 세탁기도 같이 구입하려는데 최근 이사한 친구가 요즘은 엘지가 더 비싸다고 하더라구요 제품력은 비슷하다며 그 친구는 삼성 그란데로 일체형 아닌 따로 떨어진 세트로 구입했는데 좋다고 하더라구요 엘지랑 삼성 중 어떤게 좋을까요 기능이나 건조기 같은 경우 수축정도 모터의 차이 등 재작년인가 건조기 알아보다 잦은 고장 등 이슈가 있었던 것으로 기억되는데 그래서 걍 말았었는데 이제 별다른 이슈는 없나요 제품도 추천 부탁드립니다 참고로 이불 빨래 자주 해서 세탁기는 건조기도 정도로 생각하고 있어요 그리고 일체형은 공간확보가 안되서 고려하지 않고 있어요,"['가전', '엘지', '생각', '제품', '좋다', '삼성', '가격', '좋다', '오랫동안', '엘지', '드럼', '세탁기', '돌아가다', '넘다', '건조기', '사다', '세탁기', '구입', '최근', '이사', '친구', '요즘', '엘지', '비싸다', '제품력', '친구', '삼성', '일체', '떨어지다', '세트', '구입', '좋다', '엘지', '좋다', '기능', '건조기', '수축', '모터', '차이', '작년', '건조기', '알아보다', '잦다', '고장', '이슈', '기억', '말', '별다르다', '이슈', '제품', '추천', '부탁', '드리다', '참고', '이불', '빨래', '세탁기', '건조기', '생각', '일체', '공간', '확보', '고려']",5,1
1431,하이마트에서 추석 공동구매 이벤트가 진행되고 있더라고요 대형팬만 아니라 김치냉장고 전기밥솥 애플 펜슬 모니터 등도 다양하게 있어요 원래 79 000원이던 대형팬을 49 900원에 구매할 수 있으니까필요하신 분들 빨리 참여하셔요,"['하이마트', '추석', '공동', '구매', '이벤트', '진행', '김치냉장고', '전기', '밥솥', '애플', '펜스', '모니터', '다양', '대형', '구매', '필요', '참여']",5,1
1432,결혼준비로 예물 졸업하고 이제 가전 알아보는중인데요삼x 엘x 두가지 아직도 고민됩니다 실제 사용해보신분들 잔고장이나 이런거 있으셨는지 댓글 한번씩 달아주실수있을까요 그리고 왠만하면 백화점에서 하는게 나을까요 흐악 이거 끝나면 가구도 알아봐야하는데 가구는 가구단지 같은데서 보는게 나을지 휴산넘어 산이에요 저는 다 백화점에서 샀어요 의외로 백화점이 혜택도좋고 할인도 많이 해줘서 다른데서 사는거보단 낫더라고요 엘 만 샀는데 고장나는게 없어서 가전 못 바꾸는중이에요,"['결혼', '준비', '예물', '졸업', '가전', '알아보다', '고민', '실제', '하다', '고장', '댓글', '달다', '백화점', '흐악', '끝나다', '가구', '알아보다', '가구', '가구', '단지', '넘다', '백화점', '사다', '백화점', '혜택', '좋다', '할인', '사다', '사다', '고장', '가전', '바꾸다']",5,2
1433,저도 둘다 골고루쓰는데 대기업제품이라 as확실해서 좋아요 잔고장없구요 사실 요새가전 다 상향평준화라생각해요 기능이랑 디자인보고 맘에드시는거 고르심됨요 가전 한브랜드로 통일하면좋은점은 핸드폰연동시에 편해서 좋다 정도,"['쓰다', '기업', '제품', '좋다', '하다', '고장', '요새', '가전', '상향', '평준', '생각', '기능', '디자인', '드시다', '고르다', '가전', '브랜드', '통일', '좋다', '핸드폰', '연동', '편하다', '좋다']",5,1
1434,가전은 복불복 같아요 혼수로 티비만 엘사 나머진 전부 삼사 했는 데 티비가 2년만에 고장났거든요 10년 차인데 아직도 삼사 가전 잔고장 없이 잘 쓰고 있어요 다음엔 엘사로 바꿔보려구요,"['가전', '복불복', '혼수', '티비', '엘', '사', '나머지', '티비', '고장', '삼사', '가전', '고장', '쓰다', '다음', '바꾸다']",5,1
1435,전 둘 다 써봤으나 제가 뽑기운 좋은건지는 몰라도 잔고장 전체적인 수명은 엘지가 압승이고요 이번에 이사하면서 오래된 가전들 싹 버리고 새로 구매하는데 엘지가 견적이 삼성보다 꽤 비싸서 그냥 삼성으로 통일했는데 잔고장이 좀 있었어요 as야 잘 됐으니 지금은 잘 쓰고 있지만요 전 결혼14년동안 한번도 백화점에서 구매해본적 없고 하이마트같은 곳에서 가격비교 해서 사거나 온라인으로도 사봤고 이번 삼성은 대리점 통해서 샀구요,"['쓰다', '뽑기', '좋다', '하다', '고장', '전체', '수명', '엘지', '압승', '이사', '가전', '버리다', '구매', '엘지', '견적', '삼성', '비싸다', '통일', '하다', '고장', '지금', '쓰다', '결혼', '동안', '백화점', '구매', '하이마트', '가격', '비교', '사다', '온라인', '사다', '삼성', '대리점', '통하다', '사다']",5,1
1436,이번에 새집마련 이사가는데75인치 구매하려고 합니다 그냥 저가 100정도 생각했다가 삼성 네오큐엘이디 그거 700정도 금액에 깜놀했는데화질차이긴 하지만 티비금액이 700이라니세탁기 냉장고 2개값이라 생각하니 너무비싸게느껴지더라고요 가성비좋은 제품 없나요 기,"['마련', '이사', '구매', '생각', '삼성', '네오큐', '엘이디', '금액', '화질', '차이', '티비', '금액', '세탁기', '냉장고', '생각', '비싸다', '가성비', '좋다', '제품']",5,2
1437,정육점 사업을 생각하고 있어서 쇼케이스를 미리 알아보고 있는데 가격대가 전부제가 생각했던 것 보단 더 비싸더라구요 아무래도 초기자본을 적게 잡은거라서 최대한돈을 세이브 하려고 하는데 어디 브랜드가 가장 좋을까요 13평이고 홀이 7평정도 되서 디자인도 최대한 이쁜걸로 아기자기하고 알차게 꾸며볼 생각입니다 전 지금 파스타집 운영하고 있는데 한성이랑 부성 우성 고민하다가 한성꺼 쓰고 있어요 1년 3개월 정도 사용하고 있는데 아직까진 잔고장은 없이 잘 사용하고 있습니다 우성이 좀 더 저렴하긴 한데 전 가격보다 디자인이 중요해서 한성 1표 드려요 가격대는 좀 있는 편이라서 잘 고민하시고 예산과 맞는 거 구매하시길 주방냉장고는 부성 권해드려요,"['정육점', '사업', '생각', '쇼케이스', '알아보다', '가격대', '생각', '비싸다', '초기', '자본', '적다', '세이브', '브랜드', '좋다', '디자인', '이쁘다', '알차다', '꾸미다', '생각', '파스타', '운영', '한성', '우성', '고민', '한성', '쓰다', '하다', '고장', '우성', '저렴하다', '가격', '디자인', '중요', '한성', '드리다', '가격대', '고민', '예산', '맞다', '구매', '주방', '냉장고', '부성', '권하다']",5,2
1438,중요한 세탁기나 냉장고 티비 가격이 좀 나가는 것들은 무조건 엘지요 삼성께 가성비 이긴 하나 저도 신혼때 삼성꺼 샀다가 as만 오지게 받고 5년도 안되서 모조리 다 엘지로 바꿨어요 그리고 자잘한 가전제품들은 가성비 괜찮은 제품들로 사심 되고 밥솥은 쿠쿠꺼로 쓰세여,"['중요', '세탁기', '냉장고', '티비', '가격', '나가다', '엘지', '삼성', '가성비', '신혼', '삼성', '사다', '오지', '엘지', '바꾸다', '가전제품', '가성비', '괜찮다', '제품', '사심', '밥솥', '쿠쿠꺼', '쓰다']",5,1
1439,밥솥 싼거 쓰겠다고 쿠첸 썼다가 요것도 3년쓰고 고장나서 그이후론 쿠쿠꺼쓰는데 3년 넘게 고장 한번도 안나네요 정수기는 거기서 거기라 혜택 많은거 쓰세요 커피머신은 네스프레소 추천드려요 네스프레소가 캡슐 종류도 많고 일리꺼도 캡슐 있더라구요 일리머신은 일리전용으로만 먹을수 있어서 그게 쪼금 불편한데 커피머신은 일리께 맛나요,"['밥솥', '싸다', '쓰다', '쿠첸', '쓰다', '쓰다', '고장', '이후', '쿠쿠꺼', '쓰다', '넘다', '고장', '정수기', '혜택', '많다', '쓰다', '커피', '머신', '네스프레소', '추천', '드리다', '네스프레소', '캡슐', '종류', '많다', '일리', '끄다', '캡슐', '일리', '머신', '전용', '먹다', '불편', '커피', '머신', '맛나다']",5,1
1440,젓갈냉장고 구매한지 2년정도 됐는데 잔고장이 좀 심하더라구요 저번에 a s를 맡겼는데도또 똑같은 문제로 고장나서 수시로 삐릭삐릭 모타 소음 이런 소음도 좀 있어서 디자인도괜찮았는데 그냥 마음 먹은김에 돈 주고 바꿔보려 알아봅니다 디자인도 디자인인데 잔고장 없는브랜드로 좀 추천 받아볼 수 있나요 저희도 반찬가게 운영한지 3년정도 됐는데 한성이랑 아르네꺼 두대 사용하고 있습니다 굳이 뽑자면 한성 1표드려요 아르네는 조금 디자인이 옛날 스타일 구식이긴 해서 둘 다 잔고장은 없이 잘 사용했습니다,"['젓갈', '냉장고', '구매', '하다', '고장', '심하다', '맡기다', '똑같다', '문제', '고장', '삐릭삐릭', '모타', '소음', '소음', '디자인', '괜찮다', '마음', '먹다', '바꾸다', '알아보다', '디자인', '디자인', '하다', '고장', '브랜드', '추천', '반찬', '가게', '운영', '한성', '아르네꺼', '한성', '드리다', '아르', '디자인', '옛날', '스타일', '구식', '하다', '고장']",5,1
1441,이제 삼성 티비 산지 일년인데인터넷으로 구매했거든요일년만에 고장 났는데 티비 언제 샀나 볼려고찾아봤는데 문의글에 저랑 똑같은 증상 수두룩 피해가 상당 하더군요 아 넘 짜증나요티비가 지혼자 꺼졌다 켜졌다 생 난리밤에 혼자 집에 있는데 무서워 죽는 줄 아니 수십명이 같은 증상으로 문의글 올리는데이걸 버젓이 아직도 판매 하고 있는 건 더 열받네요,"['삼성', '티비', '사다', '인터넷', '구매', '고장', '티비', '사다', '찾다', '똑같다', '증상', '피해', '상당', '짜증', '티비', '꺼지다', '켜다', '난리', '혼자', '죽다', '증상', '문의', '올리다', '판매']",5,2
1442,저희도 삼땡껀데 화면이 갑자기 끈것처럼 안나오는데 소리는 그대로 나오고 좀 갠찬아졌나 싶더만 며칠후에 가로줄이 다행히 서비스 기간이라 as받았어요 값이 비싸던 저렴하던 온라인이던 오프라인이던 제가 겪어보니 뽑기운 운빨같아요,"['화면', '끄다', '나오다', '소리', '나오다', '개', '며칠', '가로', '서비스', '기간', '비싸다', '온라인', '오프라인', '겪다', '뽑기', '빨다']",5,1
1443,얼마전 티비 액정이 깨졌어요 65인치 삼성이구요산지 2년반이라 너무 아깝고 해서 액정 교채해서 써야겠다 해서 삼성기사 불렀는데 와서 보더니 새 액정이 재고가 없을수가 있다고 일주일안에 못구하면 상품가의 감각상각 고려한 70프로를 환불해주고 저 티비를 가져간대요 상품가를 330정도로 잡고 실제 구매가격은 200후반 70프로를 하니 230만원인데 이걸 그냥 주신데요 액정교체하게 되면 90만원이 드는데 차라리 삼성에서 매입해가고 환불 받는게 훨 이득인거죠 넘넘 다행이다 싶고 새티비 알아보니 비슷한 사양 160만원이면 사더라구요 암튼 삼성의 이런 제도 너무 맘에 듭니다,"['얼마', '티비', '액정', '깨지다', '삼성', '살다', '액정', '교채', '쓰다', '삼성', '기사', '부르다', '액정', '재다', '구하다', '상품', '감각', '고려', '환불', '티비', '가져가다', '상품', '실제', '구매', '가격', '후반', '프로', '액정', '교체', '삼성', '매입', '환불', '이득', '다행', '티비', '알아보다', '사양', '사다', '삼성', '제도', '들다']",5,2
1444,맞아요 그런 서비스 있더라구요 저는 삼성티비 70인치 5년전 직구했는데 패널이 갑자기 나가서 교체하려고하니 150인가 나온다고 해서 그냥 83인치 엘지에서 다시샀어요 직구는 그런 서비스가 안된다네요 그래서 이번에 산건 직구안하고 샀어요,"['맞다', '서비스', '삼성', '티비', '직구', '패널', '나가다', '교체', '나오다', '엘지', '사다', '직구', '서비스', '사다', '직구', '사다']",5,1
1445,확실히 엘지가 비싸네요 전 첨부터 너무 좋은건 먼저살다가 식을 했지만 저는 써보니 거기서 거기이던데 첨하는거면 김치냉장고 까지 굳이 살면서 모자른걸 더사는게 나은거 같아요 저렇게 보여도 진짜로 저기빠진게 더 많아서 더많이 들어가요 자잘자잘하게 세제부터 공기청정기고 이불셋트에 욕실용품등 생각보다 엄청많이 깨지던데 비싸다고 다좋은건 아닌거 같아요 솔직히 가전직원들 하나같이 다 기능만 얘기하던데 막상 사용안하더라고요 저희 신랑이 티비 욕심이 있어서 첨에 신랑이 빔 인지 뭔지 크게본다고 좋다고 하길래 그래 티비는 좋은거 해주자하고 맘에 들어하는거 사줬는데 티비 다시 샀어요 끝끝내 싸우고나서 쳐박아두더라고요 불편하대요 어이가 없어서,"['엘지', '비싸다', '좋다', '살다', '쓰다', '김치', '냉장고', '살다', '모자르다', '사다', '보이다', '빠지다', '많다', '들어가다', '자잘하다', '세제', '공기', '청정기', '이불', '셋트', '욕실', '용품', '생각', '깨지다', '비싸다', '좋다', '가전', '직원', '기능', '얘기', '신랑', '티비', '욕심', '신랑', '비', '크다', '좋다', '티비', '좋다', '들다', '사다', '티비', '사다', '싸우다', '치다', '박', '불편', '어이']",5,2
1446,특정 모델이 문제있는것 빼곤 뭐든 뽑기라 어떤게 좋다는 기준이 없어요 선호하고 신뢰하는 브랜드도 천차만별이구요 어느정도 쓰셨고 비용까지 나오면 바꾸시는게 좋죠 전 큰가전은 엘지꺼 주로 썼는데 10년 썼어도 고장한번 안난게 대부분이고 기존티비는 멀쩡한데 새로산 티비는 에러를 경험해서 무상 교체기간이라 교체했고 가족중 한번은 무상 살짝 지났는데 수리비 엄청 나와서 중소기업꺼루 바꿨어요 주방쪽은 가성비좋은 에스케이루 잘 비교해보시고 사세요,"['특정', '모델', '문제', '빼다', '좋다', '기준', '선호', '신뢰', '브랜드', '천차만별', '쓰다', '비용', '나오다', '바꾸다', '좋다', '크다', '가전', '엘지', '끄다', '쓰다', '쓰다', '고장', '부분', '기존', '티비', '사다', '티비', '에러', '경험', '무상', '교체', '기간', '교체', '가족', '무상', '지나다', '수리비', '나오다', '중소기업', '바꾸다', '주방', '가성비', '좋다', '에스케이', '비교', '사다']",5,1
1447,22 lg의 마케팅 이예요 예전에는 lg가 삼성보다 저렴해서 가성비가 좋아서 lg제품이 많긴 했는데 사실 사용해 보면 비슷비슷 해요 어차피 경쟁사 대기업 두 곳이니 lg 건조기 문제도 있었고 고장도 복불복이예요,"['마케팅', '예전', '삼성', '가성비', '좋다', '제품', '많다', '경쟁사', '기업', '건조기', '문제', '고장', '복불복']",5,1
1448,그렇진 않아요 제가 비슷하려니 하고 식기세척기 삼성꺼 샀다가 기절초풍했어요 친정에서 lg꺼여서 그간 lg것만 써봤고 그 수준일줄 알았거든요 제 친척도 어머니 친구분들 중에도 삼성냉장고 샀다가 물흐르거나 냉장실에서 자꾸 성에끼고 어는 현상땜에 as 여러번 받고도 시정 안되더라는 얘기도 들었고 아는 언니는 디자인과 가격이 좋아 세탁기 삼성거로 샀다가 불편함이 있어서 남편과 친정어머니에게 욕 바가지로 먹었다고 하더라고요,"['비슷하다', '식기', '세척기', '삼성', '사다', '기절초풍', '친정', '그간', '쓰다', '수준', '친척', '어머니', '친구', '삼성', '냉장고', '사다', '흐르다', '냉장', '성', '끼', '현상', '시정', '얘기', '언니', '디자인', '가격', '좋다', '세탁기', '삼성', '사다', '불편', '남편', '친정어머니', '바가지', '먹다']",5,1
1449,그렇진 않은듯요 tv는 삼성것이 더 나은 거 같고요 친정이 냉장고 고장나서 알아보면서 보니 비슷한 가격대의 삼성제품은 중국 제조가 많은데 엘지는 죄다 한국 제조이던데 그 차이가 있을지도 모르겠어요 아주 미세한 차이나 부품차이가 문제를 만들기도 하니까요,"['삼성', '친정', '냉장고', '고장', '알아보다', '가격대', '삼성', '제품', '중국', '제조', '많다', '엘지', '한국', '제조', '차이', '미세', '차이', '부품', '차이', '문제', '만들다']",5,1
1450,저도 무슨 가격 할인 때문에 삼성쓰긴 하는데 엘지가 더 좋아요 고장도 덜 나고 문제점이 더 적더라구요 이래서 삼성이 as센터 잘 만들어 놓은건가 싶은 생각도 핸드폰은 모르겠지만 백색가전은 엘지입니다,"['가격', '할인', '삼성', '쓰다', '엘지', '좋다', '고장', '문제점', '적다', '삼성', '센터', '만들다', '생각', '핸드폰', '백색', '가전', '엘지']",5,1
1451,이번에 인덕션 구입할때 보니까 삼성껀 중국제조라고 써있었고 엘지껀 국내제조 였었어요 다른것도 그런가 잘 모르겠지만 저희 신혼때 다 엘지로 구입했는데 지금 8년차인데 한번도 as 부른적 없는데 딱하나 공기청정기 삼성껀데 as 두번 불렀네여 기분탓이겠죠,"['인덕션', '구입', '삼성', '중국', '제조', '쓰다', '엘지', '국내', '제조', '신혼', '엘지', '구입', '부르다', '공기', '청정기', '삼성', '부르다', '기분']",5,1
1452,예전엔 백색가전은 엘지다라고 햇는대 요새는 사실 삼성 엘지 둘다 잘나오고 디자인도 이뻐서 그냥 가전은 뽑기운인것같아요 친정에선 삼성쓰는대도 10년동안 고장한번 안났고 저는 엘지오브제로 통일했는대 고장안나고 잘써요,"['예전', '백색', '가전', '엘지', '삼성', '엘지', '나오다', '디자인', '이쁘다', '가전', '뽑기', '친정', '삼성', '쓰다', '동안', '고장', '엘지', '오브제', '통일', '고장', '쓰다']",5,1
1453,세탁기 엘지 5년쓰다 삼성으로 바꿨는데 엘지쓸때는 잔고장한번없다가 삼성쓰니 1년조금지나 바로고장 그뒤로 삼성쳐다도 안봐요 엘지 냉장고 에어컨 10년넘었는데 둘다 잔고장없이 멀쩡한거보면 말다했지요,"['세탁기', '엘지', '쓰다', '삼성', '바꾸다', '엘지', '쓰다', '하다', '고장', '삼성', '쓰다', '지나다', '고장', '삼성', '치다', '엘지', '냉장고', '에어컨', '넘다', '하다', '고장']",5,1
1454,금성시절 이미지 때문인거같아요 금성가전제품은 진짜 튼튼했거든요 부모님 집에 선풍기랑 전자렌지가 금성꺼였는데 선풍기는 지금도 돌아가고 전자렌지는 작년에 바꿨어요 90년에 엘지로 바꼈다치면 적어도 30년은 넘은 제품들이거든요 지금은 뽑기운인거 같아요 전 8년전 신혼때 엘지꺼 사서 고장 한번 안나긴 했네요,"['금성', '시절', '이미지', '금성', '가전', '제품', '튼튼하다', '부모', '선풍기', '전자렌지', '금성', '선풍기', '지금', '돌아가다', '전자렌지', '작년', '바꾸다', '엘지', '바끼다', '치다', '넘다', '제품', '뽑기', '신혼', '엘지', '사다', '고장']",5,1
1455,저는 직접 또는 주변인들 경험상 가전은 무조건 lg요 에어컨 고민하다 디자인이 넘 맘에 들어 삼성무풍에어컨 샀었는데 매장에서도 사실 lg것이 더 시원했었어요 무더위 올때마다 후회합니다,"['주변인', '경험', '가전', '조건', '에어컨', '고민', '디자인', '들다', '삼성', '무풍', '에어컨', '사다', '매장', '무더위', '후회']",5,2
1456,이사하고 10년만에 다시 새집으로 이사를 앞두고 있어요이사전에 인테리어며 가전이며 싹 정비하려고 하다가가전구입전에 다수의 의견이 궁금해서 글 남겨요 구입가전 냉장 냉동 김치 워시콤보 식세기 직배수형로봇청소기 이렇게 구입하려 하는데 항목별 추천 브랜드 좀 알려주세요 사용후기 장단점,"['이사', '이사', '앞두다', '사전', '인테리어', '가전', '정비', '가전', '구입', '다수', '의견', '남기다', '구입', '냉장', '냉동', '김치', '워시', '콤보', '세기', '배수', '로봇', '청소기', '구입', '항목', '추천', '브랜드', '알리다', '후기', '장단점']",5,2
1457,저는 삼성 엘지 쿠쿠 다이슨 오래되고 대기업 브랜드밖에는 잘 모르는 사람이에요 이번에 가전제품을 전부 다 새로 사야하는데요냉장고 세탁기부터 전자렌지 밥솥 오븐 청소기 등등이요 온라인으로 대부분 사려고 해요 그런데 찾다보니 전자렌지나 미니 오븐같은 건 처음 들어보는 브랜드들이 더 예쁘고 맘에 드는게많네요 맘에 드는 거 안 사면 후회할 거 같으면서도 이 브랜드 괜찮은가 a s 는 괜찮은지 또는 사용해보시면서 결국 메이저급 브랜드 살 걸 후회했다던지 이유가 무엇인지 솔직한 후기가 궁금해요 리뷰 보면 다 받자마자 쓴거라 예쁘다 좋아요 뿐이라요 전자렌지 같은 거는디마인 쿠잉 라쿠진 보겔 벨란조 등등 이런 브랜드 어떤가요 이 브랜드들이 별로 아니냐 보다도 어떤지 알고 싶어요 사 본 적이 없던 거라서요,"['삼성', '엘지', '쿠쿠', '다이슨', '기업', '브랜드', '사람', '가전제품', '사다', '냉장고', '세탁기', '전자렌지', '밥솥', '오븐', '청소기', '온라인', '부분', '사다', '찾다', '전자렌지', '미니', '오븐', '브랜드', '예쁘다', '많다', '사다', '후회', '브랜드', '괜찮다', '괜찮다', '메이저', '브랜드', '사다', '후회', '이유', '후기', '리뷰', '쓰다', '예쁘다', '좋다', '전자렌지', '쿠잉', '라쿠진', '보다', '벨라', '브랜드', '브랜드', '사다']",5,1
1458,15년 써 온 냉장고 드디어 이번 이사에 바꿉니다 이사 두 번 하면서 문 고정하는 나사가 다 풀어졌네요 그런데 너무 고민이 되는 것이 역시 l 이나 삼 이냐 인데요 지금껏 l 너무 잘 써서 이걸 사고 싶은데 확실히 삼 이 싸더라고요 그리고 1등급이고요 그래서 삼 으로 주문했는데 시어머님이 뭐 샀냐고 하셔서 그걸 샀다 했더니 어머니가 시골집에 삼 사서 넣었는데 얼마 쓰지도 못하고 고장나서 버렸다고 그 말씀을 들으니 고민이 되는거예요 저는 또 한 번 사면 이제 환갑 때 되어서나 바꾸려나 해서 꽤나 고민되는데요 혹시 냉장고 두 회사 모두 써 본 분 계실까요 어떤지 좀 알려주세요,"['쓰다', '냉장고', '이사', '바꾸다', '이사', '고정', '나사', '풀어지다', '고민', '쓰다', '사다', '싸다', '등급', '주문', '시어머님', '사다', '사다', '어머니', '시골집', '사다', '넣다', '얼마', '쓰다', '고장', '말씀', '고민', '사다', '환갑', '바꾸다', '고민', '냉장고', '회사', '쓰다', '계시다', '알리다']",5,2
1459,아무래도 가격적인 측면에서는 삼성이 메리트가 있는데대부분이 백색가전은 lg다 공식이렇게 생각하셔서 돈을 더 주더라도 lg로 가는게 답인가 싶은데혹시 삼성 쓰시는 분 후기 좀 들려주시겠어요,"['가격', '측면', '삼성', '메리트', '부분', '백색', '가전', '공식', '생각', '삼성', '쓰다', '후기', '들리다']",5,1
1460,저혼수로 엘지꺼 10년이상씩 쓰고 다 삼성으로 바꿨는데 딱히 엘지보다 떨어지거나 그런건 없어요 정말 가전도 뽑기인듯해요 엘지꺼 쓸때 티비가 as도 젤먼저 받았는데 같은 기간대비 지금 삼성티비는 오히려 잔고장도 없네요,"['혼수', '엘지', '끄다', '이상', '쓰다', '삼성', '바꾸다', '엘지', '떨어지다', '가전', '뽑기', '엘지', '쓰다', '티비', '기간', '대비', '삼성', '티비', '하다', '고장']",5,1
1461,삼성 쉐프 컬렉선을 집에 수령한지 이틀만에 웰컴 라이트 기능이 안되는 불량제품을 구매한걸 발견하고 지금 환불이나 교환을 할 수 있는 상태인데요 그래서 갑자기 엘지 시그니처는 아에 본적이 없어서 홈바 자주 사용하는 음료수 꺼내마시는 곳 노크온매직스페이스가 여닫기가 쉬워보여서 차라리 엘지를 살까 고민중인데 후기가 궁금하네요 삼성 쉐프 컬렉션은 냉장고 겉에 지문이 잘 묻고 자주 마시는 음료 꺼내는 쪽이 기존에 지펠 양문형보다 4도어라 밑에 손을 넣어 여니까 적응이 안되더라구요 장점은 우측 하단을 냉동으로 쓸지 김치냉장고로 쓸지 조절이 잘 되는 변온실이 매력이어서 샀는데 냉동실 밑에 성에가 벌써 좀 보이기도하구요 고민이예요 집에 김치냉장고는 따로 없거든요 두가지중 쓰고 계시는 분들 후기 부탁합니다 전 아직 받기전인데요 시그니처 냉장고가 엘지 냉장고 특장점인 리니어 컴프레서가 두개가 들어가있고 내부가 스텐으로 되어있어서 냉장성능이 엄청 좋대요 대신 무게가 200키로가 넘어 일반냉장고 두배정도라서 이전설치비가 일반냉장고보다 비싸더라구요 엘지분 말로는 삼성냉장고 컴프레서 두개보다 리니어 컴프레서가 성능이 좋다고 근데 그게 두개나 장착되엇다고 하더라구요 자동문열림기능도 후기는 좋더라구요 제가 알아본거로는 가격이 사악한거 빼고는 좋을거같아요,"['삼성', '쉐프', '컬렉', '수령', '이틀', '웰컴', '라이트', '기능', '불량', '제품', '구매', '발견', '환불', '교환', '상태', '엘지', '시그니처', '음료수', '꺼내다', '마시다', '노크', '매직', '스페이스', '보이다', '엘지', '사다', '고민', '후기', '궁금하다', '삼성', '쉐프', '컬렉션', '냉장고', '지문', '마시다', '음료', '꺼내다', '기존', '지펠', '문형', '넣다', '열다', '적응', '장점', '우측', '하단', '냉동', '쓰다', '김치', '냉장고', '쓰다', '조절', '온실', '매력', '사다', '냉동실', '성', '보이다', '고민', '김치', '냉장고', '쓰다', '후기', '부탁', '시그니처', '냉장고', '엘지', '냉장고', '특장', '리니어', '컴프레서', '들어가다', '내부', '스텐', '냉장', '성능', '좋다', '대신', '무게', '넘다', '일반', '냉장고', '이전', '설치비', '일반', '냉장고', '비싸다', '엘지', '삼성', '냉장고', '컴프레서', '리니어', '컴프레서', '성능', '좋다', '장착', '자동', '열리다', '기능', '후기', '좋다', '알아보다', '가격', '사악', '빼다', '좋다']",5,1
1462,가전은 엘지가 최고인거 같아요 전 작년 이사할때 어쩔수없이 디자인보고 삼성 비스포크로 했는데 그때 오브제가 있었다라면 엘지 오브제 샀을거 같아요 저희집에 신혼 가전은 다 엘지꺼였답니다,"['가전', '엘지', '최고', '작년', '이사', '어쩌다', '디자인', '삼성', '비스', '포크', '오브제', '엘지', '오브제', '사다', '신혼', '가전', '엘지']",5,1
1463,저도 결국 삼성으로 선택했어요 엘지도 가보고 삼성도 가보았는데 점장님이 정말 정성을 다해 설명해주시는데 감동먹었습니다 작년 가전 들일때도 너무 친절하셔서 기분좋게 구매했었는데 이번에도 친절상담 엘지와는 너무 비교되었어요 사이즈 확인후 정말 설치 괜찮은건지 정확히 확인되면 연락 부탁드린다고 토요일에 말씀드렸는데 오늘까지도 연락없어요 어제 엘지 안가고 삼성만 갔다가 지르길 잘한것 같아요 댓글 감사합니다,"['삼성', '선택', '엘지', '삼성', '점장', '정성', '설명', '감동', '먹다', '작년', '가전', '들', '친절', '기분', '좋다', '구매', '친절', '상담', '엘지', '비교', '사이즈', '확인', '설치', '괜찮다', '확인', '연락', '부탁', '드리다', '토요일', '말씀', '드리다', '오늘', '연락', '엘지', '삼성', '지르다', '댓글', '감사']",5,1
1464,저 요번에 했는데 엘지랑 삼성 고민하다가 삼성했어요 우선 삼성이 좀더 고급져보이고 서비스도 좀더 많이해주셨어요 엘지는 뭔가 조금이라도 더 끼워팔려하는게 있어서 거북하기도 햇고 근데 삼성은 딱 제가 말한 필요한것만 찝어주시고 그래서 더 좋았어요 담당자마다 케바케지만 삼성 너무 이쁘더라구요,"['요번', '엘지', '삼성', '고민', '삼성', '삼성', '고급', '지', '보이다', '서비스', '엘지', '끼우다', '팔다', '삼성', '필요', '좋다', '담당자', '케바케', '삼성', '이쁘다']",5,1
1465,전에는 사용해서 이번에는 lg꺼 써볼까 했는데 인터넷으로 알아보니 lg는 판매하는 곳도 많지 않더라고요 2번모델은 올해 처음 나온 모델이라 검증안된거 같고 lg는 모양도 자주 바뀌는거 같더라고요 삼성은 10년넘게 인기있는 모델이고 무난한거 같아서 삼성꺼 구매했어요,"['끄다', '쓰다', '인터넷', '알아보다', '판매', '많다', '모델', '올해', '나오다', '모델', '검증', '모양', '바뀌다', '삼성', '넘다', '인기', '모델', '삼성', '구매']",5,2
1466,네 스탠드와 벽걸이 투인원으로 사서 거실과 아이 방에 달았지요 하이마트는 제휴카드할인같은 행사도 있을 수 있으니 알아보시면 좋고 너무 더우니까 빨리 설치되는 곳을 알아보는게 좋을거에요 핀매처는 공식 대리점이 나을테구요,"['스탠드', '벽걸이', '인원', '사다', '거실', '아이', '하이마트', '제휴', '카드', '할인', '행사', '알아보다', '좋다', '설치', '알아보다', '좋다', '핀매처', '공식', '대리점']",5,2
1467,21년 2월쯤 구매한 삼성티비 메인 스크린 고장으로 수리비 35만원인가 견적 받았어요 이것도 그나마 구매한지 3년이여서 할인이 된거라고 출장방문하신 기사님이 그러더라구요 원인은 알수없음 넘 얼척이 없어서 웃음 밖에 안나오네요 주변 지인들한테 물어봤는데 삼성티비 산 사람들은 거의 그렇대요 티비 같은건 정말 한번 사면 내가 질려서 버리지 않은 이상 계속 쓸수 있는거 아닌가요 제가 직접 경험하니 삼성 티비는 정말 쓰레기 였음 화가 나서 공유합니다 신중하게 선택하셔서 저처럼 황당하게 고장 당하는일 없도록 하세요 와 지금 댓글 보고 다시 글 씁니다 lg티비도 그런 경우가 있군요 전 그전에 lg만 오래썼어서 lg는 오래간다 인식이 박혀 있었나봐요 댓글 달아주셔서 감사합니다 다시한번 내가 경험한 일이 다가 아니구나 내 경험을 일반화 해서 생각하지 않도록 주의해야 겠구나느낍니다 모두 추운겨울 건강 유의하세요,"['구매', '삼성', '티비', '메인', '스크린', '고장', '수리비', '견적', '구매', '할인', '출장', '방문', '기사', '그러다', '원인', '웃음', '나오다', '주변', '지인', '물어보다', '삼성', '티비', '살다', '사람', '티비', '사다', '질리다', '버리다', '이상', '쓰다', '경험', '삼성', '티비', '쓰레기', '공유', '신중', '선택', '고장', '당하다', '댓글', '쓰다', '티비', '쓰다', '가다', '인식', '박히다', '댓글', '달다', '감사', '경험', '경험', '일반', '생각', '주의', '겨울', '건강', '유의']",5,1
1468,엘지 qned티비 400만원 돈을 쿠팡로켓배송으로 결제했어요 토욜배송이라는데 티비를 온라인에서 구매하긴 처음이라 조금 불안한데 괜찮을까요 폐가전도 잘 수거해가죠 86인치 벽걸이라 대리석 벽에 설치는 문제없는지 경험 있으신 분들 좀 알려주세요 댓글 주시는 분들 미리 감사드려요 시원한 하루 보내세요,"['엘지', '티비', '쿠팡', '로켓', '배송', '결제', '토요', '배송', '티비', '온라인', '구매', '불안', '괜찮다', '가전', '수거', '벽걸이', '대리석', '설치', '문제', '경험', '알리다', '댓글', '감사', '드리다', '하루', '보내다']",5,2
1469,다른 제품들도 좋기는 한데 다른건 튀어나오는 부분이 많아서 이것저것 고려했어요 디자인은 삼성 비스코프 귀뚜라미도 lg꺼랑 비슷한데 옆부분에 먼지망 같은게 있어선지 그거 땜에 툭튀가 되나봐요 lg껀 양옆으로 망이 없거든요,"['제품', '좋다', '튀어나오다', '많다', '이것저것', '고려', '디자인', '삼성', '비스코프', '귀뚜라미', '비슷하다', '먼지', '튀다']",5,1
1470,브랜드 출시년도 평형 에너지효율등급 어떤 걸 기준으로 잡아서 구입하는게 좋을까요 2 in 1 으로 구입하려는데요 32평 아파트 입니다 삼성 100만원 중후반부터 삼성 lg 200만원 초중반 정도로 보다가 선택이 어렵네요 주로 인터넷 구매를 합니다 하이마트 전시상품 할인 있다해서 가볼까도 싶구요,"['브랜드', '출시', '평형', '에너지', '효율', '등급', '기준', '구입', '좋다', '구입', '아파트', '삼성', '후반', '삼성', '초중반', '선택', '인터넷', '구매', '하이마트', '전시', '상품', '할인']",5,2
1471,저도 가전은 엘지라고 하지만 세탁건조냉장고는 삼성 에어컨 능력은 엘지 최고 단 에어컨 냄새라는 문제가 껴 있으면 삼성입니다 곰팡이가 피거나 말거나 삼성은 냄새가 안나더군요 성능과 전기세는 엘지가 쵝오,"['가전', '엘지', '세탁', '건조', '냉장고', '삼성', '에어컨', '능력', '엘지', '최고', '에어컨', '냄새', '문제', '끼', '삼성', '곰팡이', '피', '삼성', '냄새', '성능', '전기세', '엘지', '쵝오']",5,1
1472,내년 사전점검때 교쳐 보시고 구매하시는건 어떨까요 사전점검때 고치면 출장료도 무료고 고치는 소모품도 조금 저렴한걸로 알고있어요 lg기준 저흰 매년 사전점검받고있는데 그때 고장난거 수리햇더니 소모품 비용 할인받아서 저렴하게 고쳤어요 10년 사용이 조금 걸리긴 하지만 저흰 3년사용차에 고장나서 저라면 밑져야 본전이니깐 내년에 사전점검 받아보고 결정할래요,"['내년', '사전', '점검', '치다', '구매', '사전', '점검', '고치다', '출장', '무료', '고치다', '소모품', '저렴하다', '기준', '희다', '사전', '점검', '그때', '고장', '수리', '소모품', '비용', '할인', '저렴하다', '고치다', '걸리다', '고장', '밑지다', '본전', '내년', '사전', '점검', '결정']",5,2
1473,12년만에 엘지 에어콘 구매하려고하는데오늘 각가다른 지점에서 다른 제품을 행사해서 고민되네요 1 오브제 베이지 공청 기능없음 디럭스2 휘센 화이트 공청기능 있음 스페셜 8만원 저렴 공기청정기능과 색상차이입니다 원래는 스페셜 모델이 더 비싼데 이번주말까지만 디럭스보다 더 싸더라구요 색상이나 로고는 오브제가 더 고급스러워 보이는데실제로는 휘센이 기능이 더 많고 위에 사양이더라구요 어쩌다보니 둘다 결제를해서내일 하나 취소 해야하는데 뭐가 좋을까요 저희집은 전체 화이트에 소파는 흐린 베이지에요,"['엘지', '에어콘', '구매', '지점', '제품', '행사', '고민', '오브제', '베이지', '기능', '디럭스', '세다', '화이트', '기능', '스페셜', '공기', '청정', '기능', '색상', '차이', '스페셜', '모델', '비싸다', '주말', '디럭스', '싸다', '색상', '로고', '오브제', '고급', '보이다', '휘센', '기능', '많다', '사양', '어쩌다', '결제', '내일', '취소', '좋다', '전체', '화이트', '소파', '흐리다', '베이지']",5,2
1474,진짜 저희도 엘지 삼성 돌아다니면서 비교도 했는데 서로 타브랜드보다 좋다고 냄새안난다고 적극 추천하고 해서 결국 삼성꺼 삿는데 진짜 일년은 안나서 좋다 햇는데 왠걸요 자동건조할때마다 냄새나서 미치겠어여 잘하셨어요 어떤걸 사야하는지 모르겟두라구요,"['엘지', '삼성', '돌아다니다', '비교', '브랜드', '좋다', '냄새', '적극', '추천', '삼성', '사다', '좋다', '자동', '건조', '냄새', '미치다', '사다']",5,1
1475,남편이 노트북 바꾼다고 해서 알아보는 중인데이번에 11번가에서 전국민쇼핑페스티벌이라고 할인하더라구요 추가쿠폰도 줘서 다른 곳보다 가격 괜찮길래 바로 구매했어요 노트북 말고 에어컨이나 핸드폰 등도 할인하고 있던데 5 5일까지 한다니까 필요하신 분들 구경하셔요,"['남편', '노트북', '바꾸다', '알아보다', '국민', '쇼핑', '페스티벌', '할인', '추가', '쿠폰', '가격', '괜찮다', '구매', '노트북', '말', '에어컨', '핸드폰', '할인', '필요', '구경']",5,2
1476,저도 고민하다가 삼성 모델이 더 신형인데 더 저렴하게 구입가능해서 삼성으로 구매했는데요 아직 작년여름 두어달 써본게 전부라 향후 고장나거나 서비스 측면에서 어떨지는 모르겠지만 작년엔 만족하며 사용 했구요 안방에 엘지제품 벽걸이는 기존에 쓰던건데 음 뭐랄까 엘지제품이 기능이 좀더 섬세한것 같긴 했어요 근데 저도 더위를 많이 타는 사람이 아니라 크게 기능을 따질 필요가 있나 싶어요 그래도 꽤 지출이 나가는 전자제품이니 후기도 그렇고 이래저래 따져보세요,"['고민', '삼성', '모델', '신형', '저렴하다', '구입', '가능', '삼성', '구매', '작년', '여름', '쓰다', '전부', '향후', '고장', '서비스', '측면', '작년', '만족', '안방', '엘지', '제품', '벽걸이', '기존', '쓰다', '엘지', '제품', '기능', '더위', '타다', '사람', '크다', '기능', '따지다', '필요', '지출', '나가다', '전자', '제품', '후기', '따지다']",5,1
1477,12년전 2008년 말에 혼수로 샀던 42인치 엑스캔버스 두아들 키우면서 별일이 다있었는데도 액정하나 안망가져서 두달뒤 이사갈때 엘지75인치 사려고 했었는데 티비가 커지면서 액정이 엄청 약해졌나봐요 중소기업도 한번 알아봐야겠네요,"['혼수', '사다', '엑스', '캔버스', '아들', '키우다', '별일', '액정', '망가지다', '이사', '엘지', '사다', '티비', '커지다', '액정', '약하다', '중소기업', '알아보다']",5,2
1478,티비는 고장나면 바꿉니다 2005년 엑스캔버스 42인치 아직도 사용중입니다 가끔 화면 색이 보라색으로 변하는데 껐다가 다시 켜면 돌아오는 매직 고장나면 버리고 티비없이 살아보려고요,"['티비', '고장', '바꾸다', '엑스', '캔버스', '화면', '보라색', '변하다', '끄다', '켜다', '돌아오다', '매직', '고장', '버리다', '티비', '살다']",5,1
1479,고민이네요 삼성껀 새거같은 중고라 엘지꺼 보다 60만원 더 저렴하고 사고 싶은건 엘지꺼고 삼성 냉온풍기 괜잖나요저는 삼성가전 사서 실패를 많이 해서 60만원 더 주고 엘지 새거 사야 할지 가전은 엘지가 좋긴 하겠죠,"['고민', '삼성', '중', '고', '엘지', '저렴하다', '사다', '엘지', '삼성', '온풍기', '삼성', '가전', '사다', '실패', '엘지', '사다', '가전', '엘지', '좋다']",5,1
1480,에어컨이나 세탁기같은 다른건 크게 차이못느끼겠고 삼성에어컨쓰다 이번에 엘지바꿨는데 아무렴 신형이좋긴하지만 그전 삼성도 잘썼었거든요 근데 티비는 엘지요 엘지쓰다 삼성으로 바꿨었는데 두번이나교품받고도 똑같아서 환불받고 엘지로 다시돌아왔어요,"['에어컨', '세탁기', '크다', '차이', '삼성', '에어컨', '쓰다', '엘지', '바꾸다', '좋다', '삼성', '쓰다', '티비', '엘지', '엘지', '쓰다', '삼성', '바꾸다', '똑같다', '환불', '엘지', '돌아오다']",5,1
1481,삼성은 제품 만들떄 외주를 많이주고 lg는 자체 생산해서 가격대가 lg가 더 높다하더라구요 유튜브에도 찾아보심 삼성이랑lg 차이 비교해본 링크 몇개 있습니다 가성비면 삼성 한번하는 가전인데 생각하면 lg인거 같아요,"['삼성', '제품', '만들다', '외주', '자체', '생산', '가격대', '높다', '유튜브', '찾아보다', '삼성', '차이', '비교', '링크', '가성비', '삼성', '가전', '생각']",5,1
1482,qled로 사세요 너무 만족스러워요 화질 좋고 자취방에서 쓰기 넘 좋습니다 첨엔 조립이 두려웠는데 링크된 유튜브 영상 보면서 따라하면 뚝딱입니다 저는 32인치 샀고 이동 편하고 티비 자체가 가벼워서 좋아요 케이블 티비 연결 안하고 핫스팟으로 넷플릭스 잘 보고 있습니다 호호,"['사다', '만족', '화질', '좋다', '자취방', '쓰다', '좋다', '조립', '링크', '유튜브', '영상', '따르다', '사다', '이동', '편하다', '티비', '자체', '좋다', '케이블', '티비', '연결', '스팟', '넷플릭스']",5,2
1483,버퍼도 길고 렉도 너무 많이 먹어요 제 티비가 불량인건가요 진짜 계속 렉먹고 먹통인데 9 12 금 답변을 지금봤네요 업무시간이라 바빠서 못받은거같습니다 티비 진짜 자주 이러는데 문제있는거 아닌가요 어떻게해야하나요 렉 영상 하나 더올렸습니다,"['버퍼', '길다', '먹다', '티비', '불량', '먹통', '답변', '업무', '시간', '바쁘다', '티비', '이러다', '문제', '영상', '올리다']",5,2
1484,남편이랑 둘 다 지상파 티비를 안보고 유튜브 넷플릭스만 보는편이라 비싼 티비 대신 구매했는데 엘지 삼성보단 모니터가 두껍긴하지만 가성비 아주 만족스럽네요 일반인이 느끼기에 화질도 정말 좋아요,"['남편', '지상파', '티비', '유튜브', '넷플릭스', '비싸다', '티비', '대신', '구매', '엘지', '삼성', '모니터', '가성비', '만족', '일반인', '화질', '좋다']",5,2
